idDeputado;nome;sgUF;sgPartido;idLegislatura;situacao;condicaoEleitoral;produtividade_legislativa;gasto_ceap_ajustado;pct_andamento;pct_fracasso;pct_sucesso;temas_destaque;quadrante;ranking
220715;Amom Mandel;AM;CIDADANIA;57;Exercício;Titular;912.8;15.19;0.8938526155021;0.1046200840015273;0.0015273004963726614;Administração Pública, Saúde e Educação;Alta produtividade e baixo custo;1
204528;Adriana Ventura;SP;NOVO;57;Exercício;Titular;491.6;87905.89;0.8;0.19682539682539682;0.0031746031746031746;Administração Pública, Defesa e Segurança e Finanças Públicas e Orçamento;Alta produtividade e baixo custo;2
204536;Kim Kataguiri;SP;UNIÃO;57;Exercício;Titular;394.2;51140.99;0.7220708446866485;0.2724795640326976;0.005449591280653951;Administração Pública, Direito Penal e Processual Penal e Defesa e Segurança;Alta produtividade e baixo custo;3
156190;Marcel van Hattem;RS;NOVO;57;Exercício;Titular;315.1;305725.94;0.7393364928909952;0.2575039494470774;0.00315955766192733;Administração Pública, Finanças Públicas e Orçamento e Defesa e Segurança;Alta produtividade e baixo custo;4
204365;Gilson Marques;SC;NOVO;57;Exercício;Titular;239.3;198597.91;0.8780487804878049;0.11751662971175167;0.004434589800443459;Administração Pública, Finanças Públicas e Orçamento e Defesa e Segurança;Alta produtividade e baixo custo;5
220673;Delegado Caveira;PA;PL;57;Exercício;Titular;282.8;377385.75;0.8565488565488566;0.14137214137214138;0.002079002079002079;Saúde, Administração Pública e Finanças Públicas e Orçamento;Alta produtividade e baixo custo;6
204572;Capitão Alberto Neto;AM;PL;57;Exercício;Titular;599.8;607993.63;0.8572474377745242;0.1383601756954612;0.004392386530014641;Saúde, Administração Pública e Defesa e Segurança;Alta produtividade e baixo custo;7
204462;Chris Tonietto;RJ;PL;57;Exercício;Titular;233.0;382320.17;0.8640167364016736;0.13389121338912133;0.0020920502092050207;Direitos Humanos e Minorias, Saúde e Administração Pública;Alta produtividade e baixo custo;8
160512;Aureo Ribeiro;RJ;SOLIDARIEDADE;57;Exercício;Titular;329.2;544792.85;0.7901234567901234;0.2030178326474623;0.006858710562414266;Administração Pública, Finanças Públicas e Orçamento e Saúde;Alta produtividade e baixo custo;9
220552;Zucco;RS;PL;57;Exercício;Titular;238.0;481294.12;0.689795918367347;0.3040816326530612;0.006122448979591836;Administração Pública, Finanças Públicas e Orçamento e Direitos Humanos e Minorias;Alta produtividade e baixo custo;10
220604;Marcos Tavares;RJ;PDT;57;Exercício;Titular;363.6;591283.79;0.9130695443645084;0.08693045563549161;0.0;Saúde, Finanças Públicas e Orçamento e Educação;Alta produtividade e baixo custo;11
204387;Sargento Fahur;PR;PSD;57;Exercício;Titular;211.0;351372.01;0.7506361323155216;0.24173027989821882;0.007633587786259542;Administração Pública, Defesa e Segurança e Direitos Humanos e Minorias;Alta produtividade e baixo custo;12
221338;Professora Luciene Cavalcante;SP;PSOL;57;Exercício;Suplente;235.1;508726.99;0.6147540983606558;0.3790983606557377;0.006147540983606557;Educação, Direitos Humanos e Minorias e Finanças Públicas e Orçamento;Alta produtividade e baixo custo;13
204520;Junio Amaral;MG;PL;57;Exercício;Titular;216.1;434186.91;0.7407407407407407;0.2551440329218107;0.00411522633744856;Defesa e Segurança, Administração Pública e Direitos Humanos e Minorias;Alta produtividade e baixo custo;14
220645;Erika Hilton;SP;PSOL;57;Exercício;Titular;217.4;495686.12;0.6792828685258964;0.31274900398406374;0.00796812749003984;Direitos Humanos e Minorias, Saúde e Finanças Públicas e Orçamento;Alta produtividade e baixo custo;15
74858;Lindbergh Farias;RJ;PT;57;Exercício;Titular;188.70000000000002;329735.01;0.7549019607843137;0.24509803921568626;0.0;Trabalho e Emprego, Finanças Públicas e Orçamento e Administração Pública;Alta produtividade e baixo custo;16
204450;Doutor Luizinho;RJ;PP;57;Exercício;Titular;185.3;328850.24;0.9704724409448819;0.021653543307086614;0.007874015748031496;Administração Pública, Trabalho e Emprego e Direitos Humanos e Minorias;Alta produtividade e baixo custo;16
178937;Altineu Côrtes;RJ;PL;57;Exercício;Titular;289.3;623010.44;0.9255429162357808;0.07238883143743537;0.002068252326783868;Processo Legislativo e Atuação Parlamentar, Direitos Humanos e Minorias e Finanças Públicas e Orçamento;Alta produtividade e baixo custo;17
204535;Sâmia Bomfim;SP;PSOL;57;Exercício;Titular;244.6;621938.03;0.5198487712665406;0.4782608695652174;0.001890359168241966;Direitos Humanos e Minorias, Administração Pública e Finanças Públicas e Orçamento;Alta produtividade e baixo custo;18
204369;Caroline de Toni;SC;PL;57;Exercício;Titular;165.4;209755.6;0.7771260997067448;0.21700879765395895;0.005865102639296188;Administração Pública, Defesa e Segurança e Direitos Humanos e Minorias;Alta produtividade e baixo custo;19
72442;Felipe Carreras;PE;PSB;57;Exercício;Titular;182.8;382583.13;0.6813725490196079;0.30392156862745096;0.014705882352941176;Finanças Públicas e Orçamento, Administração Pública e Processo Legislativo e Atuação Parlamentar;Alta produtividade e baixo custo;20
161440;Pezenti;SC;MDB;57;Exercício;Titular;222.20000000000002;620388.41;0.6387665198237885;0.3568281938325991;0.004405286343612335;Direitos Humanos e Minorias, Administração Pública e Finanças Públicas e Orçamento;Alta produtividade e baixo custo;21
204444;Helio Lopes;RJ;PL;57;Exercício;Titular;183.7;465759.34;0.739938080495356;0.25696594427244585;0.0030959752321981426;Direitos Humanos e Minorias, Defesa e Segurança e Administração Pública;Alta produtividade e baixo custo;22
204526;Luiz Philippe de Orleans e Bragança;SP;PL;57;Exercício;Titular;282.7;687367.62;0.7641681901279708;0.23217550274223034;0.003656307129798903;Administração Pública, Finanças Públicas e Orçamento e Defesa e Segurança;Alta produtividade e baixo custo;23
220549;Any Ortiz;RS;CIDADANIA;57;Exercício;Titular;172.1;427511.94;0.6731301939058172;0.3157894736842105;0.0110803324099723;Finanças Públicas e Orçamento, Direitos Humanos e Minorias e Defesa e Segurança;Alta produtividade e baixo custo;24
220657;André Fernandes;CE;PL;57;Exercício;Titular;162.3;358297.62;0.684375;0.3125;0.003125;Direitos Humanos e Minorias, Administração Pública e Direito Penal e Processual Penal;Alta produtividade e baixo custo;25
204464;Talíria Petrone;RJ;PSOL;57;Exercício;Titular;183.20000000000002;520331.98;0.6128205128205129;0.382051282051282;0.005128205128205128;Direitos Humanos e Minorias, Administração Pública e Finanças Públicas e Orçamento;Alta produtividade e baixo custo;26
220644;Rosangela Moro;SP;UNIÃO;57;Exercício;Titular;224.5;651116.63;0.7354988399071926;0.26218097447795824;0.002320185614849188;Saúde, Administração Pública e Direitos Humanos e Minorias;Alta produtividade e baixo custo;26
209787;Nikolas Ferreira;MG;PL;57;Exercício;Titular;199.4;599554.55;0.7023255813953488;0.2930232558139535;0.004651162790697674;Administração Pública, Direitos Humanos e Minorias e Finanças Públicas e Orçamento;Alta produtividade e baixo custo;27
220646;Felipe Becari;SP;UNIÃO;57;Exercício;Titular;175.8;516646.12;0.611764705882353;0.38823529411764707;0.0;Meio Ambiente e Desenvolvimento Sustentável, Saúde e Administração Pública;Alta produtividade e baixo custo;28
220621;Sargento Gonçalves;RN;PL;57;Exercício;Titular;190.0;616715.55;0.7265415549597856;0.2707774798927614;0.002680965147453083;Administração Pública, Defesa e Segurança e Direitos Humanos e Minorias;Alta produtividade e baixo custo;29
220623;Duda Salabert;MG;PDT;57;Exercício;Titular;178.9;580910.09;0.7783783783783784;0.21351351351351353;0.008108108108108109;Meio Ambiente e Desenvolvimento Sustentável, Direitos Humanos e Minorias e Saúde;Alta produtividade e baixo custo;30
220568;Gustavo Gayer;GO;PL;57;Exercício;Titular;461.2;779261.97;0.8540965207631874;0.143658810325477;0.002244668911335578;Administração Pública, Saúde e Defesa e Segurança;Alta produtividade e baixo custo;31
220686;Duarte Jr.;MA;PSB;57;Exercício;Titular;337.1;759479.13;0.7479406919275123;0.24052718286655683;0.011532125205930808;Direitos Humanos e Minorias, Saúde e Administração Pública;Alta produtividade e baixo custo;31
220618;Sargento Portugal;RJ;PODE;57;Exercício;Titular;1257.0;793640.81;0.7974265918838667;0.2019135598812273;0.0006598482349059716;Defesa e Segurança, Administração Pública e Direitos Humanos e Minorias;Alta produtividade e baixo custo;32
220639;Guilherme Boulos;SP;PSOL;57;Exercício;Titular;169.70000000000002;590865.84;0.784741144414169;0.21525885558583105;0.0;Direitos Humanos e Minorias, Saúde e Finanças Públicas e Orçamento;Alta produtividade e baixo custo;33
220571;Daniel Agrobom;GO;PL;57;Exercício;Titular;143.20000000000002;360429.9;0.6081504702194357;0.3887147335423197;0.003134796238244514;Direitos Humanos e Minorias, Finanças Públicas e Orçamento e Trabalho e Emprego;Alta produtividade e baixo custo;34
220598;Tarcísio Motta;RJ;PSOL;57;Exercício;Titular;182.4;634205.49;0.5969773299748111;0.40302267002518893;0.0;Direitos Humanos e Minorias, Educação e Finanças Públicas e Orçamento;Alta produtividade e baixo custo;35
220654;Delegado Paulo Bilynskyj;SP;PL;57;Exercício;Titular;470.6;804067.98;0.6244979919678715;0.37248995983935745;0.0030120481927710845;Administração Pública, Defesa e Segurança e Direitos Humanos e Minorias;Alta produtividade e baixo custo;36
178947;Sóstenes Cavalcante;RJ;PL;57;Exercício;Titular;385.0;823831.67;0.8290788013318535;0.16759156492785793;0.003329633740288568;Arte, Cultura e Religião, Administração Pública e Direitos Humanos e Minorias;Alta produtividade e baixo custo;37
178873;Helder Salomão;ES;PT;57;Exercício;Titular;161.5;635586.75;0.5955678670360111;0.40166204986149584;0.002770083102493075;Trabalho e Emprego, Homenagens e Datas Comemorativas e Administração Pública;Alta produtividade e baixo custo;38
220557;Daniela Reinehr;SC;PL;57;Exercício;Titular;230.8;779731.98;0.7977777777777778;0.2;0.0022222222222222222;Administração Pública, Direitos Humanos e Minorias e Defesa e Segurança;Alta produtividade e baixo custo;38
73441;Celso Russomanno;SP;REPUBLICANOS;57;Exercício;Titular;122.30000000000001;255421.67;0.47330960854092524;0.5195729537366548;0.0071174377224199285;Processo Legislativo e Atuação Parlamentar, Administração Pública e Finanças Públicas e Orçamento;Alta produtividade e baixo custo;39
220569;Silvye Alves;GO;UNIÃO;57;Exercício;Titular;207.5;753720.15;0.6746411483253588;0.32057416267942584;0.004784688995215311;Direitos Humanos e Minorias, Defesa e Segurança e Direito Penal e Processual Penal;Alta produtividade e baixo custo;40
160604;Pedro Uczai;SC;PT;57;Exercício;Titular;184.3;727103.62;0.6009852216748769;0.39901477832512317;0.0;Finanças Públicas e Orçamento, Educação e Administração Pública;Alta produtividade e baixo custo;41
220564;Yandra Moura;SE;UNIÃO;57;Exercício;Titular;154.8;631361.41;0.5333333333333333;0.4666666666666667;0.0;Direitos Humanos e Minorias, Saúde e Finanças Públicas e Orçamento;Alta produtividade e baixo custo;42
204407;Fernanda Melchionna;RS;PSOL;57;Exercício;Titular;214.1;777402.62;0.5973451327433629;0.39823008849557523;0.004424778761061947;Direitos Humanos e Minorias, Finanças Públicas e Orçamento e Administração Pública;Alta produtividade e baixo custo;43
204460;Carlos Jordy;RJ;PL;57;Exercício;Titular;163.5;695014.99;0.7993920972644377;0.1945288753799392;0.0060790273556231;Administração Pública, Direitos Humanos e Minorias e Defesa e Segurança;Alta produtividade e baixo custo;44
98148;Cobalchini;SC;MDB;57;Exercício;Titular;155.3;657852.93;0.6422535211267606;0.352112676056338;0.005633802816901409;Saúde, Finanças Públicas e Orçamento e Agricultura, Pecuária, Pesca e Extrativismo;Alta produtividade e baixo custo;45
74084;Raimundo Santos;PA;PSD;57;Exercício;Titular;923.7;856761.42;0.9361329833770778;0.06255468066491689;0.0013123359580052493;Direitos Humanos e Minorias, Saúde e Comunicações;Alta produtividade e baixo custo;45
220550;Mauricio Marcon;RS;PODE;57;Exercício;Titular;206.0;786794.04;0.7749360613810742;0.21739130434782608;0.0076726342710997444;Administração Pública, Defesa e Segurança e Direitos Humanos e Minorias;Alta produtividade e baixo custo;46
74856;Laura Carneiro;RJ;PSD;57;Exercício;Titular;596.6;863711.91;0.8592885375494071;0.13438735177865613;0.006324110671936759;Finanças Públicas e Orçamento, Direitos Humanos e Minorias e Saúde;Alta produtividade e baixo custo;47
160553;Antonio Brito;BA;PSD;57;Exercício;Titular;191.0;774747.31;0.8143525741029641;0.18252730109204368;0.0031201248049922;Direitos Humanos e Minorias, Finanças Públicas e Orçamento e Trabalho e Emprego;Alta produtividade e baixo custo;48
220712;Fausto Santos Jr.;AM;UNIÃO;57;Exercício;Titular;132.70000000000002;557429.43;0.5868852459016394;0.4065573770491803;0.006557377049180328;Defesa e Segurança, Viação, Transporte e Mobilidade e Direitos Humanos e Minorias;Alta produtividade e baixo custo;49
220619;Delegado Ramagem;RJ;PL;57;Exercício;Titular;149.4;671737.55;0.6622516556291391;0.32450331125827814;0.013245033112582781;Direito Penal e Processual Penal, Defesa e Segurança e Direitos Humanos e Minorias;Alta produtividade e baixo custo;50
204374;Bia Kicis;DF;PL;57;Exercício;Titular;226.1;830008.66;0.7469135802469136;0.2448559670781893;0.00823045267489712;Direitos Humanos e Minorias, Administração Pública e Defesa e Segurança;Alta produtividade e baixo custo;51
160548;Jonas Donizette;SP;PSB;57;Exercício;Titular;307.9;847938.36;0.8151898734177215;0.16962025316455695;0.015189873417721518;Direito Civil e Processual Civil, Direitos Humanos e Minorias e Trabalho e Emprego;Alta produtividade e baixo custo;52
220630;Pedro Aihara;MG;PRD;57;Exercício;Titular;266.90000000000003;842622.54;0.6659663865546218;0.3277310924369748;0.0063025210084033615;Defesa e Segurança, Saúde e Direitos Humanos e Minorias;Alta produtividade e baixo custo;52
141555;Vinicius Carvalho;SP;REPUBLICANOS;57;Exercício;Titular;165.3;743597.49;0.5224215246636771;0.47533632286995514;0.002242152466367713;Direitos Humanos e Minorias, Finanças Públicas e Orçamento e Administração Pública;Alta produtividade e baixo custo;52
206018;Célia Xakriabá;MG;PSOL;57;Exercício;Titular;193.3;791995.1;0.6747572815533981;0.3155339805825243;0.009708737864077669;Direitos Humanos e Minorias, Meio Ambiente e Desenvolvimento Sustentável e Finanças Públicas e Orçamento;Alta produtividade e baixo custo;53
220576;Alfredo Gaspar;AL;UNIÃO;57;Exercício;Titular;199.9;813085.68;0.7102564102564103;0.2717948717948718;0.017948717948717947;Administração Pública, Defesa e Segurança e Direitos Humanos e Minorias;Alta produtividade e baixo custo;54
178989;Renata Abreu;SP;PODE;57;Exercício;Titular;163.20000000000002;750645.59;0.629757785467128;0.3633217993079585;0.006920415224913495;Direitos Humanos e Minorias, Saúde e Finanças Públicas e Orçamento;Alta produtividade e baixo custo;55
220554;Alexandre Lindenmeyer;RS;PT;57;Exercício;Titular;149.9;707058.24;0.5867507886435331;0.41324921135646686;0.0;Direitos Humanos e Minorias, Administração Pública e Finanças Públicas e Orçamento;Alta produtividade e baixo custo;55
204472;José Medeiros;MT;PL;57;Exercício;Titular;362.1;869008.22;0.8408450704225352;0.15774647887323945;0.0014084507042253522;Administração Pública, Finanças Públicas e Orçamento e Defesa e Segurança;Alta produtividade e baixo custo;55
220605;Bandeira de Mello;RJ;PSB;57;Exercício;Titular;129.6;627093.22;0.4564459930313589;0.5331010452961672;0.010452961672473868;Finanças Públicas e Orçamento, Administração Pública e Processo Legislativo e Atuação Parlamentar;Alta produtividade e baixo custo;56
133439;André Figueiredo;CE;PDT;57;Exercício;Titular;252.9;860668.34;0.7073578595317725;0.2826086956521739;0.010033444816053512;Finanças Públicas e Orçamento, Administração Pública e Processo Legislativo e Atuação Parlamentar;Alta produtividade e baixo custo;57
157130;Túlio Gadêlha;PE;REDE;57;Exercício;Titular;166.6;779614.88;0.6417112299465241;0.35294117647058826;0.0053475935828877;Direitos Humanos e Minorias, Finanças Públicas e Orçamento e Administração Pública;Alta produtividade e baixo custo;58
220533;Prof. Reginaldo Veras;DF;PV;57;Exercício;Titular;133.0;650850.1;0.512987012987013;0.487012987012987;0.0;Direitos Humanos e Minorias, Educação e Administração Pública;Alta produtividade e baixo custo;58
137070;Vicentinho Júnior;TO;PP;57;Exercício;Titular;148.6;718188.79;0.4938650306748466;0.5030674846625767;0.003067484662576687;Finanças Públicas e Orçamento, Administração Pública e Direitos Humanos e Minorias;Alta produtividade e baixo custo;58
74356;Silas Câmara;AM;REPUBLICANOS;57;Exercício;Titular;394.0;886248.64;0.8802919708029197;0.11678832116788321;0.00291970802919708;Meio Ambiente e Desenvolvimento Sustentável, Administração Pública e Viação, Transporte e Mobilidade;Alta produtividade e alto custo;59
178929;Diego Garcia;PR;REPUBLICANOS;57;Exercício;Titular;188.6;819386.47;0.6013363028953229;0.39198218262806234;0.0066815144766146995;Saúde, Direitos Humanos e Minorias e Finanças Públicas e Orçamento;Alta produtividade e baixo custo;59
220613;Roberto Monteiro Pai;RJ;PL;57;Exercício;Titular;164.2;782582.66;0.6215469613259669;0.3756906077348066;0.0027624309392265192;Finanças Públicas e Orçamento, Defesa e Segurança e Saúde;Alta produtividade e baixo custo;60
74784;Luiza Erundina;SP;PSOL;57;Exercício;Titular;125.3;638385.1;0.6844106463878327;0.311787072243346;0.0038022813688212928;Direitos Humanos e Minorias, Finanças Públicas e Orçamento e Saúde;Alta produtividade e baixo custo;61
160592;Zeca Dirceu;PR;PT;57;Exercício;Titular;176.8;818174.18;0.8631090487238979;0.1345707656612529;0.002320185614849188;Finanças Públicas e Orçamento, Agricultura, Pecuária, Pesca e Extrativismo e Administração Pública;Alta produtividade e baixo custo;62
204455;Luiz Lima;RJ;PL;57;Exercício;Titular;192.3;831402.91;0.6624040920716112;0.33248081841432225;0.005115089514066497;Administração Pública, Defesa e Segurança e Saúde;Alta produtividade e baixo custo;63
160161;Marcelo Queiroz;RJ;PP;57;Exercício;Titular;173.4;809711.4;0.5530085959885387;0.44126074498567336;0.0057306590257879654;Meio Ambiente e Desenvolvimento Sustentável, Finanças Públicas e Orçamento e Direito Penal e Processual Penal;Alta produtividade e baixo custo;63
220615;Pastor Henrique Vieira;RJ;PSOL;57;Exercício;Titular;152.9;752815.96;0.6625766871165644;0.3374233128834356;0.0;Direitos Humanos e Minorias, Administração Pública e Saúde;Alta produtividade e baixo custo;63
220676;Andreia Siqueira;PA;MDB;57;Exercício;Titular;115.2;551461.9;0.5161290322580645;0.4798387096774194;0.004032258064516129;Direitos Humanos e Minorias, Finanças Públicas e Orçamento e Trabalho e Emprego;Alta produtividade e baixo custo;64
220563;Icaro de Valmir;SE;PL;57;Exercício;Titular;140.9;720528.13;0.4648318042813456;0.5321100917431193;0.0030581039755351682;Processo Legislativo e Atuação Parlamentar, Finanças Públicas e Orçamento e Direitos Humanos e Minorias;Alta produtividade e baixo custo;65
220650;Paulo Alexandre Barbosa;SP;PSDB;57;Exercício;Titular;110.4;489542.25;0.4555984555984556;0.5444015444015444;0.0;Direitos Humanos e Minorias, Administração Pública e Viação, Transporte e Mobilidade;Alta produtividade e baixo custo;65
220659;Dayany Bittencourt;CE;UNIÃO;57;Exercício;Titular;300.40000000000003;886433.85;0.6950354609929078;0.30319148936170215;0.0017730496453900709;Direitos Humanos e Minorias, Direito Penal e Processual Penal e Administração Pública;Alta produtividade e alto custo;66
214694;Jorge Goetten;SC;REPUBLICANOS;57;Exercício;Titular;143.1;742700.15;0.5674846625766872;0.42024539877300615;0.012269938650306749;Finanças Públicas e Orçamento, Direitos Humanos e Minorias e Administração Pública;Alta produtividade e baixo custo;66
160642;Pastor Eurico;PE;PL;57;Exercício;Titular;138.9;725517.71;0.6262295081967213;0.36721311475409835;0.006557377049180328;Direitos Humanos e Minorias, Defesa e Segurança e Administração Pública;Alta produtividade e baixo custo;67
160598;Flávia Morais;GO;PDT;57;Exercício;Titular;357.3;903339.04;0.5886524822695035;0.40543735224586286;0.00591016548463357;Saúde, Administração Pública e Direitos Humanos e Minorias;Alta produtividade e alto custo;68
160629;Romero Rodrigues;PB;PODE;57;Exercício;Titular;191.0;842516.07;0.657074340527578;0.3333333333333333;0.009592326139088728;Direitos Humanos e Minorias, Direito e Defesa do Consumidor e Saúde;Alta produtividade e baixo custo;68
220635;Bruno Ganem;SP;PODE;57;Exercício;Titular;132.2;703912.13;0.8278688524590164;0.1721311475409836;0.0;Saúde, Meio Ambiente e Desenvolvimento Sustentável e Direitos Humanos e Minorias;Alta produtividade e baixo custo;69
204404;Lucas Redecker;RS;PSDB;57;Exercício;Titular;118.7;634295.55;0.45318352059925093;0.5393258426966292;0.00749063670411985;Finanças Públicas e Orçamento, Meio Ambiente e Desenvolvimento Sustentável e Administração Pública;Alta produtividade e baixo custo;69
141450;Hugo Leal;RJ;PSD;57;Exercício;Titular;92.60000000000001;221735.91;0.625;0.37;0.005;Administração Pública, Finanças Públicas e Orçamento e Energia, Recursos Hídricos e Minerais;Baixa produtividade e baixo custo;69
220695;Rogéria Santos;BA;REPUBLICANOS;57;Exercício;Titular;331.7;904665.98;0.7444876783398184;0.2529182879377432;0.0025940337224383916;Direitos Humanos e Minorias, Saúde e Administração Pública;Alta produtividade e alto custo;70
220655;Mario Frias;SP;PL;57;Exercício;Titular;223.6;874868.52;0.8108108108108109;0.18468468468468469;0.0045045045045045045;Administração Pública, Defesa e Segurança e Direitos Humanos e Minorias;Alta produtividade e alto custo;71
220667;Pedro Campos;PE;PSB;57;Exercício;Titular;145.8;769358.69;0.695364238410596;0.28807947019867547;0.016556291390728478;Direitos Humanos e Minorias, Finanças Públicas e Orçamento e Meio Ambiente e Desenvolvimento Sustentável;Alta produtividade e baixo custo;72
178857;Jorge Solla;BA;PT;57;Exercício;Titular;199.20000000000002;853912.94;0.692;0.308;0.0;Finanças Públicas e Orçamento, Administração Pública e Saúde;Alta produtividade e baixo custo;72
74158;Mário Heringer;MG;PDT;57;Exercício;Titular;101.3;486878.86;0.6115702479338843;0.3884297520661157;0.0;Direitos Humanos e Minorias, Processo Legislativo e Atuação Parlamentar e Defesa e Segurança;Baixa produtividade e baixo custo;73
220616;Luciano Vieira;RJ;REPUBLICANOS;57;Exercício;Titular;120.2;682938.55;0.325;0.6714285714285714;0.0035714285714285713;Processo Legislativo e Atuação Parlamentar, Finanças Públicas e Orçamento e Saúde;Alta produtividade e baixo custo;74
204436;Isnaldo Bulhões Jr.;AL;MDB;57;Exercício;Titular;95.80000000000001;372978.83;0.9113149847094801;0.07339449541284404;0.01529051987767584;Administração Pública, Processo Legislativo e Atuação Parlamentar e Política, Partidos e Eleições;Baixa produtividade e baixo custo;75
220547;Marcos Pollon;MS;PL;57;Exercício;Titular;412.2;924591.65;0.7515842839036755;0.2458808618504436;0.0025348542458808617;Administração Pública, Defesa e Segurança e Finanças Públicas e Orçamento;Alta produtividade e alto custo;76
178896;Newton Cardoso Jr;MG;MDB;57;Exercício;Titular;102.60000000000001;543187.86;0.3670886075949367;0.6244725738396625;0.008438818565400843;Finanças Públicas e Orçamento, Processo Legislativo e Atuação Parlamentar e Administração Pública;Baixa produtividade e baixo custo;77
220706;Padovani;PR;UNIÃO;57;Exercício;Titular;129.4;740546.34;0.689922480620155;0.3062015503875969;0.003875968992248062;Finanças Públicas e Orçamento, Direitos Humanos e Minorias e Processo Legislativo e Atuação Parlamentar;Alta produtividade e baixo custo;78
73579;Alberto Fraga;DF;PL;57;Exercício;Titular;357.5;923000.6;0.665144596651446;0.3257229832572298;0.0091324200913242;Defesa e Segurança, Administração Pública e Direitos Humanos e Minorias;Alta produtividade e alto custo;79
204497;Júnior Ferrari;PA;PSD;57;Exercício;Titular;109.0;622119.95;0.4698275862068966;0.5258620689655172;0.004310344827586207;Direitos Humanos e Minorias, Finanças Públicas e Orçamento e Processo Legislativo e Atuação Parlamentar;Baixa produtividade e baixo custo;80
204511;David Soares;SP;UNIÃO;57;Exercício;Titular;141.4;780013.22;0.6183745583038869;0.37809187279151946;0.0035335689045936395;Direitos Humanos e Minorias, Processo Legislativo e Atuação Parlamentar e Saúde;Alta produtividade e baixo custo;80
73531;Ivan Valente;SP;PSOL;57;Exercício;Suplente;110.7;628832.5;0.7304347826086957;0.26956521739130435;0.0;Direitos Humanos e Minorias, Finanças Públicas e Orçamento e Saúde;Alta produtividade e baixo custo;81
220611;General Pazuello;RJ;PL;57;Exercício;Titular;137.0;769849.26;0.5587188612099644;0.4377224199288256;0.0035587188612099642;Defesa e Segurança, Direito Penal e Processual Penal e Processo Legislativo e Atuação Parlamentar;Alta produtividade e baixo custo;82
204476;Chiquinho Brazão;RJ;S.PART.;57;Exercício;Titular;85.2;336887.87;0.32038834951456313;0.6796116504854369;0.0;Trabalho e Emprego, Processo Legislativo e Atuação Parlamentar e Administração Pública;Baixa produtividade e baixo custo;83
204550;Júnior Mano;CE;PSB;57;Exercício;Titular;166.0;844282.85;0.5404624277456648;0.4595375722543353;0.0;Direitos Humanos e Minorias, Finanças Públicas e Orçamento e Administração Pública;Alta produtividade e baixo custo;84
150418;Márcio Marinho;BA;REPUBLICANOS;57;Exercício;Titular;161.1;841701.11;0.46633416458852867;0.5311720698254364;0.0024937655860349127;Processo Legislativo e Atuação Parlamentar, Direitos Humanos e Minorias e Finanças Públicas e Orçamento;Alta produtividade e baixo custo;85
204507;Carla Zambelli;SP;PL;57;Exercício;Titular;159.1;837722.71;0.6612903225806451;0.33548387096774196;0.0032258064516129032;Defesa e Segurança, Direitos Humanos e Minorias e Saúde;Alta produtividade e baixo custo;85
160640;Eros Biondini;MG;PL;57;Exercício;Titular;100.5;612713.14;0.5;0.5;0.0;Direitos Humanos e Minorias, Defesa e Segurança e Administração Pública;Baixa produtividade e baixo custo;86
220595;Coronel Fernanda;MT;PL;57;Exercício;Titular;219.9;908713.75;0.6485355648535565;0.3472803347280335;0.0041841004184100415;Direitos Humanos e Minorias, Administração Pública e Defesa e Segurança;Alta produtividade e alto custo;86
74253;Julio Lopes;RJ;PP;57;Exercício;Titular;197.6;894102.85;0.5705263157894737;0.42736842105263156;0.002105263157894737;Energia, Recursos Hídricos e Minerais, Administração Pública e Finanças Públicas e Orçamento;Alta produtividade e alto custo;87
204410;Luisa Canziani;PR;PSD;57;Exercício;Titular;150.3;835279.34;0.5349544072948328;0.46200607902735563;0.00303951367781155;Finanças Públicas e Orçamento, Direitos Humanos e Minorias e Educação;Alta produtividade e baixo custo;88
220687;Márcio Honaiser;MA;PDT;57;Exercício;Titular;133.8;791202.02;0.4371069182389937;0.559748427672956;0.0031446540880503146;Finanças Públicas e Orçamento, Direitos Humanos e Minorias e Processo Legislativo e Atuação Parlamentar;Alta produtividade e baixo custo;89
204494;Fred Costa;MG;PRD;57;Exercício;Titular;108.10000000000001;675334.75;0.592741935483871;0.39919354838709675;0.008064516129032258;Meio Ambiente e Desenvolvimento Sustentável, Direito Penal e Processual Penal e Saúde;Baixa produtividade e baixo custo;90
220704;Carol Dartora;PR;PT;57;Exercício;Titular;149.8;836771.21;0.6104651162790697;0.3866279069767442;0.0029069767441860465;Direitos Humanos e Minorias, Finanças Públicas e Orçamento e Educação;Alta produtividade e baixo custo;91
220642;Delegado Bruno Lima;SP;PP;57;Exercício;Titular;70.4;206830.45;0.9464285714285714;0.05357142857142857;0.0;Meio Ambiente e Desenvolvimento Sustentável, Direito Penal e Processual Penal e Direitos Humanos e Minorias;Baixa produtividade e baixo custo;92
204416;Sanderson;RS;PL;57;Exercício;Titular;211.4;912432.02;0.6283185840707964;0.36504424778761063;0.00663716814159292;Administração Pública, Defesa e Segurança e Direitos Humanos e Minorias;Alta produtividade e alto custo;92
204372;Julio Cesar Ribeiro;DF;REPUBLICANOS;57;Exercício;Titular;85.9;505280.94;0.7058823529411765;0.29411764705882354;0.0;Direitos Humanos e Minorias, Finanças Públicas e Orçamento e Administração Pública;Baixa produtividade e baixo custo;92
204553;Pastor Sargento Isidório;BA;AVANTE;57;Exercício;Titular;78.5;431402.51;0.697841726618705;0.302158273381295;0.0;Direitos Humanos e Minorias, Administração Pública e Defesa e Segurança;Baixa produtividade e baixo custo;93
73778;Luiz Carlos Hauly;PR;PODE;57;Exercício;Titular;92.10000000000001;580734.39;0.7597765363128491;0.2346368715083799;0.00558659217877095;Administração Pública, Finanças Públicas e Orçamento e Processo Legislativo e Atuação Parlamentar;Baixa produtividade e baixo custo;93
160575;Erika Kokay;DF;PT;57;Exercício;Titular;290.90000000000003;937787.87;0.5295857988165681;0.46893491124260356;0.0014792899408284023;Administração Pública, Direitos Humanos e Minorias e Saúde;Alta produtividade e alto custo;93
220606;Reimont;RJ;PT;57;Exercício;Titular;141.4;829272.55;0.5932721712538226;0.39755351681957185;0.009174311926605505;Direitos Humanos e Minorias, Trabalho e Emprego e Administração Pública;Alta produtividade e baixo custo;93
139285;Lídice da Mata;BA;PSB;57;Exercício;Titular;195.1;905552.29;0.6606741573033708;0.32808988764044944;0.011235955056179775;Direitos Humanos e Minorias, Homenagens e Datas Comemorativas e Arte, Cultura e Religião;Alta produtividade e alto custo;94
204495;Airton Faleiro;PA;PT;57;Exercício;Titular;132.8;810128.28;0.5846645367412141;0.41214057507987223;0.003194888178913738;Finanças Públicas e Orçamento, Direitos Humanos e Minorias e Agricultura, Pecuária, Pesca e Extrativismo;Alta produtividade e baixo custo;95
220531;Gilvan Maximo;DF;REPUBLICANOS;57;Exercício;Titular;242.0;932130.01;0.7035647279549718;0.29080675422138835;0.005628517823639775;Finanças Públicas e Orçamento, Direitos Humanos e Minorias e Trabalho e Emprego;Alta produtividade e alto custo;96
73701;Benedita da Silva;RJ;PT;57;Exercício;Titular;130.20000000000002;804846.16;0.5566037735849056;0.4339622641509434;0.009433962264150943;Direitos Humanos e Minorias, Finanças Públicas e Orçamento e Arte, Cultura e Religião;Alta produtividade e baixo custo;96
160610;Valmir Assunção;BA;PT;57;Exercício;Titular;124.10000000000001;788290.45;0.5655172413793104;0.43448275862068964;0.0;Agricultura, Pecuária, Pesca e Extrativismo, Finanças Públicas e Orçamento e Economia;Alta produtividade e baixo custo;97
220579;Silvia Waiãpi;AP;PL;57;Exercício;Titular;307.0;945750.27;0.7075163398692811;0.2875816993464052;0.004901960784313725;Direitos Humanos e Minorias, Administração Pública e Defesa e Segurança;Alta produtividade e alto custo;98
160601;Pr. Marco Feliciano;SP;PL;57;Exercício;Titular;122.2;783331.23;0.7325102880658436;0.26337448559670784;0.00411522633744856;Direitos Humanos e Minorias, Defesa e Segurança e Administração Pública;Alta produtividade e baixo custo;99
165470;Rodrigo Valadares;SE;UNIÃO;57;Exercício;Titular;203.0;913363.95;0.6571428571428571;0.3404761904761905;0.002380952380952381;Administração Pública, Finanças Públicas e Orçamento e Direitos Humanos e Minorias;Alta produtividade e alto custo;99
227433;Douglas Viegas;SP;UNIÃO;57;Exercício;Suplente;76.60000000000001;439894.8;0.7796610169491526;0.21468926553672316;0.005649717514124294;Esporte e Lazer, Finanças Públicas e Orçamento e Administração Pública;Baixa produtividade e baixo custo;100
220629;Dandara;MG;PT;57;Exercício;Titular;98.60000000000001;651609.65;0.7162790697674418;0.27906976744186046;0.004651162790697674;Direitos Humanos e Minorias, Finanças Públicas e Orçamento e Trabalho e Emprego;Baixa produtividade e baixo custo;100
98057;Lafayette de Andrada;MG;REPUBLICANOS;57;Exercício;Titular;179.3;899267.67;0.5320665083135392;0.4655581947743468;0.0023752969121140144;Processo Legislativo e Atuação Parlamentar, Finanças Públicas e Orçamento e Administração Pública;Alta produtividade e alto custo;101
220530;Messias Donato;ES;REPUBLICANOS;57;Exercício;Titular;325.90000000000003;953572.78;0.797317436661699;0.20119225037257824;0.0014903129657228018;Direitos Humanos e Minorias, Administração Pública e Saúde;Alta produtividade e alto custo;101
74161;Reginaldo Lopes;MG;PT;57;Exercício;Titular;68.10000000000001;317426.95;0.5797101449275363;0.4057971014492754;0.014492753623188406;Finanças Públicas e Orçamento, Previdência e Assistência Social e Administração Pública;Baixa produtividade e baixo custo;101
178910;Joaquim Passarinho;PA;PL;57;Exercício;Titular;110.4;723858.59;0.5810276679841897;0.4150197628458498;0.003952569169960474;Finanças Públicas e Orçamento, Administração Pública e Direitos Humanos e Minorias;Alta produtividade e baixo custo;101
178946;Soraya Santos;RJ;PL;57;Exercício;Titular;69.4;329140.16;0.6013513513513513;0.38513513513513514;0.013513513513513514;Direitos Humanos e Minorias, Processo Legislativo e Atuação Parlamentar e Finanças Públicas e Orçamento;Baixa produtividade e baixo custo;102
220665;Clarissa Tércio;PE;PP;57;Exercício;Titular;97.3;646209.78;0.7126436781609196;0.28735632183908044;0.0;Direitos Humanos e Minorias, Saúde e Defesa e Segurança;Baixa produtividade e baixo custo;102
204427;Fernando Rodolfo;PE;PL;57;Exercício;Titular;106.7;708429.66;0.45228215767634855;0.5435684647302904;0.004149377593360996;Finanças Públicas e Orçamento, Processo Legislativo e Atuação Parlamentar e Direitos Humanos e Minorias;Baixa produtividade e baixo custo;103
220540;Duda Ramos;RR;MDB;57;Exercício;Titular;316.6;954880.24;0.8527397260273972;0.14726027397260275;0.0;Direitos Humanos e Minorias, Administração Pública e Finanças Públicas e Orçamento;Alta produtividade e alto custo;103
74171;Chico Alencar;RJ;PSOL;57;Exercício;Titular;153.9;864202.18;0.7416107382550335;0.2516778523489933;0.006711409395973154;Administração Pública, Direitos Humanos e Minorias e Finanças Públicas e Orçamento;Alta produtividade e baixo custo;104
178972;Alex Manente;SP;CIDADANIA;57;Exercício;Titular;79.60000000000001;520635.0;0.7924528301886793;0.20125786163522014;0.006289308176100629;Direitos Humanos e Minorias, Saúde e Educação;Baixa produtividade e baixo custo;104
178854;Elmar Nascimento;BA;UNIÃO;57;Exercício;Titular;139.8;838717.0;0.9626373626373627;0.035164835164835165;0.002197802197802198;Processo Legislativo e Atuação Parlamentar, Administração Pública e Direitos Humanos e Minorias;Alta produtividade e baixo custo;105
204394;Gervásio Maia;PB;PSB;57;Exercício;Titular;113.2;758935.53;0.8405797101449275;0.13405797101449277;0.025362318840579712;Finanças Públicas e Orçamento, Administração Pública e Direitos Humanos e Minorias;Alta produtividade e baixo custo;106
160535;Marcon;RS;PT;57;Exercício;Titular;133.5;830655.0;0.5266457680250783;0.4702194357366771;0.003134796238244514;Agricultura, Pecuária, Pesca e Extrativismo, Finanças Públicas e Orçamento e Economia;Alta produtividade e baixo custo;107
152605;Glauber Braga;RJ;PSOL;57;Exercício;Titular;103.2;713337.11;0.5458937198067633;0.45410628019323673;0.0;Direitos Humanos e Minorias, Finanças Públicas e Orçamento e Administração Pública;Baixa produtividade e baixo custo;108
74075;Elcione Barbalho;PA;MDB;57;Exercício;Titular;67.60000000000001;371096.22000000003;0.36942675159235666;0.6242038216560509;0.006369426751592357;Finanças Públicas e Orçamento, Direitos Humanos e Minorias e Defesa e Segurança;Baixa produtividade e baixo custo;108
74283;Vicentinho;SP;PT;57;Exercício;Suplente;98.0;688841.87;0.6681614349775785;0.3273542600896861;0.004484304932735426;Direitos Humanos e Minorias, Trabalho e Emprego e Saúde;Baixa produtividade e baixo custo;109
178871;Evair Vieira de Melo;ES;PP;57;Exercício;Titular;731.9;977966.14;0.7964329643296433;0.2017220172201722;0.0018450184501845018;Administração Pública, Finanças Públicas e Orçamento e Defesa e Segurança;Alta produtividade e alto custo;109
178943;Marcos Soares;RJ;UNIÃO;57;Exercício;Titular;84.4;620562.07;0.8347107438016529;0.1652892561983471;0.0;Direitos Humanos e Minorias, Saúde e Viação, Transporte e Mobilidade;Baixa produtividade e baixo custo;110
143942;Caio Vianna;RJ;PSD;57;Exercício;Suplente;53.0;158538.66;0.6916666666666667;0.30833333333333335;0.0;Defesa e Segurança, Administração Pública e Saúde;Baixa produtividade e baixo custo;111
220526;Gilvan da Federal;ES;PL;57;Exercício;Titular;110.8;757810.31;0.6194690265486725;0.37610619469026546;0.004424778761061947;Defesa e Segurança, Administração Pública e Direitos Humanos e Minorias;Alta produtividade e baixo custo;112
178931;Luciano Ducci;PR;PSB;57;Exercício;Titular;123.60000000000001;825467.79;0.5341365461847389;0.4497991967871486;0.01606425702811245;Finanças Públicas e Orçamento, Administração Pública e Trabalho e Emprego;Alta produtividade e baixo custo;113
204441;Otoni de Paula;RJ;MDB;57;Exercício;Titular;107.2;750167.1;0.5152838427947598;0.4759825327510917;0.008733624454148471;Processo Legislativo e Atuação Parlamentar, Defesa e Segurança e Direitos Humanos e Minorias;Baixa produtividade e baixo custo;113
220559;Julia Zanatta;SC;PL;57;Exercício;Titular;220.4;945599.78;0.8004750593824228;0.19477434679334918;0.004750593824228029;Administração Pública, Direitos Humanos e Minorias e Defesa e Segurança;Alta produtividade e alto custo;113
204559;Zé Neto;BA;PT;57;Exercício;Titular;101.60000000000001;731232.6;0.525;0.4708333333333333;0.004166666666666667;Finanças Públicas e Orçamento, Indústria, Comércio e Serviços e Economia;Baixa produtividade e baixo custo;114
220534;Fred Linhares;DF;REPUBLICANOS;57;Exercício;Titular;285.90000000000003;969684.43;0.7135761589403974;0.2847682119205298;0.0016556291390728477;Direitos Humanos e Minorias, Saúde e Defesa e Segurança;Alta produtividade e alto custo;115
74848;Jandira Feghali;RJ;PCdoB;57;Exercício;Titular;87.7;670190.94;0.6285714285714286;0.3619047619047619;0.009523809523809525;Direitos Humanos e Minorias, Trabalho e Emprego e Administração Pública;Baixa produtividade e baixo custo;116
204488;Célio Studart;CE;PSD;57;Exercício;Titular;175.5;916846.07;0.6490683229813664;0.35093167701863354;0.0;Meio Ambiente e Desenvolvimento Sustentável, Saúde e Direitos Humanos e Minorias;Alta produtividade e alto custo;117
226708;Allan Garcês;MA;PP;57;Exercício;Suplente;88.0;672643.06;0.8507462686567164;0.13432835820895522;0.014925373134328358;Saúde, Direitos Humanos e Minorias e Trabalho e Emprego;Baixa produtividade e baixo custo;117
220632;Ana Pimentel;MG;PT;57;Exercício;Titular;120.30000000000001;828852.99;0.5017421602787456;0.4912891986062718;0.006968641114982578;Direitos Humanos e Minorias, Saúde e Administração Pública;Alta produtividade e baixo custo;118
220702;Geraldo Mendes;PR;UNIÃO;57;Exercício;Titular;107.10000000000001;760498.26;0.41596638655462187;0.5840336134453782;0.0;Processo Legislativo e Atuação Parlamentar, Finanças Públicas e Orçamento e Defesa e Segurança;Baixa produtividade e baixo custo;119
220691;Diego Coronel;BA;PSD;57;Exercício;Titular;123.80000000000001;836185.03;0.5086505190311419;0.48788927335640137;0.0034602076124567475;Finanças Públicas e Orçamento, Direitos Humanos e Minorias e Administração Pública;Alta produtividade e baixo custo;120
204449;Nelson Barbudo;MT;PL;57;Exercício;Efetivado;60.2;422864.0;0.9560439560439561;0.04395604395604396;0.0;Direitos Humanos e Minorias, Administração Pública e Defesa e Segurança;Baixa produtividade e baixo custo;121
198197;Greyce Elias;MG;AVANTE;57;Exercício;Titular;72.9;570678.39;0.6103896103896104;0.38311688311688313;0.006493506493506494;Administração Pública, Direitos Humanos e Minorias e Saúde;Baixa produtividade e baixo custo;122
204411;Filipe Barros;PR;PL;57;Exercício;Titular;102.2;753423.87;0.8125;0.17708333333333334;0.010416666666666666;Administração Pública, Finanças Públicas e Orçamento e Direitos Humanos e Minorias;Baixa produtividade e baixo custo;123
160556;Padre João;MG;PT;57;Exercício;Titular;172.70000000000002;920845.65;0.47129186602870815;0.5263157894736842;0.0023923444976076554;Finanças Públicas e Orçamento, Agricultura, Pecuária, Pesca e Extrativismo e Direitos Humanos e Minorias;Alta produtividade e alto custo;123
171617;Paulão;AL;PT;57;Exercício;Titular;96.80000000000001;729072.18;0.4845814977973568;0.5110132158590308;0.004405286343612335;Finanças Públicas e Orçamento, Direitos Humanos e Minorias e Administração Pública;Baixa produtividade e baixo custo;124
178970;João Daniel;SE;PT;57;Exercício;Titular;162.9;912949.03;0.5694050991501416;0.42776203966005666;0.0028328611898017;Finanças Públicas e Orçamento, Direitos Humanos e Minorias e Agricultura, Pecuária, Pesca e Extrativismo;Alta produtividade e alto custo;125
220566;Lêda Borges;GO;PSDB;57;Exercício;Titular;167.5;919339.06;0.5080213903743316;0.4919786096256685;0.0;Direitos Humanos e Minorias, Saúde e Finanças Públicas e Orçamento;Alta produtividade e alto custo;125
141470;José Guimarães;CE;PT;57;Exercício;Titular;150.1;898703.3;0.7704918032786885;0.18032786885245902;0.04918032786885246;Finanças Públicas e Orçamento, Administração Pública e Direitos Humanos e Minorias;Alta produtividade e alto custo;126
204412;Dr. Zacharias Calil;GO;UNIÃO;57;Exercício;Titular;249.5;976537.5599999999;0.6;0.39469026548672564;0.005309734513274336;Saúde, Direitos Humanos e Minorias e Processo Legislativo e Atuação Parlamentar;Alta produtividade e alto custo;126
204491;Gilberto Abramo;MG;REPUBLICANOS;57;Exercício;Titular;210.6;956237.95;0.6451016635859519;0.3512014787430684;0.0036968576709796672;Direitos Humanos e Minorias, Finanças Públicas e Orçamento e Processo Legislativo e Atuação Parlamentar;Alta produtividade e alto custo;126
178983;Marcio Alvino;SP;PL;57;Exercício;Titular;35.9;47716.79;0.5432098765432098;0.4567901234567901;0.0;Finanças Públicas e Orçamento, Direitos Humanos e Minorias e Processo Legislativo e Atuação Parlamentar;Baixa produtividade e baixo custo;127
74159;Odair Cunha;MG;PT;57;Exercício;Titular;194.0;945025.99;0.8561020036429873;0.13296903460837886;0.01092896174863388;Finanças Públicas e Orçamento, Indústria, Comércio e Serviços e Administração Pública;Alta produtividade e alto custo;128
220638;Antonio Carlos Rodrigues;SP;PL;57;Exercício;Titular;95.10000000000001;736342.59;0.5204081632653061;0.4744897959183674;0.00510204081632653;Direitos Humanos e Minorias, Administração Pública e Processo Legislativo e Atuação Parlamentar;Baixa produtividade e baixo custo;129
133810;Marcelo Moraes;RS;PL;57;Exercício;Titular;54.800000000000004;464980.54;0.6754385964912281;0.30701754385964913;0.017543859649122806;Direitos Humanos e Minorias, Administração Pública e Finanças Públicas e Orçamento;Baixa produtividade e baixo custo;130
226179;Gisela Simona;MT;UNIÃO;57;Exercício;Suplente;64.4;538947.49;0.8955223880597015;0.09701492537313433;0.007462686567164179;Direitos Humanos e Minorias, Processo Legislativo e Atuação Parlamentar e Defesa e Segurança;Baixa produtividade e baixo custo;131
74299;Leônidas Cristino;CE;PDT;57;Exercício;Suplente;64.60000000000001;539907.05;0.4117647058823529;0.5882352941176471;0.0;Direito e Justiça, Direito Constitucional e Processo Legislativo e Atuação Parlamentar;Baixa produtividade e baixo custo;131
141458;João Carlos Bacelar;BA;PL;57;Exercício;Titular;87.60000000000001;709736.58;0.4029126213592233;0.5922330097087378;0.0048543689320388345;Finanças Públicas e Orçamento, Processo Legislativo e Atuação Parlamentar e Administração Pública;Baixa produtividade e baixo custo;131
74079;José Priante;PA;MDB;57;Exercício;Titular;46.800000000000004;345383.73;0.6421052631578947;0.3473684210526316;0.010526315789473684;Finanças Públicas e Orçamento, Saúde e Direitos Humanos e Minorias;Baixa produtividade e baixo custo;132
220529;Gilson Daniel;ES;PODE;57;Exercício;Titular;502.20000000000005;1001528.73;0.8696741854636592;0.12781954887218044;0.002506265664160401;Finanças Públicas e Orçamento, Administração Pública e Direitos Humanos e Minorias;Alta produtividade e alto custo;133
138286;Luciano Alves;PR;PSD;57;Exercício;Suplente;55.800000000000004;504039.41;0.6666666666666666;0.3252032520325203;0.008130081300813009;Finanças Públicas e Orçamento, Saúde e Viação, Transporte e Mobilidade;Baixa produtividade e baixo custo;134
204534;Tabata Amaral;SP;PSB;57;Exercício;Titular;174.4;932025.0;0.7002881844380403;0.28530259365994237;0.01440922190201729;Direitos Humanos e Minorias, Educação e Saúde;Alta produtividade e alto custo;135
178843;Marx Beltrão;AL;PP;57;Exercício;Titular;191.70000000000002;950886.23;0.7272727272727273;0.262987012987013;0.00974025974025974;Direitos Humanos e Minorias, Saúde e Direito e Defesa do Consumidor;Alta produtividade e alto custo;135
220683;Beto Richa;PR;PSDB;57;Exercício;Titular;99.60000000000001;769941.77;0.5534883720930233;0.44651162790697674;0.0;Finanças Públicas e Orçamento, Administração Pública e Viação, Transporte e Mobilidade;Baixa produtividade e baixo custo;136
204560;Adolfo Viana;BA;PSDB;57;Exercício;Titular;95.80000000000001;752051.03;0.7166666666666667;0.27666666666666667;0.006666666666666667;Processo Legislativo e Atuação Parlamentar, Administração Pública e Defesa e Segurança;Baixa produtividade e baixo custo;137
220690;Capitão Alden;BA;PL;57;Exercício;Titular;212.20000000000002;970596.57;0.7028985507246377;0.28502415458937197;0.012077294685990338;Administração Pública, Defesa e Segurança e Direitos Humanos e Minorias;Alta produtividade e alto custo;138
220648;Marangoni;SP;UNIÃO;57;Exercício;Titular;490.6;1010136.78;0.8089983022071308;0.18930390492359933;0.001697792869269949;Direitos Humanos e Minorias, Finanças Públicas e Orçamento e Administração Pública;Alta produtividade e alto custo;139
220641;Rodrigo Gambale;SP;PODE;57;Exercício;Titular;120.60000000000001;852146.63;0.6218181818181818;0.36727272727272725;0.01090909090909091;Educação, Direitos Humanos e Minorias e Saúde;Alta produtividade e baixo custo;139
220625;Delegada Ione;MG;AVANTE;57;Exercício;Titular;162.1;926507.72;0.47790055248618785;0.511049723756906;0.011049723756906077;Direitos Humanos e Minorias, Defesa e Segurança e Direito Penal e Processual Penal;Alta produtividade e alto custo;140
220682;Tadeu Veneri;PR;PT;57;Exercício;Titular;117.80000000000001;843988.43;0.6272401433691757;0.3727598566308244;0.0;Administração Pública, Finanças Públicas e Orçamento e Trabalho e Emprego;Alta produtividade e baixo custo;141
204480;Rogério Correia;MG;PT;57;Exercício;Titular;137.70000000000002;890364.51;0.5498575498575499;0.45014245014245013;0.0;Finanças Públicas e Orçamento, Processo Legislativo e Atuação Parlamentar e Administração Pública;Alta produtividade e alto custo;142
74041;Luiz Couto;PB;PT;57;Exercício;Titular;170.4;935495.22;0.6942355889724311;0.3007518796992481;0.005012531328320802;Direitos Humanos e Minorias, Saúde e Administração Pública;Alta produtividade e alto custo;143
220653;Fábio Teruel;SP;MDB;57;Exercício;Titular;50.4;484553.45;0.9464285714285714;0.05357142857142857;0.0;Saúde, Direito e Defesa do Consumidor e Indústria, Comércio e Serviços;Baixa produtividade e baixo custo;143
178881;Aluisio Mendes;MA;REPUBLICANOS;57;Exercício;Titular;95.10000000000001;768815.0;0.592964824120603;0.3969849246231156;0.010050251256281407;Defesa e Segurança, Direitos Humanos e Minorias e Processo Legislativo e Atuação Parlamentar;Baixa produtividade e baixo custo;144
220543;Ricardo Ayres;TO;REPUBLICANOS;57;Exercício;Titular;285.40000000000003;996490.06;0.759016393442623;0.23934426229508196;0.001639344262295082;Finanças Públicas e Orçamento, Administração Pública e Direitos Humanos e Minorias;Alta produtividade e alto custo;145
204367;Daniel Freitas;SC;PL;57;Exercício;Titular;104.3;817503.77;0.5740740740740741;0.4166666666666667;0.009259259259259259;Administração Pública, Direitos Humanos e Minorias e Finanças Públicas e Orçamento;Baixa produtividade e baixo custo;146
213762;Carla Dickson;RN;UNIÃO;57;Exercício;Efetivado;22.8;73394.2;0.9428571428571428;0.05714285714285714;0.0;Defesa e Segurança, Direitos Humanos e Minorias e Administração Pública;Baixa produtividade e baixo custo;147
220666;Coronel Meira;PE;PL;57;Exercício;Titular;218.0;981013.16;0.6711111111111111;0.3244444444444444;0.0044444444444444444;Administração Pública, Defesa e Segurança e Direitos Humanos e Minorias;Alta produtividade e alto custo;148
225730;Enfermeira Ana Paula;CE;PODE;57;Exercício;Suplente;30.2;243568.16;0.6875;0.3125;0.0;Trabalho e Emprego, Saúde e Direito Penal e Processual Penal;Baixa produtividade e baixo custo;148
204456;Gutemberg Reis;RJ;MDB;57;Exercício;Titular;75.2;694342.67;0.5253164556962026;0.4620253164556962;0.012658227848101266;Finanças Públicas e Orçamento, Previdência e Assistência Social e Direitos Humanos e Minorias;Baixa produtividade e baixo custo;148
178884;Hildo Rocha;MA;MDB;57;Exercício;Suplente;25.400000000000002;191192.23;0.9302325581395349;0.06976744186046512;0.0;Direitos Humanos e Minorias, Finanças Públicas e Orçamento e Saúde;Baixa produtividade e baixo custo;149
210989;Bruno Farias;MG;AVANTE;57;Exercício;Titular;116.4;851758.48;0.4921875;0.50390625;0.00390625;Trabalho e Emprego, Direitos Humanos e Minorias e Saúde;Alta produtividade e baixo custo;150
178986;Nilto Tatto;SP;PT;57;Exercício;Titular;214.3;980728.51;0.5384615384615384;0.4574898785425101;0.004048582995951417;Finanças Públicas e Orçamento, Meio Ambiente e Desenvolvimento Sustentável e Agricultura, Pecuária, Pesca e Extrativismo;Alta produtividade e alto custo;150
220574;Cabo Gilberto Silva;PB;PL;57;Exercício;Titular;458.2;1029859.02;0.7844036697247706;0.21330275229357798;0.0022935779816513763;Administração Pública, Finanças Públicas e Orçamento e Defesa e Segurança;Alta produtividade e alto custo;150
98615;Ismael;SC;PSD;57;Exercício;Titular;79.10000000000001;723169.13;0.6855345911949685;0.3081761006289308;0.006289308176100629;Direitos Humanos e Minorias, Saúde e Defesa e Segurança;Baixa produtividade e baixo custo;150
230765;Enfermeira Rejane;RJ;PCdoB;57;Exercício;Efetivado;10.4;21691.0;0.8571428571428571;0.14285714285714285;0.0;Trabalho e Emprego, Saúde e Direitos Humanos e Minorias;Baixa produtividade e baixo custo;151
74160;Patrus Ananias;MG;PT;57;Exercício;Titular;113.2;844941.58;0.5340909090909091;0.4659090909090909;0.0;Trabalho e Emprego, Direitos Humanos e Minorias e Administração Pública;Alta produtividade e baixo custo;152
204570;Pastor Gil;MA;PL;57;Exercício;Titular;105.60000000000001;828588.89;0.7696969696969697;0.23030303030303031;0.0;Direitos Humanos e Minorias, Saúde e Defesa e Segurança;Baixa produtividade e baixo custo;152
230767;Rodrigo da Zaeli;MT;PL;57;Exercício;Efetivado;20.3;117362.31;0.9032258064516129;0.0967741935483871;0.0;Defesa e Segurança, Direitos Humanos e Minorias e Viação, Transporte e Mobilidade;Baixa produtividade e baixo custo;153
224333;Welter;PR;PT;57;Exercício;Efetivado;103.5;825221.66;0.6891891891891891;0.30180180180180183;0.009009009009009009;Finanças Públicas e Orçamento, Agricultura, Pecuária, Pesca e Extrativismo e Trabalho e Emprego;Baixa produtividade e baixo custo;153
204459;Daniela do Waguinho;RJ;UNIÃO;57;Exercício;Titular;39.800000000000004;428341.17;0.9066666666666666;0.08;0.013333333333333334;Saúde, Direitos Humanos e Minorias e Processo Legislativo e Atuação Parlamentar;Baixa produtividade e baixo custo;154
178985;Miguel Lombardi;SP;PL;57;Exercício;Titular;64.4;642910.49;0.4726027397260274;0.5205479452054794;0.00684931506849315;Direitos Humanos e Minorias, Processo Legislativo e Atuação Parlamentar e Finanças Públicas e Orçamento;Baixa produtividade e baixo custo;155
74400;Paulo Pimenta;RS;PT;57;Exercício;Titular;4.6;33786.56;1.0;0.0;0.0;Direitos Humanos e Minorias, Indústria, Comércio e Serviços e Trabalho e Emprego;Baixa produtividade e baixo custo;156
73788;Ricardo Barros;PR;PP;57;Exercício;Titular;0.8;832.77;1.0;0.0;0.0;;Baixa produtividade e baixo custo;156
221148;Alfredinho;SP;PT;57;Exercício;Suplente;112.4;849794.55;0.5583941605839416;0.43795620437956206;0.0036496350364963502;Direitos Humanos e Minorias, Finanças Públicas e Orçamento e Trabalho e Emprego;Alta produtividade e baixo custo;157
208297;Katia Dias;MG;REPUBLICANOS;57;Exercício;Suplente;0.8;19000.0;1.0;0.0;0.0;;Baixa produtividade e baixo custo;158
227660;Nitinho;SE;PSD;57;Exercício;Suplente;24.4;301147.69;0.9090909090909091;0.09090909090909091;0.0;Direitos Humanos e Minorias, Saúde e Indústria, Comércio e Serviços;Baixa produtividade e baixo custo;158
230768;Zé Adriano;AC;PP;57;Exercício;Efetivado;1.8;27185.89;0.6666666666666666;0.3333333333333333;0.0;Administração Pública, Comunicações e Processo Legislativo e Atuação Parlamentar;Baixa produtividade e baixo custo;159
231911;Lenir de Assis;PR;PT;57;Exercício;Suplente;0.0;1851.88;0.0;1.0;0.0;;Baixa produtividade e baixo custo;159
74095;Pauderney Avelino;AM;UNIÃO;57;Exercício;Suplente;28.200000000000003;358681.12;0.9206349206349206;0.07936507936507936;0.0;Direitos Humanos e Minorias, Meio Ambiente e Desenvolvimento Sustentável e Finanças Públicas e Orçamento;Baixa produtividade e baixo custo;160
204457;Juninho do Pneu;RJ;UNIÃO;57;Exercício;Titular;157.8;944270.63;0.6015037593984962;0.39849624060150374;0.0;Saúde, Direitos Humanos e Minorias e Viação, Transporte e Mobilidade;Alta produtividade e alto custo;161
229432;Luiz Fernando Vampiro;SC;MDB;57;Exercício;Suplente;9.8;131641.94;0.9523809523809523;0.047619047619047616;0.0;Direitos Humanos e Minorias, Saúde e Finanças Públicas e Orçamento;Baixa produtividade e baixo custo;161
175765;Ribamar Silva;SP;PSD;57;Exercício;Efetivado;2.0;84863.68;1.0;0.0;0.0;;Baixa produtividade e baixo custo;161
230957;João Cury;SP;MDB;57;Exercício;Efetivado;0.0;37907.9;0.5;0.5;0.0;;Baixa produtividade e baixo custo;161
160541;Arthur Lira;AL;PP;57;Exercício;Titular;2.4;99315.28;0.6666666666666666;0.3333333333333333;0.0;Finanças Públicas e Orçamento e Saúde;Baixa produtividade e baixo custo;162
178876;Célio Silveira;GO;MDB;57;Exercício;Titular;107.2;843353.74;0.4462809917355372;0.5454545454545454;0.008264462809917356;Direitos Humanos e Minorias, Saúde e Finanças Públicas e Orçamento;Baixa produtividade e baixo custo;162
204362;Ricardo Guidi;SC;PL;57;Exercício;Titular;16.5;240933.65;0.4444444444444444;0.5555555555555556;0.0;Finanças Públicas e Orçamento, Processo Legislativo e Atuação Parlamentar e Direito Constitucional;Baixa produtividade e baixo custo;163
204474;Juarez Costa;MT;MDB;57;Exercício;Titular;57.6;646052.14;0.5573770491803278;0.4344262295081967;0.00819672131147541;Trabalho e Emprego, Direitos Humanos e Minorias e Finanças Públicas e Orçamento;Baixa produtividade e baixo custo;163
230764;Ivan Junior;MA;UNIÃO;57;Exercício;Suplente;4.0;115600.0;1.0;0.0;0.0;Direito Constitucional e Processo Legislativo e Atuação Parlamentar;Baixa produtividade e baixo custo;163
160976;Tiririca;SP;PL;57;Exercício;Titular;43.800000000000004;542213.88;0.5154639175257731;0.4845360824742268;0.0;Direitos Humanos e Minorias, Processo Legislativo e Atuação Parlamentar e Defesa e Segurança;Baixa produtividade e baixo custo;163
220607;Max Lemos;RJ;PDT;57;Exercício;Titular;176.6;972203.9;0.5514018691588785;0.4454828660436137;0.003115264797507788;Finanças Públicas e Orçamento, Direitos Humanos e Minorias e Saúde;Alta produtividade e alto custo;164
178966;Geovania de Sá;SC;PSDB;57;Exercício;Efetivado;58.1;655033.73;0.6029411764705882;0.3897058823529412;0.007352941176470588;Direitos Humanos e Minorias, Finanças Públicas e Orçamento e Defesa e Segurança;Baixa produtividade e baixo custo;165
160552;Danrlei de Deus Hinterholz;RS;PSD;57;Exercício;Titular;0.4;112097.17;1.0;0.0;0.0;Direito e Justiça e Processo Legislativo e Atuação Parlamentar;Baixa produtividade e baixo custo;165
66828;Fausto Pinato;SP;PP;57;Exercício;Titular;137.3;919263.0;0.48355263157894735;0.5164473684210527;0.0;Administração Pública, Direitos Humanos e Minorias e Saúde;Alta produtividade e alto custo;165
179000;Marcelo Álvaro Antônio;MG;PL;57;Exercício;Titular;100.8;833492.09;0.5022026431718062;0.4889867841409692;0.00881057268722467;Direitos Humanos e Minorias, Processo Legislativo e Atuação Parlamentar e Defesa e Segurança;Baixa produtividade e baixo custo;165
163321;Ronaldo Nogueira;RS;REPUBLICANOS;57;Exercício;Suplente;39.7;513299.1;0.8769230769230769;0.12307692307692308;0.0;Administração Pública, Saúde e Processo Legislativo e Atuação Parlamentar;Baixa produtividade e baixo custo;166
74273;Jefferson Campos;SP;PL;57;Exercício;Titular;95.5;820211.04;0.6979166666666666;0.2916666666666667;0.010416666666666666;Defesa e Segurança, Direitos Humanos e Minorias e Saúde;Baixa produtividade e baixo custo;167
141518;Paulinho da Força;SP;SOLIDARIEDADE;57;Exercício;Efetivado;5.4;225066.13;1.0;0.0;0.0;Processo Legislativo e Atuação Parlamentar, Administração Pública e Direito Constitucional;Baixa produtividade e baixo custo;168
160510;Luis Tibé;MG;AVANTE;57;Exercício;Titular;34.800000000000004;500491.6;0.6176470588235294;0.3431372549019608;0.0392156862745098;Direitos Humanos e Minorias, Finanças Públicas e Orçamento e Política, Partidos e Eleições;Baixa produtividade e baixo custo;168
230762;Pastor Claudio Mariano;PA;UNIÃO;57;Exercício;Suplente;0.4;146631.69;1.0;0.0;0.0;;Baixa produtividade e baixo custo;169
104552;Socorro Neri;AC;PP;57;Exercício;Titular;240.9;1026548.38;0.6872727272727273;0.3054545454545455;0.007272727272727273;Direitos Humanos e Minorias, Educação e Administração Pública;Alta produtividade e alto custo;169
73692;Osmar Terra;RS;MDB;57;Exercício;Titular;113.60000000000001;872951.78;0.5776892430278885;0.4103585657370518;0.01195219123505976;Finanças Públicas e Orçamento, Administração Pública e Direitos Humanos e Minorias;Alta produtividade e alto custo;170
204485;Luiz Carlos Motta;SP;PL;57;Exercício;Titular;67.2;712663.29;0.6102941176470589;0.38235294117647056;0.007352941176470588;Direitos Humanos e Minorias, Finanças Públicas e Orçamento e Trabalho e Emprego;Baixa produtividade e baixo custo;171
153423;Renilce Nicodemos;PA;MDB;57;Exercício;Titular;141.4;930052.83;0.48427672955974843;0.5094339622641509;0.006289308176100629;Direitos Humanos e Minorias, Administração Pública e Finanças Públicas e Orçamento;Alta produtividade e alto custo;172
204355;Da Vitoria;ES;PP;57;Exercício;Titular;85.8;789392.62;0.5674157303370787;0.42696629213483145;0.0056179775280898875;Processo Legislativo e Atuação Parlamentar, Trabalho e Emprego e Finanças Públicas e Orçamento;Baixa produtividade e baixo custo;172
74585;Lincoln Portela;MG;PL;57;Exercício;Titular;112.2;874240.16;0.5378151260504201;0.453781512605042;0.008403361344537815;Direitos Humanos e Minorias, Defesa e Segurança e Finanças Públicas e Orçamento;Alta produtividade e alto custo;173
226837;Saulo Pedroso;SP;PSD;57;Exercício;Efetivado;39.7;549073.98;0.8771929824561403;0.12280701754385964;0.0;Defesa e Segurança, Administração Pública e Direitos Humanos e Minorias;Baixa produtividade e baixo custo;173
220586;Rafael Brito;AL;MDB;57;Exercício;Titular;119.7;899116.41;0.8148148148148148;0.18106995884773663;0.00411522633744856;Educação, Direitos Humanos e Minorias e Finanças Públicas e Orçamento;Alta produtividade e alto custo;174
220681;Fábio Macedo;MA;PODE;57;Exercício;Titular;55.2;676040.77;0.9618320610687023;0.030534351145038167;0.007633587786259542;Direitos Humanos e Minorias, Finanças Públicas e Orçamento e Saúde;Baixa produtividade e baixo custo;175
220700;Florentino Neto;PI;PT;57;Exercício;Titular;108.3;863463.11;0.5390946502057613;0.45267489711934156;0.00823045267489712;Direitos Humanos e Minorias, Finanças Públicas e Orçamento e Trabalho e Emprego;Baixa produtividade e baixo custo;176
204525;Rosana Valle;SP;PL;57;Exercício;Titular;107.2;858305.85;0.5945945945945946;0.3963963963963964;0.009009009009009009;Saúde, Defesa e Segurança e Direitos Humanos e Minorias;Baixa produtividade e baixo custo;176
160666;Félix Mendonça Júnior;BA;PDT;57;Exercício;Titular;140.0;931165.8;0.4218289085545723;0.5752212389380531;0.0029498525073746312;Administração Pública, Finanças Públicas e Orçamento e Processo Legislativo e Atuação Parlamentar;Alta produtividade e alto custo;176
198783;Emanuel Pinheiro Neto;MT;MDB;57;Exercício;Titular;84.60000000000001;798193.59;0.44970414201183434;0.5384615384615384;0.011834319526627219;Administração Pública, Finanças Públicas e Orçamento e Trabalho e Emprego;Baixa produtividade e baixo custo;177
220588;Roberto Duarte;AC;REPUBLICANOS;57;Exercício;Titular;178.6;982355.57;0.5672823218997362;0.42744063324538256;0.005277044854881266;Direitos Humanos e Minorias, Processo Legislativo e Atuação Parlamentar e Finanças Públicas e Orçamento;Alta produtividade e alto custo;178
220647;Mauricio Neves;SP;PP;57;Exercício;Titular;119.2;899968.49;0.484375;0.515625;0.0;Finanças Públicas e Orçamento, Indústria, Comércio e Serviços e Direitos Humanos e Minorias;Alta produtividade e alto custo;178
220553;Denise Pessôa;RS;PT;57;Exercício;Titular;140.9;934256.96;0.608955223880597;0.382089552238806;0.008955223880597015;Direitos Humanos e Minorias, Finanças Públicas e Orçamento e Saúde;Alta produtividade e alto custo;179
220602;Dimas Gadelha;RJ;PT;57;Exercício;Titular;111.10000000000001;880099.88;0.5183673469387755;0.4816326530612245;0.0;Finanças Públicas e Orçamento, Trabalho e Emprego e Direitos Humanos e Minorias;Alta produtividade e alto custo;179
74057;Alice Portugal;BA;PCdoB;57;Exercício;Titular;125.60000000000001;917109.57;0.5919732441471572;0.4013377926421405;0.006688963210702341;Administração Pública, Direitos Humanos e Minorias e Trabalho e Emprego;Alta produtividade e alto custo;179
204489;Robério Monteiro;CE;PDT;57;Exercício;Titular;5.0;362705.38;0.7777777777777778;0.2222222222222222;0.0;Direitos Humanos e Minorias, Finanças Públicas e Orçamento e Administração Pública;Baixa produtividade e baixo custo;180
220585;Mersinho Lucena;PB;PP;57;Exercício;Titular;55.800000000000004;696601.69;0.4049586776859504;0.5950413223140496;0.0;Administração Pública, Finanças Públicas e Orçamento e Processo Legislativo e Atuação Parlamentar;Baixa produtividade e baixo custo;180
220528;Dr. Victor Linhalis;ES;PODE;57;Exercício;Titular;122.0;911760.64;0.575091575091575;0.4249084249084249;0.0;Direitos Humanos e Minorias, Administração Pública e Saúde;Alta produtividade e alto custo;181
220661;Matheus Noronha;CE;PL;57;Exercício;Titular;34.6;567142.88;0.4878048780487805;0.5;0.012195121951219513;Direitos Humanos e Minorias, Processo Legislativo e Atuação Parlamentar e Finanças Públicas e Orçamento;Baixa produtividade e baixo custo;181
220556;Ana Paula Lima;SC;PT;57;Exercício;Titular;149.20000000000002;952600.59;0.594855305466238;0.39228295819935693;0.012861736334405145;Direitos Humanos e Minorias, Saúde e Administração Pública;Alta produtividade e alto custo;181
74428;Mendonça Filho;PE;UNIÃO;57;Exercício;Titular;117.2;902255.1;0.6723404255319149;0.32340425531914896;0.00425531914893617;Processo Legislativo e Atuação Parlamentar, Administração Pública e Finanças Públicas e Orçamento;Alta produtividade e alto custo;182
204518;Dr. Frederico;MG;PRD;57;Exercício;Titular;194.5;999683.15;0.7644341801385681;0.23556581986143188;0.0;Saúde, Administração Pública e Finanças Públicas e Orçamento;Alta produtividade e alto custo;182
73433;Arlindo Chinaglia;SP;PT;57;Exercício;Titular;41.800000000000004;628597.3;0.5145631067961165;0.47572815533980584;0.009708737864077669;Finanças Públicas e Orçamento, Direitos Humanos e Minorias e Direito e Defesa do Consumidor;Baixa produtividade e baixo custo;183
74478;Luciano Bivar;PE;UNIÃO;57;Exercício;Titular;21.6;505072.33;0.9814264487369985;0.017830609212481426;0.0007429420505200594;Finanças Públicas e Orçamento, Processo Legislativo e Atuação Parlamentar e Trabalho e Emprego;Baixa produtividade e baixo custo;184
204573;Otto Alencar Filho;BA;PSD;57;Exercício;Titular;115.60000000000001;899538.86;0.582995951417004;0.41295546558704455;0.004048582995951417;Processo Legislativo e Atuação Parlamentar, Finanças Públicas e Orçamento e Direito e Defesa do Consumidor;Alta produtividade e alto custo;184
74156;Leonardo Monteiro;MG;PT;57;Exercício;Titular;110.7;883030.63;0.43333333333333335;0.5666666666666667;0.0;Finanças Públicas e Orçamento, Trabalho e Emprego e Agricultura, Pecuária, Pesca e Extrativismo;Alta produtividade e alto custo;185
220565;Delegada Adriana Accorsi;GO;PT;57;Exercício;Titular;97.60000000000001;846289.58;0.6424581005586593;0.3463687150837989;0.0111731843575419;Direitos Humanos e Minorias, Administração Pública e Educação;Baixa produtividade e baixo custo;186
178835;Afonso Motta;RS;PDT;57;Exercício;Titular;125.0;923032.15;0.6451612903225806;0.3333333333333333;0.021505376344086023;Finanças Públicas e Orçamento, Administração Pública e Saúde;Alta produtividade e alto custo;187
220674;Dra. Alessandra Haber;PA;MDB;57;Exercício;Titular;84.4;822671.62;0.588957055214724;0.3987730061349693;0.012269938650306749;Direitos Humanos e Minorias, Defesa e Segurança e Saúde;Baixa produtividade e baixo custo;187
160674;Hugo Motta;PB;REPUBLICANOS;57;Exercício;Titular;132.3;933270.33;0.8542713567839196;0.135678391959799;0.010050251256281407;Finanças Públicas e Orçamento, Administração Pública e Saúde;Alta produtividade e alto custo;188
141391;Arnaldo Jardim;SP;CIDADANIA;57;Exercício;Titular;81.3;824104.89;0.5572139303482587;0.43781094527363185;0.004975124378109453;Finanças Públicas e Orçamento, Administração Pública e Direitos Humanos e Minorias;Baixa produtividade e baixo custo;189
160558;Paulo Freire Costa;SP;PL;57;Exercício;Titular;45.6;687470.19;0.6181818181818182;0.38181818181818183;0.0;Direitos Humanos e Minorias, Processo Legislativo e Atuação Parlamentar e Direito Constitucional;Baixa produtividade e baixo custo;190
223128;Rodrigo Estacho;PR;PSD;57;Exercício;Suplente;58.800000000000004;744281.1;0.44881889763779526;0.5275590551181102;0.023622047244094488;Defesa e Segurança, Processo Legislativo e Atuação Parlamentar e Finanças Públicas e Orçamento;Baixa produtividade e baixo custo;191
220573;Dorinaldo Malafaia;AP;PDT;57;Exercício;Titular;151.9;972828.4299999999;0.5677233429394812;0.4322766570605187;0.0;Direitos Humanos e Minorias, Finanças Públicas e Orçamento e Saúde;Alta produtividade e alto custo;192
74554;José Rocha;BA;UNIÃO;57;Exercício;Titular;101.4;871907.41;0.4251012145748988;0.5748987854251012;0.0;Processo Legislativo e Atuação Parlamentar, Finanças Públicas e Orçamento e Defesa e Segurança;Baixa produtividade e baixo custo;192
220652;Delegado Palumbo;SP;MDB;57;Exercício;Titular;120.5;925047.6;0.7777777777777778;0.21212121212121213;0.010101010101010102;Defesa e Segurança, Direito Penal e Processual Penal e Direitos Humanos e Minorias;Alta produtividade e alto custo;192
220599;Marcelo Crivella;RJ;REPUBLICANOS;57;Exercício;Titular;149.0;969261.5;0.5324675324675324;0.461038961038961;0.006493506493506494;Finanças Públicas e Orçamento, Administração Pública e Defesa e Segurança;Alta produtividade e alto custo;193
220548;Camila Jara;MS;PT;57;Exercício;Titular;199.6;1035597.82;0.5568445475638051;0.4361948955916473;0.0069605568445475635;Direitos Humanos e Minorias, Finanças Públicas e Orçamento e Meio Ambiente e Desenvolvimento Sustentável;Alta produtividade e alto custo;194
160632;Zé Silva;MG;SOLIDARIEDADE;57;Exercício;Titular;105.2;884736.72;0.46808510638297873;0.5319148936170213;0.0;Finanças Públicas e Orçamento, Energia, Recursos Hídricos e Minerais e Agricultura, Pecuária, Pesca e Extrativismo;Baixa produtividade e alto custo;194
74262;Carlos Sampaio;SP;PSD;57;Exercício;Titular;46.6;698401.26;0.7311827956989247;0.26881720430107525;0.0;Administração Pública, Direitos Humanos e Minorias e Defesa e Segurança;Baixa produtividade e baixo custo;195
220594;Coronel Assis;MT;UNIÃO;57;Exercício;Titular;158.4;982078.83;0.6405228758169934;0.35294117647058826;0.006535947712418301;Direito Penal e Processual Penal, Administração Pública e Defesa e Segurança;Alta produtividade e alto custo;196
204395;Pedro Lupion;PR;PP;57;Exercício;Titular;87.5;843623.39;0.7193877551020408;0.2755102040816326;0.00510204081632653;Direitos Humanos e Minorias, Defesa e Segurança e Processo Legislativo e Atuação Parlamentar;Baixa produtividade e baixo custo;197
204566;Marreca Filho;MA;PRD;57;Exercício;Titular;90.80000000000001;847589.44;0.3696682464454976;0.6303317535545023;0.0;Trabalho e Emprego, Finanças Públicas e Orçamento e Saúde;Baixa produtividade e baixo custo;198
73604;Rui Falcão;SP;PT;57;Exercício;Titular;43.0;689109.4;0.5576923076923077;0.4423076923076923;0.0;Finanças Públicas e Orçamento, Administração Pública e Processo Legislativo e Atuação Parlamentar;Baixa produtividade e baixo custo;198
178975;Baleia Rossi;SP;MDB;57;Exercício;Titular;28.2;625700.08;0.6730769230769231;0.28846153846153844;0.038461538461538464;Administração Pública, Finanças Públicas e Orçamento e Processo Legislativo e Atuação Parlamentar;Baixa produtividade e baixo custo;199
204549;AJ Albuquerque;CE;PP;57;Exercício;Titular;16.0;567209.12;0.6571428571428571;0.34285714285714286;0.0;Processo Legislativo e Atuação Parlamentar, Direito e Defesa do Consumidor e Administração Pública;Baixa produtividade e baixo custo;200
178954;Lucio Mosquini;RO;MDB;57;Exercício;Titular;225.3;1078036.62;0.6478555304740407;0.345372460496614;0.006772009029345372;Finanças Públicas e Orçamento, Meio Ambiente e Desenvolvimento Sustentável e Estrutura Fundiária;Alta produtividade e alto custo;200
220558;Zé Trovão;SC;PL;57;Exercício;Titular;274.0;1114344.74;0.6825396825396826;0.31216931216931215;0.005291005291005291;Administração Pública, Finanças Públicas e Orçamento e Direitos Humanos e Minorias;Alta produtividade e alto custo;200
69871;Bacelar;BA;PV;57;Exercício;Titular;159.70000000000002;988156.36;0.5406976744186046;0.45058139534883723;0.00872093023255814;Finanças Públicas e Orçamento, Administração Pública e Direitos Humanos e Minorias;Alta produtividade e alto custo;200
204422;Ossesio Silva;PE;REPUBLICANOS;57;Exercício;Suplente;45.2;705792.15;0.8279569892473119;0.17204301075268819;0.0;Direitos Humanos e Minorias, Administração Pública e Saúde;Baixa produtividade e baixo custo;200
204571;Alex Santana;BA;REPUBLICANOS;57;Exercício;Titular;50.5;724584.99;0.5813953488372093;0.3953488372093023;0.023255813953488372;Administração Pública, Direitos Humanos e Minorias e Finanças Públicas e Orçamento;Baixa produtividade e baixo custo;200
220617;Murillo Gouvea;RJ;UNIÃO;57;Exercício;Titular;96.7;865887.9;0.5241935483870968;0.4717741935483871;0.004032258064516129;Defesa e Segurança, Direitos Humanos e Minorias e Viação, Transporte e Mobilidade;Baixa produtividade e baixo custo;201
220656;Fernanda Pessoa;CE;UNIÃO;57;Exercício;Titular;205.6;1047058.95;0.584070796460177;0.415929203539823;0.0;Direitos Humanos e Minorias, Saúde e Trabalho e Emprego;Alta produtividade e alto custo;201
204406;Pedro Westphalen;RS;PP;57;Exercício;Titular;156.0;982533.88;0.5549132947976878;0.43641618497109824;0.008670520231213872;Finanças Públicas e Orçamento, Defesa e Segurança e Administração Pública;Alta produtividade e alto custo;202
141516;Paulo Abi-Ackel;MG;PSDB;57;Exercício;Titular;24.0;621241.31;0.6363636363636364;0.36363636363636365;0.0;Finanças Públicas e Orçamento, Processo Legislativo e Atuação Parlamentar e Administração Pública;Baixa produtividade e baixo custo;202
220610;Dr. Fernando Máximo;RO;UNIÃO;57;Exercício;Titular;218.8;1073485.76;0.6476190476190476;0.34523809523809523;0.007142857142857143;Direitos Humanos e Minorias, Finanças Públicas e Orçamento e Defesa e Segurança;Alta produtividade e alto custo;202
220633;Ricardo Salles;SP;NOVO;57;Exercício;Titular;138.1;964520.43;0.6560283687943262;0.3404255319148936;0.0035460992907801418;Administração Pública, Finanças Públicas e Orçamento e Processo Legislativo e Atuação Parlamentar;Alta produtividade e alto custo;203
204388;Bibo Nunes;RS;PL;57;Exercício;Titular;221.9;1079209.4;0.7209821428571429;0.27232142857142855;0.006696428571428571;Defesa e Segurança, Administração Pública e Direitos Humanos e Minorias;Alta produtividade e alto custo;203
218086;Ely Santos;SP;REPUBLICANOS;57;Exercício;Suplente;41.2;696585.21;0.9411764705882353;0.058823529411764705;0.0;Direitos Humanos e Minorias, Administração Pública e Processo Legislativo e Atuação Parlamentar;Baixa produtividade e baixo custo;204
141531;Rodrigo de Castro;MG;UNIÃO;57;Exercício;Titular;52.5;748255.38;0.4380165289256198;0.5619834710743802;0.0;Finanças Públicas e Orçamento, Processo Legislativo e Atuação Parlamentar e Trabalho e Emprego;Baixa produtividade e baixo custo;204
220590;Coronel Ulysses;AC;UNIÃO;57;Exercício;Titular;156.3;988752.08;0.5811209439528023;0.415929203539823;0.0029498525073746312;Defesa e Segurança, Administração Pública e Direitos Humanos e Minorias;Alta produtividade e alto custo;205
220672;Henderson Pinto;PA;MDB;57;Exercício;Titular;114.60000000000001;922164.4;0.5258964143426295;0.4701195219123506;0.00398406374501992;Finanças Públicas e Orçamento, Saúde e Direitos Humanos e Minorias;Alta produtividade e alto custo;206
141487;Luiz Fernando Faria;MG;PSD;57;Exercício;Titular;69.60000000000001;813882.62;0.39634146341463417;0.5914634146341463;0.012195121951219513;Processo Legislativo e Atuação Parlamentar, Finanças Públicas e Orçamento e Defesa e Segurança;Baixa produtividade e baixo custo;207
204524;Pinheirinho;MG;PP;57;Exercício;Titular;71.10000000000001;818355.26;0.6640625;0.328125;0.0078125;Direitos Humanos e Minorias, Finanças Públicas e Orçamento e Saúde;Baixa produtividade e baixo custo;207
220707;Amanda Gentil;MA;PP;57;Exercício;Titular;108.60000000000001;908796.13;0.4801587301587302;0.5119047619047619;0.007936507936507936;Direitos Humanos e Minorias, Administração Pública e Previdência e Assistência Social;Baixa produtividade e alto custo;208
73801;Renildo Calheiros;PE;PCdoB;57;Exercício;Titular;72.2;824972.55;0.5365853658536586;0.4329268292682927;0.03048780487804878;Finanças Públicas e Orçamento, Administração Pública e Processo Legislativo e Atuação Parlamentar;Baixa produtividade e baixo custo;209
178964;Heitor Schuch;RS;PSB;57;Exercício;Titular;136.9;968492.68;0.5665529010238908;0.4197952218430034;0.013651877133105802;Finanças Públicas e Orçamento, Administração Pública e Meio Ambiente e Desenvolvimento Sustentável;Alta produtividade e alto custo;209
122158;Pedro Paulo;RJ;PSD;57;Exercício;Titular;49.800000000000004;748415.7;0.6551724137931034;0.3218390804597701;0.022988505747126436;Finanças Públicas e Orçamento, Administração Pública e Direitos Humanos e Minorias;Baixa produtividade e baixo custo;210
74537;Claudio Cajado;BA;PP;57;Exercício;Titular;48.800000000000004;747858.5;0.4051724137931034;0.5862068965517241;0.008620689655172414;Direito Constitucional, Processo Legislativo e Atuação Parlamentar e Direitos Humanos e Minorias;Baixa produtividade e baixo custo;211
204504;Cezinha de Madureira;SP;PSD;57;Exercício;Titular;128.6;960002.53;0.49830508474576274;0.4915254237288136;0.010169491525423728;Direitos Humanos e Minorias, Administração Pública e Trabalho e Emprego;Alta produtividade e alto custo;212
160559;Alceu Moreira;RS;MDB;57;Exercício;Titular;120.3;943687.61;0.5330739299610895;0.4591439688715953;0.007782101167315175;Finanças Públicas e Orçamento, Meio Ambiente e Desenvolvimento Sustentável e Cidades e Desenvolvimento Urbano;Alta produtividade e alto custo;212
160588;Diego Andrade;MG;PSD;57;Exercício;Titular;53.300000000000004;773800.22;0.43478260869565216;0.5565217391304348;0.008695652173913044;Finanças Públicas e Orçamento, Processo Legislativo e Atuação Parlamentar e Direito Constitucional;Baixa produtividade e baixo custo;212
123756;Antônia Lúcia;AC;REPUBLICANOS;57;Exercício;Titular;125.7;959329.64;0.596958174904943;0.39923954372623577;0.0038022813688212928;Saúde, Educação e Estrutura Fundiária;Alta produtividade e alto custo;213
141431;Fernando Coelho Filho;PE;UNIÃO;57;Exercício;Titular;24.200000000000003;657300.59;0.44;0.56;0.0;Processo Legislativo e Atuação Parlamentar, Finanças Públicas e Orçamento e Previdência e Assistência Social;Baixa produtividade e baixo custo;214
220660;Yury do Paredão;CE;MDB;57;Exercício;Titular;77.2;843675.64;0.4897959183673469;0.5102040816326531;0.0;Direitos Humanos e Minorias, Processo Legislativo e Atuação Parlamentar e Saúde;Baixa produtividade e baixo custo;215
204574;Junior Lourenço;MA;PL;57;Exercício;Titular;42.4;742320.46;0.4895833333333333;0.5104166666666666;0.0;Direitos Humanos e Minorias, Processo Legislativo e Atuação Parlamentar e Finanças Públicas e Orçamento;Baixa produtividade e baixo custo;216
73486;Pompeo de Mattos;RS;PDT;57;Exercício;Titular;242.0;1245965.41;0.6683168316831684;0.32425742574257427;0.007425742574257425;Finanças Públicas e Orçamento, Administração Pública e Trabalho e Emprego;Alta produtividade e alto custo;217
221328;Adilson Barroso;SP;PL;57;Exercício;Suplente;127.4;964640.56;0.6938775510204082;0.2979591836734694;0.00816326530612245;Finanças Públicas e Orçamento, Direitos Humanos e Minorias e Administração Pública;Alta produtividade e alto custo;218
220538;Albuquerque;RR;REPUBLICANOS;57;Exercício;Titular;233.4;1222213.37;0.7170542635658915;0.2810077519379845;0.001937984496124031;Direitos Humanos e Minorias, Educação e Administração Pública;Alta produtividade e alto custo;219
204378;Coronel Chrisóstomo;RO;PL;57;Exercício;Titular;205.70000000000002;1110509.91;0.7026378896882494;0.29256594724220625;0.004796163069544364;Administração Pública, Direitos Humanos e Minorias e Defesa e Segurança;Alta produtividade e alto custo;220
178992;Vitor Lippi;SP;PSDB;57;Exercício;Titular;133.6;976378.32;0.49696969696969695;0.5;0.0030303030303030303;Finanças Públicas e Orçamento, Processo Legislativo e Atuação Parlamentar e Relações Internacionais e Comércio Exterior;Alta produtividade e alto custo;221
204379;Acácio Favacho;AP;MDB;57;Exercício;Titular;106.4;918525.0700000001;0.4608294930875576;0.5299539170506913;0.009216589861751152;Direitos Humanos e Minorias, Saúde e Trabalho e Emprego;Baixa produtividade e alto custo;221
220609;Maurício Carvalho;RO;UNIÃO;57;Exercício;Titular;83.2;867681.97;0.7212121212121212;0.2727272727272727;0.006060606060606061;Direitos Humanos e Minorias, Defesa e Segurança e Viação, Transporte e Mobilidade;Baixa produtividade e baixo custo;222
178829;Capitão Augusto;SP;PL;57;Exercício;Titular;176.6;1060926.94;0.6075085324232082;0.3890784982935154;0.0034129692832764505;Direitos Humanos e Minorias, Defesa e Segurança e Direito Penal e Processual Penal;Alta produtividade e alto custo;223
74090;Átila Lins;AM;PSD;57;Exercício;Titular;44.800000000000004;768217.54;0.5287356321839081;0.4482758620689655;0.022988505747126436;Direitos Humanos e Minorias, Finanças Públicas e Orçamento e Defesa e Segurança;Baixa produtividade e baixo custo;223
143632;Domingos Neto;CE;PSD;57;Exercício;Titular;110.9;930985.3;0.5566502463054187;0.42857142857142855;0.014778325123152709;Direitos Humanos e Minorias, Finanças Públicas e Orçamento e Saúde;Alta produtividade e alto custo;223
220697;Jadyel Alencar;PI;REPUBLICANOS;57;Exercício;Titular;141.70000000000002;991961.22;0.5454545454545454;0.45151515151515154;0.0030303030303030303;Administração Pública, Finanças Públicas e Orçamento e Direitos Humanos e Minorias;Alta produtividade e alto custo;224
162332;Luiz Nishimori;PR;PSD;57;Exercício;Titular;90.5;887484.7;0.4752475247524752;0.5247524752475248;0.0;Direitos Humanos e Minorias, Processo Legislativo e Atuação Parlamentar e Finanças Públicas e Orçamento;Baixa produtividade e alto custo;224
220624;Robinson Faria;RN;PL;57;Exercício;Titular;38.6;745437.49;0.6144578313253012;0.37349397590361444;0.012048192771084338;Direitos Humanos e Minorias, Defesa e Segurança e Processo Legislativo e Atuação Parlamentar;Baixa produtividade e baixo custo;224
81055;Márcio Jerry;MA;PCdoB;57;Exercício;Titular;98.60000000000001;911705.26;0.41422594142259417;0.5732217573221757;0.012552301255230125;Finanças Públicas e Orçamento, Trabalho e Emprego e Administração Pública;Baixa produtividade e alto custo;225
178866;Luizianne Lins;CE;PT;57;Exercício;Titular;97.0;907007.58;0.5219298245614035;0.4780701754385965;0.0;Direitos Humanos e Minorias, Administração Pública e Defesa e Segurança;Baixa produtividade e alto custo;225
160517;Paulo Folletto;ES;PSB;57;Exercício;Titular;157.0;1023535.16;0.547486033519553;0.4441340782122905;0.008379888268156424;Administração Pública, Finanças Públicas e Orçamento e Saúde;Alta produtividade e alto custo;225
220684;Tião Medeiros;PR;PP;57;Exercício;Titular;111.60000000000001;936819.51;0.6517857142857143;0.3482142857142857;0.0;Administração Pública, Finanças Públicas e Orçamento e Direitos Humanos e Minorias;Alta produtividade e alto custo;226
204479;Nicoletti;RR;UNIÃO;57;Exercício;Titular;206.3;1160840.22;0.6308724832214765;0.3691275167785235;0.0;Defesa e Segurança, Administração Pública e Finanças Públicas e Orçamento;Alta produtividade e alto custo;227
178987;Orlando Silva;SP;PCdoB;57;Exercício;Suplente;82.7;881893.79;0.5614973262032086;0.4385026737967914;0.0;Direitos Humanos e Minorias, Trabalho e Emprego e Administração Pública;Baixa produtividade e alto custo;228
204517;Zé Vitor;MG;PL;57;Exercício;Titular;139.6;993230.14;0.5408805031446541;0.449685534591195;0.009433962264150943;Finanças Públicas e Orçamento, Processo Legislativo e Atuação Parlamentar e Saúde;Alta produtividade e alto custo;229
74646;Aécio Neves;MG;PSDB;57;Exercício;Titular;13.8;703051.53;0.5769230769230769;0.4230769230769231;0.0;Finanças Públicas e Orçamento, Administração Pública e Processo Legislativo e Atuação Parlamentar;Baixa produtividade e baixo custo;230
160518;Weliton Prado;MG;SOLIDARIEDADE;57;Exercício;Titular;93.9;907705.1;0.6590909090909091;0.33181818181818185;0.00909090909090909;Saúde, Direitos Humanos e Minorias e Processo Legislativo e Atuação Parlamentar;Baixa produtividade e alto custo;230
220663;Eriberto Medeiros;PE;PSB;57;Exercício;Titular;153.4;1029209.47;0.5071633237822349;0.48424068767908307;0.008595988538681949;Defesa e Segurança, Administração Pública e Trabalho e Emprego;Alta produtividade e alto custo;230
220670;Iza Arruda;PE;MDB;57;Exercício;Titular;111.4;948008.6;0.7;0.28;0.02;Saúde, Direitos Humanos e Minorias e Trabalho e Emprego;Alta produtividade e alto custo;231
160758;Domingos Sávio;MG;PL;57;Exercício;Titular;135.8;993742.05;0.5667752442996743;0.42996742671009774;0.003257328990228013;Administração Pública, Direitos Humanos e Minorias e Processo Legislativo e Atuação Parlamentar;Alta produtividade e alto custo;232
220567;Jeferson Rodrigues;GO;REPUBLICANOS;57;Exercício;Titular;81.7;890237.07;0.4785276073619632;0.5214723926380368;0.0;Direitos Humanos e Minorias, Finanças Públicas e Orçamento e Educação;Baixa produtividade e alto custo;232
204539;Hercílio Coelho Diniz;MG;MDB;57;Exercício;Titular;42.5;787038.4;0.5113636363636364;0.48863636363636365;0.0;Finanças Públicas e Orçamento, Trabalho e Emprego e Direitos Humanos e Minorias;Baixa produtividade e baixo custo;232
74270;Gilberto Nascimento;SP;PSD;57;Exercício;Titular;86.0;900988.11;0.5135135135135135;0.4810810810810811;0.005405405405405406;Finanças Públicas e Orçamento, Processo Legislativo e Atuação Parlamentar e Direitos Humanos e Minorias;Baixa produtividade e alto custo;233
178887;Rubens Pereira Júnior;MA;PT;57;Exercício;Titular;136.6;996656.48;0.6553030303030303;0.32954545454545453;0.015151515151515152;Direitos Humanos e Minorias, Administração Pública e Trabalho e Emprego;Alta produtividade e alto custo;234
136811;Afonso Hamm;RS;PP;57;Exercício;Titular;142.5;1015160.38;0.49337748344370863;0.4966887417218543;0.009933774834437087;Finanças Públicas e Orçamento, Administração Pública e Meio Ambiente e Desenvolvimento Sustentável;Alta produtividade e alto custo;235
204512;Delegado Marcelo Freitas;MG;UNIÃO;57;Exercício;Titular;110.10000000000001;950811.62;0.5488372093023256;0.44651162790697674;0.004651162790697674;Defesa e Segurança, Processo Legislativo e Atuação Parlamentar e Direito Penal e Processual Penal;Alta produtividade e alto custo;236
74376;Vander Loubet;MS;PT;57;Exercício;Titular;106.4;939593.76;0.5691699604743083;0.4308300395256917;0.0;Finanças Públicas e Orçamento, Administração Pública e Trabalho e Emprego;Baixa produtividade e alto custo;237
220527;Jack Rocha;ES;PT;57;Exercício;Titular;76.7;883058.22;0.6041666666666666;0.390625;0.005208333333333333;Direitos Humanos e Minorias, Trabalho e Emprego e Finanças Públicas e Orçamento;Baixa produtividade e alto custo;237
204501;Alencar Santana;SP;PT;57;Exercício;Titular;120.2;978399.3099999999;0.6148409893992933;0.3674911660777385;0.0176678445229682;Finanças Públicas e Orçamento, Administração Pública e Processo Legislativo e Atuação Parlamentar;Alta produtividade e alto custo;238
220546;Rodolfo Nogueira;MS;PL;57;Exercício;Titular;177.9;1121232.82;0.7575757575757576;0.23333333333333334;0.00909090909090909;Administração Pública, Defesa e Segurança e Direitos Humanos e Minorias;Alta produtividade e alto custo;238
220608;Cristiane Lopes;RO;UNIÃO;57;Exercício;Titular;164.5;1087027.26;0.5817174515235457;0.4099722991689751;0.008310249307479225;Direitos Humanos e Minorias, Defesa e Segurança e Administração Pública;Alta produtividade e alto custo;239
141464;José Airton Félix Cirilo;CE;PT;57;Exercício;Titular;72.8;876408.8099999999;0.6503067484662577;0.34355828220858897;0.006134969325153374;Finanças Públicas e Orçamento, Direitos Humanos e Minorias e Administração Pública;Baixa produtividade e alto custo;240
220631;Samuel Viana;MG;REPUBLICANOS;57;Exercício;Titular;62.9;848210.42;0.732824427480916;0.26717557251908397;0.0;Administração Pública, Processo Legislativo e Atuação Parlamentar e Energia, Recursos Hídricos e Minerais;Baixa produtividade e baixo custo;241
204481;Dr. Jaziel;CE;PL;57;Exercício;Titular;52.6;836686.06;0.6636363636363637;0.33636363636363636;0.0;Direitos Humanos e Minorias, Saúde e Defesa e Segurança;Baixa produtividade e baixo custo;241
80815;Leo Prates;BA;PDT;57;Exercício;Titular;119.4;980619.58;0.7195571955719557;0.2767527675276753;0.0036900369003690036;Saúde, Direitos Humanos e Minorias e Finanças Públicas e Orçamento;Alta produtividade e alto custo;242
74398;Maria do Rosário;RS;PT;57;Exercício;Titular;156.6;1071889.61;0.6217765042979942;0.3753581661891118;0.0028653295128939827;Direitos Humanos e Minorias, Administração Pública e Finanças Públicas e Orçamento;Alta produtividade e alto custo;243
178993;Carlos Henrique Gaguim;TO;UNIÃO;57;Exercício;Titular;148.8;1044705.35;0.4591549295774648;0.5408450704225352;0.0;Direitos Humanos e Minorias, Finanças Públicas e Orçamento e Saúde;Alta produtividade e alto custo;244
88256;Clodoaldo Magalhães;PE;PV;57;Exercício;Titular;134.8;1009993.52;0.6118143459915611;0.38396624472573837;0.004219409282700422;Saúde, Direitos Humanos e Minorias e Viação, Transporte e Mobilidade;Alta produtividade e alto custo;245
220640;Juliana Cardoso;SP;PT;57;Exercício;Titular;136.6;1016561.03;0.6619718309859155;0.3295774647887324;0.008450704225352112;Direitos Humanos e Minorias, Administração Pública e Educação;Alta produtividade e alto custo;246
204473;General Girão;RN;PL;57;Exercício;Titular;175.9;1192373.46;0.6283422459893048;0.3689839572192513;0.00267379679144385;Direitos Humanos e Minorias, Defesa e Segurança e Administração Pública;Alta produtividade e alto custo;246
204486;Mauro Benevides Filho;CE;PDT;57;Exercício;Titular;75.8;898313.63;0.484472049689441;0.4906832298136646;0.024844720496894408;Finanças Públicas e Orçamento, Administração Pública e Processo Legislativo e Atuação Parlamentar;Baixa produtividade e alto custo;247
161550;Emidinho Madeira;MG;PL;57;Exercício;Titular;101.60000000000001;948265.86;0.45;0.55;0.0;Agricultura, Pecuária, Pesca e Extrativismo, Processo Legislativo e Atuação Parlamentar e Finanças Públicas e Orçamento;Baixa produtividade e alto custo;248
220649;Delegado da Cunha;SP;PP;57;Exercício;Titular;71.3;885259.99;0.4966887417218543;0.4966887417218543;0.006622516556291391;Defesa e Segurança, Direitos Humanos e Minorias e Direito Penal e Processual Penal;Baixa produtividade e alto custo;248
220572;Marussa Boldrin;GO;MDB;57;Exercício;Titular;106.10000000000001;960090.48;0.596;0.4;0.004;Defesa e Segurança, Direitos Humanos e Minorias e Administração Pública;Baixa produtividade e alto custo;249
220577;Augusto Puppio;AP;MDB;57;Exercício;Titular;109.60000000000001;966345.11;0.5170940170940171;0.47863247863247865;0.004273504273504274;Saúde, Direitos Humanos e Minorias e Finanças Públicas e Orçamento;Alta produtividade e alto custo;249
204540;Maria Rosas;SP;REPUBLICANOS;57;Exercício;Titular;75.4;898519.74;0.5947368421052631;0.4;0.005263157894736842;Direitos Humanos e Minorias, Saúde e Defesa e Segurança;Baixa produtividade e alto custo;249
220668;Maria Arraes;PE;SOLIDARIEDADE;57;Exercício;Titular;143.1;1052439.15;0.6038338658146964;0.3769968051118211;0.019169329073482427;Direitos Humanos e Minorias, Saúde e Finanças Públicas e Orçamento;Alta produtividade e alto custo;250
220539;Defensor Stélio Dener;RR;REPUBLICANOS;57;Exercício;Titular;152.5;1077881.59;0.5233918128654971;0.47076023391812866;0.005847953216374269;Finanças Públicas e Orçamento, Administração Pública e Direitos Humanos e Minorias;Alta produtividade e alto custo;251
220542;Alexandre Guimarães;TO;MDB;57;Exercício;Titular;158.5;1116214.81;0.6508379888268156;0.3407821229050279;0.008379888268156424;Finanças Públicas e Orçamento, Direitos Humanos e Minorias e Processo Legislativo e Atuação Parlamentar;Alta produtividade e alto custo;252
220589;Eduardo Velloso;AC;UNIÃO;57;Exercício;Titular;115.4;985702.99;0.42063492063492064;0.5793650793650794;0.0;Processo Legislativo e Atuação Parlamentar, Direitos Humanos e Minorias e Saúde;Alta produtividade e alto custo;253
121948;Adriano do Baldy;GO;PP;57;Exercício;Titular;141.9;1062880.39;0.6017964071856288;0.39820359281437123;0.0;Agricultura, Pecuária, Pesca e Extrativismo, Meio Ambiente e Desenvolvimento Sustentável e Administração Pública;Alta produtividade e alto custo;254
160599;Dimas Fabiano;MG;PP;57;Exercício;Titular;34.2;821639.48;0.6290322580645161;0.3709677419354839;0.0;Finanças Públicas e Orçamento, Processo Legislativo e Atuação Parlamentar e Direito Constitucional;Baixa produtividade e baixo custo;255
220669;Lula da Fonte;PE;PP;57;Exercício;Titular;60.800000000000004;872362.32;0.5833333333333334;0.4083333333333333;0.008333333333333333;Processo Legislativo e Atuação Parlamentar, Saúde e Direitos Humanos e Minorias;Baixa produtividade e alto custo;255
74574;Paulo Magalhães;BA;PSD;57;Exercício;Titular;27.2;804878.28;0.49122807017543857;0.49122807017543857;0.017543859649122806;Processo Legislativo e Atuação Parlamentar, Saúde e Direitos Humanos e Minorias;Baixa produtividade e baixo custo;256
215043;Josivaldo JP;MA;PSD;57;Exercício;Titular;62.900000000000006;881478.04;0.6323529411764706;0.3602941176470588;0.007352941176470588;Direitos Humanos e Minorias, Defesa e Segurança e Trabalho e Emprego;Baixa produtividade e alto custo;257
220620;Rosângela Reis;MG;PL;57;Exercício;Titular;77.10000000000001;916611.58;0.5882352941176471;0.39869281045751637;0.013071895424836602;Administração Pública, Finanças Públicas e Orçamento e Direitos Humanos e Minorias;Baixa produtividade e alto custo;258
204368;Fabio Schiochet;SC;UNIÃO;57;Exercício;Titular;40.2;835481.77;0.5714285714285714;0.42857142857142855;0.0;Finanças Públicas e Orçamento, Defesa e Segurança e Administração Pública;Baixa produtividade e baixo custo;259
74044;Wilson Santiago;PB;REPUBLICANOS;57;Exercício;Titular;133.6;1042694.54;0.5520504731861199;0.4479495268138801;0.0;Trabalho e Emprego, Direitos Humanos e Minorias e Administração Pública;Alta produtividade e alto custo;260
220628;Mauricio do Vôlei;MG;PL;57;Exercício;Titular;116.7;994366.16;0.6919431279620853;0.3033175355450237;0.004739336492890996;Direitos Humanos e Minorias, Finanças Públicas e Orçamento e Administração Pública;Alta produtividade e alto custo;260
178927;Aliel Machado;PR;PV;57;Exercício;Titular;49.4;851455.63;0.46788990825688076;0.5321100917431193;0.0;Administração Pública, Finanças Públicas e Orçamento e Processo Legislativo e Atuação Parlamentar;Baixa produtividade e baixo custo;261
160527;Aguinaldo Ribeiro;PB;PP;57;Exercício;Titular;18.400000000000002;793032.54;0.4358974358974359;0.5128205128205128;0.05128205128205128;Defesa e Segurança, Finanças Públicas e Orçamento e Processo Legislativo e Atuação Parlamentar;Baixa produtividade e baixo custo;262
220560;Thiago de Joaldo;SE;PP;57;Exercício;Titular;73.4;909914.34;0.5432098765432098;0.4444444444444444;0.012345679012345678;Administração Pública, Finanças Públicas e Orçamento e Arte, Cultura e Religião;Baixa produtividade e alto custo;262
220701;Delegado Matheus Laiola;PR;UNIÃO;57;Exercício;Titular;141.1;1072903.16;0.8275862068965517;0.1685823754789272;0.0038314176245210726;Meio Ambiente e Desenvolvimento Sustentável, Direito Penal e Processual Penal e Direitos Humanos e Minorias;Alta produtividade e alto custo;263
74467;Damião Feliciano;PB;UNIÃO;57;Exercício;Titular;51.800000000000004;866996.05;0.6881720430107527;0.27956989247311825;0.03225806451612903;Finanças Públicas e Orçamento, Administração Pública e Processo Legislativo e Atuação Parlamentar;Baixa produtividade e baixo custo;264
220699;Castro Neto;PI;PSD;57;Exercício;Titular;35.4;835209.63;0.5540540540540541;0.43243243243243246;0.013513513513513514;Direitos Humanos e Minorias, Finanças Públicas e Orçamento e Defesa e Segurança;Baixa produtividade e baixo custo;264
74374;Geraldo Resende;MS;PSDB;57;Exercício;Titular;153.3;1145064.29;0.49554896142433236;0.5044510385756676;0.0;Saúde, Direitos Humanos e Minorias e Administração Pública;Alta produtividade e alto custo;265
220532;Rafael Prudente;DF;MDB;57;Exercício;Titular;71.9;913147.5;0.6917293233082706;0.2932330827067669;0.015037593984962405;Administração Pública, Defesa e Segurança e Finanças Públicas e Orçamento;Baixa produtividade e alto custo;266
204351;Dr. Luiz Ovando;MS;PP;57;Exercício;Titular;122.5;1033268.1;0.5647058823529412;0.43529411764705883;0.0;Direitos Humanos e Minorias, Saúde e Administração Pública;Alta produtividade e alto custo;267
160569;Waldenor Pereira;BA;PT;57;Exercício;Titular;91.0;951738.84;0.6824034334763949;0.31759656652360513;0.0;Educação, Finanças Públicas e Orçamento e Viação, Transporte e Mobilidade;Baixa produtividade e alto custo;267
220612;Bebeto;RJ;PP;57;Exercício;Titular;110.80000000000001;991866.48;0.5;0.4959677419354839;0.004032258064516129;Processo Legislativo e Atuação Parlamentar, Direitos Humanos e Minorias e Defesa e Segurança;Alta produtividade e alto custo;268
160665;Augusto Coutinho;PE;REPUBLICANOS;57;Exercício;Titular;115.9;1004236.97;0.49433962264150944;0.5018867924528302;0.0037735849056603774;Finanças Públicas e Orçamento, Administração Pública e Processo Legislativo e Atuação Parlamentar;Alta produtividade e alto custo;269
204398;Felipe Francischini;PR;UNIÃO;57;Exercício;Titular;94.10000000000001;960433.15;0.555045871559633;0.43577981651376146;0.009174311926605505;Processo Legislativo e Atuação Parlamentar, Defesa e Segurança e Direitos Humanos e Minorias;Baixa produtividade e alto custo;270
141408;Cleber Verde;MA;MDB;57;Exercício;Titular;146.6;1119294.69;0.4867549668874172;0.5099337748344371;0.0033112582781456954;Trabalho e Emprego, Direitos Humanos e Minorias e Finanças Públicas e Orçamento;Alta produtividade e alto custo;271
171786;Miguel Ângelo;MG;PT;57;Exercício;Titular;43.0;857035.87;0.5092592592592593;0.48148148148148145;0.009259259259259259;Finanças Públicas e Orçamento, Trabalho e Emprego e Administração Pública;Baixa produtividade e baixo custo;272
220662;Lucas Ramos;PE;PSB;57;Exercício;Titular;98.80000000000001;974128.91;0.4318181818181818;0.5545454545454546;0.013636363636363636;Finanças Públicas e Orçamento, Processo Legislativo e Atuação Parlamentar e Ciência, Tecnologia e Inovação;Baixa produtividade e alto custo;272
62881;Danilo Forte;CE;UNIÃO;57;Exercício;Titular;120.10000000000001;1031485.92;0.4721189591078067;0.5241635687732342;0.0037174721189591076;Finanças Públicas e Orçamento, Processo Legislativo e Atuação Parlamentar e Administração Pública;Alta produtividade e alto custo;273
160673;Giovani Cherini;RS;PL;57;Exercício;Titular;142.4;1118733.32;0.5467128027681661;0.4429065743944637;0.010380622837370242;Direitos Humanos e Minorias, Finanças Públicas e Orçamento e Administração Pública;Alta produtividade e alto custo;274
179001;Márcio Biolchi;RS;MDB;57;Exercício;Titular;21.0;828926.33;0.5945945945945946;0.3783783783783784;0.02702702702702703;Finanças Públicas e Orçamento, Economia e Administração Pública;Baixa produtividade e baixo custo;275
220597;Thiago Flores;RO;REPUBLICANOS;57;Exercício;Titular;94.10000000000001;968045.25;0.6611111111111111;0.3277777777777778;0.011111111111111112;Administração Pública, Economia e Direito Penal e Processual Penal;Baixa produtividade e alto custo;276
204360;Silvia Cristina;RO;PP;57;Exercício;Titular;142.70000000000002;1156095.82;0.4588607594936709;0.5348101265822784;0.006329113924050633;Saúde, Finanças Públicas e Orçamento e Direitos Humanos e Minorias;Alta produtividade e alto custo;277
220555;Daiana Santos;RS;PCdoB;57;Exercício;Titular;129.4;1069164.54;0.5488721804511278;0.4398496240601504;0.011278195488721804;Direitos Humanos e Minorias, Trabalho e Emprego e Saúde;Alta produtividade e alto custo;277
160600;Arthur Oliveira Maia;BA;UNIÃO;57;Exercício;Titular;80.0;938153.94;0.33507853403141363;0.6649214659685864;0.0;Processo Legislativo e Atuação Parlamentar, Finanças Públicas e Orçamento e Administração Pública;Baixa produtividade e alto custo;277
220714;Adail Filho;AM;REPUBLICANOS;57;Exercício;Titular;149.0;1203752.31;0.6332179930795848;0.3633217993079585;0.0034602076124567475;Energia, Recursos Hídricos e Minerais, Saúde e Administração Pública;Alta produtividade e alto custo;277
220583;Delegado Fabio Costa;AL;PP;57;Exercício;Titular;136.8;1100798.32;0.6439393939393939;0.3446969696969697;0.011363636363636364;Defesa e Segurança, Direitos Humanos e Minorias e Administração Pública;Alta produtividade e alto custo;278
220651;Simone Marquetto;SP;MDB;57;Exercício;Titular;71.60000000000001;926198.78;0.6641221374045801;0.3053435114503817;0.030534351145038167;Direitos Humanos e Minorias, Saúde e Educação;Baixa produtividade e alto custo;279
220591;Meire Serafim;AC;UNIÃO;57;Exercício;Titular;148.6;1220912.53;0.6128048780487805;0.3871951219512195;0.0;Administração Pública, Direitos Humanos e Minorias e Saúde;Alta produtividade e alto custo;279
204364;Eli Borges;TO;PL;57;Exercício;Titular;58.1;904966.05;0.6946564885496184;0.3053435114503817;0.0;Processo Legislativo e Atuação Parlamentar, Direitos Humanos e Minorias e Administração Pública;Baixa produtividade e alto custo;280
178997;Moses Rodrigues;CE;UNIÃO;57;Exercício;Titular;113.4;1019020.52;0.47808764940239046;0.5179282868525896;0.00398406374501992;Finanças Públicas e Orçamento, Processo Legislativo e Atuação Parlamentar e Administração Pública;Alta produtividade e alto custo;281
220693;Roberta Roma;BA;PL;57;Exercício;Titular;96.0;976902.02;0.7412935323383084;0.24875621890547264;0.009950248756218905;Direitos Humanos e Minorias, Processo Legislativo e Atuação Parlamentar e Defesa e Segurança;Baixa produtividade e alto custo;282
162067;Kiko Celeguim;SP;PT;57;Exercício;Titular;89.2;970255.72;0.5953488372093023;0.4;0.004651162790697674;Finanças Públicas e Orçamento, Processo Legislativo e Atuação Parlamentar e Administração Pública;Baixa produtividade e alto custo;283
204498;Olival Marques;PA;MDB;57;Exercício;Titular;24.2;843863.49;0.6666666666666666;0.3111111111111111;0.022222222222222223;Direitos Humanos e Minorias, Trabalho e Emprego e Previdência e Assistência Social;Baixa produtividade e baixo custo;284
204408;Gustinho Ribeiro;SE;REPUBLICANOS;57;Exercício;Titular;35.800000000000004;864843.06;0.5569620253164557;0.4430379746835443;0.0;Processo Legislativo e Atuação Parlamentar, Finanças Públicas e Orçamento e Administração Pública;Baixa produtividade e baixo custo;284
204492;Paulo Guedes;MG;PT;57;Exercício;Titular;76.0;938762.97;0.3842364532019704;0.6157635467980296;0.0;Finanças Públicas e Orçamento, Defesa e Segurança e Trabalho e Emprego;Baixa produtividade e alto custo;284
180214;Pastor Diniz;RR;UNIÃO;57;Exercício;Titular;117.10000000000001;1046005.27;0.5875912408759124;0.4124087591240876;0.0;Direitos Humanos e Minorias, Processo Legislativo e Atuação Parlamentar e Finanças Públicas e Orçamento;Alta produtividade e alto custo;285
204426;Carlos Veras;PE;PT;57;Exercício;Titular;118.2;1050546.38;0.5773195876288659;0.41580756013745707;0.006872852233676976;Finanças Públicas e Orçamento, Administração Pública e Trabalho e Emprego;Alta produtividade e alto custo;286
160635;Ruy Carneiro;PB;PODE;57;Exercício;Titular;94.8;978046.68;0.5816326530612245;0.40816326530612246;0.01020408163265306;Saúde, Administração Pública e Trabalho e Emprego;Baixa produtividade e alto custo;287
204567;Raimundo Costa;BA;PODE;57;Exercício;Titular;86.60000000000001;970288.2;0.485;0.51;0.005;Direitos Humanos e Minorias, Finanças Públicas e Orçamento e Trabalho e Emprego;Baixa produtividade e alto custo;288
204453;Natália Bonavides;RN;PT;57;Exercício;Titular;71.2;933701.5;0.6415094339622641;0.3522012578616352;0.006289308176100629;Direitos Humanos e Minorias, Trabalho e Emprego e Finanças Públicas e Orçamento;Baixa produtividade e alto custo;289
220580;Professora Goreth;AP;PDT;57;Exercício;Titular;131.4;1118690.5;0.511864406779661;0.47796610169491527;0.010169491525423728;Educação, Direitos Humanos e Minorias e Finanças Públicas e Orçamento;Alta produtividade e alto custo;290
220545;Filipe Martins;TO;PL;57;Exercício;Titular;116.3;1052114.6;0.6487603305785123;0.34710743801652894;0.004132231404958678;Direitos Humanos e Minorias, Administração Pública e Defesa e Segurança;Alta produtividade e alto custo;290
141421;Eduardo da Fonte;PE;PP;57;Exercício;Titular;102.0;998624.55;0.545;0.455;0.0;Saúde, Direitos Humanos e Minorias e Administração Pública;Baixa produtividade e alto custo;291
92699;Fernando Monteiro;PE;REPUBLICANOS;57;Exercício;Titular;27.7;863738.3099999999;0.6304347826086957;0.34782608695652173;0.021739130434782608;Administração Pública, Finanças Públicas e Orçamento e Meio Ambiente e Desenvolvimento Sustentável;Baixa produtividade e baixo custo;292
220675;Antônio Doido;PA;MDB;57;Exercício;Titular;29.200000000000003;867257.82;0.5373134328358209;0.44776119402985076;0.014925373134328358;Finanças Públicas e Orçamento, Direitos Humanos e Minorias e Trabalho e Emprego;Baixa produtividade e baixo custo;292
109429;Benes Leocádio;RN;UNIÃO;57;Exercício;Titular;98.3;993787.74;0.7134146341463414;0.27439024390243905;0.012195121951219513;Direitos Humanos e Minorias, Saúde e Defesa e Segurança;Baixa produtividade e alto custo;293
220578;Josenildo;AP;PDT;57;Exercício;Titular;100.7;997174.54;0.7772511848341233;0.21800947867298578;0.004739336492890996;Direitos Humanos e Minorias, Finanças Públicas e Orçamento e Trabalho e Emprego;Baixa produtividade e alto custo;294
220592;Zezinho Barbary;AC;PP;57;Exercício;Titular;111.2;1042627.72;0.4901185770750988;0.5059288537549407;0.003952569169960474;Finanças Públicas e Orçamento, Trabalho e Emprego e Direitos Humanos e Minorias;Alta produtividade e alto custo;295
204445;Fernando Mineiro;RN;PT;57;Exercício;Titular;64.10000000000001;929854.35;0.6533333333333333;0.3466666666666667;0.0;Finanças Públicas e Orçamento, Administração Pública e Saúde;Baixa produtividade e alto custo;295
107970;Ana Paula Leão;MG;PP;57;Exercício;Titular;77.0;962681.9;0.46153846153846156;0.532967032967033;0.005494505494505495;Direitos Humanos e Minorias, Processo Legislativo e Atuação Parlamentar e Direito Constitucional;Baixa produtividade e alto custo;296
178934;Toninho Wandscheer;PR;PP;57;Exercício;Titular;101.60000000000001;1006818.14;0.5068493150684932;0.4885844748858447;0.0045662100456621;Viação, Transporte e Mobilidade, Finanças Públicas e Orçamento e Trabalho e Emprego;Baixa produtividade e alto custo;297
178963;Covatti Filho;RS;PP;57;Exercício;Titular;119.10000000000001;1090596.35;0.49809885931558934;0.49809885931558934;0.0038022813688212928;Finanças Públicas e Orçamento, Administração Pública e Meio Ambiente e Desenvolvimento Sustentável;Alta produtividade e alto custo;298
220603;Dani Cunha;RJ;UNIÃO;57;Exercício;Titular;56.9;926886.85;0.5818181818181818;0.4;0.01818181818181818;Processo Legislativo e Atuação Parlamentar, Direitos Humanos e Minorias e Saúde;Baixa produtividade e alto custo;299
205865;Reinhold Stephanes;PR;PSD;57;Exercício;Suplente;55.9;929081.26;0.7798165137614679;0.21100917431192662;0.009174311926605505;Defesa e Segurança, Processo Legislativo e Atuação Parlamentar e Administração Pública;Baixa produtividade e alto custo;300
122974;Pedro Lucas Fernandes;MA;UNIÃO;57;Exercício;Titular;111.80000000000001;1069400.79;0.665625;0.334375;0.0;Defesa e Segurança, Direitos Humanos e Minorias e Finanças Públicas e Orçamento;Alta produtividade e alto custo;301
220689;Detinha;MA;PL;57;Exercício;Titular;24.6;880712.17;0.5714285714285714;0.40816326530612246;0.02040816326530612;Direitos Humanos e Minorias, Saúde e Arte, Cultura e Religião;Baixa produtividade e alto custo;301
220703;Neto Carletto;BA;PP;57;Exercício;Titular;102.60000000000001;1035945.52;0.5162790697674419;0.4790697674418605;0.004651162790697674;Direitos Humanos e Minorias, Finanças Públicas e Orçamento e Defesa e Segurança;Baixa produtividade e alto custo;302
178858;Mário Negromonte Jr.;BA;PP;57;Exercício;Titular;40.0;908106.96;0.4090909090909091;0.5909090909090909;0.0;Finanças Públicas e Orçamento, Processo Legislativo e Atuação Parlamentar e Direitos Humanos e Minorias;Baixa produtividade e alto custo;303
204396;Vermelho;PR;PL;57;Exercício;Titular;95.10000000000001;1004331.54;0.5862068965517241;0.4039408866995074;0.009852216748768473;Defesa e Segurança, Direitos Humanos e Minorias e Finanças Públicas e Orçamento;Baixa produtividade e alto custo;304
204409;Daniel Trzeciak;RS;PSDB;57;Exercício;Titular;70.3;964350.1;0.6764705882352942;0.3088235294117647;0.014705882352941176;Finanças Públicas e Orçamento, Processo Legislativo e Atuação Parlamentar e Administração Pública;Baixa produtividade e alto custo;305
204508;Igor Timo;MG;PSD;57;Exercício;Titular;17.4;886686.89;0.6052631578947368;0.3684210526315789;0.02631578947368421;Processo Legislativo e Atuação Parlamentar, Defesa e Segurança e Previdência e Assistência Social;Baixa produtividade e alto custo;306
74060;Daniel Almeida;BA;PCdoB;57;Exercício;Titular;104.80000000000001;1064991.52;0.5811965811965812;0.4188034188034188;0.0;Finanças Públicas e Orçamento, Trabalho e Emprego e Direitos Humanos e Minorias;Baixa produtividade e alto custo;307
74383;Giacobo;PR;PL;57;Exercício;Titular;75.9;980645.24;0.391812865497076;0.6023391812865497;0.005847953216374269;Direitos Humanos e Minorias, Finanças Públicas e Orçamento e Defesa e Segurança;Baixa produtividade e alto custo;308
220677;Keniston Braga;PA;MDB;57;Exercício;Titular;20.400000000000002;894346.69;0.5581395348837209;0.4418604651162791;0.0;Administração Pública, Finanças Públicas e Orçamento e Energia, Recursos Hídricos e Minerais;Baixa produtividade e alto custo;309
204423;André Ferreira;PE;PL;57;Exercício;Titular;114.80000000000001;1161269.1;0.5111940298507462;0.48134328358208955;0.007462686567164179;Processo Legislativo e Atuação Parlamentar, Defesa e Segurança e Direitos Humanos e Minorias;Alta produtividade e alto custo;310
204515;André Janones;MG;AVANTE;57;Exercício;Titular;35.800000000000004;917737.08;0.5571428571428572;0.42857142857142855;0.014285714285714285;Trabalho e Emprego, Saúde e Direitos Humanos e Minorias;Baixa produtividade e alto custo;310
204563;Josimar Maranhãozinho;MA;PL;57;Exercício;Titular;13.200000000000001;890267.88;0.5769230769230769;0.4230769230769231;0.0;Saúde, Direitos Humanos e Minorias e Administração Pública;Baixa produtividade e alto custo;311
141485;Luiz Carlos Busato;RS;UNIÃO;57;Exercício;Titular;68.0;976052.24;0.5225806451612903;0.47096774193548385;0.0064516129032258064;Processo Legislativo e Atuação Parlamentar, Finanças Públicas e Orçamento e Administração Pública;Baixa produtividade e alto custo;312
220622;Nely Aquino;MG;PODE;57;Exercício;Titular;71.2;977559.25;0.7058823529411765;0.25210084033613445;0.04201680672268908;Direitos Humanos e Minorias, Finanças Públicas e Orçamento e Saúde;Baixa produtividade e alto custo;312
92102;Leur Lomanto Júnior;BA;UNIÃO;57;Exercício;Titular;44.800000000000004;931243.4400000001;0.49473684210526314;0.5052631578947369;0.0;Processo Legislativo e Atuação Parlamentar, Defesa e Segurança e Finanças Públicas e Orçamento;Baixa produtividade e alto custo;312
160538;Bohn Gass;RS;PT;57;Exercício;Titular;92.4;1029089.93;0.6981981981981982;0.2927927927927928;0.009009009009009009;Finanças Públicas e Orçamento, Agricultura, Pecuária, Pesca e Extrativismo e Economia;Baixa produtividade e alto custo;313
220658;Luiz Gastão;CE;PSD;57;Exercício;Titular;86.4;1007658.64;0.6388888888888888;0.35;0.011111111111111112;Finanças Públicas e Orçamento, Processo Legislativo e Atuação Parlamentar e Direitos Humanos e Minorias;Baixa produtividade e alto custo;313
92776;Stefano Aguiar;MG;PSD;57;Exercício;Titular;41.300000000000004;928134.51;0.6;0.38823529411764707;0.011764705882352941;Direitos Humanos e Minorias, Finanças Públicas e Orçamento e Defesa e Segurança;Baixa produtividade e alto custo;314
220626;Rafael Simoes;MG;UNIÃO;57;Exercício;Titular;80.4;997097.28;0.5;0.5;0.0;Processo Legislativo e Atuação Parlamentar, Finanças Públicas e Orçamento e Saúde;Baixa produtividade e alto custo;315
141398;Carlos Zarattini;SP;PT;57;Exercício;Titular;79.3;997678.82;0.5434782608695652;0.45108695652173914;0.005434782608695652;Finanças Públicas e Orçamento, Indústria, Comércio e Serviços e Processo Legislativo e Atuação Parlamentar;Baixa produtividade e alto custo;316
222429;Luis Carlos Gomes;RJ;REPUBLICANOS;57;Exercício;Suplente;35.7;926192.32;0.48484848484848486;0.5050505050505051;0.010101010101010102;Processo Legislativo e Atuação Parlamentar, Política, Partidos e Eleições e Finanças Públicas e Orçamento;Baixa produtividade e alto custo;316
141456;Jilmar Tatto;SP;PT;57;Exercício;Titular;75.8;992912.18;0.6927374301675978;0.30726256983240224;0.0;Administração Pública, Viação, Transporte e Mobilidade e Trabalho e Emprego;Baixa produtividade e alto custo;317
204356;Amaro Neto;ES;REPUBLICANOS;57;Exercício;Titular;66.5;976575.61;0.5568862275449101;0.4311377245508982;0.011976047904191617;Processo Legislativo e Atuação Parlamentar, Direitos Humanos e Minorias e Finanças Públicas e Orçamento;Baixa produtividade e alto custo;318
204557;Sidney Leite;AM;PSD;57;Exercício;Titular;85.9;1016887.25;0.6073298429319371;0.3769633507853403;0.015706806282722512;Administração Pública, Viação, Transporte e Mobilidade e Finanças Públicas e Orçamento;Baixa produtividade e alto custo;318
220536;Zé Haroldo Cathedral;RR;PSD;57;Exercício;Titular;111.5;1238244.06;0.56640625;0.421875;0.01171875;Direitos Humanos e Minorias, Saúde e Defesa e Segurança;Alta produtividade e alto custo;319
220551;Franciane Bayer;RS;REPUBLICANOS;57;Exercício;Titular;96.5;1063271.42;0.73;0.255;0.015;Direitos Humanos e Minorias, Defesa e Segurança e Administração Pública;Baixa produtividade e alto custo;320
178908;Delegado Éder Mauro;PA;PL;57;Exercício;Titular;98.2;1076744.57;0.6139534883720931;0.3767441860465116;0.009302325581395349;Administração Pública, Processo Legislativo e Atuação Parlamentar e Defesa e Segurança;Baixa produtividade e alto custo;321
220561;Delegada Katarina;SE;PSD;57;Exercício;Titular;75.2;996178.24;0.63125;0.3625;0.00625;Direitos Humanos e Minorias, Saúde e Finanças Públicas e Orçamento;Baixa produtividade e alto custo;321
74317;Júlio Cesar;PI;PSD;57;Exercício;Titular;77.0;999984.2;0.4819277108433735;0.5120481927710844;0.006024096385542169;Finanças Públicas e Orçamento, Direitos Humanos e Minorias e Trabalho e Emprego;Baixa produtividade e alto custo;321
205550;Jorge Braz;RJ;REPUBLICANOS;57;Exercício;Titular;34.6;930249.16;0.5168539325842697;0.47191011235955055;0.011235955056179775;Finanças Públicas e Orçamento, Processo Legislativo e Atuação Parlamentar e Direito Penal e Processual Penal;Baixa produtividade e alto custo;322
220696;Ivoneide Caetano;BA;PT;57;Exercício;Titular;50.800000000000004;961488.93;0.6272727272727273;0.36363636363636365;0.00909090909090909;Direitos Humanos e Minorias, Finanças Públicas e Orçamento e Trabalho e Emprego;Baixa produtividade e alto custo;322
74141;Josias Gomes;BA;PT;57;Exercício;Suplente;37.300000000000004;933646.78;0.6767676767676768;0.32323232323232326;0.0;Finanças Públicas e Orçamento, Processo Legislativo e Atuação Parlamentar e Viação, Transporte e Mobilidade;Baixa produtividade e alto custo;323
204506;Marcos Pereira;SP;REPUBLICANOS;57;Exercício;Titular;28.400000000000002;926323.25;0.5342465753424658;0.4657534246575342;0.0;Direito e Defesa do Consumidor, Processo Legislativo e Atuação Parlamentar e Direito Constitucional;Baixa produtividade e alto custo;323
204391;José Nelto;GO;UNIÃO;57;Exercício;Titular;66.7;985694.67;0.7614678899082569;0.23853211009174313;0.0;Saúde, Direitos Humanos e Minorias e Processo Legislativo e Atuação Parlamentar;Baixa produtividade e alto custo;324
91228;Waldemar Oliveira;PE;AVANTE;57;Exercício;Titular;81.60000000000001;1026643.5;0.7865853658536586;0.18902439024390244;0.024390243902439025;Finanças Públicas e Orçamento, Processo Legislativo e Atuação Parlamentar e Administração Pública;Baixa produtividade e alto custo;324
220685;Paulo Litro;PR;PSD;57;Exercício;Titular;67.10000000000001;986675.7;0.6640625;0.328125;0.0078125;Direitos Humanos e Minorias, Processo Legislativo e Atuação Parlamentar e Meio Ambiente e Desenvolvimento Sustentável;Baixa produtividade e alto custo;325
209189;Joseildo Ramos;BA;PT;57;Exercício;Titular;82.0;1037386.82;0.5458937198067633;0.45410628019323673;0.0;Finanças Públicas e Orçamento, Processo Legislativo e Atuação Parlamentar e Trabalho e Emprego;Baixa produtividade e alto custo;326
74043;Wellington Roberto;PB;PL;57;Exercício;Titular;65.9;990720.23;0.4966887417218543;0.4900662251655629;0.013245033112582781;Finanças Públicas e Orçamento, Administração Pública e Processo Legislativo e Atuação Parlamentar;Baixa produtividade e alto custo;327
166402;Magda Mofatto;GO;PRD;57;Exercício;Titular;44.7;963149.12;0.6407766990291263;0.34951456310679613;0.009708737864077669;Processo Legislativo e Atuação Parlamentar, Direitos Humanos e Minorias e Defesa e Segurança;Baixa produtividade e alto custo;328
204419;Glaustin da Fokus;GO;PODE;57;Exercício;Titular;51.6;976417.15;0.6055045871559633;0.3944954128440367;0.0;Direitos Humanos e Minorias, Saúde e Previdência e Assistência Social;Baixa produtividade e alto custo;329
220664;Guilherme Uchoa;PE;PSB;57;Exercício;Titular;44.300000000000004;966292.62;0.5196078431372549;0.4411764705882353;0.0392156862745098;Administração Pública, Processo Legislativo e Atuação Parlamentar e Finanças Públicas e Orçamento;Baixa produtividade e alto custo;330
178933;Sergio Souza;PR;MDB;57;Exercício;Titular;49.6;976169.87;0.73;0.26;0.01;Agricultura, Pecuária, Pesca e Extrativismo, Estrutura Fundiária e Direitos Humanos e Minorias;Baixa produtividade e alto custo;331
220694;Ricardo Maia;BA;MDB;57;Exercício;Titular;35.800000000000004;955956.87;0.5571428571428572;0.44285714285714284;0.0;Finanças Públicas e Orçamento, Processo Legislativo e Atuação Parlamentar e Trabalho e Emprego;Baixa produtividade e alto custo;332
220584;Murilo Galdino;PB;REPUBLICANOS;57;Exercício;Titular;80.8;1052477.25;0.7272727272727273;0.2662337662337662;0.006493506493506494;Direitos Humanos e Minorias, Indústria, Comércio e Serviços e Direito e Defesa do Consumidor;Baixa produtividade e alto custo;333
220575;Sonize Barbosa;AP;PL;57;Exercício;Titular;93.0;1113750.61;0.4830917874396135;0.5120772946859904;0.004830917874396135;Direitos Humanos e Minorias, Finanças Públicas e Orçamento e Administração Pública;Baixa produtividade e alto custo;334
204390;Professor Alcides;GO;PL;57;Exercício;Titular;76.5;1038650.37;0.5988023952095808;0.40119760479041916;0.0;Processo Legislativo e Atuação Parlamentar, Direitos Humanos e Minorias e Administração Pública;Baixa produtividade e alto custo;335
220581;Luciano Amaral;AL;PV;57;Exercício;Titular;87.2;1086351.25;0.8655913978494624;0.11827956989247312;0.016129032258064516;Finanças Públicas e Orçamento, Educação e Direitos Humanos e Minorias;Baixa produtividade e alto custo;336
220570;Dr. Ismael Alexandrino;GO;PSD;57;Exercício;Titular;65.2;1007178.4;0.6171875;0.3671875;0.015625;Finanças Públicas e Orçamento, Direitos Humanos e Minorias e Administração Pública;Baixa produtividade e alto custo;337
188097;Merlong Solano;PI;PT;57;Exercício;Efetivado;85.8;1090607.3;0.6195121951219512;0.375609756097561;0.004878048780487805;Direitos Humanos e Minorias, Finanças Públicas e Orçamento e Processo Legislativo e Atuação Parlamentar;Baixa produtividade e alto custo;338
74550;João Leão;BA;PP;57;Exercício;Titular;44.800000000000004;978401.08;0.39;0.61;0.0;Defesa e Segurança, Trabalho e Emprego e Meio Ambiente e Desenvolvimento Sustentável;Baixa produtividade e alto custo;339
220688;Dr. Francisco;PI;PT;57;Exercício;Titular;82.0;1113185.82;0.5340909090909091;0.4602272727272727;0.005681818181818182;Finanças Públicas e Orçamento, Saúde e Trabalho e Emprego;Baixa produtividade e alto custo;340
141411;Dagoberto Nogueira;MS;PSDB;57;Exercício;Titular;78.2;1085094.36;0.632258064516129;0.36129032258064514;0.0064516129032258064;Administração Pública, Direitos Humanos e Minorias e Finanças Públicas e Orçamento;Baixa produtividade e alto custo;341
141480;Lázaro Botelho;TO;PP;57;Exercício;Titular;52.1;1012231.1;0.6039603960396039;0.38613861386138615;0.009900990099009901;Defesa e Segurança, Finanças Públicas e Orçamento e Trabalho e Emprego;Baixa produtividade e alto custo;342
178895;Misael Varella;MG;PSD;57;Exercício;Titular;51.2;1014562.61;0.5046728971962616;0.48598130841121495;0.009345794392523364;Finanças Públicas e Orçamento, Administração Pública e Direito e Justiça;Baixa produtividade e alto custo;343
123086;Átila Lira;PI;PP;57;Exercício;Titular;40.9;993181.19;0.569620253164557;0.4177215189873418;0.012658227848101266;Finanças Públicas e Orçamento, Processo Legislativo e Atuação Parlamentar e Direitos Humanos e Minorias;Baixa produtividade e alto custo;344
66385;Julio Arcoverde;PI;PP;57;Exercício;Titular;44.4;1000065.47;0.5888888888888889;0.4;0.011111111111111112;Direitos Humanos e Minorias, Saúde e Administração Pública;Baixa produtividade e alto custo;345
74371;Rubens Otoni;GO;PT;57;Exercício;Titular;65.8;1076638.22;0.525974025974026;0.4675324675324675;0.006493506493506494;Finanças Públicas e Orçamento, Direitos Humanos e Minorias e Administração Pública;Baixa produtividade e alto custo;346
178860;Paulo Azi;BA;UNIÃO;57;Exercício;Titular;28.400000000000002;986439.55;0.6964285714285714;0.30357142857142855;0.0;Processo Legislativo e Atuação Parlamentar, Trabalho e Emprego e Defesa e Segurança;Baixa produtividade e alto custo;347
205476;Charles Fernandes;BA;PSD;57;Exercício;Suplente;54.4;1047266.58;0.5523809523809524;0.4380952380952381;0.009523809523809525;Direitos Humanos e Minorias, Finanças Públicas e Orçamento e Defesa e Segurança;Baixa produtividade e alto custo;348
220671;Dilvanda Faro;PA;PT;57;Exercício;Titular;52.800000000000004;1046416.38;0.8166666666666667;0.16666666666666666;0.016666666666666666;Direitos Humanos e Minorias, Finanças Públicas e Orçamento e Defesa e Segurança;Baixa produtividade e alto custo;349
220692;Dal Barreto;BA;UNIÃO;57;Exercício;Titular;51.0;1036834.63;0.33043478260869563;0.6695652173913044;0.0;Finanças Públicas e Orçamento, Indústria, Comércio e Serviços e Trabalho e Emprego;Baixa produtividade e alto custo;349
191923;Flávio Nogueira;PI;PT;57;Exercício;Titular;74.3;1172946.12;0.573170731707317;0.4146341463414634;0.012195121951219513;Direitos Humanos e Minorias, Saúde e Finanças Públicas e Orçamento;Baixa produtividade e alto custo;350
220600;Lebrão;RO;UNIÃO;57;Exercício;Titular;73.0;1180297.06;0.6535947712418301;0.33986928104575165;0.006535947712418301;Saúde, Trabalho e Emprego e Administração Pública;Baixa produtividade e alto custo;351
204358;Beto Pereira;MS;PSDB;57;Exercício;Titular;61.300000000000004;1101668.77;0.5615384615384615;0.43846153846153846;0.0;Administração Pública, Direitos Humanos e Minorias e Processo Legislativo e Atuação Parlamentar;Baixa produtividade e alto custo;352
220537;Helena Lima;RR;MDB;57;Exercício;Titular;65.10000000000001;1142076.1199999999;0.676923076923077;0.3230769230769231;0.0;Finanças Públicas e Orçamento, Administração Pública e Processo Legislativo e Atuação Parlamentar;Baixa produtividade e alto custo;353
73768;Dilceu Sperafico;PR;PP;57;Exercício;Titular;48.0;1065720.18;0.6666666666666666;0.32222222222222224;0.011111111111111112;Finanças Públicas e Orçamento, Direitos Humanos e Minorias e Processo Legislativo e Atuação Parlamentar;Baixa produtividade e alto custo;354
224117;Gabriel Mota;RR;REPUBLICANOS;57;Exercício;Efetivado;62.300000000000004;1266980.69;0.6240601503759399;0.37593984962406013;0.0;Administração Pública, Direitos Humanos e Minorias e Finanças Públicas e Orçamento;Baixa produtividade e alto custo;355
220582;Daniel Barbosa;AL;PP;57;Exercício;Titular;30.8;1052959.38;0.559322033898305;0.4406779661016949;0.0;Direitos Humanos e Minorias, Trabalho e Emprego e Defesa e Segurança;Baixa produtividade e alto custo;356
220708;Gabriel Nunes;BA;PSD;57;Exercício;Titular;32.8;1117375.42;0.6111111111111112;0.37037037037037035;0.018518518518518517;Finanças Públicas e Orçamento, Direitos Humanos e Minorias e Política, Partidos e Eleições;Baixa produtividade e alto custo;357
220544;Antonio Andrade;TO;REPUBLICANOS;57;Exercício;Titular;28.7;1145510.95;0.6129032258064516;0.3709677419354839;0.016129032258064516;Processo Legislativo e Atuação Parlamentar, Direito Constitucional e Defesa e Segurança;Baixa produtividade e alto custo;358
204431;Marcos Aurélio Sampaio;PI;PSD;57;Exercício;Titular;10.6;1097279.4;0.47368421052631576;0.47368421052631576;0.05263157894736842;Administração Pública, Finanças Públicas e Orçamento e Direitos Humanos e Minorias;Baixa produtividade e alto custo;359
160591;Vinicius Gurgel;AP;PL;57;Exercício;Titular;15.3;1112881.85;0.5;0.5;0.0;Direitos Humanos e Minorias, Saúde e Administração Pública;Baixa produtividade e alto custo;360
141459;João Maia;RN;PP;57;Exercício;Titular;25.400000000000002;1173200.68;0.5;0.4807692307692308;0.019230769230769232;Direitos Humanos e Minorias, Finanças Públicas e Orçamento e Defesa e Segurança;Baixa produtividade e alto custo;361
74454;Eunício Oliveira;CE;MDB;57;Exercício;Titular;30.6;1301253.26;0.5238095238095238;0.4603174603174603;0.015873015873015872;Finanças Públicas e Orçamento, Direitos Humanos e Minorias e Trabalho e Emprego;Baixa produtividade e alto custo;361
