idProposicao;uriProposicao;idDeputadoAutor;uriAutor;codTipoAutor;tipoAutor;nomeAutor;siglaPartidoAutor;uriPartidoAutor;siglaUFAutor;ordemAssinatura;proponente;ano
2389646;https://dadosabertos.camara.leg.br/api/v2/proposicoes/2389646;178985.0;https://dadosabertos.camara.leg.br/api/v2/deputados/178985;10000;Deputado(a);Miguel Lombardi;PL;https://dadosabertos.camara.leg.br/api/v2/partidos/37906;SP;14.0;0.0;2023
2481769;https://dadosabertos.camara.leg.br/api/v2/proposicoes/2481769;220538.0;https://dadosabertos.camara.leg.br/api/v2/deputados/220538;10000;Deputado(a);Albuquerque;REPUBLIC;;RR;9.0;0.0;2024
2413433;https://dadosabertos.camara.leg.br/api/v2/proposicoes/2413433;204534.0;https://dadosabertos.camara.leg.br/api/v2/deputados/204534;10000;Deputado(a);Tabata Amaral;PSB;https://dadosabertos.camara.leg.br/api/v2/partidos/36832;SP;141.0;1.0;2023
2375905;https://dadosabertos.camara.leg.br/api/v2/proposicoes/2375905;;https://dadosabertos.camara.leg.br/api/v2/orgaos/2003;2;COMISSÃO PERMANENTE;Comissão de Constituição e Justiça e de Cidadania;;;;1.0;1.0;2023
2413208;https://dadosabertos.camara.leg.br/api/v2/proposicoes/2413208;141480.0;https://dadosabertos.camara.leg.br/api/v2/deputados/141480;10000;Deputado(a);Lázaro Botelho;PP;https://dadosabertos.camara.leg.br/api/v2/partidos/37903;TO;1.0;1.0;2023
2380340;https://dadosabertos.camara.leg.br/api/v2/proposicoes/2380340;204566.0;https://dadosabertos.camara.leg.br/api/v2/deputados/204566;10000;Deputado(a);Marreca Filho;PATRIOTA;https://dadosabertos.camara.leg.br/api/v2/partidos/37907;MA;31.0;1.0;2023
2389560;https://dadosabertos.camara.leg.br/api/v2/proposicoes/2389560;220575.0;https://dadosabertos.camara.leg.br/api/v2/deputados/220575;10000;Deputado(a);Sonize Barbosa;PL;https://dadosabertos.camara.leg.br/api/v2/partidos/37906;AP;53.0;0.0;2023
2435133;https://dadosabertos.camara.leg.br/api/v2/proposicoes/2435133;220623.0;https://dadosabertos.camara.leg.br/api/v2/deputados/220623;10000;Deputado(a);Duda Salabert;PDT;https://dadosabertos.camara.leg.br/api/v2/partidos/36786;MG;51.0;0.0;2024
2370256;https://dadosabertos.camara.leg.br/api/v2/proposicoes/2370256;160666.0;https://dadosabertos.camara.leg.br/api/v2/deputados/160666;10000;Deputado(a);Félix Mendonça Júnior;PDT;https://dadosabertos.camara.leg.br/api/v2/partidos/36786;BA;1.0;1.0;2023
2412857;https://dadosabertos.camara.leg.br/api/v2/proposicoes/2412857;204573.0;https://dadosabertos.camara.leg.br/api/v2/deputados/204573;10000;Deputado(a);Otto Alencar Filho;PSD;https://dadosabertos.camara.leg.br/api/v2/partidos/36834;BA;1.0;1.0;2023
2386205;https://dadosabertos.camara.leg.br/api/v2/proposicoes/2386205;;https://dadosabertos.camara.leg.br/api/v2/orgaos/537480;2;COMISSÃO PERMANENTE;Comissão de Defesa dos Direitos das Pessoas com Deficiência;;;;1.0;1.0;2023
2463609;https://dadosabertos.camara.leg.br/api/v2/proposicoes/2463609;74084.0;https://dadosabertos.camara.leg.br/api/v2/deputados/74084;10000;Deputado(a);Raimundo Santos;PSD;https://dadosabertos.camara.leg.br/api/v2/partidos/36834;PA;1.0;1.0;2024
2406228;https://dadosabertos.camara.leg.br/api/v2/proposicoes/2406228;220538.0;https://dadosabertos.camara.leg.br/api/v2/deputados/220538;10000;Deputado(a);Albuquerque;REPUBLIC;;RR;1.0;1.0;2023
2390481;https://dadosabertos.camara.leg.br/api/v2/proposicoes/2390481;178929.0;https://dadosabertos.camara.leg.br/api/v2/deputados/178929;10000;Deputado(a);Diego Garcia;REPUBLIC;;PR;1.0;1.0;2023
2457592;https://dadosabertos.camara.leg.br/api/v2/proposicoes/2457592;;https://dadosabertos.camara.leg.br/api/v2/orgaos/102608;80000;Liderança;Liderança da Federação PT-PCdoB-PV;PT;https://dadosabertos.camara.leg.br/api/v2/partidos/36844;MG;1.0;1.0;2024
2430491;https://dadosabertos.camara.leg.br/api/v2/proposicoes/2430491;220647.0;https://dadosabertos.camara.leg.br/api/v2/deputados/220647;10000;Deputado(a);Mauricio Neves;PP;https://dadosabertos.camara.leg.br/api/v2/partidos/37903;SP;1.0;1.0;2024
2397101;https://dadosabertos.camara.leg.br/api/v2/proposicoes/2397101;178933.0;https://dadosabertos.camara.leg.br/api/v2/deputados/178933;10000;Deputado(a);Sergio Souza;MDB;https://dadosabertos.camara.leg.br/api/v2/partidos/36899;PR;14.0;1.0;2023
2372232;https://dadosabertos.camara.leg.br/api/v2/proposicoes/2372232;178963.0;https://dadosabertos.camara.leg.br/api/v2/deputados/178963;10000;Deputado(a);Covatti Filho;PP;https://dadosabertos.camara.leg.br/api/v2/partidos/37903;RS;137.0;0.0;2023
2482843;https://dadosabertos.camara.leg.br/api/v2/proposicoes/2482843;178908.0;https://dadosabertos.camara.leg.br/api/v2/deputados/178908;10000;Deputado(a);Delegado Éder Mauro;PL;https://dadosabertos.camara.leg.br/api/v2/partidos/37906;PA;31.0;0.0;2025
2483257;https://dadosabertos.camara.leg.br/api/v2/proposicoes/2483257;121948.0;https://dadosabertos.camara.leg.br/api/v2/deputados/121948;10000;Deputado(a);Adriano do Baldy;PP;https://dadosabertos.camara.leg.br/api/v2/partidos/37903;GO;41.0;0.0;2025
2483638;https://dadosabertos.camara.leg.br/api/v2/proposicoes/2483638;;https://dadosabertos.camara.leg.br/api/v2/orgaos/253;30000;Órgão do Poder Executivo;Poder Executivo;;;;1.0;1.0;2025
2371317;https://dadosabertos.camara.leg.br/api/v2/proposicoes/2371317;;https://dadosabertos.camara.leg.br/api/v2/orgaos/539430;4;COMISSÃO PARLAMENTAR DE INQUÉRITO;Comissão Parlamentar de Inquérito destinada a investigar a atuação do grupo Movimento dos Trabalhadores Sem Terra (MST), do seu real propósito, assim como dos seus financiadores;;;;1.0;1.0;2023
2364442;https://dadosabertos.camara.leg.br/api/v2/proposicoes/2364442;220571.0;https://dadosabertos.camara.leg.br/api/v2/deputados/220571;10000;Deputado(a);Daniel Agrobom;PL;https://dadosabertos.camara.leg.br/api/v2/partidos/37906;GO;173.0;0.0;2023
2435479;https://dadosabertos.camara.leg.br/api/v2/proposicoes/2435479;220673.0;https://dadosabertos.camara.leg.br/api/v2/deputados/220673;10000;Deputado(a);Delegado Caveira;PL;https://dadosabertos.camara.leg.br/api/v2/partidos/37906;PA;1.0;1.0;2024
2454928;https://dadosabertos.camara.leg.br/api/v2/proposicoes/2454928;74084.0;https://dadosabertos.camara.leg.br/api/v2/deputados/74084;10000;Deputado(a);Raimundo Santos;PSD;https://dadosabertos.camara.leg.br/api/v2/partidos/36834;PA;1.0;1.0;2024
2477102;https://dadosabertos.camara.leg.br/api/v2/proposicoes/2477102;;https://dadosabertos.camara.leg.br/api/v2/orgaos/539385;2;COMISSÃO PERMANENTE;Comissão de Comunicação;;;;1.0;1.0;2024
2384468;https://dadosabertos.camara.leg.br/api/v2/proposicoes/2384468;220627.0;https://dadosabertos.camara.leg.br/api/v2/deputados/220627;10000;Deputado(a);Paulinho Freire;UNIÃO;https://dadosabertos.camara.leg.br/api/v2/partidos/38009;RN;11.0;0.0;2023
2442308;https://dadosabertos.camara.leg.br/api/v2/proposicoes/2442308;220529.0;https://dadosabertos.camara.leg.br/api/v2/deputados/220529;10000;Deputado(a);Gilson Daniel;PODE;https://dadosabertos.camara.leg.br/api/v2/partidos/36896;ES;1.0;1.0;2024
2472215;https://dadosabertos.camara.leg.br/api/v2/proposicoes/2472215;204528.0;https://dadosabertos.camara.leg.br/api/v2/deputados/204528;10000;Deputado(a);Adriana Ventura;NOVO;https://dadosabertos.camara.leg.br/api/v2/partidos/37901;SP;1.0;1.0;2024
2481816;https://dadosabertos.camara.leg.br/api/v2/proposicoes/2481816;204506.0;https://dadosabertos.camara.leg.br/api/v2/deputados/204506;10000;Deputado(a);Marcos Pereira;REPUBLIC;;SP;1.0;1.0;2024
2366330;https://dadosabertos.camara.leg.br/api/v2/proposicoes/2366330;74253.0;https://dadosabertos.camara.leg.br/api/v2/deputados/74253;10000;Deputado(a);Julio Lopes;PP;https://dadosabertos.camara.leg.br/api/v2/partidos/37903;RJ;149.0;0.0;2023
2362257;https://dadosabertos.camara.leg.br/api/v2/proposicoes/2362257;;https://dadosabertos.camara.leg.br/api/v2/orgaos/2003;2;COMISSÃO PERMANENTE;Comissão de Constituição e Justiça e de Cidadania;;;;1.0;1.0;2023
2371651;https://dadosabertos.camara.leg.br/api/v2/proposicoes/2371651;178937.0;https://dadosabertos.camara.leg.br/api/v2/deputados/178937;10000;Deputado(a);Altineu Côrtes;PL;https://dadosabertos.camara.leg.br/api/v2/partidos/37906;RJ;3.0;0.0;2023
2437199;https://dadosabertos.camara.leg.br/api/v2/proposicoes/2437199;74383.0;https://dadosabertos.camara.leg.br/api/v2/deputados/74383;10000;Deputado(a);Giacobo;PL;https://dadosabertos.camara.leg.br/api/v2/partidos/37906;PR;28.0;1.0;2024
2370465;https://dadosabertos.camara.leg.br/api/v2/proposicoes/2370465;220598.0;https://dadosabertos.camara.leg.br/api/v2/deputados/220598;10000;Deputado(a);Tarcísio Motta;PSOL;https://dadosabertos.camara.leg.br/api/v2/partidos/36839;RJ;2.0;1.0;2023
2448411;https://dadosabertos.camara.leg.br/api/v2/proposicoes/2448411;204394.0;https://dadosabertos.camara.leg.br/api/v2/deputados/204394;10000;Deputado(a);Gervásio Maia;PSB;https://dadosabertos.camara.leg.br/api/v2/partidos/36832;PB;1.0;1.0;2024
2445722;https://dadosabertos.camara.leg.br/api/v2/proposicoes/2445722;204506.0;https://dadosabertos.camara.leg.br/api/v2/deputados/204506;10000;Deputado(a);Marcos Pereira;REPUBLIC;;SP;1.0;1.0;2024
2448732;https://dadosabertos.camara.leg.br/api/v2/proposicoes/2448732;92776.0;https://dadosabertos.camara.leg.br/api/v2/deputados/92776;10000;Deputado(a);Stefano Aguiar;PSD;https://dadosabertos.camara.leg.br/api/v2/partidos/36834;MG;129.0;0.0;2024
2372888;https://dadosabertos.camara.leg.br/api/v2/proposicoes/2372888;220580.0;https://dadosabertos.camara.leg.br/api/v2/deputados/220580;10000;Deputado(a);Professora Goreth;PDT;https://dadosabertos.camara.leg.br/api/v2/partidos/36786;AP;101.0;0.0;2023
2361643;https://dadosabertos.camara.leg.br/api/v2/proposicoes/2361643;;https://dadosabertos.camara.leg.br/api/v2/orgaos/111;81001;Plenário Virtual CN;CONGRESSO NACIONAL;;;;1.0;1.0;2023
2405222;https://dadosabertos.camara.leg.br/api/v2/proposicoes/2405222;220547.0;https://dadosabertos.camara.leg.br/api/v2/deputados/220547;10000;Deputado(a);Marcos Pollon;PL;https://dadosabertos.camara.leg.br/api/v2/partidos/37906;MS;1.0;1.0;2023
2481425;https://dadosabertos.camara.leg.br/api/v2/proposicoes/2481425;160512.0;https://dadosabertos.camara.leg.br/api/v2/deputados/160512;10000;Deputado(a);Aureo Ribeiro;SOLIDARI;;RJ;1.0;1.0;2024
2479236;https://dadosabertos.camara.leg.br/api/v2/proposicoes/2479236;220712.0;https://dadosabertos.camara.leg.br/api/v2/deputados/220712;10000;Deputado(a);Fausto Santos Jr.;UNIÃO;https://dadosabertos.camara.leg.br/api/v2/partidos/38009;AM;1.0;1.0;2024
2396047;https://dadosabertos.camara.leg.br/api/v2/proposicoes/2396047;;https://dadosabertos.camara.leg.br/api/v2/orgaos/78;40000;Órgão do Poder Legislativo;Senado Federal;;;;1.0;1.0;2023
2452741;https://dadosabertos.camara.leg.br/api/v2/proposicoes/2452741;;https://dadosabertos.camara.leg.br/api/v2/orgaos/102608;80000;Liderança;Liderança da Federação PT-PCdoB-PV;PT;https://dadosabertos.camara.leg.br/api/v2/partidos/36844;MG;1.0;1.0;2024
2393024;https://dadosabertos.camara.leg.br/api/v2/proposicoes/2393024;204535.0;https://dadosabertos.camara.leg.br/api/v2/deputados/204535;10000;Deputado(a);Sâmia Bomfim;PSOL;https://dadosabertos.camara.leg.br/api/v2/partidos/36839;SP;1.0;1.0;2023
2483231;https://dadosabertos.camara.leg.br/api/v2/proposicoes/2483231;74856.0;https://dadosabertos.camara.leg.br/api/v2/deputados/74856;10000;Deputado(a);Laura Carneiro;PSD;https://dadosabertos.camara.leg.br/api/v2/partidos/36834;RJ;4.0;0.0;2025
2372888;https://dadosabertos.camara.leg.br/api/v2/proposicoes/2372888;161440.0;https://dadosabertos.camara.leg.br/api/v2/deputados/161440;10000;Deputado(a);Pezenti;MDB;https://dadosabertos.camara.leg.br/api/v2/partidos/36899;SC;123.0;0.0;2023
2483226;https://dadosabertos.camara.leg.br/api/v2/proposicoes/2483226;74283.0;https://dadosabertos.camara.leg.br/api/v2/deputados/74283;10000;Deputado(a);Vicentinho;PT;https://dadosabertos.camara.leg.br/api/v2/partidos/36844;SP;14.0;0.0;2025
2374847;https://dadosabertos.camara.leg.br/api/v2/proposicoes/2374847;204464.0;https://dadosabertos.camara.leg.br/api/v2/deputados/204464;10000;Deputado(a);Talíria Petrone;PSOL;https://dadosabertos.camara.leg.br/api/v2/partidos/36839;RJ;11.0;1.0;2023
2484268;https://dadosabertos.camara.leg.br/api/v2/proposicoes/2484268;220552.0;https://dadosabertos.camara.leg.br/api/v2/deputados/220552;10000;Deputado(a);Zucco;PL;https://dadosabertos.camara.leg.br/api/v2/partidos/37906;RS;1.0;1.0;2025
2363037;https://dadosabertos.camara.leg.br/api/v2/proposicoes/2363037;220715.0;https://dadosabertos.camara.leg.br/api/v2/deputados/220715;10000;Deputado(a);Amom Mandel;CIDADANIA;https://dadosabertos.camara.leg.br/api/v2/partidos/37905;AM;4.0;1.0;2023
2483910;https://dadosabertos.camara.leg.br/api/v2/proposicoes/2483910;204422.0;https://dadosabertos.camara.leg.br/api/v2/deputados/204422;10000;Deputado(a);Ossesio Silva;REPUBLIC;;PE;1.0;1.0;2025
2476601;https://dadosabertos.camara.leg.br/api/v2/proposicoes/2476601;73778.0;https://dadosabertos.camara.leg.br/api/v2/deputados/73778;10000;Deputado(a);Luiz Carlos Hauly;PODE;https://dadosabertos.camara.leg.br/api/v2/partidos/36896;PR;1.0;1.0;2024
2405674;https://dadosabertos.camara.leg.br/api/v2/proposicoes/2405674;160569.0;https://dadosabertos.camara.leg.br/api/v2/deputados/160569;10000;Deputado(a);Waldenor Pereira;PT;https://dadosabertos.camara.leg.br/api/v2/partidos/36844;BA;35.0;1.0;2023
2443712;https://dadosabertos.camara.leg.br/api/v2/proposicoes/2443712;220706.0;https://dadosabertos.camara.leg.br/api/v2/deputados/220706;10000;Deputado(a);Padovani;UNIÃO;https://dadosabertos.camara.leg.br/api/v2/partidos/38009;PR;1.0;1.0;2024
2361162;https://dadosabertos.camara.leg.br/api/v2/proposicoes/2361162;74171.0;https://dadosabertos.camara.leg.br/api/v2/deputados/74171;10000;Deputado(a);Chico Alencar;PSOL;https://dadosabertos.camara.leg.br/api/v2/partidos/36839;RJ;2.0;1.0;2023
2386194;https://dadosabertos.camara.leg.br/api/v2/proposicoes/2386194;160640.0;https://dadosabertos.camara.leg.br/api/v2/deputados/160640;10000;Deputado(a);Eros Biondini;PL;https://dadosabertos.camara.leg.br/api/v2/partidos/37906;MG;70.0;0.0;2023
2484652;https://dadosabertos.camara.leg.br/api/v2/proposicoes/2484652;220686.0;https://dadosabertos.camara.leg.br/api/v2/deputados/220686;10000;Deputado(a);Duarte Jr.;PSB;https://dadosabertos.camara.leg.br/api/v2/partidos/36832;MA;2.0;1.0;2025
2414537;https://dadosabertos.camara.leg.br/api/v2/proposicoes/2414537;220648.0;https://dadosabertos.camara.leg.br/api/v2/deputados/220648;10000;Deputado(a);Marangoni;UNIÃO;https://dadosabertos.camara.leg.br/api/v2/partidos/38009;SP;1.0;1.0;2023
2399164;https://dadosabertos.camara.leg.br/api/v2/proposicoes/2399164;;https://dadosabertos.camara.leg.br/api/v2/orgaos/2008;2;COMISSÃO PERMANENTE;Comissão de Desenvolvimento Econômico;;;;1.0;1.0;2023
2466947;https://dadosabertos.camara.leg.br/api/v2/proposicoes/2466947;178937.0;https://dadosabertos.camara.leg.br/api/v2/deputados/178937;10000;Deputado(a);Altineu Côrtes;PL;https://dadosabertos.camara.leg.br/api/v2/partidos/37906;RJ;1.0;1.0;2024
2483164;https://dadosabertos.camara.leg.br/api/v2/proposicoes/2483164;73441.0;https://dadosabertos.camara.leg.br/api/v2/deputados/73441;10000;Deputado(a);Celso Russomanno;REPUBLIC;;SP;107.0;0.0;2025
2367344;https://dadosabertos.camara.leg.br/api/v2/proposicoes/2367344;204572.0;https://dadosabertos.camara.leg.br/api/v2/deputados/204572;10000;Deputado(a);Capitão Alberto Neto;PL;https://dadosabertos.camara.leg.br/api/v2/partidos/37906;AM;1.0;1.0;2023
2473856;https://dadosabertos.camara.leg.br/api/v2/proposicoes/2473856;160548.0;https://dadosabertos.camara.leg.br/api/v2/deputados/160548;10000;Deputado(a);Jonas Donizette;PSB;https://dadosabertos.camara.leg.br/api/v2/partidos/36832;SP;1.0;1.0;2024
2400340;https://dadosabertos.camara.leg.br/api/v2/proposicoes/2400340;220712.0;https://dadosabertos.camara.leg.br/api/v2/deputados/220712;10000;Deputado(a);Fausto Santos Jr.;UNIÃO;https://dadosabertos.camara.leg.br/api/v2/partidos/38009;AM;50.0;0.0;2023
2425136;https://dadosabertos.camara.leg.br/api/v2/proposicoes/2425136;220618.0;https://dadosabertos.camara.leg.br/api/v2/deputados/220618;10000;Deputado(a);Sargento Portugal;PODE;https://dadosabertos.camara.leg.br/api/v2/partidos/36896;RJ;1.0;1.0;2024
2483844;https://dadosabertos.camara.leg.br/api/v2/proposicoes/2483844;74084.0;https://dadosabertos.camara.leg.br/api/v2/deputados/74084;10000;Deputado(a);Raimundo Santos;PSD;https://dadosabertos.camara.leg.br/api/v2/partidos/36834;PA;2.0;0.0;2025
2426817;https://dadosabertos.camara.leg.br/api/v2/proposicoes/2426817;;https://dadosabertos.camara.leg.br/api/v2/orgaos/2016;2;COMISSÃO PERMANENTE;Comissão de Viação e Transportes;;;;1.0;1.0;2024
2371700;https://dadosabertos.camara.leg.br/api/v2/proposicoes/2371700;220605.0;https://dadosabertos.camara.leg.br/api/v2/deputados/220605;10000;Deputado(a);Bandeira de Mello;PSB;https://dadosabertos.camara.leg.br/api/v2/partidos/36832;RJ;42.0;0.0;2023
2413856;https://dadosabertos.camara.leg.br/api/v2/proposicoes/2413856;178937.0;https://dadosabertos.camara.leg.br/api/v2/deputados/178937;10000;Deputado(a);Altineu Côrtes;PL;https://dadosabertos.camara.leg.br/api/v2/partidos/37906;RJ;1.0;1.0;2023
2452607;https://dadosabertos.camara.leg.br/api/v2/proposicoes/2452607;141470.0;https://dadosabertos.camara.leg.br/api/v2/deputados/141470;10000;Deputado(a);José Guimarães;PT;https://dadosabertos.camara.leg.br/api/v2/partidos/36844;CE;1.0;1.0;2024
2402028;https://dadosabertos.camara.leg.br/api/v2/proposicoes/2402028;204504.0;https://dadosabertos.camara.leg.br/api/v2/deputados/204504;10000;Deputado(a);Cezinha de Madureira;PSD;https://dadosabertos.camara.leg.br/api/v2/partidos/36834;SP;1.0;1.0;2023
2396582;https://dadosabertos.camara.leg.br/api/v2/proposicoes/2396582;;https://dadosabertos.camara.leg.br/api/v2/orgaos/2003;2;COMISSÃO PERMANENTE;Comissão de Constituição e Justiça e de Cidadania;;;;1.0;1.0;2023
2483488;https://dadosabertos.camara.leg.br/api/v2/proposicoes/2483488;74253.0;https://dadosabertos.camara.leg.br/api/v2/deputados/74253;10000;Deputado(a);Julio Lopes;PP;https://dadosabertos.camara.leg.br/api/v2/partidos/37903;RJ;13.0;0.0;2025
2366505;https://dadosabertos.camara.leg.br/api/v2/proposicoes/2366505;178929.0;https://dadosabertos.camara.leg.br/api/v2/deputados/178929;10000;Deputado(a);Diego Garcia;REPUBLIC;;PR;1.0;1.0;2023
2371498;https://dadosabertos.camara.leg.br/api/v2/proposicoes/2371498;73441.0;https://dadosabertos.camara.leg.br/api/v2/deputados/73441;10000;Deputado(a);Celso Russomanno;REPUBLIC;;SP;81.0;0.0;2023
2370693;https://dadosabertos.camara.leg.br/api/v2/proposicoes/2370693;171617.0;https://dadosabertos.camara.leg.br/api/v2/deputados/171617;10000;Deputado(a);Paulão;PT;https://dadosabertos.camara.leg.br/api/v2/partidos/36844;AL;5.0;1.0;2023
2483194;https://dadosabertos.camara.leg.br/api/v2/proposicoes/2483194;178947.0;https://dadosabertos.camara.leg.br/api/v2/deputados/178947;10000;Deputado(a);Sóstenes Cavalcante;PL;https://dadosabertos.camara.leg.br/api/v2/partidos/37906;RJ;4.0;0.0;2025
2445312;https://dadosabertos.camara.leg.br/api/v2/proposicoes/2445312;204462.0;https://dadosabertos.camara.leg.br/api/v2/deputados/204462;10000;Deputado(a);Chris Tonietto;PL;https://dadosabertos.camara.leg.br/api/v2/partidos/37906;RJ;1.0;1.0;2024
2455767;https://dadosabertos.camara.leg.br/api/v2/proposicoes/2455767;220640.0;https://dadosabertos.camara.leg.br/api/v2/deputados/220640;10000;Deputado(a);Juliana Cardoso;PT;https://dadosabertos.camara.leg.br/api/v2/partidos/36844;SP;1.0;1.0;2024
2371175;https://dadosabertos.camara.leg.br/api/v2/proposicoes/2371175;153423.0;https://dadosabertos.camara.leg.br/api/v2/deputados/153423;10000;Deputado(a);Renilce Nicodemos;MDB;https://dadosabertos.camara.leg.br/api/v2/partidos/36899;PA;95.0;0.0;2023
2487249;https://dadosabertos.camara.leg.br/api/v2/proposicoes/2487249;160598.0;https://dadosabertos.camara.leg.br/api/v2/deputados/160598;10000;Deputado(a);Flávia Morais;PDT;https://dadosabertos.camara.leg.br/api/v2/partidos/36786;GO;2.0;0.0;2025
2427545;https://dadosabertos.camara.leg.br/api/v2/proposicoes/2427545;74160.0;https://dadosabertos.camara.leg.br/api/v2/deputados/74160;10000;Deputado(a);Patrus Ananias;PT;https://dadosabertos.camara.leg.br/api/v2/partidos/36844;MG;1.0;1.0;2024
2408035;https://dadosabertos.camara.leg.br/api/v2/proposicoes/2408035;220615.0;https://dadosabertos.camara.leg.br/api/v2/deputados/220615;10000;Deputado(a);Pastor Henrique Vieira;PSOL;https://dadosabertos.camara.leg.br/api/v2/partidos/36839;RJ;1.0;1.0;2023
2472775;https://dadosabertos.camara.leg.br/api/v2/proposicoes/2472775;;https://dadosabertos.camara.leg.br/api/v2/orgaos/180;1;COMISSÃO DIRETORA;Plenário;;;;1.0;1.0;2024
2388696;https://dadosabertos.camara.leg.br/api/v2/proposicoes/2388696;178997.0;https://dadosabertos.camara.leg.br/api/v2/deputados/178997;10000;Deputado(a);Moses Rodrigues;UNIÃO;https://dadosabertos.camara.leg.br/api/v2/partidos/38009;CE;149.0;0.0;2023
2440937;https://dadosabertos.camara.leg.br/api/v2/proposicoes/2440937;;https://dadosabertos.camara.leg.br/api/v2/orgaos/180;1;COMISSÃO DIRETORA;Plenário;;;;1.0;1.0;2024
2389501;https://dadosabertos.camara.leg.br/api/v2/proposicoes/2389501;220703.0;https://dadosabertos.camara.leg.br/api/v2/deputados/220703;10000;Deputado(a);Neto Carletto;PP;https://dadosabertos.camara.leg.br/api/v2/partidos/37903;BA;8.0;0.0;2023
2374035;https://dadosabertos.camara.leg.br/api/v2/proposicoes/2374035;178910.0;https://dadosabertos.camara.leg.br/api/v2/deputados/178910;10000;Deputado(a);Joaquim Passarinho;PL;https://dadosabertos.camara.leg.br/api/v2/partidos/37906;PA;98.0;0.0;2023
2385094;https://dadosabertos.camara.leg.br/api/v2/proposicoes/2385094;220600.0;https://dadosabertos.camara.leg.br/api/v2/deputados/220600;10000;Deputado(a);Lebrão;UNIÃO;https://dadosabertos.camara.leg.br/api/v2/partidos/38009;RO;1.0;1.0;2023
2488515;https://dadosabertos.camara.leg.br/api/v2/proposicoes/2488515;;https://dadosabertos.camara.leg.br/api/v2/orgaos/253;30000;Órgão do Poder Executivo;Poder Executivo;;;;1.0;1.0;2025
2458225;https://dadosabertos.camara.leg.br/api/v2/proposicoes/2458225;220529.0;https://dadosabertos.camara.leg.br/api/v2/deputados/220529;10000;Deputado(a);Gilson Daniel;PODE;https://dadosabertos.camara.leg.br/api/v2/partidos/36896;ES;1.0;1.0;2024
2429665;https://dadosabertos.camara.leg.br/api/v2/proposicoes/2429665;74084.0;https://dadosabertos.camara.leg.br/api/v2/deputados/74084;10000;Deputado(a);Raimundo Santos;PSD;https://dadosabertos.camara.leg.br/api/v2/partidos/36834;PA;32.0;0.0;2024
2472955;https://dadosabertos.camara.leg.br/api/v2/proposicoes/2472955;220715.0;https://dadosabertos.camara.leg.br/api/v2/deputados/220715;10000;Deputado(a);Amom Mandel;CIDADANIA;https://dadosabertos.camara.leg.br/api/v2/partidos/37905;AM;1.0;1.0;2024
2422403;https://dadosabertos.camara.leg.br/api/v2/proposicoes/2422403;;https://dadosabertos.camara.leg.br/api/v2/orgaos/2003;2;COMISSÃO PERMANENTE;Comissão de Constituição e Justiça e de Cidadania;;;;1.0;1.0;2024
2389644;https://dadosabertos.camara.leg.br/api/v2/proposicoes/2389644;204388.0;https://dadosabertos.camara.leg.br/api/v2/deputados/204388;10000;Deputado(a);Bibo Nunes;PL;https://dadosabertos.camara.leg.br/api/v2/partidos/37906;RS;194.0;0.0;2023
2441741;https://dadosabertos.camara.leg.br/api/v2/proposicoes/2441741;73531.0;https://dadosabertos.camara.leg.br/api/v2/deputados/73531;10000;Deputado(a);Ivan Valente;PSOL;https://dadosabertos.camara.leg.br/api/v2/partidos/36839;SP;4.0;1.0;2024
2485767;https://dadosabertos.camara.leg.br/api/v2/proposicoes/2485767;220613.0;https://dadosabertos.camara.leg.br/api/v2/deputados/220613;10000;Deputado(a);Roberto Monteiro Pai;PL;https://dadosabertos.camara.leg.br/api/v2/partidos/37906;RJ;63.0;0.0;2025
2462282;https://dadosabertos.camara.leg.br/api/v2/proposicoes/2462282;178854.0;https://dadosabertos.camara.leg.br/api/v2/deputados/178854;10000;Deputado(a);Elmar Nascimento;UNIÃO;https://dadosabertos.camara.leg.br/api/v2/partidos/38009;BA;3.0;0.0;2024
2484141;https://dadosabertos.camara.leg.br/api/v2/proposicoes/2484141;;https://dadosabertos.camara.leg.br/api/v2/orgaos/100070;12000;Órgão da Câmara dos Deputados;Departamento de Taquigrafia;;;;1.0;1.0;2025
2444432;https://dadosabertos.camara.leg.br/api/v2/proposicoes/2444432;220553.0;https://dadosabertos.camara.leg.br/api/v2/deputados/220553;10000;Deputado(a);Denise Pessôa;PT;https://dadosabertos.camara.leg.br/api/v2/partidos/36844;RS;1.0;1.0;2024
2461678;https://dadosabertos.camara.leg.br/api/v2/proposicoes/2461678;204508.0;https://dadosabertos.camara.leg.br/api/v2/deputados/204508;10000;Deputado(a);Igor Timo;PSD;https://dadosabertos.camara.leg.br/api/v2/partidos/36834;MG;2.0;1.0;2024
2374737;https://dadosabertos.camara.leg.br/api/v2/proposicoes/2374737;220583.0;https://dadosabertos.camara.leg.br/api/v2/deputados/220583;10000;Deputado(a);Delegado Fabio Costa;PP;https://dadosabertos.camara.leg.br/api/v2/partidos/37903;AL;12.0;1.0;2023
2424932;https://dadosabertos.camara.leg.br/api/v2/proposicoes/2424932;178871.0;https://dadosabertos.camara.leg.br/api/v2/deputados/178871;10000;Deputado(a);Evair Vieira de Melo;PP;https://dadosabertos.camara.leg.br/api/v2/partidos/37903;ES;1.0;1.0;2024
2440901;https://dadosabertos.camara.leg.br/api/v2/proposicoes/2440901;;https://dadosabertos.camara.leg.br/api/v2/orgaos/180;1;COMISSÃO DIRETORA;Plenário;;;;1.0;1.0;2024
2405958;https://dadosabertos.camara.leg.br/api/v2/proposicoes/2405958;178854.0;https://dadosabertos.camara.leg.br/api/v2/deputados/178854;10000;Deputado(a);Elmar Nascimento;UNIÃO;https://dadosabertos.camara.leg.br/api/v2/partidos/38009;BA;2.0;0.0;2023
2373820;https://dadosabertos.camara.leg.br/api/v2/proposicoes/2373820;220601.0;https://dadosabertos.camara.leg.br/api/v2/deputados/220601;10000;Deputado(a);Washington Quaquá;PT;https://dadosabertos.camara.leg.br/api/v2/partidos/36844;RJ;38.0;1.0;2023
2447706;https://dadosabertos.camara.leg.br/api/v2/proposicoes/2447706;220536.0;https://dadosabertos.camara.leg.br/api/v2/deputados/220536;10000;Deputado(a);Zé Haroldo Cathedral;PSD;https://dadosabertos.camara.leg.br/api/v2/partidos/36834;RR;2.0;1.0;2024
2385439;https://dadosabertos.camara.leg.br/api/v2/proposicoes/2385439;220583.0;https://dadosabertos.camara.leg.br/api/v2/deputados/220583;10000;Deputado(a);Delegado Fabio Costa;PP;https://dadosabertos.camara.leg.br/api/v2/partidos/37903;AL;1.0;1.0;2023
2462876;https://dadosabertos.camara.leg.br/api/v2/proposicoes/2462876;178843.0;https://dadosabertos.camara.leg.br/api/v2/deputados/178843;10000;Deputado(a);Marx Beltrão;PP;https://dadosabertos.camara.leg.br/api/v2/partidos/37903;AL;43.0;0.0;2024
2433829;https://dadosabertos.camara.leg.br/api/v2/proposicoes/2433829;122974.0;https://dadosabertos.camara.leg.br/api/v2/deputados/122974;10000;Deputado(a);Pedro Lucas Fernandes;UNIÃO;https://dadosabertos.camara.leg.br/api/v2/partidos/38009;MA;14.0;0.0;2024
2488435;https://dadosabertos.camara.leg.br/api/v2/proposicoes/2488435;220628.0;https://dadosabertos.camara.leg.br/api/v2/deputados/220628;10000;Deputado(a);Mauricio do Vôlei;PL;https://dadosabertos.camara.leg.br/api/v2/partidos/37906;MG;7.0;1.0;2025
2456064;https://dadosabertos.camara.leg.br/api/v2/proposicoes/2456064;204356.0;https://dadosabertos.camara.leg.br/api/v2/deputados/204356;10000;Deputado(a);Amaro Neto;REPUBLIC;;ES;70.0;1.0;2024
2415408;https://dadosabertos.camara.leg.br/api/v2/proposicoes/2415408;204528.0;https://dadosabertos.camara.leg.br/api/v2/deputados/204528;10000;Deputado(a);Adriana Ventura;NOVO;https://dadosabertos.camara.leg.br/api/v2/partidos/37901;SP;3.0;1.0;2023
2362190;https://dadosabertos.camara.leg.br/api/v2/proposicoes/2362190;204485.0;https://dadosabertos.camara.leg.br/api/v2/deputados/204485;10000;Deputado(a);Luiz Carlos Motta;PL;https://dadosabertos.camara.leg.br/api/v2/partidos/37906;SP;152.0;0.0;2023
2375491;https://dadosabertos.camara.leg.br/api/v2/proposicoes/2375491;;https://dadosabertos.camara.leg.br/api/v2/orgaos/111;81001;Plenário Virtual CN;CONGRESSO NACIONAL;;;;1.0;1.0;2023
2488485;https://dadosabertos.camara.leg.br/api/v2/proposicoes/2488485;220604.0;https://dadosabertos.camara.leg.br/api/v2/deputados/220604;10000;Deputado(a);Marcos Tavares;PDT;https://dadosabertos.camara.leg.br/api/v2/partidos/36786;RJ;1.0;1.0;2025
2445130;https://dadosabertos.camara.leg.br/api/v2/proposicoes/2445130;204572.0;https://dadosabertos.camara.leg.br/api/v2/deputados/204572;10000;Deputado(a);Capitão Alberto Neto;PL;https://dadosabertos.camara.leg.br/api/v2/partidos/37906;AM;1.0;1.0;2024
2361277;https://dadosabertos.camara.leg.br/api/v2/proposicoes/2361277;220715.0;https://dadosabertos.camara.leg.br/api/v2/deputados/220715;10000;Deputado(a);Amom Mandel;CIDADANIA;https://dadosabertos.camara.leg.br/api/v2/partidos/37905;AM;1.0;1.0;2023
2380302;https://dadosabertos.camara.leg.br/api/v2/proposicoes/2380302;204566.0;https://dadosabertos.camara.leg.br/api/v2/deputados/204566;10000;Deputado(a);Marreca Filho;PATRIOTA;https://dadosabertos.camara.leg.br/api/v2/partidos/37907;MA;55.0;0.0;2023
2380710;https://dadosabertos.camara.leg.br/api/v2/proposicoes/2380710;220568.0;https://dadosabertos.camara.leg.br/api/v2/deputados/220568;10000;Deputado(a);Gustavo Gayer;PL;https://dadosabertos.camara.leg.br/api/v2/partidos/37906;GO;1.0;1.0;2023
2455503;https://dadosabertos.camara.leg.br/api/v2/proposicoes/2455503;160556.0;https://dadosabertos.camara.leg.br/api/v2/deputados/160556;10000;Deputado(a);Padre João;PT;https://dadosabertos.camara.leg.br/api/v2/partidos/36844;MG;1.0;1.0;2024
2400340;https://dadosabertos.camara.leg.br/api/v2/proposicoes/2400340;204479.0;https://dadosabertos.camara.leg.br/api/v2/deputados/204479;10000;Deputado(a);Nicoletti;UNIÃO;https://dadosabertos.camara.leg.br/api/v2/partidos/38009;RR;42.0;0.0;2023
2372129;https://dadosabertos.camara.leg.br/api/v2/proposicoes/2372129;178937.0;https://dadosabertos.camara.leg.br/api/v2/deputados/178937;10000;Deputado(a);Altineu Côrtes;PL;https://dadosabertos.camara.leg.br/api/v2/partidos/37906;RJ;1.0;1.0;2023
2374181;https://dadosabertos.camara.leg.br/api/v2/proposicoes/2374181;74856.0;https://dadosabertos.camara.leg.br/api/v2/deputados/74856;10000;Deputado(a);Laura Carneiro;PSD;https://dadosabertos.camara.leg.br/api/v2/partidos/36834;RJ;178.0;0.0;2023
2365904;https://dadosabertos.camara.leg.br/api/v2/proposicoes/2365904;;https://dadosabertos.camara.leg.br/api/v2/orgaos/60;30000;Órgão do Poder Executivo;Presidência da República;;;;1.0;1.0;2023
2369025;https://dadosabertos.camara.leg.br/api/v2/proposicoes/2369025;204526.0;https://dadosabertos.camara.leg.br/api/v2/deputados/204526;10000;Deputado(a);Luiz Philippe de Orleans e Bragança;PL;https://dadosabertos.camara.leg.br/api/v2/partidos/37906;SP;1.0;1.0;2023
2448374;https://dadosabertos.camara.leg.br/api/v2/proposicoes/2448374;179000.0;https://dadosabertos.camara.leg.br/api/v2/deputados/179000;10000;Deputado(a);Marcelo Álvaro Antônio;PL;https://dadosabertos.camara.leg.br/api/v2/partidos/37906;MG;10.0;1.0;2024
2440199;https://dadosabertos.camara.leg.br/api/v2/proposicoes/2440199;160604.0;https://dadosabertos.camara.leg.br/api/v2/deputados/160604;10000;Deputado(a);Pedro Uczai;PT;https://dadosabertos.camara.leg.br/api/v2/partidos/36844;SC;1.0;1.0;2024
2482788;https://dadosabertos.camara.leg.br/api/v2/proposicoes/2482788;215043.0;https://dadosabertos.camara.leg.br/api/v2/deputados/215043;10000;Deputado(a);Josivaldo Jp;PSD;https://dadosabertos.camara.leg.br/api/v2/partidos/36834;MA;22.0;0.0;2025
2470653;https://dadosabertos.camara.leg.br/api/v2/proposicoes/2470653;204511.0;https://dadosabertos.camara.leg.br/api/v2/deputados/204511;10000;Deputado(a);David Soares;UNIÃO;https://dadosabertos.camara.leg.br/api/v2/partidos/38009;SP;1.0;1.0;2024
2483767;https://dadosabertos.camara.leg.br/api/v2/proposicoes/2483767;220663.0;https://dadosabertos.camara.leg.br/api/v2/deputados/220663;10000;Deputado(a);Eriberto Medeiros;PSB;https://dadosabertos.camara.leg.br/api/v2/partidos/36832;PE;14.0;0.0;2025
2476028;https://dadosabertos.camara.leg.br/api/v2/proposicoes/2476028;73579.0;https://dadosabertos.camara.leg.br/api/v2/deputados/73579;10000;Deputado(a);Alberto Fraga;PL;https://dadosabertos.camara.leg.br/api/v2/partidos/37906;DF;82.0;1.0;2024
2448367;https://dadosabertos.camara.leg.br/api/v2/proposicoes/2448367;204491.0;https://dadosabertos.camara.leg.br/api/v2/deputados/204491;10000;Deputado(a);Gilberto Abramo;REPUBLIC;;MG;1.0;1.0;2024
2401626;https://dadosabertos.camara.leg.br/api/v2/proposicoes/2401626;204365.0;https://dadosabertos.camara.leg.br/api/v2/deputados/204365;10000;Deputado(a);Gilson Marques;NOVO;https://dadosabertos.camara.leg.br/api/v2/partidos/37901;SC;1.0;1.0;2023
2475666;https://dadosabertos.camara.leg.br/api/v2/proposicoes/2475666;226179.0;https://dadosabertos.camara.leg.br/api/v2/deputados/226179;10000;Deputado(a);Gisela Simona;UNIÃO;https://dadosabertos.camara.leg.br/api/v2/partidos/38009;MT;1.0;1.0;2024
2469513;https://dadosabertos.camara.leg.br/api/v2/proposicoes/2469513;74856.0;https://dadosabertos.camara.leg.br/api/v2/deputados/74856;10000;Deputado(a);Laura Carneiro;PSD;https://dadosabertos.camara.leg.br/api/v2/partidos/36834;RJ;1.0;1.0;2024
2395341;https://dadosabertos.camara.leg.br/api/v2/proposicoes/2395341;220597.0;https://dadosabertos.camara.leg.br/api/v2/deputados/220597;10000;Deputado(a);Thiago Flores;MDB;https://dadosabertos.camara.leg.br/api/v2/partidos/36899;RO;28.0;1.0;2023
2470379;https://dadosabertos.camara.leg.br/api/v2/proposicoes/2470379;206018.0;https://dadosabertos.camara.leg.br/api/v2/deputados/206018;10000;Deputado(a);Célia Xakriabá;PSOL;https://dadosabertos.camara.leg.br/api/v2/partidos/36839;MG;2.0;1.0;2024
2480345;https://dadosabertos.camara.leg.br/api/v2/proposicoes/2480345;204391.0;https://dadosabertos.camara.leg.br/api/v2/deputados/204391;10000;Deputado(a);José Nelto;UNIÃO;https://dadosabertos.camara.leg.br/api/v2/partidos/38009;GO;7.0;0.0;2024
2441438;https://dadosabertos.camara.leg.br/api/v2/proposicoes/2441438;157130.0;https://dadosabertos.camara.leg.br/api/v2/deputados/157130;10000;Deputado(a);Túlio Gadêlha;REDE;https://dadosabertos.camara.leg.br/api/v2/partidos/36886;PE;3.0;1.0;2024
2486472;https://dadosabertos.camara.leg.br/api/v2/proposicoes/2486472;220528.0;https://dadosabertos.camara.leg.br/api/v2/deputados/220528;10000;Deputado(a);Dr. Victor Linhalis;PODE;https://dadosabertos.camara.leg.br/api/v2/partidos/36896;ES;18.0;0.0;2025
2385236;https://dadosabertos.camara.leg.br/api/v2/proposicoes/2385236;226553.0;https://dadosabertos.camara.leg.br/api/v2/deputados/226553;10000;Deputado(a);Eliane Braz;PSD;https://dadosabertos.camara.leg.br/api/v2/partidos/36834;CE;56.0;1.0;2023
2420929;https://dadosabertos.camara.leg.br/api/v2/proposicoes/2420929;204501.0;https://dadosabertos.camara.leg.br/api/v2/deputados/204501;10000;Deputado(a);Alencar Santana;PT;https://dadosabertos.camara.leg.br/api/v2/partidos/36844;SP;1.0;1.0;2024
2447990;https://dadosabertos.camara.leg.br/api/v2/proposicoes/2447990;226708.0;https://dadosabertos.camara.leg.br/api/v2/deputados/226708;10000;Deputado(a);Dr. Allan Garcês;PP;https://dadosabertos.camara.leg.br/api/v2/partidos/37903;MA;10.0;0.0;2024
2483111;https://dadosabertos.camara.leg.br/api/v2/proposicoes/2483111;165470.0;https://dadosabertos.camara.leg.br/api/v2/deputados/165470;10000;Deputado(a);Rodrigo Valadares;UNIÃO;https://dadosabertos.camara.leg.br/api/v2/partidos/38009;SE;19.0;0.0;2025
2465985;https://dadosabertos.camara.leg.br/api/v2/proposicoes/2465985;220572.0;https://dadosabertos.camara.leg.br/api/v2/deputados/220572;10000;Deputado(a);Marussa Boldrin;MDB;https://dadosabertos.camara.leg.br/api/v2/partidos/36899;GO;106.0;1.0;2024
2473921;https://dadosabertos.camara.leg.br/api/v2/proposicoes/2473921;204356.0;https://dadosabertos.camara.leg.br/api/v2/deputados/204356;10000;Deputado(a);Amaro Neto;REPUBLIC;;ES;1.0;1.0;2024
2371178;https://dadosabertos.camara.leg.br/api/v2/proposicoes/2371178;178887.0;https://dadosabertos.camara.leg.br/api/v2/deputados/178887;10000;Deputado(a);Rubens Pereira Júnior;PT;https://dadosabertos.camara.leg.br/api/v2/partidos/36844;MA;59.0;0.0;2023
2403950;https://dadosabertos.camara.leg.br/api/v2/proposicoes/2403950;73701.0;https://dadosabertos.camara.leg.br/api/v2/deputados/73701;10000;Deputado(a);Benedita da Silva;PT;https://dadosabertos.camara.leg.br/api/v2/partidos/36844;RJ;1.0;1.0;2023
2403318;https://dadosabertos.camara.leg.br/api/v2/proposicoes/2403318;74478.0;https://dadosabertos.camara.leg.br/api/v2/deputados/74478;10000;Deputado(a);Luciano Bivar;UNIÃO;https://dadosabertos.camara.leg.br/api/v2/partidos/38009;PE;1.0;1.0;2023
2396699;https://dadosabertos.camara.leg.br/api/v2/proposicoes/2396699;;https://dadosabertos.camara.leg.br/api/v2/orgaos/10037;80000;Liderança;Liderança do Partido Liberal;;;;1.0;1.0;2023
2472833;https://dadosabertos.camara.leg.br/api/v2/proposicoes/2472833;178937.0;https://dadosabertos.camara.leg.br/api/v2/deputados/178937;10000;Deputado(a);Altineu Côrtes;PL;https://dadosabertos.camara.leg.br/api/v2/partidos/37906;RJ;1.0;1.0;2024
2448030;https://dadosabertos.camara.leg.br/api/v2/proposicoes/2448030;204494.0;https://dadosabertos.camara.leg.br/api/v2/deputados/204494;10000;Deputado(a);Fred Costa;PRD;https://dadosabertos.camara.leg.br/api/v2/partidos/38010;MG;2.0;0.0;2024
2468945;https://dadosabertos.camara.leg.br/api/v2/proposicoes/2468945;204365.0;https://dadosabertos.camara.leg.br/api/v2/deputados/204365;10000;Deputado(a);Gilson Marques;NOVO;https://dadosabertos.camara.leg.br/api/v2/partidos/37901;SC;1.0;1.0;2024
2413041;https://dadosabertos.camara.leg.br/api/v2/proposicoes/2413041;160598.0;https://dadosabertos.camara.leg.br/api/v2/deputados/160598;10000;Deputado(a);Flávia Morais;PDT;https://dadosabertos.camara.leg.br/api/v2/partidos/36786;GO;1.0;1.0;2023
2407004;https://dadosabertos.camara.leg.br/api/v2/proposicoes/2407004;160512.0;https://dadosabertos.camara.leg.br/api/v2/deputados/160512;10000;Deputado(a);Aureo Ribeiro;SOLIDARI;;RJ;1.0;1.0;2023
2425145;https://dadosabertos.camara.leg.br/api/v2/proposicoes/2425145;204572.0;https://dadosabertos.camara.leg.br/api/v2/deputados/204572;10000;Deputado(a);Capitão Alberto Neto;PL;https://dadosabertos.camara.leg.br/api/v2/partidos/37906;AM;1.0;1.0;2024
2461890;https://dadosabertos.camara.leg.br/api/v2/proposicoes/2461890;220566.0;https://dadosabertos.camara.leg.br/api/v2/deputados/220566;10000;Deputado(a);Lêda Borges;PSDB;https://dadosabertos.camara.leg.br/api/v2/partidos/36835;GO;1.0;1.0;2024
2369743;https://dadosabertos.camara.leg.br/api/v2/proposicoes/2369743;221338.0;https://dadosabertos.camara.leg.br/api/v2/deputados/221338;10000;Deputado(a);Professora Luciene Cavalcante;PSOL;https://dadosabertos.camara.leg.br/api/v2/partidos/36839;SP;102.0;1.0;2023
2438851;https://dadosabertos.camara.leg.br/api/v2/proposicoes/2438851;;https://dadosabertos.camara.leg.br/api/v2/orgaos/82;40000;Órgão do Poder Legislativo;Tribunal de Contas da União;;;;1.0;1.0;2024
2483008;https://dadosabertos.camara.leg.br/api/v2/proposicoes/2483008;220579.0;https://dadosabertos.camara.leg.br/api/v2/deputados/220579;10000;Deputado(a);Silvia Waiãpi;PL;https://dadosabertos.camara.leg.br/api/v2/partidos/37906;AP;1.0;1.0;2025
2364955;https://dadosabertos.camara.leg.br/api/v2/proposicoes/2364955;204464.0;https://dadosabertos.camara.leg.br/api/v2/deputados/204464;10000;Deputado(a);Talíria Petrone;PSOL;https://dadosabertos.camara.leg.br/api/v2/partidos/36839;RJ;2.0;1.0;2023
2405601;https://dadosabertos.camara.leg.br/api/v2/proposicoes/2405601;73531.0;https://dadosabertos.camara.leg.br/api/v2/deputados/73531;10000;Deputado(a);Ivan Valente;PSOL;https://dadosabertos.camara.leg.br/api/v2/partidos/36839;SP;185.0;0.0;2023
2434113;https://dadosabertos.camara.leg.br/api/v2/proposicoes/2434113;220663.0;https://dadosabertos.camara.leg.br/api/v2/deputados/220663;10000;Deputado(a);Eriberto Medeiros;PSB;https://dadosabertos.camara.leg.br/api/v2/partidos/36832;PE;63.0;0.0;2024
2452296;https://dadosabertos.camara.leg.br/api/v2/proposicoes/2452296;74171.0;https://dadosabertos.camara.leg.br/api/v2/deputados/74171;10000;Deputado(a);Chico Alencar;PSOL;https://dadosabertos.camara.leg.br/api/v2/partidos/36839;RJ;1.0;1.0;2024
2469061;https://dadosabertos.camara.leg.br/api/v2/proposicoes/2469061;220559.0;https://dadosabertos.camara.leg.br/api/v2/deputados/220559;10000;Deputado(a);Julia Zanatta;PL;https://dadosabertos.camara.leg.br/api/v2/partidos/37906;SC;1.0;1.0;2024
2369743;https://dadosabertos.camara.leg.br/api/v2/proposicoes/2369743;160635.0;https://dadosabertos.camara.leg.br/api/v2/deputados/160635;10000;Deputado(a);Ruy Carneiro;PSC;https://dadosabertos.camara.leg.br/api/v2/partidos/36833;PB;172.0;0.0;2023
2372906;https://dadosabertos.camara.leg.br/api/v2/proposicoes/2372906;204528.0;https://dadosabertos.camara.leg.br/api/v2/deputados/204528;10000;Deputado(a);Adriana Ventura;NOVO;https://dadosabertos.camara.leg.br/api/v2/partidos/37901;SP;1.0;1.0;2023
2438002;https://dadosabertos.camara.leg.br/api/v2/proposicoes/2438002;157130.0;https://dadosabertos.camara.leg.br/api/v2/deputados/157130;10000;Deputado(a);Túlio Gadêlha;REDE;https://dadosabertos.camara.leg.br/api/v2/partidos/36886;PE;4.0;1.0;2024
2404706;https://dadosabertos.camara.leg.br/api/v2/proposicoes/2404706;214694.0;https://dadosabertos.camara.leg.br/api/v2/deputados/214694;10000;Deputado(a);Jorge Goetten;PL;https://dadosabertos.camara.leg.br/api/v2/partidos/37906;SC;168.0;0.0;2023
2451280;https://dadosabertos.camara.leg.br/api/v2/proposicoes/2451280;73579.0;https://dadosabertos.camara.leg.br/api/v2/deputados/73579;10000;Deputado(a);Alberto Fraga;PL;https://dadosabertos.camara.leg.br/api/v2/partidos/37906;DF;12.0;1.0;2024
2470491;https://dadosabertos.camara.leg.br/api/v2/proposicoes/2470491;178937.0;https://dadosabertos.camara.leg.br/api/v2/deputados/178937;10000;Deputado(a);Altineu Côrtes;PL;https://dadosabertos.camara.leg.br/api/v2/partidos/37906;RJ;1.0;1.0;2024
2477505;https://dadosabertos.camara.leg.br/api/v2/proposicoes/2477505;204472.0;https://dadosabertos.camara.leg.br/api/v2/deputados/204472;10000;Deputado(a);José Medeiros;PL;https://dadosabertos.camara.leg.br/api/v2/partidos/37906;MT;1.0;1.0;2024
2427372;https://dadosabertos.camara.leg.br/api/v2/proposicoes/2427372;204444.0;https://dadosabertos.camara.leg.br/api/v2/deputados/204444;10000;Deputado(a);Helio Lopes;PL;https://dadosabertos.camara.leg.br/api/v2/partidos/37906;RJ;30.0;1.0;2024
2386614;https://dadosabertos.camara.leg.br/api/v2/proposicoes/2386614;209787.0;https://dadosabertos.camara.leg.br/api/v2/deputados/209787;10000;Deputado(a);Nikolas Ferreira;PL;https://dadosabertos.camara.leg.br/api/v2/partidos/37906;MG;1.0;1.0;2023
2377647;https://dadosabertos.camara.leg.br/api/v2/proposicoes/2377647;220713.0;https://dadosabertos.camara.leg.br/api/v2/deputados/220713;10000;Deputado(a);Saullo Vianna;UNIÃO;https://dadosabertos.camara.leg.br/api/v2/partidos/38009;AM;152.0;1.0;2023
2376429;https://dadosabertos.camara.leg.br/api/v2/proposicoes/2376429;220567.0;https://dadosabertos.camara.leg.br/api/v2/deputados/220567;10000;Deputado(a);Jeferson Rodrigues;REPUBLIC;;GO;1.0;1.0;2023
2437913;https://dadosabertos.camara.leg.br/api/v2/proposicoes/2437913;220684.0;https://dadosabertos.camara.leg.br/api/v2/deputados/220684;10000;Deputado(a);Tião Medeiros;PP;https://dadosabertos.camara.leg.br/api/v2/partidos/37903;PR;1.0;1.0;2024
2375588;https://dadosabertos.camara.leg.br/api/v2/proposicoes/2375588;74696.0;https://dadosabertos.camara.leg.br/api/v2/deputados/74696;10000;Deputado(a);Alberto Mourão;MDB;https://dadosabertos.camara.leg.br/api/v2/partidos/36899;SP;1.0;1.0;2023
2471545;https://dadosabertos.camara.leg.br/api/v2/proposicoes/2471545;220654.0;https://dadosabertos.camara.leg.br/api/v2/deputados/220654;10000;Deputado(a);Delegado Paulo Bilynskyj;PL;https://dadosabertos.camara.leg.br/api/v2/partidos/37906;SP;1.0;1.0;2024
2397198;https://dadosabertos.camara.leg.br/api/v2/proposicoes/2397198;204572.0;https://dadosabertos.camara.leg.br/api/v2/deputados/204572;10000;Deputado(a);Capitão Alberto Neto;PL;https://dadosabertos.camara.leg.br/api/v2/partidos/37906;AM;1.0;1.0;2023
2389962;https://dadosabertos.camara.leg.br/api/v2/proposicoes/2389962;;https://dadosabertos.camara.leg.br/api/v2/orgaos/2003;2;COMISSÃO PERMANENTE;Comissão de Constituição e Justiça e de Cidadania;;;;1.0;1.0;2023
2371565;https://dadosabertos.camara.leg.br/api/v2/proposicoes/2371565;215043.0;https://dadosabertos.camara.leg.br/api/v2/deputados/215043;10000;Deputado(a);Josivaldo Jp;PSD;https://dadosabertos.camara.leg.br/api/v2/partidos/36834;MA;38.0;0.0;2023
2447519;https://dadosabertos.camara.leg.br/api/v2/proposicoes/2447519;74253.0;https://dadosabertos.camara.leg.br/api/v2/deputados/74253;10000;Deputado(a);Julio Lopes;PP;https://dadosabertos.camara.leg.br/api/v2/partidos/37903;RJ;1.0;1.0;2024
2372530;https://dadosabertos.camara.leg.br/api/v2/proposicoes/2372530;204391.0;https://dadosabertos.camara.leg.br/api/v2/deputados/204391;10000;Deputado(a);José Nelto;PP;https://dadosabertos.camara.leg.br/api/v2/partidos/37903;GO;1.0;1.0;2023
2456456;https://dadosabertos.camara.leg.br/api/v2/proposicoes/2456456;220714.0;https://dadosabertos.camara.leg.br/api/v2/deputados/220714;10000;Deputado(a);Adail Filho;REPUBLIC;;AM;1.0;1.0;2024
2478229;https://dadosabertos.camara.leg.br/api/v2/proposicoes/2478229;74171.0;https://dadosabertos.camara.leg.br/api/v2/deputados/74171;10000;Deputado(a);Chico Alencar;PSOL;https://dadosabertos.camara.leg.br/api/v2/partidos/36839;RJ;1.0;1.0;2024
2466156;https://dadosabertos.camara.leg.br/api/v2/proposicoes/2466156;74084.0;https://dadosabertos.camara.leg.br/api/v2/deputados/74084;10000;Deputado(a);Raimundo Santos;PSD;https://dadosabertos.camara.leg.br/api/v2/partidos/36834;PA;4.0;0.0;2024
2416416;https://dadosabertos.camara.leg.br/api/v2/proposicoes/2416416;178937.0;https://dadosabertos.camara.leg.br/api/v2/deputados/178937;10000;Deputado(a);Altineu Côrtes;PL;https://dadosabertos.camara.leg.br/api/v2/partidos/37906;RJ;1.0;1.0;2023
2462353;https://dadosabertos.camara.leg.br/api/v2/proposicoes/2462353;74478.0;https://dadosabertos.camara.leg.br/api/v2/deputados/74478;10000;Deputado(a);Luciano Bivar;UNIÃO;https://dadosabertos.camara.leg.br/api/v2/partidos/38009;PE;1.0;1.0;2024
2434963;https://dadosabertos.camara.leg.br/api/v2/proposicoes/2434963;220648.0;https://dadosabertos.camara.leg.br/api/v2/deputados/220648;10000;Deputado(a);Marangoni;UNIÃO;https://dadosabertos.camara.leg.br/api/v2/partidos/38009;SP;4.0;0.0;2024
2370773;https://dadosabertos.camara.leg.br/api/v2/proposicoes/2370773;220714.0;https://dadosabertos.camara.leg.br/api/v2/deputados/220714;10000;Deputado(a);Adail Filho;REPUBLIC;;AM;105.0;0.0;2023
2362237;https://dadosabertos.camara.leg.br/api/v2/proposicoes/2362237;220707.0;https://dadosabertos.camara.leg.br/api/v2/deputados/220707;10000;Deputado(a);Amanda Gentil;PP;https://dadosabertos.camara.leg.br/api/v2/partidos/37903;MA;1.0;1.0;2023
2385118;https://dadosabertos.camara.leg.br/api/v2/proposicoes/2385118;74273.0;https://dadosabertos.camara.leg.br/api/v2/deputados/74273;10000;Deputado(a);Jefferson Campos;PL;https://dadosabertos.camara.leg.br/api/v2/partidos/37906;SP;207.0;0.0;2023
2461393;https://dadosabertos.camara.leg.br/api/v2/proposicoes/2461393;204526.0;https://dadosabertos.camara.leg.br/api/v2/deputados/204526;10000;Deputado(a);Luiz Philippe de Orleans e Bragança;PL;https://dadosabertos.camara.leg.br/api/v2/partidos/37906;SP;34.0;1.0;2024
2423205;https://dadosabertos.camara.leg.br/api/v2/proposicoes/2423205;220642.0;https://dadosabertos.camara.leg.br/api/v2/deputados/220642;10000;Deputado(a);Delegado Bruno Lima;PP;https://dadosabertos.camara.leg.br/api/v2/partidos/37903;SP;1.0;1.0;2024
2413238;https://dadosabertos.camara.leg.br/api/v2/proposicoes/2413238;220620.0;https://dadosabertos.camara.leg.br/api/v2/deputados/220620;10000;Deputado(a);Rosângela Reis;PL;https://dadosabertos.camara.leg.br/api/v2/partidos/37906;MG;1.0;1.0;2023
2385233;https://dadosabertos.camara.leg.br/api/v2/proposicoes/2385233;73579.0;https://dadosabertos.camara.leg.br/api/v2/deputados/73579;10000;Deputado(a);Alberto Fraga;PL;https://dadosabertos.camara.leg.br/api/v2/partidos/37906;DF;1.0;1.0;2023
2388058;https://dadosabertos.camara.leg.br/api/v2/proposicoes/2388058;198197.0;https://dadosabertos.camara.leg.br/api/v2/deputados/198197;10000;Deputado(a);Greyce Elias;AVANTE;https://dadosabertos.camara.leg.br/api/v2/partidos/36898;MG;1.0;1.0;2023
2420671;https://dadosabertos.camara.leg.br/api/v2/proposicoes/2420671;204572.0;https://dadosabertos.camara.leg.br/api/v2/deputados/204572;10000;Deputado(a);Capitão Alberto Neto;PL;https://dadosabertos.camara.leg.br/api/v2/partidos/37906;AM;1.0;1.0;2024
2402321;https://dadosabertos.camara.leg.br/api/v2/proposicoes/2402321;220539.0;https://dadosabertos.camara.leg.br/api/v2/deputados/220539;10000;Deputado(a);Defensor Stélio Dener;REPUBLIC;;RR;1.0;1.0;2023
2365309;https://dadosabertos.camara.leg.br/api/v2/proposicoes/2365309;220656.0;https://dadosabertos.camara.leg.br/api/v2/deputados/220656;10000;Deputado(a);Fernanda Pessoa;UNIÃO;https://dadosabertos.camara.leg.br/api/v2/partidos/38009;CE;92.0;0.0;2023
2423221;https://dadosabertos.camara.leg.br/api/v2/proposicoes/2423221;220578.0;https://dadosabertos.camara.leg.br/api/v2/deputados/220578;10000;Deputado(a);Josenildo;PDT;https://dadosabertos.camara.leg.br/api/v2/partidos/36786;AP;1.0;1.0;2024
2457249;https://dadosabertos.camara.leg.br/api/v2/proposicoes/2457249;220618.0;https://dadosabertos.camara.leg.br/api/v2/deputados/220618;10000;Deputado(a);Sargento Portugal;PODE;https://dadosabertos.camara.leg.br/api/v2/partidos/36896;RJ;1.0;1.0;2024
2369960;https://dadosabertos.camara.leg.br/api/v2/proposicoes/2369960;220573.0;https://dadosabertos.camara.leg.br/api/v2/deputados/220573;10000;Deputado(a);Dorinaldo Malafaia;PDT;https://dadosabertos.camara.leg.br/api/v2/partidos/36786;AP;1.0;1.0;2023
2488406;https://dadosabertos.camara.leg.br/api/v2/proposicoes/2488406;178937.0;https://dadosabertos.camara.leg.br/api/v2/deputados/178937;10000;Deputado(a);Altineu Côrtes;PL;https://dadosabertos.camara.leg.br/api/v2/partidos/37906;RJ;1.0;1.0;2025
2483016;https://dadosabertos.camara.leg.br/api/v2/proposicoes/2483016;224333.0;https://dadosabertos.camara.leg.br/api/v2/deputados/224333;10000;Deputado(a);Welter;PT;https://dadosabertos.camara.leg.br/api/v2/partidos/36844;PR;8.0;0.0;2025
2436341;https://dadosabertos.camara.leg.br/api/v2/proposicoes/2436341;;https://dadosabertos.camara.leg.br/api/v2/orgaos/253;30000;Órgão do Poder Executivo;Poder Executivo;;;;1.0;1.0;2024
2412263;https://dadosabertos.camara.leg.br/api/v2/proposicoes/2412263;220557.0;https://dadosabertos.camara.leg.br/api/v2/deputados/220557;10000;Deputado(a);Daniela Reinehr;PL;https://dadosabertos.camara.leg.br/api/v2/partidos/37906;SC;5.0;0.0;2023
2478785;https://dadosabertos.camara.leg.br/api/v2/proposicoes/2478785;204506.0;https://dadosabertos.camara.leg.br/api/v2/deputados/204506;10000;Deputado(a);Marcos Pereira;REPUBLIC;;SP;1.0;1.0;2024
2375192;https://dadosabertos.camara.leg.br/api/v2/proposicoes/2375192;220598.0;https://dadosabertos.camara.leg.br/api/v2/deputados/220598;10000;Deputado(a);Tarcísio Motta;PSOL;https://dadosabertos.camara.leg.br/api/v2/partidos/36839;RJ;1.0;1.0;2023
2400278;https://dadosabertos.camara.leg.br/api/v2/proposicoes/2400278;92346.0;https://dadosabertos.camara.leg.br/api/v2/deputados/92346;10000;Deputado(a);Eduardo Bolsonaro;PL;https://dadosabertos.camara.leg.br/api/v2/partidos/37906;SP;1.0;1.0;2023
2484610;https://dadosabertos.camara.leg.br/api/v2/proposicoes/2484610;220540.0;https://dadosabertos.camara.leg.br/api/v2/deputados/220540;10000;Deputado(a);Duda Ramos;MDB;https://dadosabertos.camara.leg.br/api/v2/partidos/36899;RR;3.0;0.0;2025
2456292;https://dadosabertos.camara.leg.br/api/v2/proposicoes/2456292;204536.0;https://dadosabertos.camara.leg.br/api/v2/deputados/204536;10000;Deputado(a);Kim Kataguiri;UNIÃO;https://dadosabertos.camara.leg.br/api/v2/partidos/38009;SP;1.0;1.0;2024
2430971;https://dadosabertos.camara.leg.br/api/v2/proposicoes/2430971;220589.0;https://dadosabertos.camara.leg.br/api/v2/deputados/220589;10000;Deputado(a);Eduardo Velloso;UNIÃO;https://dadosabertos.camara.leg.br/api/v2/partidos/38009;AC;1.0;1.0;2024
2406442;https://dadosabertos.camara.leg.br/api/v2/proposicoes/2406442;;https://dadosabertos.camara.leg.br/api/v2/orgaos/539385;2;COMISSÃO PERMANENTE;Comissão de Comunicação;;;;1.0;1.0;2023
2399645;https://dadosabertos.camara.leg.br/api/v2/proposicoes/2399645;73806.0;https://dadosabertos.camara.leg.br/api/v2/deputados/73806;10000;Deputado(a);Roseana Sarney;MDB;https://dadosabertos.camara.leg.br/api/v2/partidos/36899;MA;1.0;1.0;2023
2464748;https://dadosabertos.camara.leg.br/api/v2/proposicoes/2464748;160598.0;https://dadosabertos.camara.leg.br/api/v2/deputados/160598;10000;Deputado(a);Flávia Morais;PDT;https://dadosabertos.camara.leg.br/api/v2/partidos/36786;GO;1.0;1.0;2024
2367058;https://dadosabertos.camara.leg.br/api/v2/proposicoes/2367058;160575.0;https://dadosabertos.camara.leg.br/api/v2/deputados/160575;10000;Deputado(a);Erika Kokay;PT;https://dadosabertos.camara.leg.br/api/v2/partidos/36844;DF;1.0;1.0;2023
2401817;https://dadosabertos.camara.leg.br/api/v2/proposicoes/2401817;204365.0;https://dadosabertos.camara.leg.br/api/v2/deputados/204365;10000;Deputado(a);Gilson Marques;NOVO;https://dadosabertos.camara.leg.br/api/v2/partidos/37901;SC;1.0;1.0;2023
2471581;https://dadosabertos.camara.leg.br/api/v2/proposicoes/2471581;74160.0;https://dadosabertos.camara.leg.br/api/v2/deputados/74160;10000;Deputado(a);Patrus Ananias;PT;https://dadosabertos.camara.leg.br/api/v2/partidos/36844;MG;1.0;1.0;2024
2404780;https://dadosabertos.camara.leg.br/api/v2/proposicoes/2404780;160599.0;https://dadosabertos.camara.leg.br/api/v2/deputados/160599;10000;Deputado(a);Dimas Fabiano;PP;https://dadosabertos.camara.leg.br/api/v2/partidos/37903;MG;149.0;0.0;2023
2407527;https://dadosabertos.camara.leg.br/api/v2/proposicoes/2407527;220580.0;https://dadosabertos.camara.leg.br/api/v2/deputados/220580;10000;Deputado(a);Professora Goreth;PDT;https://dadosabertos.camara.leg.br/api/v2/partidos/36786;AP;8.0;1.0;2023
2404186;https://dadosabertos.camara.leg.br/api/v2/proposicoes/2404186;220558.0;https://dadosabertos.camara.leg.br/api/v2/deputados/220558;10000;Deputado(a);Zé Trovão;PL;https://dadosabertos.camara.leg.br/api/v2/partidos/37906;SC;6.0;1.0;2023
2389279;https://dadosabertos.camara.leg.br/api/v2/proposicoes/2389279;204506.0;https://dadosabertos.camara.leg.br/api/v2/deputados/204506;10000;Deputado(a);Marcos Pereira;REPUBLIC;;SP;1.0;1.0;2023
2366111;https://dadosabertos.camara.leg.br/api/v2/proposicoes/2366111;204404.0;https://dadosabertos.camara.leg.br/api/v2/deputados/204404;10000;Deputado(a);Lucas Redecker;PSDB;https://dadosabertos.camara.leg.br/api/v2/partidos/36835;RS;45.0;1.0;2023
2455635;https://dadosabertos.camara.leg.br/api/v2/proposicoes/2455635;157130.0;https://dadosabertos.camara.leg.br/api/v2/deputados/157130;10000;Deputado(a);Túlio Gadêlha;REDE;https://dadosabertos.camara.leg.br/api/v2/partidos/36886;PE;3.0;1.0;2024
2385186;https://dadosabertos.camara.leg.br/api/v2/proposicoes/2385186;74478.0;https://dadosabertos.camara.leg.br/api/v2/deputados/74478;10000;Deputado(a);Luciano Bivar;UNIÃO;https://dadosabertos.camara.leg.br/api/v2/partidos/38009;PE;1.0;1.0;2023
2483943;https://dadosabertos.camara.leg.br/api/v2/proposicoes/2483943;141421.0;https://dadosabertos.camara.leg.br/api/v2/deputados/141421;10000;Deputado(a);Eduardo da Fonte;PP;https://dadosabertos.camara.leg.br/api/v2/partidos/37903;PE;44.0;0.0;2025
2362318;https://dadosabertos.camara.leg.br/api/v2/proposicoes/2362318;220559.0;https://dadosabertos.camara.leg.br/api/v2/deputados/220559;10000;Deputado(a);Julia Zanatta;PL;https://dadosabertos.camara.leg.br/api/v2/partidos/37906;SC;109.0;0.0;2023
2385467;https://dadosabertos.camara.leg.br/api/v2/proposicoes/2385467;220598.0;https://dadosabertos.camara.leg.br/api/v2/deputados/220598;10000;Deputado(a);Tarcísio Motta;PSOL;https://dadosabertos.camara.leg.br/api/v2/partidos/36839;RJ;1.0;1.0;2023
2440784;https://dadosabertos.camara.leg.br/api/v2/proposicoes/2440784;220706.0;https://dadosabertos.camara.leg.br/api/v2/deputados/220706;10000;Deputado(a);Padovani;UNIÃO;https://dadosabertos.camara.leg.br/api/v2/partidos/38009;PR;17.0;1.0;2024
2392269;https://dadosabertos.camara.leg.br/api/v2/proposicoes/2392269;204378.0;https://dadosabertos.camara.leg.br/api/v2/deputados/204378;10000;Deputado(a);Coronel Chrisóstomo;PL;https://dadosabertos.camara.leg.br/api/v2/partidos/37906;RO;1.0;1.0;2023
2365861;https://dadosabertos.camara.leg.br/api/v2/proposicoes/2365861;220579.0;https://dadosabertos.camara.leg.br/api/v2/deputados/220579;10000;Deputado(a);Silvia Waiãpi;PL;https://dadosabertos.camara.leg.br/api/v2/partidos/37906;AP;2.0;1.0;2023
2489147;https://dadosabertos.camara.leg.br/api/v2/proposicoes/2489147;178934.0;https://dadosabertos.camara.leg.br/api/v2/deputados/178934;10000;Deputado(a);Toninho Wandscheer;PP;https://dadosabertos.camara.leg.br/api/v2/partidos/37903;PR;1.0;1.0;2025
2385236;https://dadosabertos.camara.leg.br/api/v2/proposicoes/2385236;89536.0;https://dadosabertos.camara.leg.br/api/v2/deputados/89536;10000;Deputado(a);Prof. Paulo Fernando;REPUBLIC;;DF;58.0;1.0;2023
2398970;https://dadosabertos.camara.leg.br/api/v2/proposicoes/2398970;220700.0;https://dadosabertos.camara.leg.br/api/v2/deputados/220700;10000;Deputado(a);Florentino Neto;PT;https://dadosabertos.camara.leg.br/api/v2/partidos/36844;PI;1.0;1.0;2023
2484452;https://dadosabertos.camara.leg.br/api/v2/proposicoes/2484452;178947.0;https://dadosabertos.camara.leg.br/api/v2/deputados/178947;10000;Deputado(a);Sóstenes Cavalcante;PL;https://dadosabertos.camara.leg.br/api/v2/partidos/37906;RJ;1.0;1.0;2025
2365755;https://dadosabertos.camara.leg.br/api/v2/proposicoes/2365755;220548.0;https://dadosabertos.camara.leg.br/api/v2/deputados/220548;10000;Deputado(a);Camila Jara;PT;https://dadosabertos.camara.leg.br/api/v2/partidos/36844;MS;2.0;1.0;2023
2475026;https://dadosabertos.camara.leg.br/api/v2/proposicoes/2475026;221339.0;https://dadosabertos.camara.leg.br/api/v2/deputados/221339;10000;Deputado(a);Dr. Benjamim;UNIÃO;https://dadosabertos.camara.leg.br/api/v2/partidos/38009;MA;1.0;1.0;2024
2483214;https://dadosabertos.camara.leg.br/api/v2/proposicoes/2483214;224333.0;https://dadosabertos.camara.leg.br/api/v2/deputados/224333;10000;Deputado(a);Welter;PT;https://dadosabertos.camara.leg.br/api/v2/partidos/36844;PR;28.0;0.0;2025
2446062;https://dadosabertos.camara.leg.br/api/v2/proposicoes/2446062;204506.0;https://dadosabertos.camara.leg.br/api/v2/deputados/204506;10000;Deputado(a);Marcos Pereira;REPUBLIC;;SP;1.0;1.0;2024
2465985;https://dadosabertos.camara.leg.br/api/v2/proposicoes/2465985;220662.0;https://dadosabertos.camara.leg.br/api/v2/deputados/220662;10000;Deputado(a);Lucas Ramos;PSB;https://dadosabertos.camara.leg.br/api/v2/partidos/36832;PE;25.0;1.0;2024
2475968;https://dadosabertos.camara.leg.br/api/v2/proposicoes/2475968;;https://dadosabertos.camara.leg.br/api/v2/orgaos/539385;2;COMISSÃO PERMANENTE;Comissão de Comunicação;;;;1.0;1.0;2024
2396883;https://dadosabertos.camara.leg.br/api/v2/proposicoes/2396883;;https://dadosabertos.camara.leg.br/api/v2/orgaos/10037;80000;Liderança;Liderança do Partido Liberal;;;;1.0;1.0;2023
2361831;https://dadosabertos.camara.leg.br/api/v2/proposicoes/2361831;204515.0;https://dadosabertos.camara.leg.br/api/v2/deputados/204515;10000;Deputado(a);André Janones;AVANTE;https://dadosabertos.camara.leg.br/api/v2/partidos/36898;MG;158.0;0.0;2023
2464031;https://dadosabertos.camara.leg.br/api/v2/proposicoes/2464031;;https://dadosabertos.camara.leg.br/api/v2/orgaos/253;30000;Órgão do Poder Executivo;Poder Executivo;;;;1.0;1.0;2024
2426713;https://dadosabertos.camara.leg.br/api/v2/proposicoes/2426713;220657.0;https://dadosabertos.camara.leg.br/api/v2/deputados/220657;10000;Deputado(a);André Fernandes;PL;https://dadosabertos.camara.leg.br/api/v2/partidos/37906;CE;1.0;1.0;2024
2453389;https://dadosabertos.camara.leg.br/api/v2/proposicoes/2453389;220536.0;https://dadosabertos.camara.leg.br/api/v2/deputados/220536;10000;Deputado(a);Zé Haroldo Cathedral;PSD;https://dadosabertos.camara.leg.br/api/v2/partidos/36834;RR;1.0;1.0;2024
2383825;https://dadosabertos.camara.leg.br/api/v2/proposicoes/2383825;220570.0;https://dadosabertos.camara.leg.br/api/v2/deputados/220570;10000;Deputado(a);Ismael Alexandrino;PSD;https://dadosabertos.camara.leg.br/api/v2/partidos/36834;GO;4.0;0.0;2023
2416463;https://dadosabertos.camara.leg.br/api/v2/proposicoes/2416463;89536.0;https://dadosabertos.camara.leg.br/api/v2/deputados/89536;10000;Deputado(a);Prof. Paulo Fernando;REPUBLIC;;DF;38.0;0.0;2023
2392656;https://dadosabertos.camara.leg.br/api/v2/proposicoes/2392656;204388.0;https://dadosabertos.camara.leg.br/api/v2/deputados/204388;10000;Deputado(a);Bibo Nunes;PL;https://dadosabertos.camara.leg.br/api/v2/partidos/37906;RS;133.0;0.0;2023
2373705;https://dadosabertos.camara.leg.br/api/v2/proposicoes/2373705;107970.0;https://dadosabertos.camara.leg.br/api/v2/deputados/107970;10000;Deputado(a);Ana Paula Leão;PP;https://dadosabertos.camara.leg.br/api/v2/partidos/37903;MG;10.0;1.0;2023
2451085;https://dadosabertos.camara.leg.br/api/v2/proposicoes/2451085;74356.0;https://dadosabertos.camara.leg.br/api/v2/deputados/74356;10000;Deputado(a);Silas Câmara;REPUBLIC;;AM;1.0;1.0;2024
2484243;https://dadosabertos.camara.leg.br/api/v2/proposicoes/2484243;220586.0;https://dadosabertos.camara.leg.br/api/v2/deputados/220586;10000;Deputado(a);Rafael Brito;MDB;https://dadosabertos.camara.leg.br/api/v2/partidos/36899;AL;13.0;0.0;2025
2371498;https://dadosabertos.camara.leg.br/api/v2/proposicoes/2371498;123756.0;https://dadosabertos.camara.leg.br/api/v2/deputados/123756;10000;Deputado(a);Antônia Lúcia;REPUBLIC;;AC;120.0;0.0;2023
2375608;https://dadosabertos.camara.leg.br/api/v2/proposicoes/2375608;220704.0;https://dadosabertos.camara.leg.br/api/v2/deputados/220704;10000;Deputado(a);Carol Dartora;PT;https://dadosabertos.camara.leg.br/api/v2/partidos/36844;PR;1.0;1.0;2023
2448161;https://dadosabertos.camara.leg.br/api/v2/proposicoes/2448161;214694.0;https://dadosabertos.camara.leg.br/api/v2/deputados/214694;10000;Deputado(a);Jorge Goetten;REPUBLIC;;SC;1.0;1.0;2024
2362236;https://dadosabertos.camara.leg.br/api/v2/proposicoes/2362236;204460.0;https://dadosabertos.camara.leg.br/api/v2/deputados/204460;10000;Deputado(a);Carlos Jordy;PL;https://dadosabertos.camara.leg.br/api/v2/partidos/37906;RJ;32.0;1.0;2023
2372444;https://dadosabertos.camara.leg.br/api/v2/proposicoes/2372444;220531.0;https://dadosabertos.camara.leg.br/api/v2/deputados/220531;10000;Deputado(a);Gilvan Maximo;REPUBLIC;;DF;87.0;1.0;2023
2375557;https://dadosabertos.camara.leg.br/api/v2/proposicoes/2375557;220665.0;https://dadosabertos.camara.leg.br/api/v2/deputados/220665;10000;Deputado(a);Clarissa Tércio;PP;https://dadosabertos.camara.leg.br/api/v2/partidos/37903;PE;1.0;1.0;2023
2428978;https://dadosabertos.camara.leg.br/api/v2/proposicoes/2428978;204536.0;https://dadosabertos.camara.leg.br/api/v2/deputados/204536;10000;Deputado(a);Kim Kataguiri;UNIÃO;https://dadosabertos.camara.leg.br/api/v2/partidos/38009;SP;1.0;1.0;2024
2463164;https://dadosabertos.camara.leg.br/api/v2/proposicoes/2463164;;https://dadosabertos.camara.leg.br/api/v2/orgaos/2003;2;COMISSÃO PERMANENTE;Comissão de Constituição e Justiça e de Cidadania;;;;1.0;1.0;2024
2440599;https://dadosabertos.camara.leg.br/api/v2/proposicoes/2440599;204553.0;https://dadosabertos.camara.leg.br/api/v2/deputados/204553;10000;Deputado(a);Pastor Sargento Isidório;AVANTE;https://dadosabertos.camara.leg.br/api/v2/partidos/36898;BA;32.0;0.0;2024
2413135;https://dadosabertos.camara.leg.br/api/v2/proposicoes/2413135;;https://dadosabertos.camara.leg.br/api/v2/orgaos/180;1;COMISSÃO DIRETORA;Plenário;;;;1.0;1.0;2023
2365504;https://dadosabertos.camara.leg.br/api/v2/proposicoes/2365504;204472.0;https://dadosabertos.camara.leg.br/api/v2/deputados/204472;10000;Deputado(a);José Medeiros;PL;https://dadosabertos.camara.leg.br/api/v2/partidos/37906;MT;1.0;1.0;2023
2362386;https://dadosabertos.camara.leg.br/api/v2/proposicoes/2362386;220598.0;https://dadosabertos.camara.leg.br/api/v2/deputados/220598;10000;Deputado(a);Tarcísio Motta;PSOL;https://dadosabertos.camara.leg.br/api/v2/partidos/36839;RJ;2.0;1.0;2023
2372103;https://dadosabertos.camara.leg.br/api/v2/proposicoes/2372103;220554.0;https://dadosabertos.camara.leg.br/api/v2/deputados/220554;10000;Deputado(a);Alexandre Lindenmeyer;PT;https://dadosabertos.camara.leg.br/api/v2/partidos/36844;RS;1.0;1.0;2023
2366993;https://dadosabertos.camara.leg.br/api/v2/proposicoes/2366993;74371.0;https://dadosabertos.camara.leg.br/api/v2/deputados/74371;10000;Deputado(a);Rubens Otoni;PT;https://dadosabertos.camara.leg.br/api/v2/partidos/36844;GO;175.0;0.0;2023
2427250;https://dadosabertos.camara.leg.br/api/v2/proposicoes/2427250;204407.0;https://dadosabertos.camara.leg.br/api/v2/deputados/204407;10000;Deputado(a);Fernanda Melchionna;PSOL;https://dadosabertos.camara.leg.br/api/v2/partidos/36839;RS;4.0;1.0;2024
2414404;https://dadosabertos.camara.leg.br/api/v2/proposicoes/2414404;;https://dadosabertos.camara.leg.br/api/v2/orgaos/2003;2;COMISSÃO PERMANENTE;Comissão de Constituição e Justiça e de Cidadania;;;;1.0;1.0;2023
2465910;https://dadosabertos.camara.leg.br/api/v2/proposicoes/2465910;204404.0;https://dadosabertos.camara.leg.br/api/v2/deputados/204404;10000;Deputado(a);Lucas Redecker;PSDB;https://dadosabertos.camara.leg.br/api/v2/partidos/36835;RS;2.0;0.0;2024
2442468;https://dadosabertos.camara.leg.br/api/v2/proposicoes/2442468;156190.0;https://dadosabertos.camara.leg.br/api/v2/deputados/156190;10000;Deputado(a);Marcel van Hattem;NOVO;https://dadosabertos.camara.leg.br/api/v2/partidos/37901;RS;3.0;1.0;2024
2392863;https://dadosabertos.camara.leg.br/api/v2/proposicoes/2392863;204572.0;https://dadosabertos.camara.leg.br/api/v2/deputados/204572;10000;Deputado(a);Capitão Alberto Neto;PL;https://dadosabertos.camara.leg.br/api/v2/partidos/37906;AM;1.0;1.0;2023
2422546;https://dadosabertos.camara.leg.br/api/v2/proposicoes/2422546;220593.0;https://dadosabertos.camara.leg.br/api/v2/deputados/220593;10000;Deputado(a);Abilio Brunini;PL;https://dadosabertos.camara.leg.br/api/v2/partidos/37906;MT;1.0;1.0;2024
2454718;https://dadosabertos.camara.leg.br/api/v2/proposicoes/2454718;220618.0;https://dadosabertos.camara.leg.br/api/v2/deputados/220618;10000;Deputado(a);Sargento Portugal;PODE;https://dadosabertos.camara.leg.br/api/v2/partidos/36896;RJ;1.0;1.0;2024
2366909;https://dadosabertos.camara.leg.br/api/v2/proposicoes/2366909;160559.0;https://dadosabertos.camara.leg.br/api/v2/deputados/160559;10000;Deputado(a);Alceu Moreira;MDB;https://dadosabertos.camara.leg.br/api/v2/partidos/36899;RS;133.0;0.0;2023
2374162;https://dadosabertos.camara.leg.br/api/v2/proposicoes/2374162;204372.0;https://dadosabertos.camara.leg.br/api/v2/deputados/204372;10000;Deputado(a);Julio Cesar Ribeiro;REPUBLIC;;DF;1.0;1.0;2023
2459627;https://dadosabertos.camara.leg.br/api/v2/proposicoes/2459627;226179.0;https://dadosabertos.camara.leg.br/api/v2/deputados/226179;10000;Deputado(a);Gisela Simona;UNIÃO;https://dadosabertos.camara.leg.br/api/v2/partidos/38009;MT;119.0;0.0;2024
2480617;https://dadosabertos.camara.leg.br/api/v2/proposicoes/2480617;204395.0;https://dadosabertos.camara.leg.br/api/v2/deputados/204395;10000;Deputado(a);Pedro Lupion;PP;https://dadosabertos.camara.leg.br/api/v2/partidos/37903;PR;3.0;0.0;2024
2448695;https://dadosabertos.camara.leg.br/api/v2/proposicoes/2448695;220675.0;https://dadosabertos.camara.leg.br/api/v2/deputados/220675;10000;Deputado(a);Antônio Doido;MDB;https://dadosabertos.camara.leg.br/api/v2/partidos/36899;PA;1.0;1.0;2024
2420877;https://dadosabertos.camara.leg.br/api/v2/proposicoes/2420877;139285.0;https://dadosabertos.camara.leg.br/api/v2/deputados/139285;10000;Deputado(a);Lídice da Mata;PSB;https://dadosabertos.camara.leg.br/api/v2/partidos/36832;BA;1.0;1.0;2024
2385118;https://dadosabertos.camara.leg.br/api/v2/proposicoes/2385118;204473.0;https://dadosabertos.camara.leg.br/api/v2/deputados/204473;10000;Deputado(a);General Girão;PL;https://dadosabertos.camara.leg.br/api/v2/partidos/37906;RN;35.0;0.0;2023
2363884;https://dadosabertos.camara.leg.br/api/v2/proposicoes/2363884;220618.0;https://dadosabertos.camara.leg.br/api/v2/deputados/220618;10000;Deputado(a);Sargento Portugal;PODE;https://dadosabertos.camara.leg.br/api/v2/partidos/36896;RJ;1.0;1.0;2023
2366769;https://dadosabertos.camara.leg.br/api/v2/proposicoes/2366769;220645.0;https://dadosabertos.camara.leg.br/api/v2/deputados/220645;10000;Deputado(a);Erika Hilton;PSOL;https://dadosabertos.camara.leg.br/api/v2/partidos/36839;SP;1.0;1.0;2023
2394312;https://dadosabertos.camara.leg.br/api/v2/proposicoes/2394312;220652.0;https://dadosabertos.camara.leg.br/api/v2/deputados/220652;10000;Deputado(a);Delegado Palumbo;MDB;https://dadosabertos.camara.leg.br/api/v2/partidos/36899;SP;1.0;1.0;2023
2395052;https://dadosabertos.camara.leg.br/api/v2/proposicoes/2395052;220608.0;https://dadosabertos.camara.leg.br/api/v2/deputados/220608;10000;Deputado(a);Cristiane Lopes;UNIÃO;https://dadosabertos.camara.leg.br/api/v2/partidos/38009;RO;1.0;1.0;2023
2484056;https://dadosabertos.camara.leg.br/api/v2/proposicoes/2484056;160575.0;https://dadosabertos.camara.leg.br/api/v2/deputados/160575;10000;Deputado(a);Erika Kokay;PT;https://dadosabertos.camara.leg.br/api/v2/partidos/36844;DF;1.0;1.0;2025
2374131;https://dadosabertos.camara.leg.br/api/v2/proposicoes/2374131;74041.0;https://dadosabertos.camara.leg.br/api/v2/deputados/74041;10000;Deputado(a);Luiz Couto;PT;https://dadosabertos.camara.leg.br/api/v2/partidos/36844;PB;9.0;0.0;2023
2364974;https://dadosabertos.camara.leg.br/api/v2/proposicoes/2364974;;https://dadosabertos.camara.leg.br/api/v2/orgaos/78;40000;Órgão do Poder Legislativo;Senado Federal;;;;1.0;1.0;2023
2425985;https://dadosabertos.camara.leg.br/api/v2/proposicoes/2425985;74585.0;https://dadosabertos.camara.leg.br/api/v2/deputados/74585;10000;Deputado(a);Lincoln Portela;PL;https://dadosabertos.camara.leg.br/api/v2/partidos/37906;MG;195.0;0.0;2024
2485492;https://dadosabertos.camara.leg.br/api/v2/proposicoes/2485492;220552.0;https://dadosabertos.camara.leg.br/api/v2/deputados/220552;10000;Deputado(a);Zucco;PL;https://dadosabertos.camara.leg.br/api/v2/partidos/37906;RS;1.0;1.0;2025
2475188;https://dadosabertos.camara.leg.br/api/v2/proposicoes/2475188;74160.0;https://dadosabertos.camara.leg.br/api/v2/deputados/74160;10000;Deputado(a);Patrus Ananias;PT;https://dadosabertos.camara.leg.br/api/v2/partidos/36844;MG;1.0;1.0;2024
2415812;https://dadosabertos.camara.leg.br/api/v2/proposicoes/2415812;204506.0;https://dadosabertos.camara.leg.br/api/v2/deputados/204506;10000;Deputado(a);Marcos Pereira;REPUBLIC;;SP;1.0;1.0;2023
2449023;https://dadosabertos.camara.leg.br/api/v2/proposicoes/2449023;160161.0;https://dadosabertos.camara.leg.br/api/v2/deputados/160161;10000;Deputado(a);Marcelo Queiroz;PP;https://dadosabertos.camara.leg.br/api/v2/partidos/37903;RJ;1.0;1.0;2024
2485716;https://dadosabertos.camara.leg.br/api/v2/proposicoes/2485716;178937.0;https://dadosabertos.camara.leg.br/api/v2/deputados/178937;10000;Deputado(a);Altineu Côrtes;PL;https://dadosabertos.camara.leg.br/api/v2/partidos/37906;RJ;1.0;1.0;2025
2438305;https://dadosabertos.camara.leg.br/api/v2/proposicoes/2438305;220695.0;https://dadosabertos.camara.leg.br/api/v2/deputados/220695;10000;Deputado(a);Rogéria Santos;REPUBLIC;;BA;1.0;1.0;2024
2391881;https://dadosabertos.camara.leg.br/api/v2/proposicoes/2391881;;https://dadosabertos.camara.leg.br/api/v2/orgaos/539461;4;COMISSÃO PARLAMENTAR DE INQUÉRITO;Comissão Parlamentar de Inquérito destinada a investigar indícios de operações fraudulentas sofisticadas na gestão de diversas empresas de serviços financeiros que prometem gerar patrimônio por meio de gestão de criptomoedas, com divulgação de informações falsas sobre projetos ou serviços e promessa de rentabilidade anormalmente alta ou garantida e inexistência de taxas, mas constituindo-se em sistema de remuneração alimentado pela entrada de novos participantes (o que tem trazido prejuízos vultosos aos investidores e a toda a sociedade, entre os anos de 2019 e 2022);;;;1.0;1.0;2023
2371651;https://dadosabertos.camara.leg.br/api/v2/proposicoes/2371651;160592.0;https://dadosabertos.camara.leg.br/api/v2/deputados/160592;10000;Deputado(a);Zeca Dirceu;PT;https://dadosabertos.camara.leg.br/api/v2/partidos/36844;PR;4.0;0.0;2023
2374370;https://dadosabertos.camara.leg.br/api/v2/proposicoes/2374370;220653.0;https://dadosabertos.camara.leg.br/api/v2/deputados/220653;10000;Deputado(a);Fábio Teruel;MDB;https://dadosabertos.camara.leg.br/api/v2/partidos/36899;SP;1.0;1.0;2023
2370615;https://dadosabertos.camara.leg.br/api/v2/proposicoes/2370615;74856.0;https://dadosabertos.camara.leg.br/api/v2/deputados/74856;10000;Deputado(a);Laura Carneiro;PSD;https://dadosabertos.camara.leg.br/api/v2/partidos/36834;RJ;1.0;1.0;2023
2440742;https://dadosabertos.camara.leg.br/api/v2/proposicoes/2440742;220674.0;https://dadosabertos.camara.leg.br/api/v2/deputados/220674;10000;Deputado(a);Dra. Alessandra Haber;MDB;https://dadosabertos.camara.leg.br/api/v2/partidos/36899;PA;166.0;0.0;2024
2373422;https://dadosabertos.camara.leg.br/api/v2/proposicoes/2373422;160556.0;https://dadosabertos.camara.leg.br/api/v2/deputados/160556;10000;Deputado(a);Padre João;PT;https://dadosabertos.camara.leg.br/api/v2/partidos/36844;MG;3.0;1.0;2023
2375900;https://dadosabertos.camara.leg.br/api/v2/proposicoes/2375900;;https://dadosabertos.camara.leg.br/api/v2/orgaos/2003;2;COMISSÃO PERMANENTE;Comissão de Constituição e Justiça e de Cidadania;;;;1.0;1.0;2023
2424989;https://dadosabertos.camara.leg.br/api/v2/proposicoes/2424989;204567.0;https://dadosabertos.camara.leg.br/api/v2/deputados/204567;10000;Deputado(a);Raimundo Costa;PODE;https://dadosabertos.camara.leg.br/api/v2/partidos/36896;BA;1.0;1.0;2024
2422308;https://dadosabertos.camara.leg.br/api/v2/proposicoes/2422308;204365.0;https://dadosabertos.camara.leg.br/api/v2/deputados/204365;10000;Deputado(a);Gilson Marques;NOVO;https://dadosabertos.camara.leg.br/api/v2/partidos/37901;SC;1.0;1.0;2024
2467535;https://dadosabertos.camara.leg.br/api/v2/proposicoes/2467535;204506.0;https://dadosabertos.camara.leg.br/api/v2/deputados/204506;10000;Deputado(a);Marcos Pereira;REPUBLIC;;SP;1.0;1.0;2024
2424850;https://dadosabertos.camara.leg.br/api/v2/proposicoes/2424850;221378.0;https://dadosabertos.camara.leg.br/api/v2/deputados/221378;10000;Deputado(a);Reginete Bispo;PT;https://dadosabertos.camara.leg.br/api/v2/partidos/36844;RS;1.0;1.0;2024
2474422;https://dadosabertos.camara.leg.br/api/v2/proposicoes/2474422;220654.0;https://dadosabertos.camara.leg.br/api/v2/deputados/220654;10000;Deputado(a);Delegado Paulo Bilynskyj;PL;https://dadosabertos.camara.leg.br/api/v2/partidos/37906;SP;1.0;1.0;2024
2407415;https://dadosabertos.camara.leg.br/api/v2/proposicoes/2407415;204462.0;https://dadosabertos.camara.leg.br/api/v2/deputados/204462;10000;Deputado(a);Chris Tonietto;PL;https://dadosabertos.camara.leg.br/api/v2/partidos/37906;RJ;1.0;1.0;2023
2400188;https://dadosabertos.camara.leg.br/api/v2/proposicoes/2400188;160575.0;https://dadosabertos.camara.leg.br/api/v2/deputados/160575;10000;Deputado(a);Erika Kokay;PT;https://dadosabertos.camara.leg.br/api/v2/partidos/36844;DF;1.0;1.0;2023
2470444;https://dadosabertos.camara.leg.br/api/v2/proposicoes/2470444;74478.0;https://dadosabertos.camara.leg.br/api/v2/deputados/74478;10000;Deputado(a);Luciano Bivar;UNIÃO;https://dadosabertos.camara.leg.br/api/v2/partidos/38009;PE;1.0;1.0;2024
2397012;https://dadosabertos.camara.leg.br/api/v2/proposicoes/2397012;178887.0;https://dadosabertos.camara.leg.br/api/v2/deputados/178887;10000;Deputado(a);Rubens Pereira Júnior;PT;https://dadosabertos.camara.leg.br/api/v2/partidos/36844;MA;1.0;1.0;2023
2452131;https://dadosabertos.camara.leg.br/api/v2/proposicoes/2452131;220559.0;https://dadosabertos.camara.leg.br/api/v2/deputados/220559;10000;Deputado(a);Julia Zanatta;PL;https://dadosabertos.camara.leg.br/api/v2/partidos/37906;SC;1.0;1.0;2024
2470718;https://dadosabertos.camara.leg.br/api/v2/proposicoes/2470718;178871.0;https://dadosabertos.camara.leg.br/api/v2/deputados/178871;10000;Deputado(a);Evair Vieira de Melo;PP;https://dadosabertos.camara.leg.br/api/v2/partidos/37903;ES;1.0;1.0;2024
2408166;https://dadosabertos.camara.leg.br/api/v2/proposicoes/2408166;74057.0;https://dadosabertos.camara.leg.br/api/v2/deputados/74057;10000;Deputado(a);Alice Portugal;PCdoB;https://dadosabertos.camara.leg.br/api/v2/partidos/36779;BA;139.0;1.0;2023
2471366;https://dadosabertos.camara.leg.br/api/v2/proposicoes/2471366;220557.0;https://dadosabertos.camara.leg.br/api/v2/deputados/220557;10000;Deputado(a);Daniela Reinehr;PL;https://dadosabertos.camara.leg.br/api/v2/partidos/37906;SC;4.0;0.0;2024
2469777;https://dadosabertos.camara.leg.br/api/v2/proposicoes/2469777;74856.0;https://dadosabertos.camara.leg.br/api/v2/deputados/74856;10000;Deputado(a);Laura Carneiro;PSD;https://dadosabertos.camara.leg.br/api/v2/partidos/36834;RJ;1.0;1.0;2024
2455754;https://dadosabertos.camara.leg.br/api/v2/proposicoes/2455754;;https://dadosabertos.camara.leg.br/api/v2/orgaos/111;81001;Plenário Virtual CN;CONGRESSO NACIONAL;;;;1.0;1.0;2024
2387396;https://dadosabertos.camara.leg.br/api/v2/proposicoes/2387396;;https://dadosabertos.camara.leg.br/api/v2/orgaos/101952;80000;Liderança;Liderança do Partido Socialista Brasileiro;;;;1.0;1.0;2023
2407030;https://dadosabertos.camara.leg.br/api/v2/proposicoes/2407030;178873.0;https://dadosabertos.camara.leg.br/api/v2/deputados/178873;10000;Deputado(a);Helder Salomão;PT;https://dadosabertos.camara.leg.br/api/v2/partidos/36844;ES;1.0;1.0;2023
2477854;https://dadosabertos.camara.leg.br/api/v2/proposicoes/2477854;204365.0;https://dadosabertos.camara.leg.br/api/v2/deputados/204365;10000;Deputado(a);Gilson Marques;NOVO;https://dadosabertos.camara.leg.br/api/v2/partidos/37901;SC;1.0;1.0;2024
2365957;https://dadosabertos.camara.leg.br/api/v2/proposicoes/2365957;204495.0;https://dadosabertos.camara.leg.br/api/v2/deputados/204495;10000;Deputado(a);Airton Faleiro;PT;https://dadosabertos.camara.leg.br/api/v2/partidos/36844;PA;1.0;1.0;2023
2462876;https://dadosabertos.camara.leg.br/api/v2/proposicoes/2462876;143632.0;https://dadosabertos.camara.leg.br/api/v2/deputados/143632;10000;Deputado(a);Domingos Neto;PSD;https://dadosabertos.camara.leg.br/api/v2/partidos/36834;CE;21.0;0.0;2024
2396668;https://dadosabertos.camara.leg.br/api/v2/proposicoes/2396668;;https://dadosabertos.camara.leg.br/api/v2/orgaos/10037;80000;Liderança;Liderança do Partido Liberal;;;;1.0;1.0;2023
2376311;https://dadosabertos.camara.leg.br/api/v2/proposicoes/2376311;220598.0;https://dadosabertos.camara.leg.br/api/v2/deputados/220598;10000;Deputado(a);Tarcísio Motta;PSOL;https://dadosabertos.camara.leg.br/api/v2/partidos/36839;RJ;2.0;1.0;2023
2459241;https://dadosabertos.camara.leg.br/api/v2/proposicoes/2459241;220557.0;https://dadosabertos.camara.leg.br/api/v2/deputados/220557;10000;Deputado(a);Daniela Reinehr;PL;https://dadosabertos.camara.leg.br/api/v2/partidos/37906;SC;8.0;1.0;2024
2434743;https://dadosabertos.camara.leg.br/api/v2/proposicoes/2434743;220695.0;https://dadosabertos.camara.leg.br/api/v2/deputados/220695;10000;Deputado(a);Rogéria Santos;REPUBLIC;;BA;11.0;0.0;2024
2477705;https://dadosabertos.camara.leg.br/api/v2/proposicoes/2477705;;https://dadosabertos.camara.leg.br/api/v2/orgaos/539385;2;COMISSÃO PERMANENTE;Comissão de Comunicação;;;;1.0;1.0;2024
2411885;https://dadosabertos.camara.leg.br/api/v2/proposicoes/2411885;220596.0;https://dadosabertos.camara.leg.br/api/v2/deputados/220596;10000;Deputado(a);Amália Barros;PL;https://dadosabertos.camara.leg.br/api/v2/partidos/37906;MT;163.0;1.0;2023
2483409;https://dadosabertos.camara.leg.br/api/v2/proposicoes/2483409;204479.0;https://dadosabertos.camara.leg.br/api/v2/deputados/204479;10000;Deputado(a);Nicoletti;UNIÃO;https://dadosabertos.camara.leg.br/api/v2/partidos/38009;RR;1.0;1.0;2025
2436628;https://dadosabertos.camara.leg.br/api/v2/proposicoes/2436628;141487.0;https://dadosabertos.camara.leg.br/api/v2/deputados/141487;10000;Deputado(a);Luiz Fernando Faria;PSD;https://dadosabertos.camara.leg.br/api/v2/partidos/36834;MG;109.0;0.0;2024
2405525;https://dadosabertos.camara.leg.br/api/v2/proposicoes/2405525;73433.0;https://dadosabertos.camara.leg.br/api/v2/deputados/73433;10000;Deputado(a);Arlindo Chinaglia;PT;https://dadosabertos.camara.leg.br/api/v2/partidos/36844;SP;1.0;1.0;2023
2476675;https://dadosabertos.camara.leg.br/api/v2/proposicoes/2476675;;https://dadosabertos.camara.leg.br/api/v2/orgaos/2003;2;COMISSÃO PERMANENTE;Comissão de Constituição e Justiça e de Cidadania;;;;1.0;1.0;2024
2391868;https://dadosabertos.camara.leg.br/api/v2/proposicoes/2391868;;https://dadosabertos.camara.leg.br/api/v2/orgaos/539461;4;COMISSÃO PARLAMENTAR DE INQUÉRITO;Comissão Parlamentar de Inquérito destinada a investigar indícios de operações fraudulentas sofisticadas na gestão de diversas empresas de serviços financeiros que prometem gerar patrimônio por meio de gestão de criptomoedas, com divulgação de informações falsas sobre projetos ou serviços e promessa de rentabilidade anormalmente alta ou garantida e inexistência de taxas, mas constituindo-se em sistema de remuneração alimentado pela entrada de novos participantes (o que tem trazido prejuízos vultosos aos investidores e a toda a sociedade, entre os anos de 2019 e 2022);;;;1.0;1.0;2023
2463405;https://dadosabertos.camara.leg.br/api/v2/proposicoes/2463405;74084.0;https://dadosabertos.camara.leg.br/api/v2/deputados/74084;10000;Deputado(a);Raimundo Santos;PSD;https://dadosabertos.camara.leg.br/api/v2/partidos/36834;PA;1.0;1.0;2024
2486281;https://dadosabertos.camara.leg.br/api/v2/proposicoes/2486281;220656.0;https://dadosabertos.camara.leg.br/api/v2/deputados/220656;10000;Deputado(a);Fernanda Pessoa;UNIÃO;https://dadosabertos.camara.leg.br/api/v2/partidos/38009;CE;29.0;0.0;2025
2412170;https://dadosabertos.camara.leg.br/api/v2/proposicoes/2412170;220543.0;https://dadosabertos.camara.leg.br/api/v2/deputados/220543;10000;Deputado(a);Ricardo Ayres;REPUBLIC;;TO;1.0;1.0;2023
2408974;https://dadosabertos.camara.leg.br/api/v2/proposicoes/2408974;160161.0;https://dadosabertos.camara.leg.br/api/v2/deputados/160161;10000;Deputado(a);Marcelo Queiroz;PP;https://dadosabertos.camara.leg.br/api/v2/partidos/37903;RJ;1.0;1.0;2023
2434609;https://dadosabertos.camara.leg.br/api/v2/proposicoes/2434609;220619.0;https://dadosabertos.camara.leg.br/api/v2/deputados/220619;10000;Deputado(a);Delegado Ramagem;PL;https://dadosabertos.camara.leg.br/api/v2/partidos/37906;RJ;1.0;1.0;2024
2476528;https://dadosabertos.camara.leg.br/api/v2/proposicoes/2476528;220715.0;https://dadosabertos.camara.leg.br/api/v2/deputados/220715;10000;Deputado(a);Amom Mandel;CIDADANIA;https://dadosabertos.camara.leg.br/api/v2/partidos/37905;AM;1.0;1.0;2024
2365355;https://dadosabertos.camara.leg.br/api/v2/proposicoes/2365355;;https://dadosabertos.camara.leg.br/api/v2/orgaos/102601;9;COMISSÃO MEDIDA PROVISÓRIA;Comissão Mista da MPV 1154/2023;;;;1.0;1.0;2023
2469922;https://dadosabertos.camara.leg.br/api/v2/proposicoes/2469922;206018.0;https://dadosabertos.camara.leg.br/api/v2/deputados/206018;10000;Deputado(a);Célia Xakriabá;PSOL;https://dadosabertos.camara.leg.br/api/v2/partidos/36839;MG;3.0;1.0;2024
2447434;https://dadosabertos.camara.leg.br/api/v2/proposicoes/2447434;206018.0;https://dadosabertos.camara.leg.br/api/v2/deputados/206018;10000;Deputado(a);Célia Xakriabá;PSOL;https://dadosabertos.camara.leg.br/api/v2/partidos/36839;MG;1.0;1.0;2024
2430040;https://dadosabertos.camara.leg.br/api/v2/proposicoes/2430040;;https://dadosabertos.camara.leg.br/api/v2/orgaos/2015;2;COMISSÃO PERMANENTE;Comissão de Trabalho;;;;1.0;1.0;2024
2483200;https://dadosabertos.camara.leg.br/api/v2/proposicoes/2483200;153423.0;https://dadosabertos.camara.leg.br/api/v2/deputados/153423;10000;Deputado(a);Renilce Nicodemos;MDB;https://dadosabertos.camara.leg.br/api/v2/partidos/36899;PA;37.0;0.0;2025
2473884;https://dadosabertos.camara.leg.br/api/v2/proposicoes/2473884;133439.0;https://dadosabertos.camara.leg.br/api/v2/deputados/133439;10000;Deputado(a);André Figueiredo;PDT;https://dadosabertos.camara.leg.br/api/v2/partidos/36786;CE;1.0;1.0;2024
2461736;https://dadosabertos.camara.leg.br/api/v2/proposicoes/2461736;220571.0;https://dadosabertos.camara.leg.br/api/v2/deputados/220571;10000;Deputado(a);Daniel Agrobom;PL;https://dadosabertos.camara.leg.br/api/v2/partidos/37906;GO;1.0;1.0;2024
2361739;https://dadosabertos.camara.leg.br/api/v2/proposicoes/2361739;204506.0;https://dadosabertos.camara.leg.br/api/v2/deputados/204506;10000;Deputado(a);Marcos Pereira;REPUBLIC;;SP;1.0;1.0;2023
2404235;https://dadosabertos.camara.leg.br/api/v2/proposicoes/2404235;160604.0;https://dadosabertos.camara.leg.br/api/v2/deputados/160604;10000;Deputado(a);Pedro Uczai;PT;https://dadosabertos.camara.leg.br/api/v2/partidos/36844;SC;6.0;1.0;2023
2480701;https://dadosabertos.camara.leg.br/api/v2/proposicoes/2480701;171617.0;https://dadosabertos.camara.leg.br/api/v2/deputados/171617;10000;Deputado(a);Paulão;PT;https://dadosabertos.camara.leg.br/api/v2/partidos/36844;AL;173.0;1.0;2024
2399472;https://dadosabertos.camara.leg.br/api/v2/proposicoes/2399472;204450.0;https://dadosabertos.camara.leg.br/api/v2/deputados/204450;10000;Deputado(a);Doutor Luizinho;PP;https://dadosabertos.camara.leg.br/api/v2/partidos/37903;RJ;4.0;0.0;2023
2384092;https://dadosabertos.camara.leg.br/api/v2/proposicoes/2384092;137070.0;https://dadosabertos.camara.leg.br/api/v2/deputados/137070;10000;Deputado(a);Vicentinho Júnior;PP;https://dadosabertos.camara.leg.br/api/v2/partidos/37903;TO;1.0;1.0;2023
2468496;https://dadosabertos.camara.leg.br/api/v2/proposicoes/2468496;204497.0;https://dadosabertos.camara.leg.br/api/v2/deputados/204497;10000;Deputado(a);Júnior Ferrari;PSD;https://dadosabertos.camara.leg.br/api/v2/partidos/36834;PA;1.0;1.0;2024
2483993;https://dadosabertos.camara.leg.br/api/v2/proposicoes/2483993;220591.0;https://dadosabertos.camara.leg.br/api/v2/deputados/220591;10000;Deputado(a);Meire Serafim;UNIÃO;https://dadosabertos.camara.leg.br/api/v2/partidos/38009;AC;15.0;0.0;2025
2368282;https://dadosabertos.camara.leg.br/api/v2/proposicoes/2368282;204491.0;https://dadosabertos.camara.leg.br/api/v2/deputados/204491;10000;Deputado(a);Gilberto Abramo;REPUBLIC;;MG;112.0;0.0;2023
2443148;https://dadosabertos.camara.leg.br/api/v2/proposicoes/2443148;178881.0;https://dadosabertos.camara.leg.br/api/v2/deputados/178881;10000;Deputado(a);Aluisio Mendes;REPUBLIC;;MA;1.0;1.0;2024
2487414;https://dadosabertos.camara.leg.br/api/v2/proposicoes/2487414;220659.0;https://dadosabertos.camara.leg.br/api/v2/deputados/220659;10000;Deputado(a);Dayany Bittencourt;UNIÃO;https://dadosabertos.camara.leg.br/api/v2/partidos/38009;CE;1.0;1.0;2025
2450342;https://dadosabertos.camara.leg.br/api/v2/proposicoes/2450342;;https://dadosabertos.camara.leg.br/api/v2/orgaos/253;30000;Órgão do Poder Executivo;Poder Executivo;;;;1.0;1.0;2024
2373202;https://dadosabertos.camara.leg.br/api/v2/proposicoes/2373202;74156.0;https://dadosabertos.camara.leg.br/api/v2/deputados/74156;10000;Deputado(a);Leonardo Monteiro;PT;https://dadosabertos.camara.leg.br/api/v2/partidos/36844;MG;21.0;0.0;2023
2379729;https://dadosabertos.camara.leg.br/api/v2/proposicoes/2379729;178843.0;https://dadosabertos.camara.leg.br/api/v2/deputados/178843;10000;Deputado(a);Marx Beltrão;PP;https://dadosabertos.camara.leg.br/api/v2/partidos/37903;AL;1.0;1.0;2023
2395264;https://dadosabertos.camara.leg.br/api/v2/proposicoes/2395264;178866.0;https://dadosabertos.camara.leg.br/api/v2/deputados/178866;10000;Deputado(a);Luizianne Lins;PT;https://dadosabertos.camara.leg.br/api/v2/partidos/36844;CE;52.0;1.0;2023
2432162;https://dadosabertos.camara.leg.br/api/v2/proposicoes/2432162;204394.0;https://dadosabertos.camara.leg.br/api/v2/deputados/204394;10000;Deputado(a);Gervásio Maia;PSB;https://dadosabertos.camara.leg.br/api/v2/partidos/36832;PB;1.0;1.0;2024
2448623;https://dadosabertos.camara.leg.br/api/v2/proposicoes/2448623;98148.0;https://dadosabertos.camara.leg.br/api/v2/deputados/98148;10000;Deputado(a);Cobalchini;MDB;https://dadosabertos.camara.leg.br/api/v2/partidos/36899;SC;3.0;0.0;2024
2371177;https://dadosabertos.camara.leg.br/api/v2/proposicoes/2371177;220588.0;https://dadosabertos.camara.leg.br/api/v2/deputados/220588;10000;Deputado(a);Roberto Duarte;REPUBLIC;;AC;116.0;0.0;2023
2465595;https://dadosabertos.camara.leg.br/api/v2/proposicoes/2465595;220530.0;https://dadosabertos.camara.leg.br/api/v2/deputados/220530;10000;Deputado(a);Messias Donato;REPUBLIC;;ES;1.0;1.0;2024
2436757;https://dadosabertos.camara.leg.br/api/v2/proposicoes/2436757;204365.0;https://dadosabertos.camara.leg.br/api/v2/deputados/204365;10000;Deputado(a);Gilson Marques;NOVO;https://dadosabertos.camara.leg.br/api/v2/partidos/37901;SC;1.0;1.0;2024
2482921;https://dadosabertos.camara.leg.br/api/v2/proposicoes/2482921;;https://dadosabertos.camara.leg.br/api/v2/orgaos/253;30000;Órgão do Poder Executivo;Poder Executivo;;;;1.0;1.0;2025
2485211;https://dadosabertos.camara.leg.br/api/v2/proposicoes/2485211;204528.0;https://dadosabertos.camara.leg.br/api/v2/deputados/204528;10000;Deputado(a);Adriana Ventura;NOVO;https://dadosabertos.camara.leg.br/api/v2/partidos/37901;SP;43.0;1.0;2025
2362989;https://dadosabertos.camara.leg.br/api/v2/proposicoes/2362989;220533.0;https://dadosabertos.camara.leg.br/api/v2/deputados/220533;10000;Deputado(a);Prof. Reginaldo Veras;PV;https://dadosabertos.camara.leg.br/api/v2/partidos/36851;DF;153.0;0.0;2023
2397565;https://dadosabertos.camara.leg.br/api/v2/proposicoes/2397565;204528.0;https://dadosabertos.camara.leg.br/api/v2/deputados/204528;10000;Deputado(a);Adriana Ventura;NOVO;https://dadosabertos.camara.leg.br/api/v2/partidos/37901;SP;2.0;1.0;2023
2485966;https://dadosabertos.camara.leg.br/api/v2/proposicoes/2485966;220546.0;https://dadosabertos.camara.leg.br/api/v2/deputados/220546;10000;Deputado(a);Rodolfo Nogueira;PL;https://dadosabertos.camara.leg.br/api/v2/partidos/37906;MS;1.0;1.0;2025
2367806;https://dadosabertos.camara.leg.br/api/v2/proposicoes/2367806;220623.0;https://dadosabertos.camara.leg.br/api/v2/deputados/220623;10000;Deputado(a);Duda Salabert;PDT;https://dadosabertos.camara.leg.br/api/v2/partidos/36786;MG;1.0;1.0;2023
2468077;https://dadosabertos.camara.leg.br/api/v2/proposicoes/2468077;220671.0;https://dadosabertos.camara.leg.br/api/v2/deputados/220671;10000;Deputado(a);Dilvanda Faro;PT;https://dadosabertos.camara.leg.br/api/v2/partidos/36844;PA;4.0;1.0;2024
2486378;https://dadosabertos.camara.leg.br/api/v2/proposicoes/2486378;160559.0;https://dadosabertos.camara.leg.br/api/v2/deputados/160559;10000;Deputado(a);Alceu Moreira;MDB;https://dadosabertos.camara.leg.br/api/v2/partidos/36899;RS;1.0;1.0;2025
2394259;https://dadosabertos.camara.leg.br/api/v2/proposicoes/2394259;123756.0;https://dadosabertos.camara.leg.br/api/v2/deputados/123756;10000;Deputado(a);Antônia Lúcia;REPUBLIC;;AC;67.0;0.0;2023
2364514;https://dadosabertos.camara.leg.br/api/v2/proposicoes/2364514;220712.0;https://dadosabertos.camara.leg.br/api/v2/deputados/220712;10000;Deputado(a);Fausto Santos Jr.;UNIÃO;https://dadosabertos.camara.leg.br/api/v2/partidos/38009;AM;1.0;1.0;2023
2385967;https://dadosabertos.camara.leg.br/api/v2/proposicoes/2385967;74060.0;https://dadosabertos.camara.leg.br/api/v2/deputados/74060;10000;Deputado(a);Daniel Almeida;PCdoB;https://dadosabertos.camara.leg.br/api/v2/partidos/36779;BA;1.0;1.0;2023
2371177;https://dadosabertos.camara.leg.br/api/v2/proposicoes/2371177;220580.0;https://dadosabertos.camara.leg.br/api/v2/deputados/220580;10000;Deputado(a);Professora Goreth;PDT;https://dadosabertos.camara.leg.br/api/v2/partidos/36786;AP;60.0;0.0;2023
2368282;https://dadosabertos.camara.leg.br/api/v2/proposicoes/2368282;220675.0;https://dadosabertos.camara.leg.br/api/v2/deputados/220675;10000;Deputado(a);Antônio Doido;MDB;https://dadosabertos.camara.leg.br/api/v2/partidos/36899;PA;127.0;1.0;2023
2458519;https://dadosabertos.camara.leg.br/api/v2/proposicoes/2458519;204535.0;https://dadosabertos.camara.leg.br/api/v2/deputados/204535;10000;Deputado(a);Sâmia Bomfim;PSOL;https://dadosabertos.camara.leg.br/api/v2/partidos/36839;SP;1.0;1.0;2024
2380228;https://dadosabertos.camara.leg.br/api/v2/proposicoes/2380228;74084.0;https://dadosabertos.camara.leg.br/api/v2/deputados/74084;10000;Deputado(a);Raimundo Santos;PSD;https://dadosabertos.camara.leg.br/api/v2/partidos/36834;PA;1.0;1.0;2023
2373663;https://dadosabertos.camara.leg.br/api/v2/proposicoes/2373663;98148.0;https://dadosabertos.camara.leg.br/api/v2/deputados/98148;10000;Deputado(a);Cobalchini;MDB;https://dadosabertos.camara.leg.br/api/v2/partidos/36899;SC;1.0;1.0;2023
2465971;https://dadosabertos.camara.leg.br/api/v2/proposicoes/2465971;160575.0;https://dadosabertos.camara.leg.br/api/v2/deputados/160575;10000;Deputado(a);Erika Kokay;PT;https://dadosabertos.camara.leg.br/api/v2/partidos/36844;DF;1.0;1.0;2024
2365528;https://dadosabertos.camara.leg.br/api/v2/proposicoes/2365528;160604.0;https://dadosabertos.camara.leg.br/api/v2/deputados/160604;10000;Deputado(a);Pedro Uczai;PT;https://dadosabertos.camara.leg.br/api/v2/partidos/36844;SC;1.0;1.0;2023
2386564;https://dadosabertos.camara.leg.br/api/v2/proposicoes/2386564;133439.0;https://dadosabertos.camara.leg.br/api/v2/deputados/133439;10000;Deputado(a);André Figueiredo;PDT;https://dadosabertos.camara.leg.br/api/v2/partidos/36786;CE;2.0;0.0;2023
2467564;https://dadosabertos.camara.leg.br/api/v2/proposicoes/2467564;204506.0;https://dadosabertos.camara.leg.br/api/v2/deputados/204506;10000;Deputado(a);Marcos Pereira;REPUBLIC;;SP;1.0;1.0;2024
2454646;https://dadosabertos.camara.leg.br/api/v2/proposicoes/2454646;220618.0;https://dadosabertos.camara.leg.br/api/v2/deputados/220618;10000;Deputado(a);Sargento Portugal;PODE;https://dadosabertos.camara.leg.br/api/v2/partidos/36896;RJ;1.0;1.0;2024
2370675;https://dadosabertos.camara.leg.br/api/v2/proposicoes/2370675;171617.0;https://dadosabertos.camara.leg.br/api/v2/deputados/171617;10000;Deputado(a);Paulão;PT;https://dadosabertos.camara.leg.br/api/v2/partidos/36844;AL;5.0;1.0;2023
2442243;https://dadosabertos.camara.leg.br/api/v2/proposicoes/2442243;220654.0;https://dadosabertos.camara.leg.br/api/v2/deputados/220654;10000;Deputado(a);Delegado Paulo Bilynskyj;PL;https://dadosabertos.camara.leg.br/api/v2/partidos/37906;SP;3.0;1.0;2024
2366655;https://dadosabertos.camara.leg.br/api/v2/proposicoes/2366655;178931.0;https://dadosabertos.camara.leg.br/api/v2/deputados/178931;10000;Deputado(a);Luciano Ducci;PSB;https://dadosabertos.camara.leg.br/api/v2/partidos/36832;PR;117.0;0.0;2023
2435553;https://dadosabertos.camara.leg.br/api/v2/proposicoes/2435553;204365.0;https://dadosabertos.camara.leg.br/api/v2/deputados/204365;10000;Deputado(a);Gilson Marques;NOVO;https://dadosabertos.camara.leg.br/api/v2/partidos/37901;SC;1.0;1.0;2024
2452261;https://dadosabertos.camara.leg.br/api/v2/proposicoes/2452261;;https://dadosabertos.camara.leg.br/api/v2/orgaos/102608;80000;Liderança;Liderança da Federação PT-PCdoB-PV;PT;https://dadosabertos.camara.leg.br/api/v2/partidos/36844;MG;1.0;1.0;2024
2409625;https://dadosabertos.camara.leg.br/api/v2/proposicoes/2409625;220569.0;https://dadosabertos.camara.leg.br/api/v2/deputados/220569;10000;Deputado(a);Silvye Alves;UNIÃO;https://dadosabertos.camara.leg.br/api/v2/partidos/38009;GO;1.0;1.0;2023
2435522;https://dadosabertos.camara.leg.br/api/v2/proposicoes/2435522;104552.0;https://dadosabertos.camara.leg.br/api/v2/deputados/104552;10000;Deputado(a);Socorro Neri;PP;https://dadosabertos.camara.leg.br/api/v2/partidos/37903;AC;14.0;1.0;2024
2428442;https://dadosabertos.camara.leg.br/api/v2/proposicoes/2428442;204450.0;https://dadosabertos.camara.leg.br/api/v2/deputados/204450;10000;Deputado(a);Doutor Luizinho;PP;https://dadosabertos.camara.leg.br/api/v2/partidos/37903;RJ;1.0;1.0;2024
2363320;https://dadosabertos.camara.leg.br/api/v2/proposicoes/2363320;220618.0;https://dadosabertos.camara.leg.br/api/v2/deputados/220618;10000;Deputado(a);Sargento Portugal;PODE;https://dadosabertos.camara.leg.br/api/v2/partidos/36896;RJ;53.0;0.0;2023
2435427;https://dadosabertos.camara.leg.br/api/v2/proposicoes/2435427;74171.0;https://dadosabertos.camara.leg.br/api/v2/deputados/74171;10000;Deputado(a);Chico Alencar;PSOL;https://dadosabertos.camara.leg.br/api/v2/partidos/36839;RJ;1.0;1.0;2024
2458465;https://dadosabertos.camara.leg.br/api/v2/proposicoes/2458465;74478.0;https://dadosabertos.camara.leg.br/api/v2/deputados/74478;10000;Deputado(a);Luciano Bivar;UNIÃO;https://dadosabertos.camara.leg.br/api/v2/partidos/38009;PE;1.0;1.0;2024
2370587;https://dadosabertos.camara.leg.br/api/v2/proposicoes/2370587;204517.0;https://dadosabertos.camara.leg.br/api/v2/deputados/204517;10000;Deputado(a);Zé Vitor;PL;https://dadosabertos.camara.leg.br/api/v2/partidos/37906;MG;193.0;0.0;2023
2463154;https://dadosabertos.camara.leg.br/api/v2/proposicoes/2463154;204374.0;https://dadosabertos.camara.leg.br/api/v2/deputados/204374;10000;Deputado(a);Bia Kicis;PL;https://dadosabertos.camara.leg.br/api/v2/partidos/37906;DF;1.0;1.0;2024
2366111;https://dadosabertos.camara.leg.br/api/v2/proposicoes/2366111;204416.0;https://dadosabertos.camara.leg.br/api/v2/deputados/204416;10000;Deputado(a);Sanderson;PL;https://dadosabertos.camara.leg.br/api/v2/partidos/37906;RS;38.0;1.0;2023
2381359;https://dadosabertos.camara.leg.br/api/v2/proposicoes/2381359;;https://dadosabertos.camara.leg.br/api/v2/orgaos/102608;80000;Liderança;Liderança da Federação PT-PCdoB-PV;;;;1.0;1.0;2023
2414224;https://dadosabertos.camara.leg.br/api/v2/proposicoes/2414224;204426.0;https://dadosabertos.camara.leg.br/api/v2/deputados/204426;10000;Deputado(a);Carlos Veras;PT;https://dadosabertos.camara.leg.br/api/v2/partidos/36844;PE;9.0;1.0;2023
2365458;https://dadosabertos.camara.leg.br/api/v2/proposicoes/2365458;204395.0;https://dadosabertos.camara.leg.br/api/v2/deputados/204395;10000;Deputado(a);Pedro Lupion;PP;https://dadosabertos.camara.leg.br/api/v2/partidos/37903;PR;1.0;1.0;2023
2383918;https://dadosabertos.camara.leg.br/api/v2/proposicoes/2383918;74428.0;https://dadosabertos.camara.leg.br/api/v2/deputados/74428;10000;Deputado(a);Mendonça Filho;UNIÃO;https://dadosabertos.camara.leg.br/api/v2/partidos/38009;PE;1.0;1.0;2023
2377568;https://dadosabertos.camara.leg.br/api/v2/proposicoes/2377568;74856.0;https://dadosabertos.camara.leg.br/api/v2/deputados/74856;10000;Deputado(a);Laura Carneiro;PSD;https://dadosabertos.camara.leg.br/api/v2/partidos/36834;RJ;1.0;1.0;2023
2394898;https://dadosabertos.camara.leg.br/api/v2/proposicoes/2394898;220659.0;https://dadosabertos.camara.leg.br/api/v2/deputados/220659;10000;Deputado(a);Dayany Bittencourt;UNIÃO;https://dadosabertos.camara.leg.br/api/v2/partidos/38009;CE;1.0;1.0;2023
2366981;https://dadosabertos.camara.leg.br/api/v2/proposicoes/2366981;220630.0;https://dadosabertos.camara.leg.br/api/v2/deputados/220630;10000;Deputado(a);Pedro Aihara;PATRIOTA;https://dadosabertos.camara.leg.br/api/v2/partidos/37907;MG;4.0;1.0;2023
2389501;https://dadosabertos.camara.leg.br/api/v2/proposicoes/2389501;143632.0;https://dadosabertos.camara.leg.br/api/v2/deputados/143632;10000;Deputado(a);Domingos Neto;PSD;https://dadosabertos.camara.leg.br/api/v2/partidos/36834;CE;108.0;0.0;2023
2477624;https://dadosabertos.camara.leg.br/api/v2/proposicoes/2477624;220715.0;https://dadosabertos.camara.leg.br/api/v2/deputados/220715;10000;Deputado(a);Amom Mandel;CIDADANIA;https://dadosabertos.camara.leg.br/api/v2/partidos/37905;AM;1.0;1.0;2024
2365560;https://dadosabertos.camara.leg.br/api/v2/proposicoes/2365560;220625.0;https://dadosabertos.camara.leg.br/api/v2/deputados/220625;10000;Deputado(a);Delegada Ione;AVANTE;https://dadosabertos.camara.leg.br/api/v2/partidos/36898;MG;1.0;1.0;2023
2381416;https://dadosabertos.camara.leg.br/api/v2/proposicoes/2381416;74057.0;https://dadosabertos.camara.leg.br/api/v2/deputados/74057;10000;Deputado(a);Alice Portugal;PCdoB;https://dadosabertos.camara.leg.br/api/v2/partidos/36779;BA;1.0;1.0;2023
2366335;https://dadosabertos.camara.leg.br/api/v2/proposicoes/2366335;160518.0;https://dadosabertos.camara.leg.br/api/v2/deputados/160518;10000;Deputado(a);Weliton Prado;SOLIDARI;;MG;143.0;0.0;2023
2435501;https://dadosabertos.camara.leg.br/api/v2/proposicoes/2435501;160642.0;https://dadosabertos.camara.leg.br/api/v2/deputados/160642;10000;Deputado(a);Pastor Eurico;PL;https://dadosabertos.camara.leg.br/api/v2/partidos/37906;PE;41.0;1.0;2024
2431751;https://dadosabertos.camara.leg.br/api/v2/proposicoes/2431751;204536.0;https://dadosabertos.camara.leg.br/api/v2/deputados/204536;10000;Deputado(a);Kim Kataguiri;UNIÃO;https://dadosabertos.camara.leg.br/api/v2/partidos/38009;SP;2.0;0.0;2024
2444032;https://dadosabertos.camara.leg.br/api/v2/proposicoes/2444032;204495.0;https://dadosabertos.camara.leg.br/api/v2/deputados/204495;10000;Deputado(a);Airton Faleiro;PT;https://dadosabertos.camara.leg.br/api/v2/partidos/36844;PA;1.0;1.0;2024
2385704;https://dadosabertos.camara.leg.br/api/v2/proposicoes/2385704;204365.0;https://dadosabertos.camara.leg.br/api/v2/deputados/204365;10000;Deputado(a);Gilson Marques;NOVO;https://dadosabertos.camara.leg.br/api/v2/partidos/37901;SC;1.0;1.0;2023
2390618;https://dadosabertos.camara.leg.br/api/v2/proposicoes/2390618;74161.0;https://dadosabertos.camara.leg.br/api/v2/deputados/74161;10000;Deputado(a);Reginaldo Lopes;PT;https://dadosabertos.camara.leg.br/api/v2/partidos/36844;MG;79.0;0.0;2023
2440527;https://dadosabertos.camara.leg.br/api/v2/proposicoes/2440527;220552.0;https://dadosabertos.camara.leg.br/api/v2/deputados/220552;10000;Deputado(a);Zucco;PL;https://dadosabertos.camara.leg.br/api/v2/partidos/37906;RS;1.0;1.0;2024
2373779;https://dadosabertos.camara.leg.br/api/v2/proposicoes/2373779;220548.0;https://dadosabertos.camara.leg.br/api/v2/deputados/220548;10000;Deputado(a);Camila Jara;PT;https://dadosabertos.camara.leg.br/api/v2/partidos/36844;MS;4.0;1.0;2023
2433579;https://dadosabertos.camara.leg.br/api/v2/proposicoes/2433579;178937.0;https://dadosabertos.camara.leg.br/api/v2/deputados/178937;10000;Deputado(a);Altineu Côrtes;PL;https://dadosabertos.camara.leg.br/api/v2/partidos/37906;RJ;1.0;1.0;2024
2404270;https://dadosabertos.camara.leg.br/api/v2/proposicoes/2404270;160601.0;https://dadosabertos.camara.leg.br/api/v2/deputados/160601;10000;Deputado(a);Pr. Marco Feliciano;PL;https://dadosabertos.camara.leg.br/api/v2/partidos/37906;SP;20.0;1.0;2023
2392656;https://dadosabertos.camara.leg.br/api/v2/proposicoes/2392656;178909.0;https://dadosabertos.camara.leg.br/api/v2/deputados/178909;10000;Deputado(a);Hélio Leite;UNIÃO;https://dadosabertos.camara.leg.br/api/v2/partidos/38009;PA;149.0;0.0;2023
2363434;https://dadosabertos.camara.leg.br/api/v2/proposicoes/2363434;141487.0;https://dadosabertos.camara.leg.br/api/v2/deputados/141487;10000;Deputado(a);Luiz Fernando Faria;PSD;https://dadosabertos.camara.leg.br/api/v2/partidos/36834;MG;103.0;0.0;2023
2457625;https://dadosabertos.camara.leg.br/api/v2/proposicoes/2457625;136811.0;https://dadosabertos.camara.leg.br/api/v2/deputados/136811;10000;Deputado(a);Afonso Hamm;PP;https://dadosabertos.camara.leg.br/api/v2/partidos/37903;RS;1.0;1.0;2024
2412263;https://dadosabertos.camara.leg.br/api/v2/proposicoes/2412263;220579.0;https://dadosabertos.camara.leg.br/api/v2/deputados/220579;10000;Deputado(a);Silvia Waiãpi;PL;https://dadosabertos.camara.leg.br/api/v2/partidos/37906;AP;18.0;1.0;2023
2427777;https://dadosabertos.camara.leg.br/api/v2/proposicoes/2427777;220713.0;https://dadosabertos.camara.leg.br/api/v2/deputados/220713;10000;Deputado(a);Saullo Vianna;UNIÃO;https://dadosabertos.camara.leg.br/api/v2/partidos/38009;AM;1.0;1.0;2024
2398007;https://dadosabertos.camara.leg.br/api/v2/proposicoes/2398007;141391.0;https://dadosabertos.camara.leg.br/api/v2/deputados/141391;10000;Deputado(a);Arnaldo Jardim;CIDADANIA;https://dadosabertos.camara.leg.br/api/v2/partidos/37905;SP;1.0;1.0;2023
2433826;https://dadosabertos.camara.leg.br/api/v2/proposicoes/2433826;74374.0;https://dadosabertos.camara.leg.br/api/v2/deputados/74374;10000;Deputado(a);Geraldo Resende;PSDB;https://dadosabertos.camara.leg.br/api/v2/partidos/36835;MS;1.0;1.0;2024
2427165;https://dadosabertos.camara.leg.br/api/v2/proposicoes/2427165;98057.0;https://dadosabertos.camara.leg.br/api/v2/deputados/98057;10000;Deputado(a);Lafayette de Andrada;REPUBLIC;;MG;25.0;0.0;2024
2360398;https://dadosabertos.camara.leg.br/api/v2/proposicoes/2360398;220663.0;https://dadosabertos.camara.leg.br/api/v2/deputados/220663;10000;Deputado(a);Eriberto Medeiros;PSB;https://dadosabertos.camara.leg.br/api/v2/partidos/36832;PE;1.0;1.0;2023
2433013;https://dadosabertos.camara.leg.br/api/v2/proposicoes/2433013;220549.0;https://dadosabertos.camara.leg.br/api/v2/deputados/220549;10000;Deputado(a);Any Ortiz;CIDADANIA;https://dadosabertos.camara.leg.br/api/v2/partidos/37905;RS;2.0;1.0;2024
2400881;https://dadosabertos.camara.leg.br/api/v2/proposicoes/2400881;;https://dadosabertos.camara.leg.br/api/v2/orgaos/537480;2;COMISSÃO PERMANENTE;Comissão de Defesa dos Direitos das Pessoas com Deficiência;;;;1.0;1.0;2023
2435262;https://dadosabertos.camara.leg.br/api/v2/proposicoes/2435262;220540.0;https://dadosabertos.camara.leg.br/api/v2/deputados/220540;10000;Deputado(a);Duda Ramos;MDB;https://dadosabertos.camara.leg.br/api/v2/partidos/36899;RR;2.0;0.0;2024
2401305;https://dadosabertos.camara.leg.br/api/v2/proposicoes/2401305;204473.0;https://dadosabertos.camara.leg.br/api/v2/deputados/204473;10000;Deputado(a);General Girão;PL;https://dadosabertos.camara.leg.br/api/v2/partidos/37906;RN;1.0;1.0;2023
2421831;https://dadosabertos.camara.leg.br/api/v2/proposicoes/2421831;204407.0;https://dadosabertos.camara.leg.br/api/v2/deputados/204407;10000;Deputado(a);Fernanda Melchionna;PSOL;https://dadosabertos.camara.leg.br/api/v2/partidos/36839;RS;2.0;1.0;2024
2437010;https://dadosabertos.camara.leg.br/api/v2/proposicoes/2437010;116379.0;https://dadosabertos.camara.leg.br/api/v2/deputados/116379;10000;Deputado(a);Darci de Matos;PSD;https://dadosabertos.camara.leg.br/api/v2/partidos/36834;SC;11.0;1.0;2024
2423386;https://dadosabertos.camara.leg.br/api/v2/proposicoes/2423386;178871.0;https://dadosabertos.camara.leg.br/api/v2/deputados/178871;10000;Deputado(a);Evair Vieira de Melo;PP;https://dadosabertos.camara.leg.br/api/v2/partidos/37903;ES;1.0;1.0;2024
2457903;https://dadosabertos.camara.leg.br/api/v2/proposicoes/2457903;204506.0;https://dadosabertos.camara.leg.br/api/v2/deputados/204506;10000;Deputado(a);Marcos Pereira;REPUBLIC;;SP;1.0;1.0;2024
2473530;https://dadosabertos.camara.leg.br/api/v2/proposicoes/2473530;74171.0;https://dadosabertos.camara.leg.br/api/v2/deputados/74171;10000;Deputado(a);Chico Alencar;PSOL;https://dadosabertos.camara.leg.br/api/v2/partidos/36839;RJ;5.0;1.0;2024
2361971;https://dadosabertos.camara.leg.br/api/v2/proposicoes/2361971;73579.0;https://dadosabertos.camara.leg.br/api/v2/deputados/73579;10000;Deputado(a);Alberto Fraga;PL;https://dadosabertos.camara.leg.br/api/v2/partidos/37906;DF;10.0;1.0;2023
2401826;https://dadosabertos.camara.leg.br/api/v2/proposicoes/2401826;220594.0;https://dadosabertos.camara.leg.br/api/v2/deputados/220594;10000;Deputado(a);Coronel Assis;UNIÃO;https://dadosabertos.camara.leg.br/api/v2/partidos/38009;MT;67.0;1.0;2023
2483016;https://dadosabertos.camara.leg.br/api/v2/proposicoes/2483016;188097.0;https://dadosabertos.camara.leg.br/api/v2/deputados/188097;10000;Deputado(a);Merlong Solano;PT;https://dadosabertos.camara.leg.br/api/v2/partidos/36844;PI;44.0;0.0;2025
2445627;https://dadosabertos.camara.leg.br/api/v2/proposicoes/2445627;220654.0;https://dadosabertos.camara.leg.br/api/v2/deputados/220654;10000;Deputado(a);Delegado Paulo Bilynskyj;PL;https://dadosabertos.camara.leg.br/api/v2/partidos/37906;SP;1.0;1.0;2024
2426731;https://dadosabertos.camara.leg.br/api/v2/proposicoes/2426731;178871.0;https://dadosabertos.camara.leg.br/api/v2/deputados/178871;10000;Deputado(a);Evair Vieira de Melo;PP;https://dadosabertos.camara.leg.br/api/v2/partidos/37903;ES;1.0;1.0;2024
2450522;https://dadosabertos.camara.leg.br/api/v2/proposicoes/2450522;204572.0;https://dadosabertos.camara.leg.br/api/v2/deputados/204572;10000;Deputado(a);Capitão Alberto Neto;PL;https://dadosabertos.camara.leg.br/api/v2/partidos/37906;AM;1.0;1.0;2024
2390060;https://dadosabertos.camara.leg.br/api/v2/proposicoes/2390060;;https://dadosabertos.camara.leg.br/api/v2/orgaos/78;40000;Órgão do Poder Legislativo;Senado Federal;;;;1.0;1.0;2023
2426425;https://dadosabertos.camara.leg.br/api/v2/proposicoes/2426425;;https://dadosabertos.camara.leg.br/api/v2/orgaos/539385;2;COMISSÃO PERMANENTE;Comissão de Comunicação;;;;1.0;1.0;2024
2377647;https://dadosabertos.camara.leg.br/api/v2/proposicoes/2377647;73692.0;https://dadosabertos.camara.leg.br/api/v2/deputados/73692;10000;Deputado(a);Osmar Terra;MDB;https://dadosabertos.camara.leg.br/api/v2/partidos/36899;RS;133.0;1.0;2023
2446525;https://dadosabertos.camara.leg.br/api/v2/proposicoes/2446525;220532.0;https://dadosabertos.camara.leg.br/api/v2/deputados/220532;10000;Deputado(a);Rafael Prudente;MDB;https://dadosabertos.camara.leg.br/api/v2/partidos/36899;DF;1.0;1.0;2024
2422117;https://dadosabertos.camara.leg.br/api/v2/proposicoes/2422117;141470.0;https://dadosabertos.camara.leg.br/api/v2/deputados/141470;10000;Deputado(a);José Guimarães;PT;https://dadosabertos.camara.leg.br/api/v2/partidos/36844;CE;1.0;1.0;2024
2399226;https://dadosabertos.camara.leg.br/api/v2/proposicoes/2399226;160632.0;https://dadosabertos.camara.leg.br/api/v2/deputados/160632;10000;Deputado(a);Zé Silva;SOLIDARI;;MG;155.0;0.0;2023
2371689;https://dadosabertos.camara.leg.br/api/v2/proposicoes/2371689;209787.0;https://dadosabertos.camara.leg.br/api/v2/deputados/209787;10000;Deputado(a);Nikolas Ferreira;PL;https://dadosabertos.camara.leg.br/api/v2/partidos/37906;MG;1.0;1.0;2023
2367804;https://dadosabertos.camara.leg.br/api/v2/proposicoes/2367804;220662.0;https://dadosabertos.camara.leg.br/api/v2/deputados/220662;10000;Deputado(a);Lucas Ramos;PSB;https://dadosabertos.camara.leg.br/api/v2/partidos/36832;PE;93.0;0.0;2023
2431186;https://dadosabertos.camara.leg.br/api/v2/proposicoes/2431186;204464.0;https://dadosabertos.camara.leg.br/api/v2/deputados/204464;10000;Deputado(a);Talíria Petrone;PSOL;https://dadosabertos.camara.leg.br/api/v2/partidos/36839;RJ;7.0;1.0;2024
2448293;https://dadosabertos.camara.leg.br/api/v2/proposicoes/2448293;178964.0;https://dadosabertos.camara.leg.br/api/v2/deputados/178964;10000;Deputado(a);Heitor Schuch;PSB;https://dadosabertos.camara.leg.br/api/v2/partidos/36832;RS;3.0;1.0;2024
2438953;https://dadosabertos.camara.leg.br/api/v2/proposicoes/2438953;220715.0;https://dadosabertos.camara.leg.br/api/v2/deputados/220715;10000;Deputado(a);Amom Mandel;CIDADANIA;https://dadosabertos.camara.leg.br/api/v2/partidos/37905;AM;1.0;1.0;2024
2375165;https://dadosabertos.camara.leg.br/api/v2/proposicoes/2375165;74041.0;https://dadosabertos.camara.leg.br/api/v2/deputados/74041;10000;Deputado(a);Luiz Couto;PT;https://dadosabertos.camara.leg.br/api/v2/partidos/36844;PB;1.0;1.0;2023
2362989;https://dadosabertos.camara.leg.br/api/v2/proposicoes/2362989;220567.0;https://dadosabertos.camara.leg.br/api/v2/deputados/220567;10000;Deputado(a);Jeferson Rodrigues;REPUBLIC;;GO;42.0;0.0;2023
2462284;https://dadosabertos.camara.leg.br/api/v2/proposicoes/2462284;178963.0;https://dadosabertos.camara.leg.br/api/v2/deputados/178963;10000;Deputado(a);Covatti Filho;PP;https://dadosabertos.camara.leg.br/api/v2/partidos/37903;RS;1.0;1.0;2024
2410580;https://dadosabertos.camara.leg.br/api/v2/proposicoes/2410580;91228.0;https://dadosabertos.camara.leg.br/api/v2/deputados/91228;10000;Deputado(a);Waldemar Oliveira;AVANTE;https://dadosabertos.camara.leg.br/api/v2/partidos/36898;PE;5.0;0.0;2023
2432662;https://dadosabertos.camara.leg.br/api/v2/proposicoes/2432662;74856.0;https://dadosabertos.camara.leg.br/api/v2/deputados/74856;10000;Deputado(a);Laura Carneiro;PSD;https://dadosabertos.camara.leg.br/api/v2/partidos/36834;RJ;18.0;0.0;2024
2375882;https://dadosabertos.camara.leg.br/api/v2/proposicoes/2375882;178887.0;https://dadosabertos.camara.leg.br/api/v2/deputados/178887;10000;Deputado(a);Rubens Pereira Júnior;PT;https://dadosabertos.camara.leg.br/api/v2/partidos/36844;MA;1.0;1.0;2023
2436568;https://dadosabertos.camara.leg.br/api/v2/proposicoes/2436568;98148.0;https://dadosabertos.camara.leg.br/api/v2/deputados/98148;10000;Deputado(a);Cobalchini;MDB;https://dadosabertos.camara.leg.br/api/v2/partidos/36899;SC;1.0;1.0;2024
2472968;https://dadosabertos.camara.leg.br/api/v2/proposicoes/2472968;204506.0;https://dadosabertos.camara.leg.br/api/v2/deputados/204506;10000;Deputado(a);Marcos Pereira;REPUBLIC;;SP;1.0;1.0;2024
2414782;https://dadosabertos.camara.leg.br/api/v2/proposicoes/2414782;;https://dadosabertos.camara.leg.br/api/v2/orgaos/539385;2;COMISSÃO PERMANENTE;Comissão de Comunicação;;;;1.0;1.0;2023
2442806;https://dadosabertos.camara.leg.br/api/v2/proposicoes/2442806;160512.0;https://dadosabertos.camara.leg.br/api/v2/deputados/160512;10000;Deputado(a);Aureo Ribeiro;SOLIDARI;;RJ;1.0;1.0;2024
2441092;https://dadosabertos.camara.leg.br/api/v2/proposicoes/2441092;74273.0;https://dadosabertos.camara.leg.br/api/v2/deputados/74273;10000;Deputado(a);Jefferson Campos;PL;https://dadosabertos.camara.leg.br/api/v2/partidos/37906;SP;48.0;1.0;2024
2478091;https://dadosabertos.camara.leg.br/api/v2/proposicoes/2478091;204450.0;https://dadosabertos.camara.leg.br/api/v2/deputados/204450;10000;Deputado(a);Doutor Luizinho;PP;https://dadosabertos.camara.leg.br/api/v2/partidos/37903;RJ;1.0;1.0;2024
2469417;https://dadosabertos.camara.leg.br/api/v2/proposicoes/2469417;74084.0;https://dadosabertos.camara.leg.br/api/v2/deputados/74084;10000;Deputado(a);Raimundo Santos;PSD;https://dadosabertos.camara.leg.br/api/v2/partidos/36834;PA;1.0;1.0;2024
2477242;https://dadosabertos.camara.leg.br/api/v2/proposicoes/2477242;178937.0;https://dadosabertos.camara.leg.br/api/v2/deputados/178937;10000;Deputado(a);Altineu Côrtes;PL;https://dadosabertos.camara.leg.br/api/v2/partidos/37906;RJ;2.0;0.0;2024
2402861;https://dadosabertos.camara.leg.br/api/v2/proposicoes/2402861;160598.0;https://dadosabertos.camara.leg.br/api/v2/deputados/160598;10000;Deputado(a);Flávia Morais;PDT;https://dadosabertos.camara.leg.br/api/v2/partidos/36786;GO;172.0;0.0;2023
2433341;https://dadosabertos.camara.leg.br/api/v2/proposicoes/2433341;178964.0;https://dadosabertos.camara.leg.br/api/v2/deputados/178964;10000;Deputado(a);Heitor Schuch;PSB;https://dadosabertos.camara.leg.br/api/v2/partidos/36832;RS;13.0;1.0;2024
2373388;https://dadosabertos.camara.leg.br/api/v2/proposicoes/2373388;204482.0;https://dadosabertos.camara.leg.br/api/v2/deputados/204482;10000;Deputado(a);Euclydes Pettersen;REPUBLIC;;MG;113.0;0.0;2023
2362505;https://dadosabertos.camara.leg.br/api/v2/proposicoes/2362505;74398.0;https://dadosabertos.camara.leg.br/api/v2/deputados/74398;10000;Deputado(a);Maria do Rosário;PT;https://dadosabertos.camara.leg.br/api/v2/partidos/36844;RS;8.0;0.0;2023
2389560;https://dadosabertos.camara.leg.br/api/v2/proposicoes/2389560;141555.0;https://dadosabertos.camara.leg.br/api/v2/deputados/141555;10000;Deputado(a);Vinicius Carvalho;REPUBLIC;;SP;99.0;0.0;2023
2403835;https://dadosabertos.camara.leg.br/api/v2/proposicoes/2403835;220575.0;https://dadosabertos.camara.leg.br/api/v2/deputados/220575;10000;Deputado(a);Sonize Barbosa;PL;https://dadosabertos.camara.leg.br/api/v2/partidos/37906;AP;1.0;1.0;2023
2398448;https://dadosabertos.camara.leg.br/api/v2/proposicoes/2398448;204365.0;https://dadosabertos.camara.leg.br/api/v2/deputados/204365;10000;Deputado(a);Gilson Marques;NOVO;https://dadosabertos.camara.leg.br/api/v2/partidos/37901;SC;1.0;1.0;2023
2374933;https://dadosabertos.camara.leg.br/api/v2/proposicoes/2374933;178947.0;https://dadosabertos.camara.leg.br/api/v2/deputados/178947;10000;Deputado(a);Sóstenes Cavalcante;PL;https://dadosabertos.camara.leg.br/api/v2/partidos/37906;RJ;6.0;0.0;2023
2457242;https://dadosabertos.camara.leg.br/api/v2/proposicoes/2457242;204412.0;https://dadosabertos.camara.leg.br/api/v2/deputados/204412;10000;Deputado(a);Dr. Zacharias Calil;UNIÃO;https://dadosabertos.camara.leg.br/api/v2/partidos/38009;GO;8.0;1.0;2024
2402865;https://dadosabertos.camara.leg.br/api/v2/proposicoes/2402865;220630.0;https://dadosabertos.camara.leg.br/api/v2/deputados/220630;10000;Deputado(a);Pedro Aihara;PATRIOTA;https://dadosabertos.camara.leg.br/api/v2/partidos/37907;MG;1.0;1.0;2023
2362775;https://dadosabertos.camara.leg.br/api/v2/proposicoes/2362775;178843.0;https://dadosabertos.camara.leg.br/api/v2/deputados/178843;10000;Deputado(a);Marx Beltrão;PP;https://dadosabertos.camara.leg.br/api/v2/partidos/37903;AL;3.0;1.0;2023
2388029;https://dadosabertos.camara.leg.br/api/v2/proposicoes/2388029;220693.0;https://dadosabertos.camara.leg.br/api/v2/deputados/220693;10000;Deputado(a);Roberta Roma;PL;https://dadosabertos.camara.leg.br/api/v2/partidos/37906;BA;148.0;0.0;2023
2381282;https://dadosabertos.camara.leg.br/api/v2/proposicoes/2381282;220704.0;https://dadosabertos.camara.leg.br/api/v2/deputados/220704;10000;Deputado(a);Carol Dartora;PT;https://dadosabertos.camara.leg.br/api/v2/partidos/36844;PR;1.0;1.0;2023
2445872;https://dadosabertos.camara.leg.br/api/v2/proposicoes/2445872;220529.0;https://dadosabertos.camara.leg.br/api/v2/deputados/220529;10000;Deputado(a);Gilson Daniel;PODE;https://dadosabertos.camara.leg.br/api/v2/partidos/36896;ES;1.0;1.0;2024
2423926;https://dadosabertos.camara.leg.br/api/v2/proposicoes/2423926;220552.0;https://dadosabertos.camara.leg.br/api/v2/deputados/220552;10000;Deputado(a);Zucco;PL;https://dadosabertos.camara.leg.br/api/v2/partidos/37906;RS;30.0;1.0;2024
2386194;https://dadosabertos.camara.leg.br/api/v2/proposicoes/2386194;157130.0;https://dadosabertos.camara.leg.br/api/v2/deputados/157130;10000;Deputado(a);Túlio Gadêlha;REDE;https://dadosabertos.camara.leg.br/api/v2/partidos/36886;PE;185.0;0.0;2023
2411961;https://dadosabertos.camara.leg.br/api/v2/proposicoes/2411961;220583.0;https://dadosabertos.camara.leg.br/api/v2/deputados/220583;10000;Deputado(a);Delegado Fabio Costa;PP;https://dadosabertos.camara.leg.br/api/v2/partidos/37903;AL;6.0;1.0;2023
2422180;https://dadosabertos.camara.leg.br/api/v2/proposicoes/2422180;74646.0;https://dadosabertos.camara.leg.br/api/v2/deputados/74646;10000;Deputado(a);Aécio Neves;PSDB;https://dadosabertos.camara.leg.br/api/v2/partidos/36835;MG;1.0;1.0;2024
2376786;https://dadosabertos.camara.leg.br/api/v2/proposicoes/2376786;156190.0;https://dadosabertos.camara.leg.br/api/v2/deputados/156190;10000;Deputado(a);Marcel van Hattem;NOVO;https://dadosabertos.camara.leg.br/api/v2/partidos/37901;RS;1.0;1.0;2023
2370600;https://dadosabertos.camara.leg.br/api/v2/proposicoes/2370600;160610.0;https://dadosabertos.camara.leg.br/api/v2/deputados/160610;10000;Deputado(a);Valmir Assunção;PT;https://dadosabertos.camara.leg.br/api/v2/partidos/36844;BA;3.0;1.0;2023
2439217;https://dadosabertos.camara.leg.br/api/v2/proposicoes/2439217;220618.0;https://dadosabertos.camara.leg.br/api/v2/deputados/220618;10000;Deputado(a);Sargento Portugal;PODE;https://dadosabertos.camara.leg.br/api/v2/partidos/36896;RJ;1.0;1.0;2024
2448485;https://dadosabertos.camara.leg.br/api/v2/proposicoes/2448485;74856.0;https://dadosabertos.camara.leg.br/api/v2/deputados/74856;10000;Deputado(a);Laura Carneiro;PSD;https://dadosabertos.camara.leg.br/api/v2/partidos/36834;RJ;3.0;0.0;2024
2451756;https://dadosabertos.camara.leg.br/api/v2/proposicoes/2451756;220654.0;https://dadosabertos.camara.leg.br/api/v2/deputados/220654;10000;Deputado(a);Delegado Paulo Bilynskyj;PL;https://dadosabertos.camara.leg.br/api/v2/partidos/37906;SP;6.0;0.0;2024
2416615;https://dadosabertos.camara.leg.br/api/v2/proposicoes/2416615;;https://dadosabertos.camara.leg.br/api/v2/orgaos/180;1;COMISSÃO DIRETORA;Plenário;;;;1.0;1.0;2023
2433259;https://dadosabertos.camara.leg.br/api/v2/proposicoes/2433259;220579.0;https://dadosabertos.camara.leg.br/api/v2/deputados/220579;10000;Deputado(a);Silvia Waiãpi;PL;https://dadosabertos.camara.leg.br/api/v2/partidos/37906;AP;16.0;0.0;2024
2455657;https://dadosabertos.camara.leg.br/api/v2/proposicoes/2455657;157130.0;https://dadosabertos.camara.leg.br/api/v2/deputados/157130;10000;Deputado(a);Túlio Gadêlha;REDE;https://dadosabertos.camara.leg.br/api/v2/partidos/36886;PE;4.0;1.0;2024
2427168;https://dadosabertos.camara.leg.br/api/v2/proposicoes/2427168;220633.0;https://dadosabertos.camara.leg.br/api/v2/deputados/220633;10000;Deputado(a);Ricardo Salles;PL;https://dadosabertos.camara.leg.br/api/v2/partidos/37906;SP;15.0;0.0;2024
2377463;https://dadosabertos.camara.leg.br/api/v2/proposicoes/2377463;141459.0;https://dadosabertos.camara.leg.br/api/v2/deputados/141459;10000;Deputado(a);João Maia;PL;https://dadosabertos.camara.leg.br/api/v2/partidos/37906;RN;46.0;1.0;2023
2421511;https://dadosabertos.camara.leg.br/api/v2/proposicoes/2421511;178937.0;https://dadosabertos.camara.leg.br/api/v2/deputados/178937;10000;Deputado(a);Altineu Côrtes;PL;https://dadosabertos.camara.leg.br/api/v2/partidos/37906;RJ;1.0;1.0;2024
2467400;https://dadosabertos.camara.leg.br/api/v2/proposicoes/2467400;;https://dadosabertos.camara.leg.br/api/v2/orgaos/253;30000;Órgão do Poder Executivo;Poder Executivo;;;;1.0;1.0;2024
2378865;https://dadosabertos.camara.leg.br/api/v2/proposicoes/2378865;220649.0;https://dadosabertos.camara.leg.br/api/v2/deputados/220649;10000;Deputado(a);Delegado da Cunha;PP;https://dadosabertos.camara.leg.br/api/v2/partidos/37903;SP;1.0;1.0;2023
2453642;https://dadosabertos.camara.leg.br/api/v2/proposicoes/2453642;204506.0;https://dadosabertos.camara.leg.br/api/v2/deputados/204506;10000;Deputado(a);Marcos Pereira;REPUBLIC;;SP;1.0;1.0;2024
2429976;https://dadosabertos.camara.leg.br/api/v2/proposicoes/2429976;220618.0;https://dadosabertos.camara.leg.br/api/v2/deputados/220618;10000;Deputado(a);Sargento Portugal;PODE;https://dadosabertos.camara.leg.br/api/v2/partidos/36896;RJ;1.0;1.0;2024
2457168;https://dadosabertos.camara.leg.br/api/v2/proposicoes/2457168;220531.0;https://dadosabertos.camara.leg.br/api/v2/deputados/220531;10000;Deputado(a);Gilvan Maximo;REPUBLIC;;DF;5.0;0.0;2024
2360388;https://dadosabertos.camara.leg.br/api/v2/proposicoes/2360388;220691.0;https://dadosabertos.camara.leg.br/api/v2/deputados/220691;10000;Deputado(a);Diego Coronel;PSD;https://dadosabertos.camara.leg.br/api/v2/partidos/36834;BA;100.0;0.0;2023
2369535;https://dadosabertos.camara.leg.br/api/v2/proposicoes/2369535;204361.0;https://dadosabertos.camara.leg.br/api/v2/deputados/204361;10000;Deputado(a);Carlos Chiodini;MDB;https://dadosabertos.camara.leg.br/api/v2/partidos/36899;SC;11.0;0.0;2023
2430973;https://dadosabertos.camara.leg.br/api/v2/proposicoes/2430973;156190.0;https://dadosabertos.camara.leg.br/api/v2/deputados/156190;10000;Deputado(a);Marcel van Hattem;NOVO;https://dadosabertos.camara.leg.br/api/v2/partidos/37901;RS;1.0;1.0;2024
2438760;https://dadosabertos.camara.leg.br/api/v2/proposicoes/2438760;178934.0;https://dadosabertos.camara.leg.br/api/v2/deputados/178934;10000;Deputado(a);Toninho Wandscheer;PP;https://dadosabertos.camara.leg.br/api/v2/partidos/37903;PR;1.0;1.0;2024
2370634;https://dadosabertos.camara.leg.br/api/v2/proposicoes/2370634;141555.0;https://dadosabertos.camara.leg.br/api/v2/deputados/141555;10000;Deputado(a);Vinicius Carvalho;REPUBLIC;;SP;1.0;1.0;2023
2379217;https://dadosabertos.camara.leg.br/api/v2/proposicoes/2379217;204390.0;https://dadosabertos.camara.leg.br/api/v2/deputados/204390;10000;Deputado(a);Professor Alcides;PL;https://dadosabertos.camara.leg.br/api/v2/partidos/37906;GO;1.0;1.0;2023
2431385;https://dadosabertos.camara.leg.br/api/v2/proposicoes/2431385;204506.0;https://dadosabertos.camara.leg.br/api/v2/deputados/204506;10000;Deputado(a);Marcos Pereira;REPUBLIC;;SP;1.0;1.0;2024
2440641;https://dadosabertos.camara.leg.br/api/v2/proposicoes/2440641;204528.0;https://dadosabertos.camara.leg.br/api/v2/deputados/204528;10000;Deputado(a);Adriana Ventura;NOVO;https://dadosabertos.camara.leg.br/api/v2/partidos/37901;SP;1.0;1.0;2024
2441213;https://dadosabertos.camara.leg.br/api/v2/proposicoes/2441213;98148.0;https://dadosabertos.camara.leg.br/api/v2/deputados/98148;10000;Deputado(a);Cobalchini;MDB;https://dadosabertos.camara.leg.br/api/v2/partidos/36899;SC;1.0;1.0;2024
2399692;https://dadosabertos.camara.leg.br/api/v2/proposicoes/2399692;220586.0;https://dadosabertos.camara.leg.br/api/v2/deputados/220586;10000;Deputado(a);Rafael Brito;MDB;https://dadosabertos.camara.leg.br/api/v2/partidos/36899;AL;7.0;1.0;2023
2373387;https://dadosabertos.camara.leg.br/api/v2/proposicoes/2373387;220622.0;https://dadosabertos.camara.leg.br/api/v2/deputados/220622;10000;Deputado(a);Nely Aquino;PODE;https://dadosabertos.camara.leg.br/api/v2/partidos/36896;MG;187.0;0.0;2023
2384343;https://dadosabertos.camara.leg.br/api/v2/proposicoes/2384343;98148.0;https://dadosabertos.camara.leg.br/api/v2/deputados/98148;10000;Deputado(a);Cobalchini;MDB;https://dadosabertos.camara.leg.br/api/v2/partidos/36899;SC;1.0;1.0;2023
2437567;https://dadosabertos.camara.leg.br/api/v2/proposicoes/2437567;220613.0;https://dadosabertos.camara.leg.br/api/v2/deputados/220613;10000;Deputado(a);Roberto Monteiro Pai;PL;https://dadosabertos.camara.leg.br/api/v2/partidos/37906;RJ;1.0;1.0;2024
2408606;https://dadosabertos.camara.leg.br/api/v2/proposicoes/2408606;220618.0;https://dadosabertos.camara.leg.br/api/v2/deputados/220618;10000;Deputado(a);Sargento Portugal;PODE;https://dadosabertos.camara.leg.br/api/v2/partidos/36896;RJ;1.0;1.0;2023
2451621;https://dadosabertos.camara.leg.br/api/v2/proposicoes/2451621;204506.0;https://dadosabertos.camara.leg.br/api/v2/deputados/204506;10000;Deputado(a);Marcos Pereira;REPUBLIC;;SP;1.0;1.0;2024
2443685;https://dadosabertos.camara.leg.br/api/v2/proposicoes/2443685;220686.0;https://dadosabertos.camara.leg.br/api/v2/deputados/220686;10000;Deputado(a);Duarte Jr.;PSB;https://dadosabertos.camara.leg.br/api/v2/partidos/36832;MA;1.0;1.0;2024
2459939;https://dadosabertos.camara.leg.br/api/v2/proposicoes/2459939;220574.0;https://dadosabertos.camara.leg.br/api/v2/deputados/220574;10000;Deputado(a);Cabo Gilberto Silva;PL;https://dadosabertos.camara.leg.br/api/v2/partidos/37906;PB;1.0;1.0;2024
2379280;https://dadosabertos.camara.leg.br/api/v2/proposicoes/2379280;171786.0;https://dadosabertos.camara.leg.br/api/v2/deputados/171786;10000;Deputado(a);Miguel Ângelo;PT;https://dadosabertos.camara.leg.br/api/v2/partidos/36844;MG;1.0;1.0;2023
2366981;https://dadosabertos.camara.leg.br/api/v2/proposicoes/2366981;220576.0;https://dadosabertos.camara.leg.br/api/v2/deputados/220576;10000;Deputado(a);Alfredo Gaspar;UNIÃO;https://dadosabertos.camara.leg.br/api/v2/partidos/38009;AL;10.0;1.0;2023
2428895;https://dadosabertos.camara.leg.br/api/v2/proposicoes/2428895;122974.0;https://dadosabertos.camara.leg.br/api/v2/deputados/122974;10000;Deputado(a);Pedro Lucas Fernandes;UNIÃO;https://dadosabertos.camara.leg.br/api/v2/partidos/38009;MA;114.0;0.0;2024
2464155;https://dadosabertos.camara.leg.br/api/v2/proposicoes/2464155;204539.0;https://dadosabertos.camara.leg.br/api/v2/deputados/204539;10000;Deputado(a);Hercílio Coelho Diniz;MDB;https://dadosabertos.camara.leg.br/api/v2/partidos/36899;MG;1.0;1.0;2024
2433355;https://dadosabertos.camara.leg.br/api/v2/proposicoes/2433355;204367.0;https://dadosabertos.camara.leg.br/api/v2/deputados/204367;10000;Deputado(a);Daniel Freitas;PL;https://dadosabertos.camara.leg.br/api/v2/partidos/37906;SC;9.0;1.0;2024
2479995;https://dadosabertos.camara.leg.br/api/v2/proposicoes/2479995;220715.0;https://dadosabertos.camara.leg.br/api/v2/deputados/220715;10000;Deputado(a);Amom Mandel;CIDADANIA;https://dadosabertos.camara.leg.br/api/v2/partidos/37905;AM;1.0;1.0;2024
2448779;https://dadosabertos.camara.leg.br/api/v2/proposicoes/2448779;74848.0;https://dadosabertos.camara.leg.br/api/v2/deputados/74848;10000;Deputado(a);Jandira Feghali;PCdoB;https://dadosabertos.camara.leg.br/api/v2/partidos/36779;RJ;154.0;0.0;2024
2488935;https://dadosabertos.camara.leg.br/api/v2/proposicoes/2488935;204365.0;https://dadosabertos.camara.leg.br/api/v2/deputados/204365;10000;Deputado(a);Gilson Marques;NOVO;https://dadosabertos.camara.leg.br/api/v2/partidos/37901;SC;1.0;1.0;2025
2484821;https://dadosabertos.camara.leg.br/api/v2/proposicoes/2484821;178937.0;https://dadosabertos.camara.leg.br/api/v2/deputados/178937;10000;Deputado(a);Altineu Côrtes;PL;https://dadosabertos.camara.leg.br/api/v2/partidos/37906;RJ;1.0;1.0;2025
2477967;https://dadosabertos.camara.leg.br/api/v2/proposicoes/2477967;;https://dadosabertos.camara.leg.br/api/v2/orgaos/539385;2;COMISSÃO PERMANENTE;Comissão de Comunicação;;;;1.0;1.0;2024
2475648;https://dadosabertos.camara.leg.br/api/v2/proposicoes/2475648;220540.0;https://dadosabertos.camara.leg.br/api/v2/deputados/220540;10000;Deputado(a);Duda Ramos;MDB;https://dadosabertos.camara.leg.br/api/v2/partidos/36899;RR;2.0;0.0;2024
2398351;https://dadosabertos.camara.leg.br/api/v2/proposicoes/2398351;220715.0;https://dadosabertos.camara.leg.br/api/v2/deputados/220715;10000;Deputado(a);Amom Mandel;CIDADANIA;https://dadosabertos.camara.leg.br/api/v2/partidos/37905;AM;1.0;1.0;2023
2385133;https://dadosabertos.camara.leg.br/api/v2/proposicoes/2385133;220605.0;https://dadosabertos.camara.leg.br/api/v2/deputados/220605;10000;Deputado(a);Bandeira de Mello;PSB;https://dadosabertos.camara.leg.br/api/v2/partidos/36832;RJ;138.0;0.0;2023
2452120;https://dadosabertos.camara.leg.br/api/v2/proposicoes/2452120;74856.0;https://dadosabertos.camara.leg.br/api/v2/deputados/74856;10000;Deputado(a);Laura Carneiro;PSD;https://dadosabertos.camara.leg.br/api/v2/partidos/36834;RJ;1.0;1.0;2024
2369185;https://dadosabertos.camara.leg.br/api/v2/proposicoes/2369185;220555.0;https://dadosabertos.camara.leg.br/api/v2/deputados/220555;10000;Deputado(a);Daiana Santos;PCdoB;https://dadosabertos.camara.leg.br/api/v2/partidos/36779;RS;7.0;1.0;2023
2405860;https://dadosabertos.camara.leg.br/api/v2/proposicoes/2405860;221339.0;https://dadosabertos.camara.leg.br/api/v2/deputados/221339;10000;Deputado(a);Dr. Benjamim;UNIÃO;https://dadosabertos.camara.leg.br/api/v2/partidos/38009;MA;1.0;1.0;2023
2389560;https://dadosabertos.camara.leg.br/api/v2/proposicoes/2389560;204406.0;https://dadosabertos.camara.leg.br/api/v2/deputados/204406;10000;Deputado(a);Pedro Westphalen;PP;https://dadosabertos.camara.leg.br/api/v2/partidos/37903;RS;43.0;0.0;2023
2362989;https://dadosabertos.camara.leg.br/api/v2/proposicoes/2362989;220697.0;https://dadosabertos.camara.leg.br/api/v2/deputados/220697;10000;Deputado(a);Jadyel Alencar;PV;https://dadosabertos.camara.leg.br/api/v2/partidos/36851;PI;73.0;0.0;2023
2438714;https://dadosabertos.camara.leg.br/api/v2/proposicoes/2438714;141458.0;https://dadosabertos.camara.leg.br/api/v2/deputados/141458;10000;Deputado(a);João Carlos Bacelar;PL;https://dadosabertos.camara.leg.br/api/v2/partidos/37906;BA;1.0;1.0;2024
2439852;https://dadosabertos.camara.leg.br/api/v2/proposicoes/2439852;220581.0;https://dadosabertos.camara.leg.br/api/v2/deputados/220581;10000;Deputado(a);Luciano Amaral;PV;https://dadosabertos.camara.leg.br/api/v2/partidos/36851;AL;28.0;1.0;2024
2455592;https://dadosabertos.camara.leg.br/api/v2/proposicoes/2455592;;https://dadosabertos.camara.leg.br/api/v2/orgaos/102608;80000;Liderança;Liderança da Federação PT-PCdoB-PV;PT;https://dadosabertos.camara.leg.br/api/v2/partidos/36844;SP;1.0;1.0;2024
2403622;https://dadosabertos.camara.leg.br/api/v2/proposicoes/2403622;204566.0;https://dadosabertos.camara.leg.br/api/v2/deputados/204566;10000;Deputado(a);Marreca Filho;PATRIOTA;https://dadosabertos.camara.leg.br/api/v2/partidos/37907;MA;1.0;1.0;2023
2394310;https://dadosabertos.camara.leg.br/api/v2/proposicoes/2394310;98148.0;https://dadosabertos.camara.leg.br/api/v2/deputados/98148;10000;Deputado(a);Cobalchini;MDB;https://dadosabertos.camara.leg.br/api/v2/partidos/36899;SC;1.0;1.0;2023
2436419;https://dadosabertos.camara.leg.br/api/v2/proposicoes/2436419;;https://dadosabertos.camara.leg.br/api/v2/orgaos/2003;2;COMISSÃO PERMANENTE;Comissão de Constituição e Justiça e de Cidadania;;;;1.0;1.0;2024
2428598;https://dadosabertos.camara.leg.br/api/v2/proposicoes/2428598;88256.0;https://dadosabertos.camara.leg.br/api/v2/deputados/88256;10000;Deputado(a);Clodoaldo Magalhães;PV;https://dadosabertos.camara.leg.br/api/v2/partidos/36851;PE;1.0;1.0;2024
2476270;https://dadosabertos.camara.leg.br/api/v2/proposicoes/2476270;74171.0;https://dadosabertos.camara.leg.br/api/v2/deputados/74171;10000;Deputado(a);Chico Alencar;PSOL;https://dadosabertos.camara.leg.br/api/v2/partidos/36839;RJ;1.0;1.0;2024
2396068;https://dadosabertos.camara.leg.br/api/v2/proposicoes/2396068;160674.0;https://dadosabertos.camara.leg.br/api/v2/deputados/160674;10000;Deputado(a);Hugo Motta;REPUBLIC;;PB;4.0;1.0;2023
2409873;https://dadosabertos.camara.leg.br/api/v2/proposicoes/2409873;222142.0;https://dadosabertos.camara.leg.br/api/v2/deputados/222142;10000;Deputado(a);Coronel Telhada;PP;https://dadosabertos.camara.leg.br/api/v2/partidos/37903;SP;63.0;0.0;2023
2411885;https://dadosabertos.camara.leg.br/api/v2/proposicoes/2411885;204525.0;https://dadosabertos.camara.leg.br/api/v2/deputados/204525;10000;Deputado(a);Rosana Valle;PL;https://dadosabertos.camara.leg.br/api/v2/partidos/37906;SP;158.0;0.0;2023
2457643;https://dadosabertos.camara.leg.br/api/v2/proposicoes/2457643;141391.0;https://dadosabertos.camara.leg.br/api/v2/deputados/141391;10000;Deputado(a);Arnaldo Jardim;CIDADANIA;https://dadosabertos.camara.leg.br/api/v2/partidos/37905;SP;1.0;1.0;2024
2485974;https://dadosabertos.camara.leg.br/api/v2/proposicoes/2485974;204460.0;https://dadosabertos.camara.leg.br/api/v2/deputados/204460;10000;Deputado(a);Carlos Jordy;PL;https://dadosabertos.camara.leg.br/api/v2/partidos/37906;RJ;5.0;0.0;2025
2363493;https://dadosabertos.camara.leg.br/api/v2/proposicoes/2363493;220585.0;https://dadosabertos.camara.leg.br/api/v2/deputados/220585;10000;Deputado(a);Mersinho Lucena;PP;https://dadosabertos.camara.leg.br/api/v2/partidos/37903;PB;1.0;1.0;2023
2405090;https://dadosabertos.camara.leg.br/api/v2/proposicoes/2405090;220658.0;https://dadosabertos.camara.leg.br/api/v2/deputados/220658;10000;Deputado(a);Luiz Gastão;PSD;https://dadosabertos.camara.leg.br/api/v2/partidos/36834;CE;1.0;1.0;2023
2424270;https://dadosabertos.camara.leg.br/api/v2/proposicoes/2424270;160598.0;https://dadosabertos.camara.leg.br/api/v2/deputados/160598;10000;Deputado(a);Flávia Morais;PDT;https://dadosabertos.camara.leg.br/api/v2/partidos/36786;GO;1.0;1.0;2024
2377807;https://dadosabertos.camara.leg.br/api/v2/proposicoes/2377807;74161.0;https://dadosabertos.camara.leg.br/api/v2/deputados/74161;10000;Deputado(a);Reginaldo Lopes;PT;https://dadosabertos.camara.leg.br/api/v2/partidos/36844;MG;1.0;1.0;2023
2409758;https://dadosabertos.camara.leg.br/api/v2/proposicoes/2409758;204534.0;https://dadosabertos.camara.leg.br/api/v2/deputados/204534;10000;Deputado(a);Tabata Amaral;PSB;https://dadosabertos.camara.leg.br/api/v2/partidos/36832;SP;1.0;1.0;2023
2373291;https://dadosabertos.camara.leg.br/api/v2/proposicoes/2373291;204464.0;https://dadosabertos.camara.leg.br/api/v2/deputados/204464;10000;Deputado(a);Talíria Petrone;PSOL;https://dadosabertos.camara.leg.br/api/v2/partidos/36839;RJ;1.0;1.0;2023
2370725;https://dadosabertos.camara.leg.br/api/v2/proposicoes/2370725;160535.0;https://dadosabertos.camara.leg.br/api/v2/deputados/160535;10000;Deputado(a);Marcon;PT;https://dadosabertos.camara.leg.br/api/v2/partidos/36844;RS;2.0;1.0;2023
2365199;https://dadosabertos.camara.leg.br/api/v2/proposicoes/2365199;133439.0;https://dadosabertos.camara.leg.br/api/v2/deputados/133439;10000;Deputado(a);André Figueiredo;PDT;https://dadosabertos.camara.leg.br/api/v2/partidos/36786;CE;141.0;0.0;2023
2374131;https://dadosabertos.camara.leg.br/api/v2/proposicoes/2374131;141408.0;https://dadosabertos.camara.leg.br/api/v2/deputados/141408;10000;Deputado(a);Cleber Verde;MDB;https://dadosabertos.camara.leg.br/api/v2/partidos/36899;MA;118.0;1.0;2023
2387659;https://dadosabertos.camara.leg.br/api/v2/proposicoes/2387659;220618.0;https://dadosabertos.camara.leg.br/api/v2/deputados/220618;10000;Deputado(a);Sargento Portugal;PODE;https://dadosabertos.camara.leg.br/api/v2/partidos/36896;RJ;1.0;1.0;2023
2374385;https://dadosabertos.camara.leg.br/api/v2/proposicoes/2374385;204374.0;https://dadosabertos.camara.leg.br/api/v2/deputados/204374;10000;Deputado(a);Bia Kicis;PL;https://dadosabertos.camara.leg.br/api/v2/partidos/37906;DF;56.0;1.0;2023
2434302;https://dadosabertos.camara.leg.br/api/v2/proposicoes/2434302;204445.0;https://dadosabertos.camara.leg.br/api/v2/deputados/204445;10000;Deputado(a);Fernando Mineiro;PT;https://dadosabertos.camara.leg.br/api/v2/partidos/36844;RN;10.0;1.0;2024
2384748;https://dadosabertos.camara.leg.br/api/v2/proposicoes/2384748;143942.0;https://dadosabertos.camara.leg.br/api/v2/deputados/143942;10000;Deputado(a);Caio Vianna;PSD;https://dadosabertos.camara.leg.br/api/v2/partidos/36834;RJ;100.0;0.0;2023
2399431;https://dadosabertos.camara.leg.br/api/v2/proposicoes/2399431;178937.0;https://dadosabertos.camara.leg.br/api/v2/deputados/178937;10000;Deputado(a);Altineu Côrtes;PL;https://dadosabertos.camara.leg.br/api/v2/partidos/37906;RJ;3.0;0.0;2023
2487342;https://dadosabertos.camara.leg.br/api/v2/proposicoes/2487342;204441.0;https://dadosabertos.camara.leg.br/api/v2/deputados/204441;10000;Deputado(a);Otoni de Paula;MDB;https://dadosabertos.camara.leg.br/api/v2/partidos/36899;RJ;188.0;0.0;2025
2394030;https://dadosabertos.camara.leg.br/api/v2/proposicoes/2394030;178986.0;https://dadosabertos.camara.leg.br/api/v2/deputados/178986;10000;Deputado(a);Nilto Tatto;PT;https://dadosabertos.camara.leg.br/api/v2/partidos/36844;SP;1.0;1.0;2023
2439422;https://dadosabertos.camara.leg.br/api/v2/proposicoes/2439422;220618.0;https://dadosabertos.camara.leg.br/api/v2/deputados/220618;10000;Deputado(a);Sargento Portugal;PODE;https://dadosabertos.camara.leg.br/api/v2/partidos/36896;RJ;1.0;1.0;2024
2465015;https://dadosabertos.camara.leg.br/api/v2/proposicoes/2465015;220618.0;https://dadosabertos.camara.leg.br/api/v2/deputados/220618;10000;Deputado(a);Sargento Portugal;PODE;https://dadosabertos.camara.leg.br/api/v2/partidos/36896;RJ;130.0;1.0;2024
2463668;https://dadosabertos.camara.leg.br/api/v2/proposicoes/2463668;178871.0;https://dadosabertos.camara.leg.br/api/v2/deputados/178871;10000;Deputado(a);Evair Vieira de Melo;PP;https://dadosabertos.camara.leg.br/api/v2/partidos/37903;ES;1.0;1.0;2024
2423199;https://dadosabertos.camara.leg.br/api/v2/proposicoes/2423199;220642.0;https://dadosabertos.camara.leg.br/api/v2/deputados/220642;10000;Deputado(a);Delegado Bruno Lima;PP;https://dadosabertos.camara.leg.br/api/v2/partidos/37903;SP;1.0;1.0;2024
2433676;https://dadosabertos.camara.leg.br/api/v2/proposicoes/2433676;204462.0;https://dadosabertos.camara.leg.br/api/v2/deputados/204462;10000;Deputado(a);Chris Tonietto;PL;https://dadosabertos.camara.leg.br/api/v2/partidos/37906;RJ;1.0;1.0;2024
2361127;https://dadosabertos.camara.leg.br/api/v2/proposicoes/2361127;220564.0;https://dadosabertos.camara.leg.br/api/v2/deputados/220564;10000;Deputado(a);Yandra Moura;UNIÃO;https://dadosabertos.camara.leg.br/api/v2/partidos/38009;SE;1.0;1.0;2023
2398352;https://dadosabertos.camara.leg.br/api/v2/proposicoes/2398352;220715.0;https://dadosabertos.camara.leg.br/api/v2/deputados/220715;10000;Deputado(a);Amom Mandel;CIDADANIA;https://dadosabertos.camara.leg.br/api/v2/partidos/37905;AM;1.0;1.0;2023
2376455;https://dadosabertos.camara.leg.br/api/v2/proposicoes/2376455;74478.0;https://dadosabertos.camara.leg.br/api/v2/deputados/74478;10000;Deputado(a);Luciano Bivar;UNIÃO;https://dadosabertos.camara.leg.br/api/v2/partidos/38009;PE;1.0;1.0;2023
2454896;https://dadosabertos.camara.leg.br/api/v2/proposicoes/2454896;220593.0;https://dadosabertos.camara.leg.br/api/v2/deputados/220593;10000;Deputado(a);Abilio Brunini;PL;https://dadosabertos.camara.leg.br/api/v2/partidos/37906;MT;1.0;1.0;2024
2487934;https://dadosabertos.camara.leg.br/api/v2/proposicoes/2487934;204560.0;https://dadosabertos.camara.leg.br/api/v2/deputados/204560;10000;Deputado(a);Adolfo Viana;PSDB;https://dadosabertos.camara.leg.br/api/v2/partidos/36835;BA;1.0;1.0;2025
2389644;https://dadosabertos.camara.leg.br/api/v2/proposicoes/2389644;222429.0;https://dadosabertos.camara.leg.br/api/v2/deputados/222429;10000;Deputado(a);Luis Carlos Gomes;REPUBLIC;;RJ;201.0;0.0;2023
2390632;https://dadosabertos.camara.leg.br/api/v2/proposicoes/2390632;74356.0;https://dadosabertos.camara.leg.br/api/v2/deputados/74356;10000;Deputado(a);Silas Câmara;REPUBLIC;;AM;1.0;1.0;2023
2483207;https://dadosabertos.camara.leg.br/api/v2/proposicoes/2483207;220588.0;https://dadosabertos.camara.leg.br/api/v2/deputados/220588;10000;Deputado(a);Roberto Duarte;REPUBLIC;;AC;30.0;0.0;2025
2395883;https://dadosabertos.camara.leg.br/api/v2/proposicoes/2395883;220610.0;https://dadosabertos.camara.leg.br/api/v2/deputados/220610;10000;Deputado(a);Dr. Fernando Máximo;UNIÃO;https://dadosabertos.camara.leg.br/api/v2/partidos/38009;RO;6.0;1.0;2023
2390512;https://dadosabertos.camara.leg.br/api/v2/proposicoes/2390512;220579.0;https://dadosabertos.camara.leg.br/api/v2/deputados/220579;10000;Deputado(a);Silvia Waiãpi;PL;https://dadosabertos.camara.leg.br/api/v2/partidos/37906;AP;1.0;1.0;2023
2366717;https://dadosabertos.camara.leg.br/api/v2/proposicoes/2366717;133439.0;https://dadosabertos.camara.leg.br/api/v2/deputados/133439;10000;Deputado(a);André Figueiredo;PDT;https://dadosabertos.camara.leg.br/api/v2/partidos/36786;CE;1.0;1.0;2023
2483432;https://dadosabertos.camara.leg.br/api/v2/proposicoes/2483432;220700.0;https://dadosabertos.camara.leg.br/api/v2/deputados/220700;10000;Deputado(a);Florentino Neto;PT;https://dadosabertos.camara.leg.br/api/v2/partidos/36844;PI;14.0;0.0;2025
2489324;https://dadosabertos.camara.leg.br/api/v2/proposicoes/2489324;204491.0;https://dadosabertos.camara.leg.br/api/v2/deputados/204491;10000;Deputado(a);Gilberto Abramo;REPUBLIC;;MG;1.0;1.0;2025
2445934;https://dadosabertos.camara.leg.br/api/v2/proposicoes/2445934;204506.0;https://dadosabertos.camara.leg.br/api/v2/deputados/204506;10000;Deputado(a);Marcos Pereira;REPUBLIC;;SP;1.0;1.0;2024
2428346;https://dadosabertos.camara.leg.br/api/v2/proposicoes/2428346;74784.0;https://dadosabertos.camara.leg.br/api/v2/deputados/74784;10000;Deputado(a);Luiza Erundina;PSOL;https://dadosabertos.camara.leg.br/api/v2/partidos/36839;SP;32.0;0.0;2024
2486597;https://dadosabertos.camara.leg.br/api/v2/proposicoes/2486597;220558.0;https://dadosabertos.camara.leg.br/api/v2/deputados/220558;10000;Deputado(a);Zé Trovão;PL;https://dadosabertos.camara.leg.br/api/v2/partidos/37906;SC;7.0;0.0;2025
2436337;https://dadosabertos.camara.leg.br/api/v2/proposicoes/2436337;74856.0;https://dadosabertos.camara.leg.br/api/v2/deputados/74856;10000;Deputado(a);Laura Carneiro;PSD;https://dadosabertos.camara.leg.br/api/v2/partidos/36834;RJ;1.0;1.0;2024
2464062;https://dadosabertos.camara.leg.br/api/v2/proposicoes/2464062;220554.0;https://dadosabertos.camara.leg.br/api/v2/deputados/220554;10000;Deputado(a);Alexandre Lindenmeyer;PT;https://dadosabertos.camara.leg.br/api/v2/partidos/36844;RS;1.0;1.0;2024
2483327;https://dadosabertos.camara.leg.br/api/v2/proposicoes/2483327;74356.0;https://dadosabertos.camara.leg.br/api/v2/deputados/74356;10000;Deputado(a);Silas Câmara;REPUBLIC;;AM;1.0;1.0;2025
2421180;https://dadosabertos.camara.leg.br/api/v2/proposicoes/2421180;178937.0;https://dadosabertos.camara.leg.br/api/v2/deputados/178937;10000;Deputado(a);Altineu Côrtes;PL;https://dadosabertos.camara.leg.br/api/v2/partidos/37906;RJ;1.0;1.0;2024
2369967;https://dadosabertos.camara.leg.br/api/v2/proposicoes/2369967;204416.0;https://dadosabertos.camara.leg.br/api/v2/deputados/204416;10000;Deputado(a);Sanderson;PL;https://dadosabertos.camara.leg.br/api/v2/partidos/37906;RS;1.0;1.0;2023
2483089;https://dadosabertos.camara.leg.br/api/v2/proposicoes/2483089;162067.0;https://dadosabertos.camara.leg.br/api/v2/deputados/162067;10000;Deputado(a);Kiko Celeguim;PT;https://dadosabertos.camara.leg.br/api/v2/partidos/36844;SP;44.0;0.0;2025
2390516;https://dadosabertos.camara.leg.br/api/v2/proposicoes/2390516;74383.0;https://dadosabertos.camara.leg.br/api/v2/deputados/74383;10000;Deputado(a);Giacobo;PL;https://dadosabertos.camara.leg.br/api/v2/partidos/37906;PR;1.0;1.0;2023
2392050;https://dadosabertos.camara.leg.br/api/v2/proposicoes/2392050;74156.0;https://dadosabertos.camara.leg.br/api/v2/deputados/74156;10000;Deputado(a);Leonardo Monteiro;PT;https://dadosabertos.camara.leg.br/api/v2/partidos/36844;MG;39.0;0.0;2023
2448732;https://dadosabertos.camara.leg.br/api/v2/proposicoes/2448732;204472.0;https://dadosabertos.camara.leg.br/api/v2/deputados/204472;10000;Deputado(a);José Medeiros;PL;https://dadosabertos.camara.leg.br/api/v2/partidos/37906;MT;2.0;0.0;2024
2371213;https://dadosabertos.camara.leg.br/api/v2/proposicoes/2371213;220529.0;https://dadosabertos.camara.leg.br/api/v2/deputados/220529;10000;Deputado(a);Gilson Daniel;PODE;https://dadosabertos.camara.leg.br/api/v2/partidos/36896;ES;135.0;0.0;2023
2462909;https://dadosabertos.camara.leg.br/api/v2/proposicoes/2462909;178871.0;https://dadosabertos.camara.leg.br/api/v2/deputados/178871;10000;Deputado(a);Evair Vieira de Melo;PP;https://dadosabertos.camara.leg.br/api/v2/partidos/37903;ES;1.0;1.0;2024
2449112;https://dadosabertos.camara.leg.br/api/v2/proposicoes/2449112;74858.0;https://dadosabertos.camara.leg.br/api/v2/deputados/74858;10000;Deputado(a);Lindbergh Farias;PT;https://dadosabertos.camara.leg.br/api/v2/partidos/36844;RJ;1.0;1.0;2024
2368672;https://dadosabertos.camara.leg.br/api/v2/proposicoes/2368672;222429.0;https://dadosabertos.camara.leg.br/api/v2/deputados/222429;10000;Deputado(a);Luis Carlos Gomes;REPUBLIC;;RJ;1.0;1.0;2023
2448464;https://dadosabertos.camara.leg.br/api/v2/proposicoes/2448464;;https://dadosabertos.camara.leg.br/api/v2/orgaos/78;40000;Órgão do Poder Legislativo;Senado Federal;;;;1.0;1.0;2024
2421859;https://dadosabertos.camara.leg.br/api/v2/proposicoes/2421859;178857.0;https://dadosabertos.camara.leg.br/api/v2/deputados/178857;10000;Deputado(a);Jorge Solla;PT;https://dadosabertos.camara.leg.br/api/v2/partidos/36844;BA;7.0;0.0;2024
2361039;https://dadosabertos.camara.leg.br/api/v2/proposicoes/2361039;204535.0;https://dadosabertos.camara.leg.br/api/v2/deputados/204535;10000;Deputado(a);Sâmia Bomfim;PSOL;https://dadosabertos.camara.leg.br/api/v2/partidos/36839;SP;1.0;1.0;2023
2399521;https://dadosabertos.camara.leg.br/api/v2/proposicoes/2399521;204388.0;https://dadosabertos.camara.leg.br/api/v2/deputados/204388;10000;Deputado(a);Bibo Nunes;PL;https://dadosabertos.camara.leg.br/api/v2/partidos/37906;RS;1.0;1.0;2023
2470633;https://dadosabertos.camara.leg.br/api/v2/proposicoes/2470633;178986.0;https://dadosabertos.camara.leg.br/api/v2/deputados/178986;10000;Deputado(a);Nilto Tatto;PT;https://dadosabertos.camara.leg.br/api/v2/partidos/36844;SP;1.0;1.0;2024
2457800;https://dadosabertos.camara.leg.br/api/v2/proposicoes/2457800;204506.0;https://dadosabertos.camara.leg.br/api/v2/deputados/204506;10000;Deputado(a);Marcos Pereira;REPUBLIC;;SP;1.0;1.0;2024
2470936;https://dadosabertos.camara.leg.br/api/v2/proposicoes/2470936;204501.0;https://dadosabertos.camara.leg.br/api/v2/deputados/204501;10000;Deputado(a);Alencar Santana;PT;https://dadosabertos.camara.leg.br/api/v2/partidos/36844;SP;3.0;1.0;2024
2371103;https://dadosabertos.camara.leg.br/api/v2/proposicoes/2371103;178972.0;https://dadosabertos.camara.leg.br/api/v2/deputados/178972;10000;Deputado(a);Alex Manente;CIDADANIA;https://dadosabertos.camara.leg.br/api/v2/partidos/37905;SP;34.0;0.0;2023
2393346;https://dadosabertos.camara.leg.br/api/v2/proposicoes/2393346;204365.0;https://dadosabertos.camara.leg.br/api/v2/deputados/204365;10000;Deputado(a);Gilson Marques;NOVO;https://dadosabertos.camara.leg.br/api/v2/partidos/37901;SC;1.0;1.0;2023
2485767;https://dadosabertos.camara.leg.br/api/v2/proposicoes/2485767;220592.0;https://dadosabertos.camara.leg.br/api/v2/deputados/220592;10000;Deputado(a);Zezinho Barbary;PP;https://dadosabertos.camara.leg.br/api/v2/partidos/37903;AC;103.0;0.0;2025
2400516;https://dadosabertos.camara.leg.br/api/v2/proposicoes/2400516;220618.0;https://dadosabertos.camara.leg.br/api/v2/deputados/220618;10000;Deputado(a);Sargento Portugal;PODE;https://dadosabertos.camara.leg.br/api/v2/partidos/36896;RJ;1.0;1.0;2023
2472388;https://dadosabertos.camara.leg.br/api/v2/proposicoes/2472388;220595.0;https://dadosabertos.camara.leg.br/api/v2/deputados/220595;10000;Deputado(a);Coronel Fernanda;PL;https://dadosabertos.camara.leg.br/api/v2/partidos/37906;MT;8.0;0.0;2024
2452042;https://dadosabertos.camara.leg.br/api/v2/proposicoes/2452042;220008.0;https://dadosabertos.camara.leg.br/api/v2/deputados/220008;10000;Deputado(a);Eliza Virgínia;PP;https://dadosabertos.camara.leg.br/api/v2/partidos/37903;PB;1.0;1.0;2024
2400871;https://dadosabertos.camara.leg.br/api/v2/proposicoes/2400871;209189.0;https://dadosabertos.camara.leg.br/api/v2/deputados/209189;10000;Deputado(a);Joseildo Ramos;PT;https://dadosabertos.camara.leg.br/api/v2/partidos/36844;BA;131.0;0.0;2023
2413477;https://dadosabertos.camara.leg.br/api/v2/proposicoes/2413477;204520.0;https://dadosabertos.camara.leg.br/api/v2/deputados/204520;10000;Deputado(a);Junio Amaral;PL;https://dadosabertos.camara.leg.br/api/v2/partidos/37906;MG;1.0;1.0;2023
2377018;https://dadosabertos.camara.leg.br/api/v2/proposicoes/2377018;220555.0;https://dadosabertos.camara.leg.br/api/v2/deputados/220555;10000;Deputado(a);Daiana Santos;PCdoB;https://dadosabertos.camara.leg.br/api/v2/partidos/36779;RS;5.0;1.0;2023
2366142;https://dadosabertos.camara.leg.br/api/v2/proposicoes/2366142;220550.0;https://dadosabertos.camara.leg.br/api/v2/deputados/220550;10000;Deputado(a);Mauricio Marcon;PODE;https://dadosabertos.camara.leg.br/api/v2/partidos/36896;RS;1.0;1.0;2023
2372880;https://dadosabertos.camara.leg.br/api/v2/proposicoes/2372880;178997.0;https://dadosabertos.camara.leg.br/api/v2/deputados/178997;10000;Deputado(a);Moses Rodrigues;UNIÃO;https://dadosabertos.camara.leg.br/api/v2/partidos/38009;CE;162.0;0.0;2023
2458684;https://dadosabertos.camara.leg.br/api/v2/proposicoes/2458684;220529.0;https://dadosabertos.camara.leg.br/api/v2/deputados/220529;10000;Deputado(a);Gilson Daniel;PODE;https://dadosabertos.camara.leg.br/api/v2/partidos/36896;ES;1.0;1.0;2024
2442060;https://dadosabertos.camara.leg.br/api/v2/proposicoes/2442060;204462.0;https://dadosabertos.camara.leg.br/api/v2/deputados/204462;10000;Deputado(a);Chris Tonietto;PL;https://dadosabertos.camara.leg.br/api/v2/partidos/37906;RJ;2.0;1.0;2024
2428895;https://dadosabertos.camara.leg.br/api/v2/proposicoes/2428895;204573.0;https://dadosabertos.camara.leg.br/api/v2/deputados/204573;10000;Deputado(a);Otto Alencar Filho;PSD;https://dadosabertos.camara.leg.br/api/v2/partidos/36834;BA;27.0;1.0;2024
2440452;https://dadosabertos.camara.leg.br/api/v2/proposicoes/2440452;220654.0;https://dadosabertos.camara.leg.br/api/v2/deputados/220654;10000;Deputado(a);Delegado Paulo Bilynskyj;PL;https://dadosabertos.camara.leg.br/api/v2/partidos/37906;SP;6.0;1.0;2024
2478715;https://dadosabertos.camara.leg.br/api/v2/proposicoes/2478715;204506.0;https://dadosabertos.camara.leg.br/api/v2/deputados/204506;10000;Deputado(a);Marcos Pereira;REPUBLIC;;SP;1.0;1.0;2024
2380450;https://dadosabertos.camara.leg.br/api/v2/proposicoes/2380450;;https://dadosabertos.camara.leg.br/api/v2/orgaos/2015;2;COMISSÃO PERMANENTE;Comissão de Trabalho;;;;1.0;1.0;2023
2452510;https://dadosabertos.camara.leg.br/api/v2/proposicoes/2452510;73778.0;https://dadosabertos.camara.leg.br/api/v2/deputados/73778;10000;Deputado(a);Luiz Carlos Hauly;PODE;https://dadosabertos.camara.leg.br/api/v2/partidos/36896;PR;1.0;1.0;2024
2362827;https://dadosabertos.camara.leg.br/api/v2/proposicoes/2362827;204506.0;https://dadosabertos.camara.leg.br/api/v2/deputados/204506;10000;Deputado(a);Marcos Pereira;REPUBLIC;;SP;1.0;1.0;2023
2391567;https://dadosabertos.camara.leg.br/api/v2/proposicoes/2391567;166402.0;https://dadosabertos.camara.leg.br/api/v2/deputados/166402;10000;Deputado(a);Magda Mofatto;PATRIOTA;https://dadosabertos.camara.leg.br/api/v2/partidos/37907;GO;11.0;0.0;2023
2486450;https://dadosabertos.camara.leg.br/api/v2/proposicoes/2486450;220597.0;https://dadosabertos.camara.leg.br/api/v2/deputados/220597;10000;Deputado(a);Thiago Flores;REPUBLIC;;RO;1.0;1.0;2025
2378836;https://dadosabertos.camara.leg.br/api/v2/proposicoes/2378836;98057.0;https://dadosabertos.camara.leg.br/api/v2/deputados/98057;10000;Deputado(a);Lafayette de Andrada;REPUBLIC;;MG;5.0;0.0;2023
2485472;https://dadosabertos.camara.leg.br/api/v2/proposicoes/2485472;178947.0;https://dadosabertos.camara.leg.br/api/v2/deputados/178947;10000;Deputado(a);Sóstenes Cavalcante;PL;https://dadosabertos.camara.leg.br/api/v2/partidos/37906;RJ;1.0;1.0;2025
2442357;https://dadosabertos.camara.leg.br/api/v2/proposicoes/2442357;204422.0;https://dadosabertos.camara.leg.br/api/v2/deputados/204422;10000;Deputado(a);Ossesio Silva;REPUBLIC;;PE;187.0;0.0;2024
2448272;https://dadosabertos.camara.leg.br/api/v2/proposicoes/2448272;204479.0;https://dadosabertos.camara.leg.br/api/v2/deputados/204479;10000;Deputado(a);Nicoletti;UNIÃO;https://dadosabertos.camara.leg.br/api/v2/partidos/38009;RR;11.0;0.0;2024
2487342;https://dadosabertos.camara.leg.br/api/v2/proposicoes/2487342;204427.0;https://dadosabertos.camara.leg.br/api/v2/deputados/204427;10000;Deputado(a);Fernando Rodolfo;PL;https://dadosabertos.camara.leg.br/api/v2/partidos/37906;PE;101.0;0.0;2025
2404780;https://dadosabertos.camara.leg.br/api/v2/proposicoes/2404780;74044.0;https://dadosabertos.camara.leg.br/api/v2/deputados/74044;10000;Deputado(a);Wilson Santiago;REPUBLIC;;PB;54.0;0.0;2023
2427849;https://dadosabertos.camara.leg.br/api/v2/proposicoes/2427849;220644.0;https://dadosabertos.camara.leg.br/api/v2/deputados/220644;10000;Deputado(a);Rosangela Moro;UNIÃO;https://dadosabertos.camara.leg.br/api/v2/partidos/38009;SP;1.0;1.0;2024
2482903;https://dadosabertos.camara.leg.br/api/v2/proposicoes/2482903;220630.0;https://dadosabertos.camara.leg.br/api/v2/deputados/220630;10000;Deputado(a);Pedro Aihara;PRD;https://dadosabertos.camara.leg.br/api/v2/partidos/38010;MG;34.0;0.0;2025
2448732;https://dadosabertos.camara.leg.br/api/v2/proposicoes/2448732;220592.0;https://dadosabertos.camara.leg.br/api/v2/deputados/220592;10000;Deputado(a);Zezinho Barbary;PP;https://dadosabertos.camara.leg.br/api/v2/partidos/37903;AC;143.0;0.0;2024
2401260;https://dadosabertos.camara.leg.br/api/v2/proposicoes/2401260;;https://dadosabertos.camara.leg.br/api/v2/orgaos/100292;40000;Órgão do Poder Legislativo;CÂMARA DOS DEPUTADOS;;;;1.0;1.0;2023
2432453;https://dadosabertos.camara.leg.br/api/v2/proposicoes/2432453;;https://dadosabertos.camara.leg.br/api/v2/orgaos/2003;2;COMISSÃO PERMANENTE;Comissão de Constituição e Justiça e de Cidadania;;;;1.0;1.0;2024
2361378;https://dadosabertos.camara.leg.br/api/v2/proposicoes/2361378;220715.0;https://dadosabertos.camara.leg.br/api/v2/deputados/220715;10000;Deputado(a);Amom Mandel;CIDADANIA;https://dadosabertos.camara.leg.br/api/v2/partidos/37905;AM;1.0;1.0;2023
2471962;https://dadosabertos.camara.leg.br/api/v2/proposicoes/2471962;220713.0;https://dadosabertos.camara.leg.br/api/v2/deputados/220713;10000;Deputado(a);Saullo Vianna;UNIÃO;https://dadosabertos.camara.leg.br/api/v2/partidos/38009;AM;1.0;1.0;2024
2424340;https://dadosabertos.camara.leg.br/api/v2/proposicoes/2424340;220658.0;https://dadosabertos.camara.leg.br/api/v2/deputados/220658;10000;Deputado(a);Luiz Gastão;PSD;https://dadosabertos.camara.leg.br/api/v2/partidos/36834;CE;1.0;1.0;2024
2373884;https://dadosabertos.camara.leg.br/api/v2/proposicoes/2373884;156190.0;https://dadosabertos.camara.leg.br/api/v2/deputados/156190;10000;Deputado(a);Marcel van Hattem;NOVO;https://dadosabertos.camara.leg.br/api/v2/partidos/37901;RS;1.0;1.0;2023
2477689;https://dadosabertos.camara.leg.br/api/v2/proposicoes/2477689;204472.0;https://dadosabertos.camara.leg.br/api/v2/deputados/204472;10000;Deputado(a);José Medeiros;PL;https://dadosabertos.camara.leg.br/api/v2/partidos/37906;MT;4.0;0.0;2024
2447779;https://dadosabertos.camara.leg.br/api/v2/proposicoes/2447779;204572.0;https://dadosabertos.camara.leg.br/api/v2/deputados/204572;10000;Deputado(a);Capitão Alberto Neto;PL;https://dadosabertos.camara.leg.br/api/v2/partidos/37906;AM;1.0;1.0;2024
2453266;https://dadosabertos.camara.leg.br/api/v2/proposicoes/2453266;178937.0;https://dadosabertos.camara.leg.br/api/v2/deputados/178937;10000;Deputado(a);Altineu Côrtes;PL;https://dadosabertos.camara.leg.br/api/v2/partidos/37906;RJ;9.0;0.0;2024
2449026;https://dadosabertos.camara.leg.br/api/v2/proposicoes/2449026;220529.0;https://dadosabertos.camara.leg.br/api/v2/deputados/220529;10000;Deputado(a);Gilson Daniel;PODE;https://dadosabertos.camara.leg.br/api/v2/partidos/36896;ES;1.0;1.0;2024
2444125;https://dadosabertos.camara.leg.br/api/v2/proposicoes/2444125;220604.0;https://dadosabertos.camara.leg.br/api/v2/deputados/220604;10000;Deputado(a);Marcos Tavares;PDT;https://dadosabertos.camara.leg.br/api/v2/partidos/36786;RJ;1.0;1.0;2024
2478118;https://dadosabertos.camara.leg.br/api/v2/proposicoes/2478118;220611.0;https://dadosabertos.camara.leg.br/api/v2/deputados/220611;10000;Deputado(a);General Pazuello;PL;https://dadosabertos.camara.leg.br/api/v2/partidos/37906;RJ;1.0;1.0;2024
2369884;https://dadosabertos.camara.leg.br/api/v2/proposicoes/2369884;;https://dadosabertos.camara.leg.br/api/v2/orgaos/2003;2;COMISSÃO PERMANENTE;Comissão de Constituição e Justiça e de Cidadania;;;;1.0;1.0;2023
2408166;https://dadosabertos.camara.leg.br/api/v2/proposicoes/2408166;220586.0;https://dadosabertos.camara.leg.br/api/v2/deputados/220586;10000;Deputado(a);Rafael Brito;MDB;https://dadosabertos.camara.leg.br/api/v2/partidos/36899;AL;54.0;1.0;2023
2436074;https://dadosabertos.camara.leg.br/api/v2/proposicoes/2436074;204404.0;https://dadosabertos.camara.leg.br/api/v2/deputados/204404;10000;Deputado(a);Lucas Redecker;PSDB;https://dadosabertos.camara.leg.br/api/v2/partidos/36835;RS;1.0;1.0;2024
2389644;https://dadosabertos.camara.leg.br/api/v2/proposicoes/2389644;220688.0;https://dadosabertos.camara.leg.br/api/v2/deputados/220688;10000;Deputado(a);Dr. Francisco;PT;https://dadosabertos.camara.leg.br/api/v2/partidos/36844;PI;138.0;0.0;2023
2424607;https://dadosabertos.camara.leg.br/api/v2/proposicoes/2424607;156190.0;https://dadosabertos.camara.leg.br/api/v2/deputados/156190;10000;Deputado(a);Marcel van Hattem;NOVO;https://dadosabertos.camara.leg.br/api/v2/partidos/37901;RS;1.0;1.0;2024
2396110;https://dadosabertos.camara.leg.br/api/v2/proposicoes/2396110;220618.0;https://dadosabertos.camara.leg.br/api/v2/deputados/220618;10000;Deputado(a);Sargento Portugal;PODE;https://dadosabertos.camara.leg.br/api/v2/partidos/36896;RJ;1.0;1.0;2023
2367333;https://dadosabertos.camara.leg.br/api/v2/proposicoes/2367333;204536.0;https://dadosabertos.camara.leg.br/api/v2/deputados/204536;10000;Deputado(a);Kim Kataguiri;UNIÃO;https://dadosabertos.camara.leg.br/api/v2/partidos/38009;SP;1.0;1.0;2023
2400340;https://dadosabertos.camara.leg.br/api/v2/proposicoes/2400340;220530.0;https://dadosabertos.camara.leg.br/api/v2/deputados/220530;10000;Deputado(a);Messias Donato;REPUBLIC;;ES;197.0;0.0;2023
2477689;https://dadosabertos.camara.leg.br/api/v2/proposicoes/2477689;220550.0;https://dadosabertos.camara.leg.br/api/v2/deputados/220550;10000;Deputado(a);Mauricio Marcon;PODE;https://dadosabertos.camara.leg.br/api/v2/partidos/36896;RS;14.0;0.0;2024
2434578;https://dadosabertos.camara.leg.br/api/v2/proposicoes/2434578;165470.0;https://dadosabertos.camara.leg.br/api/v2/deputados/165470;10000;Deputado(a);Rodrigo Valadares;UNIÃO;https://dadosabertos.camara.leg.br/api/v2/partidos/38009;SE;1.0;1.0;2024
2399380;https://dadosabertos.camara.leg.br/api/v2/proposicoes/2399380;220687.0;https://dadosabertos.camara.leg.br/api/v2/deputados/220687;10000;Deputado(a);Márcio Honaiser;PDT;https://dadosabertos.camara.leg.br/api/v2/partidos/36786;MA;42.0;0.0;2023
2470851;https://dadosabertos.camara.leg.br/api/v2/proposicoes/2470851;204423.0;https://dadosabertos.camara.leg.br/api/v2/deputados/204423;10000;Deputado(a);André Ferreira;PL;https://dadosabertos.camara.leg.br/api/v2/partidos/37906;PE;96.0;0.0;2024
2454052;https://dadosabertos.camara.leg.br/api/v2/proposicoes/2454052;;https://dadosabertos.camara.leg.br/api/v2/orgaos/2003;2;COMISSÃO PERMANENTE;Comissão de Constituição e Justiça e de Cidadania;;;;1.0;1.0;2024
2438602;https://dadosabertos.camara.leg.br/api/v2/proposicoes/2438602;220615.0;https://dadosabertos.camara.leg.br/api/v2/deputados/220615;10000;Deputado(a);Pastor Henrique Vieira;PSOL;https://dadosabertos.camara.leg.br/api/v2/partidos/36839;RJ;215.0;0.0;2024
2383538;https://dadosabertos.camara.leg.br/api/v2/proposicoes/2383538;220548.0;https://dadosabertos.camara.leg.br/api/v2/deputados/220548;10000;Deputado(a);Camila Jara;PT;https://dadosabertos.camara.leg.br/api/v2/partidos/36844;MS;10.0;1.0;2023
2487390;https://dadosabertos.camara.leg.br/api/v2/proposicoes/2487390;220686.0;https://dadosabertos.camara.leg.br/api/v2/deputados/220686;10000;Deputado(a);Duarte Jr.;PSB;https://dadosabertos.camara.leg.br/api/v2/partidos/36832;MA;67.0;0.0;2025
2414259;https://dadosabertos.camara.leg.br/api/v2/proposicoes/2414259;;https://dadosabertos.camara.leg.br/api/v2/orgaos/2003;2;COMISSÃO PERMANENTE;Comissão de Constituição e Justiça e de Cidadania;;;;1.0;1.0;2023
2475815;https://dadosabertos.camara.leg.br/api/v2/proposicoes/2475815;204494.0;https://dadosabertos.camara.leg.br/api/v2/deputados/204494;10000;Deputado(a);Fred Costa;PRD;https://dadosabertos.camara.leg.br/api/v2/partidos/38010;MG;2.0;0.0;2024
2382835;https://dadosabertos.camara.leg.br/api/v2/proposicoes/2382835;220625.0;https://dadosabertos.camara.leg.br/api/v2/deputados/220625;10000;Deputado(a);Delegada Ione;AVANTE;https://dadosabertos.camara.leg.br/api/v2/partidos/36898;MG;31.0;0.0;2023
2427259;https://dadosabertos.camara.leg.br/api/v2/proposicoes/2427259;204560.0;https://dadosabertos.camara.leg.br/api/v2/deputados/204560;10000;Deputado(a);Adolfo Viana;PSDB;https://dadosabertos.camara.leg.br/api/v2/partidos/36835;BA;7.0;0.0;2024
2372880;https://dadosabertos.camara.leg.br/api/v2/proposicoes/2372880;220568.0;https://dadosabertos.camara.leg.br/api/v2/deputados/220568;10000;Deputado(a);Gustavo Gayer;PL;https://dadosabertos.camara.leg.br/api/v2/partidos/37906;GO;178.0;0.0;2023
2448731;https://dadosabertos.camara.leg.br/api/v2/proposicoes/2448731;178937.0;https://dadosabertos.camara.leg.br/api/v2/deputados/178937;10000;Deputado(a);Altineu Côrtes;PL;https://dadosabertos.camara.leg.br/api/v2/partidos/37906;RJ;1.0;1.0;2024
2391139;https://dadosabertos.camara.leg.br/api/v2/proposicoes/2391139;220550.0;https://dadosabertos.camara.leg.br/api/v2/deputados/220550;10000;Deputado(a);Mauricio Marcon;PODE;https://dadosabertos.camara.leg.br/api/v2/partidos/36896;RS;1.0;1.0;2023
2379031;https://dadosabertos.camara.leg.br/api/v2/proposicoes/2379031;160610.0;https://dadosabertos.camara.leg.br/api/v2/deputados/160610;10000;Deputado(a);Valmir Assunção;PT;https://dadosabertos.camara.leg.br/api/v2/partidos/36844;BA;1.0;1.0;2023
2374877;https://dadosabertos.camara.leg.br/api/v2/proposicoes/2374877;204501.0;https://dadosabertos.camara.leg.br/api/v2/deputados/204501;10000;Deputado(a);Alencar Santana;PT;https://dadosabertos.camara.leg.br/api/v2/partidos/36844;SP;7.0;1.0;2023
2383179;https://dadosabertos.camara.leg.br/api/v2/proposicoes/2383179;;https://dadosabertos.camara.leg.br/api/v2/orgaos/2003;2;COMISSÃO PERMANENTE;Comissão de Constituição e Justiça e de Cidadania;;;;1.0;1.0;2023
2403983;https://dadosabertos.camara.leg.br/api/v2/proposicoes/2403983;204369.0;https://dadosabertos.camara.leg.br/api/v2/deputados/204369;10000;Deputado(a);Caroline de Toni;PL;https://dadosabertos.camara.leg.br/api/v2/partidos/37906;SC;1.0;1.0;2023
2482788;https://dadosabertos.camara.leg.br/api/v2/proposicoes/2482788;204512.0;https://dadosabertos.camara.leg.br/api/v2/deputados/204512;10000;Deputado(a);Delegado Marcelo Freitas;UNIÃO;https://dadosabertos.camara.leg.br/api/v2/partidos/38009;MG;8.0;1.0;2025
2434862;https://dadosabertos.camara.leg.br/api/v2/proposicoes/2434862;141531.0;https://dadosabertos.camara.leg.br/api/v2/deputados/141531;10000;Deputado(a);Rodrigo de Castro;UNIÃO;https://dadosabertos.camara.leg.br/api/v2/partidos/38009;MG;1.0;1.0;2024
2482260;https://dadosabertos.camara.leg.br/api/v2/proposicoes/2482260;220559.0;https://dadosabertos.camara.leg.br/api/v2/deputados/220559;10000;Deputado(a);Julia Zanatta;PL;https://dadosabertos.camara.leg.br/api/v2/partidos/37906;SC;7.0;0.0;2025
2433251;https://dadosabertos.camara.leg.br/api/v2/proposicoes/2433251;157130.0;https://dadosabertos.camara.leg.br/api/v2/deputados/157130;10000;Deputado(a);Túlio Gadêlha;REDE;https://dadosabertos.camara.leg.br/api/v2/partidos/36886;PE;3.0;1.0;2024
2443921;https://dadosabertos.camara.leg.br/api/v2/proposicoes/2443921;74856.0;https://dadosabertos.camara.leg.br/api/v2/deputados/74856;10000;Deputado(a);Laura Carneiro;PSD;https://dadosabertos.camara.leg.br/api/v2/partidos/36834;RJ;1.0;1.0;2024
2425026;https://dadosabertos.camara.leg.br/api/v2/proposicoes/2425026;222142.0;https://dadosabertos.camara.leg.br/api/v2/deputados/222142;10000;Deputado(a);Coronel Telhada;PP;https://dadosabertos.camara.leg.br/api/v2/partidos/37903;SP;8.0;1.0;2024
2453505;https://dadosabertos.camara.leg.br/api/v2/proposicoes/2453505;204506.0;https://dadosabertos.camara.leg.br/api/v2/deputados/204506;10000;Deputado(a);Marcos Pereira;REPUBLIC;;SP;1.0;1.0;2024
2371498;https://dadosabertos.camara.leg.br/api/v2/proposicoes/2371498;160161.0;https://dadosabertos.camara.leg.br/api/v2/deputados/160161;10000;Deputado(a);Marcelo Queiroz;PP;https://dadosabertos.camara.leg.br/api/v2/partidos/37903;RJ;50.0;0.0;2023
2395515;https://dadosabertos.camara.leg.br/api/v2/proposicoes/2395515;220666.0;https://dadosabertos.camara.leg.br/api/v2/deputados/220666;10000;Deputado(a);Coronel Meira;PL;https://dadosabertos.camara.leg.br/api/v2/partidos/37906;PE;115.0;1.0;2023
2428773;https://dadosabertos.camara.leg.br/api/v2/proposicoes/2428773;74171.0;https://dadosabertos.camara.leg.br/api/v2/deputados/74171;10000;Deputado(a);Chico Alencar;PSOL;https://dadosabertos.camara.leg.br/api/v2/partidos/36839;RJ;2.0;1.0;2024
2435433;https://dadosabertos.camara.leg.br/api/v2/proposicoes/2435433;206018.0;https://dadosabertos.camara.leg.br/api/v2/deputados/206018;10000;Deputado(a);Célia Xakriabá;PSOL;https://dadosabertos.camara.leg.br/api/v2/partidos/36839;MG;2.0;1.0;2024
2456481;https://dadosabertos.camara.leg.br/api/v2/proposicoes/2456481;228797.0;https://dadosabertos.camara.leg.br/api/v2/deputados/228797;10000;Deputado(a);Júlio Oliveira;PP;https://dadosabertos.camara.leg.br/api/v2/partidos/37903;TO;1.0;1.0;2024
2483404;https://dadosabertos.camara.leg.br/api/v2/proposicoes/2483404;74095.0;https://dadosabertos.camara.leg.br/api/v2/deputados/74095;10000;Deputado(a);Pauderney Avelino;UNIÃO;https://dadosabertos.camara.leg.br/api/v2/partidos/38009;AM;2.0;0.0;2025
2375139;https://dadosabertos.camara.leg.br/api/v2/proposicoes/2375139;74171.0;https://dadosabertos.camara.leg.br/api/v2/deputados/74171;10000;Deputado(a);Chico Alencar;PSOL;https://dadosabertos.camara.leg.br/api/v2/partidos/36839;RJ;3.0;1.0;2023
2375804;https://dadosabertos.camara.leg.br/api/v2/proposicoes/2375804;;https://dadosabertos.camara.leg.br/api/v2/orgaos/2003;2;COMISSÃO PERMANENTE;Comissão de Constituição e Justiça e de Cidadania;;;;1.0;1.0;2023
2423758;https://dadosabertos.camara.leg.br/api/v2/proposicoes/2423758;220552.0;https://dadosabertos.camara.leg.br/api/v2/deputados/220552;10000;Deputado(a);Zucco;PL;https://dadosabertos.camara.leg.br/api/v2/partidos/37906;RS;5.0;1.0;2024
2442964;https://dadosabertos.camara.leg.br/api/v2/proposicoes/2442964;160512.0;https://dadosabertos.camara.leg.br/api/v2/deputados/160512;10000;Deputado(a);Aureo Ribeiro;SOLIDARI;;RJ;1.0;1.0;2024
2465015;https://dadosabertos.camara.leg.br/api/v2/proposicoes/2465015;74376.0;https://dadosabertos.camara.leg.br/api/v2/deputados/74376;10000;Deputado(a);Vander Loubet;PT;https://dadosabertos.camara.leg.br/api/v2/partidos/36844;MS;60.0;0.0;2024
2483434;https://dadosabertos.camara.leg.br/api/v2/proposicoes/2483434;160538.0;https://dadosabertos.camara.leg.br/api/v2/deputados/160538;10000;Deputado(a);Bohn Gass;PT;https://dadosabertos.camara.leg.br/api/v2/partidos/36844;RS;7.0;0.0;2025
2473117;https://dadosabertos.camara.leg.br/api/v2/proposicoes/2473117;178927.0;https://dadosabertos.camara.leg.br/api/v2/deputados/178927;10000;Deputado(a);Aliel Machado;PV;https://dadosabertos.camara.leg.br/api/v2/partidos/36851;PR;1.0;1.0;2024
2376110;https://dadosabertos.camara.leg.br/api/v2/proposicoes/2376110;89536.0;https://dadosabertos.camara.leg.br/api/v2/deputados/89536;10000;Deputado(a);Prof. Paulo Fernando;REPUBLIC;;DF;1.0;1.0;2023
2368420;https://dadosabertos.camara.leg.br/api/v2/proposicoes/2368420;220612.0;https://dadosabertos.camara.leg.br/api/v2/deputados/220612;10000;Deputado(a);Bebeto;PP;https://dadosabertos.camara.leg.br/api/v2/partidos/37903;RJ;1.0;1.0;2023
2443787;https://dadosabertos.camara.leg.br/api/v2/proposicoes/2443787;220673.0;https://dadosabertos.camara.leg.br/api/v2/deputados/220673;10000;Deputado(a);Delegado Caveira;PL;https://dadosabertos.camara.leg.br/api/v2/partidos/37906;PA;1.0;1.0;2024
2385238;https://dadosabertos.camara.leg.br/api/v2/proposicoes/2385238;204427.0;https://dadosabertos.camara.leg.br/api/v2/deputados/204427;10000;Deputado(a);Fernando Rodolfo;PL;https://dadosabertos.camara.leg.br/api/v2/partidos/37906;PE;127.0;0.0;2023
2440528;https://dadosabertos.camara.leg.br/api/v2/proposicoes/2440528;143632.0;https://dadosabertos.camara.leg.br/api/v2/deputados/143632;10000;Deputado(a);Domingos Neto;PSD;https://dadosabertos.camara.leg.br/api/v2/partidos/36834;CE;1.0;1.0;2024
2389646;https://dadosabertos.camara.leg.br/api/v2/proposicoes/2389646;220542.0;https://dadosabertos.camara.leg.br/api/v2/deputados/220542;10000;Deputado(a);Alexandre Guimarães;REPUBLIC;;TO;16.0;0.0;2023
2415417;https://dadosabertos.camara.leg.br/api/v2/proposicoes/2415417;178873.0;https://dadosabertos.camara.leg.br/api/v2/deputados/178873;10000;Deputado(a);Helder Salomão;PT;https://dadosabertos.camara.leg.br/api/v2/partidos/36844;ES;1.0;1.0;2023
2370718;https://dadosabertos.camara.leg.br/api/v2/proposicoes/2370718;160535.0;https://dadosabertos.camara.leg.br/api/v2/deputados/160535;10000;Deputado(a);Marcon;PT;https://dadosabertos.camara.leg.br/api/v2/partidos/36844;RS;2.0;1.0;2023
2471544;https://dadosabertos.camara.leg.br/api/v2/proposicoes/2471544;220673.0;https://dadosabertos.camara.leg.br/api/v2/deputados/220673;10000;Deputado(a);Delegado Caveira;PL;https://dadosabertos.camara.leg.br/api/v2/partidos/37906;PA;1.0;1.0;2024
2373359;https://dadosabertos.camara.leg.br/api/v2/proposicoes/2373359;74376.0;https://dadosabertos.camara.leg.br/api/v2/deputados/74376;10000;Deputado(a);Vander Loubet;PT;https://dadosabertos.camara.leg.br/api/v2/partidos/36844;MS;99.0;0.0;2023
2435542;https://dadosabertos.camara.leg.br/api/v2/proposicoes/2435542;178829.0;https://dadosabertos.camara.leg.br/api/v2/deputados/178829;10000;Deputado(a);Capitão Augusto;PL;https://dadosabertos.camara.leg.br/api/v2/partidos/37906;SP;1.0;1.0;2024
2361159;https://dadosabertos.camara.leg.br/api/v2/proposicoes/2361159;121948.0;https://dadosabertos.camara.leg.br/api/v2/deputados/121948;10000;Deputado(a);Adriano do Baldy;PP;https://dadosabertos.camara.leg.br/api/v2/partidos/37903;GO;75.0;0.0;2023
2435911;https://dadosabertos.camara.leg.br/api/v2/proposicoes/2435911;160604.0;https://dadosabertos.camara.leg.br/api/v2/deputados/160604;10000;Deputado(a);Pedro Uczai;PT;https://dadosabertos.camara.leg.br/api/v2/partidos/36844;SC;6.0;1.0;2024
2369215;https://dadosabertos.camara.leg.br/api/v2/proposicoes/2369215;205476.0;https://dadosabertos.camara.leg.br/api/v2/deputados/205476;10000;Deputado(a);Charles Fernandes;PSD;https://dadosabertos.camara.leg.br/api/v2/partidos/36834;BA;175.0;0.0;2023
2388029;https://dadosabertos.camara.leg.br/api/v2/proposicoes/2388029;160592.0;https://dadosabertos.camara.leg.br/api/v2/deputados/160592;10000;Deputado(a);Zeca Dirceu;PT;https://dadosabertos.camara.leg.br/api/v2/partidos/36844;PR;171.0;0.0;2023
2404731;https://dadosabertos.camara.leg.br/api/v2/proposicoes/2404731;160575.0;https://dadosabertos.camara.leg.br/api/v2/deputados/160575;10000;Deputado(a);Erika Kokay;PT;https://dadosabertos.camara.leg.br/api/v2/partidos/36844;DF;1.0;1.0;2023
2473633;https://dadosabertos.camara.leg.br/api/v2/proposicoes/2473633;220635.0;https://dadosabertos.camara.leg.br/api/v2/deputados/220635;10000;Deputado(a);Bruno Ganem;PODE;https://dadosabertos.camara.leg.br/api/v2/partidos/36896;SP;1.0;1.0;2024
2434963;https://dadosabertos.camara.leg.br/api/v2/proposicoes/2434963;220566.0;https://dadosabertos.camara.leg.br/api/v2/deputados/220566;10000;Deputado(a);Lêda Borges;PSDB;https://dadosabertos.camara.leg.br/api/v2/partidos/36835;GO;17.0;0.0;2024
2377830;https://dadosabertos.camara.leg.br/api/v2/proposicoes/2377830;204410.0;https://dadosabertos.camara.leg.br/api/v2/deputados/204410;10000;Deputado(a);Luisa Canziani;PSD;https://dadosabertos.camara.leg.br/api/v2/partidos/36834;PR;1.0;1.0;2023
2383212;https://dadosabertos.camara.leg.br/api/v2/proposicoes/2383212;222142.0;https://dadosabertos.camara.leg.br/api/v2/deputados/222142;10000;Deputado(a);Coronel Telhada;PP;https://dadosabertos.camara.leg.br/api/v2/partidos/37903;SP;70.0;1.0;2023
2471787;https://dadosabertos.camara.leg.br/api/v2/proposicoes/2471787;220654.0;https://dadosabertos.camara.leg.br/api/v2/deputados/220654;10000;Deputado(a);Delegado Paulo Bilynskyj;PL;https://dadosabertos.camara.leg.br/api/v2/partidos/37906;SP;1.0;1.0;2024
2372405;https://dadosabertos.camara.leg.br/api/v2/proposicoes/2372405;178997.0;https://dadosabertos.camara.leg.br/api/v2/deputados/178997;10000;Deputado(a);Moses Rodrigues;UNIÃO;https://dadosabertos.camara.leg.br/api/v2/partidos/38009;CE;1.0;1.0;2023
2384760;https://dadosabertos.camara.leg.br/api/v2/proposicoes/2384760;;https://dadosabertos.camara.leg.br/api/v2/orgaos/2003;2;COMISSÃO PERMANENTE;Comissão de Constituição e Justiça e de Cidadania;;;;1.0;1.0;2023
2434341;https://dadosabertos.camara.leg.br/api/v2/proposicoes/2434341;74856.0;https://dadosabertos.camara.leg.br/api/v2/deputados/74856;10000;Deputado(a);Laura Carneiro;PSD;https://dadosabertos.camara.leg.br/api/v2/partidos/36834;RJ;1.0;1.0;2024
2442899;https://dadosabertos.camara.leg.br/api/v2/proposicoes/2442899;220655.0;https://dadosabertos.camara.leg.br/api/v2/deputados/220655;10000;Deputado(a);Mario Frias;PL;https://dadosabertos.camara.leg.br/api/v2/partidos/37906;SP;3.0;1.0;2024
2360394;https://dadosabertos.camara.leg.br/api/v2/proposicoes/2360394;220663.0;https://dadosabertos.camara.leg.br/api/v2/deputados/220663;10000;Deputado(a);Eriberto Medeiros;PSB;https://dadosabertos.camara.leg.br/api/v2/partidos/36832;PE;1.0;1.0;2023
2402857;https://dadosabertos.camara.leg.br/api/v2/proposicoes/2402857;220706.0;https://dadosabertos.camara.leg.br/api/v2/deputados/220706;10000;Deputado(a);Padovani;UNIÃO;https://dadosabertos.camara.leg.br/api/v2/partidos/38009;PR;1.0;1.0;2023
2414116;https://dadosabertos.camara.leg.br/api/v2/proposicoes/2414116;;;20000;Senador(a);Hamilton Mourão;REPUBLIC;;RS;1.0;1.0;2023
2403716;https://dadosabertos.camara.leg.br/api/v2/proposicoes/2403716;220654.0;https://dadosabertos.camara.leg.br/api/v2/deputados/220654;10000;Deputado(a);Delegado Paulo Bilynskyj;PL;https://dadosabertos.camara.leg.br/api/v2/partidos/37906;SP;1.0;1.0;2023
2365764;https://dadosabertos.camara.leg.br/api/v2/proposicoes/2365764;178986.0;https://dadosabertos.camara.leg.br/api/v2/deputados/178986;10000;Deputado(a);Nilto Tatto;PT;https://dadosabertos.camara.leg.br/api/v2/partidos/36844;SP;1.0;1.0;2023
2389033;https://dadosabertos.camara.leg.br/api/v2/proposicoes/2389033;74856.0;https://dadosabertos.camara.leg.br/api/v2/deputados/74856;10000;Deputado(a);Laura Carneiro;PSD;https://dadosabertos.camara.leg.br/api/v2/partidos/36834;RJ;1.0;1.0;2023
2388325;https://dadosabertos.camara.leg.br/api/v2/proposicoes/2388325;178871.0;https://dadosabertos.camara.leg.br/api/v2/deputados/178871;10000;Deputado(a);Evair Vieira de Melo;PP;https://dadosabertos.camara.leg.br/api/v2/partidos/37903;ES;14.0;0.0;2023
2482759;https://dadosabertos.camara.leg.br/api/v2/proposicoes/2482759;220715.0;https://dadosabertos.camara.leg.br/api/v2/deputados/220715;10000;Deputado(a);Amom Mandel;CIDADANIA;https://dadosabertos.camara.leg.br/api/v2/partidos/37905;AM;1.0;1.0;2025
2436528;https://dadosabertos.camara.leg.br/api/v2/proposicoes/2436528;220578.0;https://dadosabertos.camara.leg.br/api/v2/deputados/220578;10000;Deputado(a);Josenildo;PDT;https://dadosabertos.camara.leg.br/api/v2/partidos/36786;AP;1.0;1.0;2024
2383410;https://dadosabertos.camara.leg.br/api/v2/proposicoes/2383410;204365.0;https://dadosabertos.camara.leg.br/api/v2/deputados/204365;10000;Deputado(a);Gilson Marques;NOVO;https://dadosabertos.camara.leg.br/api/v2/partidos/37901;SC;1.0;1.0;2023
2449479;https://dadosabertos.camara.leg.br/api/v2/proposicoes/2449479;220715.0;https://dadosabertos.camara.leg.br/api/v2/deputados/220715;10000;Deputado(a);Amom Mandel;CIDADANIA;https://dadosabertos.camara.leg.br/api/v2/partidos/37905;AM;1.0;1.0;2024
2361732;https://dadosabertos.camara.leg.br/api/v2/proposicoes/2361732;204506.0;https://dadosabertos.camara.leg.br/api/v2/deputados/204506;10000;Deputado(a);Marcos Pereira;REPUBLIC;;SP;1.0;1.0;2023
2439058;https://dadosabertos.camara.leg.br/api/v2/proposicoes/2439058;220715.0;https://dadosabertos.camara.leg.br/api/v2/deputados/220715;10000;Deputado(a);Amom Mandel;CIDADANIA;https://dadosabertos.camara.leg.br/api/v2/partidos/37905;AM;1.0;1.0;2024
2435917;https://dadosabertos.camara.leg.br/api/v2/proposicoes/2435917;220529.0;https://dadosabertos.camara.leg.br/api/v2/deputados/220529;10000;Deputado(a);Gilson Daniel;PODE;https://dadosabertos.camara.leg.br/api/v2/partidos/36896;ES;1.0;1.0;2024
2447241;https://dadosabertos.camara.leg.br/api/v2/proposicoes/2447241;220594.0;https://dadosabertos.camara.leg.br/api/v2/deputados/220594;10000;Deputado(a);Coronel Assis;UNIÃO;https://dadosabertos.camara.leg.br/api/v2/partidos/38009;MT;49.0;1.0;2024
2467521;https://dadosabertos.camara.leg.br/api/v2/proposicoes/2467521;204506.0;https://dadosabertos.camara.leg.br/api/v2/deputados/204506;10000;Deputado(a);Marcos Pereira;REPUBLIC;;SP;1.0;1.0;2024
2394106;https://dadosabertos.camara.leg.br/api/v2/proposicoes/2394106;220611.0;https://dadosabertos.camara.leg.br/api/v2/deputados/220611;10000;Deputado(a);General Pazuello;PL;https://dadosabertos.camara.leg.br/api/v2/partidos/37906;RJ;1.0;1.0;2023
2429347;https://dadosabertos.camara.leg.br/api/v2/proposicoes/2429347;204506.0;https://dadosabertos.camara.leg.br/api/v2/deputados/204506;10000;Deputado(a);Marcos Pereira;REPUBLIC;;SP;1.0;1.0;2024
2483195;https://dadosabertos.camara.leg.br/api/v2/proposicoes/2483195;220610.0;https://dadosabertos.camara.leg.br/api/v2/deputados/220610;10000;Deputado(a);Dr. Fernando Máximo;UNIÃO;https://dadosabertos.camara.leg.br/api/v2/partidos/38009;RO;24.0;0.0;2025
2361487;https://dadosabertos.camara.leg.br/api/v2/proposicoes/2361487;160666.0;https://dadosabertos.camara.leg.br/api/v2/deputados/160666;10000;Deputado(a);Félix Mendonça Júnior;PDT;https://dadosabertos.camara.leg.br/api/v2/partidos/36786;BA;4.0;1.0;2023
2483089;https://dadosabertos.camara.leg.br/api/v2/proposicoes/2483089;160538.0;https://dadosabertos.camara.leg.br/api/v2/deputados/160538;10000;Deputado(a);Bohn Gass;PT;https://dadosabertos.camara.leg.br/api/v2/partidos/36844;RS;10.0;0.0;2025
2452555;https://dadosabertos.camara.leg.br/api/v2/proposicoes/2452555;91228.0;https://dadosabertos.camara.leg.br/api/v2/deputados/91228;10000;Deputado(a);Waldemar Oliveira;AVANTE;https://dadosabertos.camara.leg.br/api/v2/partidos/36898;PE;3.0;1.0;2024
2373696;https://dadosabertos.camara.leg.br/api/v2/proposicoes/2373696;74171.0;https://dadosabertos.camara.leg.br/api/v2/deputados/74171;10000;Deputado(a);Chico Alencar;PSOL;https://dadosabertos.camara.leg.br/api/v2/partidos/36839;RJ;4.0;1.0;2023
2370600;https://dadosabertos.camara.leg.br/api/v2/proposicoes/2370600;178986.0;https://dadosabertos.camara.leg.br/api/v2/deputados/178986;10000;Deputado(a);Nilto Tatto;PT;https://dadosabertos.camara.leg.br/api/v2/partidos/36844;SP;1.0;1.0;2023
2362190;https://dadosabertos.camara.leg.br/api/v2/proposicoes/2362190;220609.0;https://dadosabertos.camara.leg.br/api/v2/deputados/220609;10000;Deputado(a);Maurício Carvalho;UNIÃO;https://dadosabertos.camara.leg.br/api/v2/partidos/38009;RO;148.0;0.0;2023
2485341;https://dadosabertos.camara.leg.br/api/v2/proposicoes/2485341;141421.0;https://dadosabertos.camara.leg.br/api/v2/deputados/141421;10000;Deputado(a);Eduardo da Fonte;PP;https://dadosabertos.camara.leg.br/api/v2/partidos/37903;PE;191.0;0.0;2025
2370587;https://dadosabertos.camara.leg.br/api/v2/proposicoes/2370587;204481.0;https://dadosabertos.camara.leg.br/api/v2/deputados/204481;10000;Deputado(a);Dr. Jaziel;PL;https://dadosabertos.camara.leg.br/api/v2/partidos/37906;CE;198.0;0.0;2023
2424069;https://dadosabertos.camara.leg.br/api/v2/proposicoes/2424069;220563.0;https://dadosabertos.camara.leg.br/api/v2/deputados/220563;10000;Deputado(a);Icaro de Valmir;PL;https://dadosabertos.camara.leg.br/api/v2/partidos/37906;SE;97.0;0.0;2024
2379475;https://dadosabertos.camara.leg.br/api/v2/proposicoes/2379475;178937.0;https://dadosabertos.camara.leg.br/api/v2/deputados/178937;10000;Deputado(a);Altineu Côrtes;PL;https://dadosabertos.camara.leg.br/api/v2/partidos/37906;RJ;1.0;1.0;2023
2404184;https://dadosabertos.camara.leg.br/api/v2/proposicoes/2404184;157130.0;https://dadosabertos.camara.leg.br/api/v2/deputados/157130;10000;Deputado(a);Túlio Gadêlha;REDE;https://dadosabertos.camara.leg.br/api/v2/partidos/36886;PE;1.0;1.0;2023
2408057;https://dadosabertos.camara.leg.br/api/v2/proposicoes/2408057;141456.0;https://dadosabertos.camara.leg.br/api/v2/deputados/141456;10000;Deputado(a);Jilmar Tatto;PT;https://dadosabertos.camara.leg.br/api/v2/partidos/36844;SP;1.0;1.0;2023
2425946;https://dadosabertos.camara.leg.br/api/v2/proposicoes/2425946;74856.0;https://dadosabertos.camara.leg.br/api/v2/deputados/74856;10000;Deputado(a);Laura Carneiro;PSD;https://dadosabertos.camara.leg.br/api/v2/partidos/36834;RJ;1.0;1.0;2024
2406638;https://dadosabertos.camara.leg.br/api/v2/proposicoes/2406638;171617.0;https://dadosabertos.camara.leg.br/api/v2/deputados/171617;10000;Deputado(a);Paulão;PT;https://dadosabertos.camara.leg.br/api/v2/partidos/36844;AL;170.0;1.0;2023
2487571;https://dadosabertos.camara.leg.br/api/v2/proposicoes/2487571;74858.0;https://dadosabertos.camara.leg.br/api/v2/deputados/74858;10000;Deputado(a);Lindbergh Farias;PT;https://dadosabertos.camara.leg.br/api/v2/partidos/36844;RJ;1.0;1.0;2025
2421859;https://dadosabertos.camara.leg.br/api/v2/proposicoes/2421859;74856.0;https://dadosabertos.camara.leg.br/api/v2/deputados/74856;10000;Deputado(a);Laura Carneiro;PSD;https://dadosabertos.camara.leg.br/api/v2/partidos/36834;RJ;8.0;0.0;2024
2365126;https://dadosabertos.camara.leg.br/api/v2/proposicoes/2365126;204573.0;https://dadosabertos.camara.leg.br/api/v2/deputados/204573;10000;Deputado(a);Otto Alencar Filho;PSD;https://dadosabertos.camara.leg.br/api/v2/partidos/36834;BA;125.0;0.0;2023
2462530;https://dadosabertos.camara.leg.br/api/v2/proposicoes/2462530;74856.0;https://dadosabertos.camara.leg.br/api/v2/deputados/74856;10000;Deputado(a);Laura Carneiro;PSD;https://dadosabertos.camara.leg.br/api/v2/partidos/36834;RJ;1.0;1.0;2024
2474557;https://dadosabertos.camara.leg.br/api/v2/proposicoes/2474557;74856.0;https://dadosabertos.camara.leg.br/api/v2/deputados/74856;10000;Deputado(a);Laura Carneiro;PSD;https://dadosabertos.camara.leg.br/api/v2/partidos/36834;RJ;1.0;1.0;2024
2465776;https://dadosabertos.camara.leg.br/api/v2/proposicoes/2465776;160601.0;https://dadosabertos.camara.leg.br/api/v2/deputados/160601;10000;Deputado(a);Pr. Marco Feliciano;PL;https://dadosabertos.camara.leg.br/api/v2/partidos/37906;SP;1.0;1.0;2024
2434113;https://dadosabertos.camara.leg.br/api/v2/proposicoes/2434113;219585.0;https://dadosabertos.camara.leg.br/api/v2/deputados/219585;10000;Deputado(a);Marco Brasil;PP;https://dadosabertos.camara.leg.br/api/v2/partidos/37903;PR;184.0;1.0;2024
2394132;https://dadosabertos.camara.leg.br/api/v2/proposicoes/2394132;220574.0;https://dadosabertos.camara.leg.br/api/v2/deputados/220574;10000;Deputado(a);Cabo Gilberto Silva;PL;https://dadosabertos.camara.leg.br/api/v2/partidos/37906;PB;1.0;1.0;2023
2366997;https://dadosabertos.camara.leg.br/api/v2/proposicoes/2366997;198783.0;https://dadosabertos.camara.leg.br/api/v2/deputados/198783;10000;Deputado(a);Emanuel Pinheiro Neto;MDB;https://dadosabertos.camara.leg.br/api/v2/partidos/36899;MT;131.0;0.0;2023
2403591;https://dadosabertos.camara.leg.br/api/v2/proposicoes/2403591;;https://dadosabertos.camara.leg.br/api/v2/orgaos/537870;2;COMISSÃO PERMANENTE;Comissão de Defesa dos Direitos da Mulher;;;;1.0;1.0;2023
2407939;https://dadosabertos.camara.leg.br/api/v2/proposicoes/2407939;204572.0;https://dadosabertos.camara.leg.br/api/v2/deputados/204572;10000;Deputado(a);Capitão Alberto Neto;PL;https://dadosabertos.camara.leg.br/api/v2/partidos/37906;AM;1.0;1.0;2023
2428729;https://dadosabertos.camara.leg.br/api/v2/proposicoes/2428729;204407.0;https://dadosabertos.camara.leg.br/api/v2/deputados/204407;10000;Deputado(a);Fernanda Melchionna;PSOL;https://dadosabertos.camara.leg.br/api/v2/partidos/36839;RS;1.0;1.0;2024
2485056;https://dadosabertos.camara.leg.br/api/v2/proposicoes/2485056;204407.0;https://dadosabertos.camara.leg.br/api/v2/deputados/204407;10000;Deputado(a);Fernanda Melchionna;PSOL;https://dadosabertos.camara.leg.br/api/v2/partidos/36839;RS;2.0;0.0;2025
2383890;https://dadosabertos.camara.leg.br/api/v2/proposicoes/2383890;220598.0;https://dadosabertos.camara.leg.br/api/v2/deputados/220598;10000;Deputado(a);Tarcísio Motta;PSOL;https://dadosabertos.camara.leg.br/api/v2/partidos/36839;RJ;1.0;1.0;2023
2480372;https://dadosabertos.camara.leg.br/api/v2/proposicoes/2480372;220625.0;https://dadosabertos.camara.leg.br/api/v2/deputados/220625;10000;Deputado(a);Delegada Ione;AVANTE;https://dadosabertos.camara.leg.br/api/v2/partidos/36898;MG;1.0;1.0;2024
2402239;https://dadosabertos.camara.leg.br/api/v2/proposicoes/2402239;220654.0;https://dadosabertos.camara.leg.br/api/v2/deputados/220654;10000;Deputado(a);Delegado Paulo Bilynskyj;PL;https://dadosabertos.camara.leg.br/api/v2/partidos/37906;SP;2.0;1.0;2023
2374496;https://dadosabertos.camara.leg.br/api/v2/proposicoes/2374496;220552.0;https://dadosabertos.camara.leg.br/api/v2/deputados/220552;10000;Deputado(a);Zucco;REPUBLIC;;RS;2.0;1.0;2023
2361592;https://dadosabertos.camara.leg.br/api/v2/proposicoes/2361592;74478.0;https://dadosabertos.camara.leg.br/api/v2/deputados/74478;10000;Deputado(a);Luciano Bivar;UNIÃO;https://dadosabertos.camara.leg.br/api/v2/partidos/38009;PE;1.0;1.0;2023
2382838;https://dadosabertos.camara.leg.br/api/v2/proposicoes/2382838;204426.0;https://dadosabertos.camara.leg.br/api/v2/deputados/204426;10000;Deputado(a);Carlos Veras;PT;https://dadosabertos.camara.leg.br/api/v2/partidos/36844;PE;7.0;0.0;2023
2473446;https://dadosabertos.camara.leg.br/api/v2/proposicoes/2473446;;https://dadosabertos.camara.leg.br/api/v2/orgaos/253;30000;Órgão do Poder Executivo;Poder Executivo;;;;1.0;1.0;2024
2378913;https://dadosabertos.camara.leg.br/api/v2/proposicoes/2378913;220654.0;https://dadosabertos.camara.leg.br/api/v2/deputados/220654;10000;Deputado(a);Delegado Paulo Bilynskyj;PL;https://dadosabertos.camara.leg.br/api/v2/partidos/37906;SP;1.0;1.0;2023
2378836;https://dadosabertos.camara.leg.br/api/v2/proposicoes/2378836;178962.0;https://dadosabertos.camara.leg.br/api/v2/deputados/178962;10000;Deputado(a);Carlos Gomes;REPUBLIC;;RS;81.0;0.0;2023
2389644;https://dadosabertos.camara.leg.br/api/v2/proposicoes/2389644;220573.0;https://dadosabertos.camara.leg.br/api/v2/deputados/220573;10000;Deputado(a);Dorinaldo Malafaia;PDT;https://dadosabertos.camara.leg.br/api/v2/partidos/36786;AP;147.0;0.0;2023
2400122;https://dadosabertos.camara.leg.br/api/v2/proposicoes/2400122;178987.0;https://dadosabertos.camara.leg.br/api/v2/deputados/178987;10000;Deputado(a);Orlando Silva;PCdoB;https://dadosabertos.camara.leg.br/api/v2/partidos/36779;SP;80.0;0.0;2023
2401826;https://dadosabertos.camara.leg.br/api/v2/proposicoes/2401826;204374.0;https://dadosabertos.camara.leg.br/api/v2/deputados/204374;10000;Deputado(a);Bia Kicis;PL;https://dadosabertos.camara.leg.br/api/v2/partidos/37906;DF;14.0;1.0;2023
2450506;https://dadosabertos.camara.leg.br/api/v2/proposicoes/2450506;204535.0;https://dadosabertos.camara.leg.br/api/v2/deputados/204535;10000;Deputado(a);Sâmia Bomfim;PSOL;https://dadosabertos.camara.leg.br/api/v2/partidos/36839;SP;68.0;1.0;2024
2377317;https://dadosabertos.camara.leg.br/api/v2/proposicoes/2377317;;https://dadosabertos.camara.leg.br/api/v2/orgaos/100292;40000;Órgão do Poder Legislativo;CÂMARA DOS DEPUTADOS;;;;1.0;1.0;2023
2370331;https://dadosabertos.camara.leg.br/api/v2/proposicoes/2370331;220569.0;https://dadosabertos.camara.leg.br/api/v2/deputados/220569;10000;Deputado(a);Silvye Alves;UNIÃO;https://dadosabertos.camara.leg.br/api/v2/partidos/38009;GO;1.0;1.0;2023
2435439;https://dadosabertos.camara.leg.br/api/v2/proposicoes/2435439;206018.0;https://dadosabertos.camara.leg.br/api/v2/deputados/206018;10000;Deputado(a);Célia Xakriabá;PSOL;https://dadosabertos.camara.leg.br/api/v2/partidos/36839;MG;2.0;1.0;2024
2477507;https://dadosabertos.camara.leg.br/api/v2/proposicoes/2477507;204535.0;https://dadosabertos.camara.leg.br/api/v2/deputados/204535;10000;Deputado(a);Sâmia Bomfim;PSOL;https://dadosabertos.camara.leg.br/api/v2/partidos/36839;SP;3.0;1.0;2024
2390618;https://dadosabertos.camara.leg.br/api/v2/proposicoes/2390618;204511.0;https://dadosabertos.camara.leg.br/api/v2/deputados/204511;10000;Deputado(a);David Soares;UNIÃO;https://dadosabertos.camara.leg.br/api/v2/partidos/38009;SP;126.0;0.0;2023
2391707;https://dadosabertos.camara.leg.br/api/v2/proposicoes/2391707;220596.0;https://dadosabertos.camara.leg.br/api/v2/deputados/220596;10000;Deputado(a);Amália Barros;PL;https://dadosabertos.camara.leg.br/api/v2/partidos/37906;MT;89.0;0.0;2023
2385355;https://dadosabertos.camara.leg.br/api/v2/proposicoes/2385355;178882.0;https://dadosabertos.camara.leg.br/api/v2/deputados/178882;10000;Deputado(a);André Fufuca;PP;https://dadosabertos.camara.leg.br/api/v2/partidos/37903;MA;2.0;0.0;2023
2408577;https://dadosabertos.camara.leg.br/api/v2/proposicoes/2408577;204520.0;https://dadosabertos.camara.leg.br/api/v2/deputados/204520;10000;Deputado(a);Junio Amaral;PL;https://dadosabertos.camara.leg.br/api/v2/partidos/37906;MG;1.0;1.0;2023
2374768;https://dadosabertos.camara.leg.br/api/v2/proposicoes/2374768;74171.0;https://dadosabertos.camara.leg.br/api/v2/deputados/74171;10000;Deputado(a);Chico Alencar;PSOL;https://dadosabertos.camara.leg.br/api/v2/partidos/36839;RJ;3.0;1.0;2023
2465552;https://dadosabertos.camara.leg.br/api/v2/proposicoes/2465552;204365.0;https://dadosabertos.camara.leg.br/api/v2/deputados/204365;10000;Deputado(a);Gilson Marques;NOVO;https://dadosabertos.camara.leg.br/api/v2/partidos/37901;SC;1.0;1.0;2024
2389052;https://dadosabertos.camara.leg.br/api/v2/proposicoes/2389052;171617.0;https://dadosabertos.camara.leg.br/api/v2/deputados/171617;10000;Deputado(a);Paulão;PT;https://dadosabertos.camara.leg.br/api/v2/partidos/36844;AL;1.0;1.0;2023
2373820;https://dadosabertos.camara.leg.br/api/v2/proposicoes/2373820;160604.0;https://dadosabertos.camara.leg.br/api/v2/deputados/160604;10000;Deputado(a);Pedro Uczai;PT;https://dadosabertos.camara.leg.br/api/v2/partidos/36844;SC;168.0;0.0;2023
2485373;https://dadosabertos.camara.leg.br/api/v2/proposicoes/2485373;141470.0;https://dadosabertos.camara.leg.br/api/v2/deputados/141470;10000;Deputado(a);José Guimarães;PT;https://dadosabertos.camara.leg.br/api/v2/partidos/36844;CE;1.0;1.0;2025
2373820;https://dadosabertos.camara.leg.br/api/v2/proposicoes/2373820;204535.0;https://dadosabertos.camara.leg.br/api/v2/deputados/204535;10000;Deputado(a);Sâmia Bomfim;PSOL;https://dadosabertos.camara.leg.br/api/v2/partidos/36839;SP;184.0;0.0;2023
2466821;https://dadosabertos.camara.leg.br/api/v2/proposicoes/2466821;74084.0;https://dadosabertos.camara.leg.br/api/v2/deputados/74084;10000;Deputado(a);Raimundo Santos;PSD;https://dadosabertos.camara.leg.br/api/v2/partidos/36834;PA;2.0;0.0;2024
2402166;https://dadosabertos.camara.leg.br/api/v2/proposicoes/2402166;220630.0;https://dadosabertos.camara.leg.br/api/v2/deputados/220630;10000;Deputado(a);Pedro Aihara;PATRIOTA;https://dadosabertos.camara.leg.br/api/v2/partidos/37907;MG;1.0;1.0;2023
2435326;https://dadosabertos.camara.leg.br/api/v2/proposicoes/2435326;220659.0;https://dadosabertos.camara.leg.br/api/v2/deputados/220659;10000;Deputado(a);Dayany Bittencourt;UNIÃO;https://dadosabertos.camara.leg.br/api/v2/partidos/38009;CE;21.0;1.0;2024
2405831;https://dadosabertos.camara.leg.br/api/v2/proposicoes/2405831;204506.0;https://dadosabertos.camara.leg.br/api/v2/deputados/204506;10000;Deputado(a);Marcos Pereira;REPUBLIC;;SP;1.0;1.0;2023
2475046;https://dadosabertos.camara.leg.br/api/v2/proposicoes/2475046;178881.0;https://dadosabertos.camara.leg.br/api/v2/deputados/178881;10000;Deputado(a);Aluisio Mendes;REPUBLIC;;MA;1.0;1.0;2024
2455532;https://dadosabertos.camara.leg.br/api/v2/proposicoes/2455532;;https://dadosabertos.camara.leg.br/api/v2/orgaos/2010;2;COMISSÃO PERMANENTE;Comissão de Finanças e Tributação;;;;1.0;1.0;2024
2436833;https://dadosabertos.camara.leg.br/api/v2/proposicoes/2436833;74160.0;https://dadosabertos.camara.leg.br/api/v2/deputados/74160;10000;Deputado(a);Patrus Ananias;PT;https://dadosabertos.camara.leg.br/api/v2/partidos/36844;MG;1.0;1.0;2024
2366734;https://dadosabertos.camara.leg.br/api/v2/proposicoes/2366734;;https://dadosabertos.camara.leg.br/api/v2/orgaos/536996;2;COMISSÃO PERMANENTE;Comissão de Cultura;;;;1.0;1.0;2023
2371332;https://dadosabertos.camara.leg.br/api/v2/proposicoes/2371332;178927.0;https://dadosabertos.camara.leg.br/api/v2/deputados/178927;10000;Deputado(a);Aliel Machado;PV;https://dadosabertos.camara.leg.br/api/v2/partidos/36851;PR;153.0;0.0;2023
2394947;https://dadosabertos.camara.leg.br/api/v2/proposicoes/2394947;;https://dadosabertos.camara.leg.br/api/v2/orgaos/10037;80000;Liderança;Liderança do Partido Liberal;;;;1.0;1.0;2023
2489243;https://dadosabertos.camara.leg.br/api/v2/proposicoes/2489243;160553.0;https://dadosabertos.camara.leg.br/api/v2/deputados/160553;10000;Deputado(a);Antonio Brito;PSD;https://dadosabertos.camara.leg.br/api/v2/partidos/36834;BA;1.0;1.0;2025
2426469;https://dadosabertos.camara.leg.br/api/v2/proposicoes/2426469;220572.0;https://dadosabertos.camara.leg.br/api/v2/deputados/220572;10000;Deputado(a);Marussa Boldrin;MDB;https://dadosabertos.camara.leg.br/api/v2/partidos/36899;GO;33.0;0.0;2024
2461810;https://dadosabertos.camara.leg.br/api/v2/proposicoes/2461810;220615.0;https://dadosabertos.camara.leg.br/api/v2/deputados/220615;10000;Deputado(a);Pastor Henrique Vieira;PSOL;https://dadosabertos.camara.leg.br/api/v2/partidos/36839;RJ;1.0;1.0;2024
2426332;https://dadosabertos.camara.leg.br/api/v2/proposicoes/2426332;204536.0;https://dadosabertos.camara.leg.br/api/v2/deputados/204536;10000;Deputado(a);Kim Kataguiri;UNIÃO;https://dadosabertos.camara.leg.br/api/v2/partidos/38009;SP;2.0;1.0;2024
2383268;https://dadosabertos.camara.leg.br/api/v2/proposicoes/2383268;204374.0;https://dadosabertos.camara.leg.br/api/v2/deputados/204374;10000;Deputado(a);Bia Kicis;PL;https://dadosabertos.camara.leg.br/api/v2/partidos/37906;DF;2.0;1.0;2023
2391979;https://dadosabertos.camara.leg.br/api/v2/proposicoes/2391979;204441.0;https://dadosabertos.camara.leg.br/api/v2/deputados/204441;10000;Deputado(a);Otoni de Paula;MDB;https://dadosabertos.camara.leg.br/api/v2/partidos/36899;RJ;252.0;0.0;2023
2474201;https://dadosabertos.camara.leg.br/api/v2/proposicoes/2474201;160548.0;https://dadosabertos.camara.leg.br/api/v2/deputados/160548;10000;Deputado(a);Jonas Donizette;PSB;https://dadosabertos.camara.leg.br/api/v2/partidos/36832;SP;1.0;1.0;2024
2455098;https://dadosabertos.camara.leg.br/api/v2/proposicoes/2455098;220559.0;https://dadosabertos.camara.leg.br/api/v2/deputados/220559;10000;Deputado(a);Julia Zanatta;PL;https://dadosabertos.camara.leg.br/api/v2/partidos/37906;SC;1.0;1.0;2024
2406127;https://dadosabertos.camara.leg.br/api/v2/proposicoes/2406127;220615.0;https://dadosabertos.camara.leg.br/api/v2/deputados/220615;10000;Deputado(a);Pastor Henrique Vieira;PSOL;https://dadosabertos.camara.leg.br/api/v2/partidos/36839;RJ;1.0;1.0;2023
2450546;https://dadosabertos.camara.leg.br/api/v2/proposicoes/2450546;220568.0;https://dadosabertos.camara.leg.br/api/v2/deputados/220568;10000;Deputado(a);Gustavo Gayer;PL;https://dadosabertos.camara.leg.br/api/v2/partidos/37906;GO;20.0;1.0;2024
2471195;https://dadosabertos.camara.leg.br/api/v2/proposicoes/2471195;227433.0;https://dadosabertos.camara.leg.br/api/v2/deputados/227433;10000;Deputado(a);Douglas Viegas;UNIÃO;https://dadosabertos.camara.leg.br/api/v2/partidos/38009;SP;1.0;1.0;2024
2464140;https://dadosabertos.camara.leg.br/api/v2/proposicoes/2464140;74356.0;https://dadosabertos.camara.leg.br/api/v2/deputados/74356;10000;Deputado(a);Silas Câmara;REPUBLIC;;AM;1.0;1.0;2024
2481405;https://dadosabertos.camara.leg.br/api/v2/proposicoes/2481405;220539.0;https://dadosabertos.camara.leg.br/api/v2/deputados/220539;10000;Deputado(a);Defensor Stélio Dener;REPUBLIC;;RR;66.0;1.0;2024
2402035;https://dadosabertos.camara.leg.br/api/v2/proposicoes/2402035;178946.0;https://dadosabertos.camara.leg.br/api/v2/deputados/178946;10000;Deputado(a);Soraya Santos;PL;https://dadosabertos.camara.leg.br/api/v2/partidos/37906;RJ;1.0;1.0;2023
2483030;https://dadosabertos.camara.leg.br/api/v2/proposicoes/2483030;209189.0;https://dadosabertos.camara.leg.br/api/v2/deputados/209189;10000;Deputado(a);Joseildo Ramos;PT;https://dadosabertos.camara.leg.br/api/v2/partidos/36844;BA;37.0;0.0;2025
2369743;https://dadosabertos.camara.leg.br/api/v2/proposicoes/2369743;220574.0;https://dadosabertos.camara.leg.br/api/v2/deputados/220574;10000;Deputado(a);Cabo Gilberto Silva;PL;https://dadosabertos.camara.leg.br/api/v2/partidos/37906;PB;161.0;0.0;2023
2462097;https://dadosabertos.camara.leg.br/api/v2/proposicoes/2462097;178871.0;https://dadosabertos.camara.leg.br/api/v2/deputados/178871;10000;Deputado(a);Evair Vieira de Melo;PP;https://dadosabertos.camara.leg.br/api/v2/partidos/37903;ES;1.0;1.0;2024
2477499;https://dadosabertos.camara.leg.br/api/v2/proposicoes/2477499;69871.0;https://dadosabertos.camara.leg.br/api/v2/deputados/69871;10000;Deputado(a);Bacelar;PV;https://dadosabertos.camara.leg.br/api/v2/partidos/36851;BA;1.0;1.0;2024
2407285;https://dadosabertos.camara.leg.br/api/v2/proposicoes/2407285;220606.0;https://dadosabertos.camara.leg.br/api/v2/deputados/220606;10000;Deputado(a);Reimont;PT;https://dadosabertos.camara.leg.br/api/v2/partidos/36844;RJ;1.0;1.0;2023
2468262;https://dadosabertos.camara.leg.br/api/v2/proposicoes/2468262;157130.0;https://dadosabertos.camara.leg.br/api/v2/deputados/157130;10000;Deputado(a);Túlio Gadêlha;REDE;https://dadosabertos.camara.leg.br/api/v2/partidos/36886;PE;3.0;1.0;2024
2458365;https://dadosabertos.camara.leg.br/api/v2/proposicoes/2458365;204416.0;https://dadosabertos.camara.leg.br/api/v2/deputados/204416;10000;Deputado(a);Sanderson;PL;https://dadosabertos.camara.leg.br/api/v2/partidos/37906;RS;1.0;1.0;2024
2407855;https://dadosabertos.camara.leg.br/api/v2/proposicoes/2407855;220568.0;https://dadosabertos.camara.leg.br/api/v2/deputados/220568;10000;Deputado(a);Gustavo Gayer;PL;https://dadosabertos.camara.leg.br/api/v2/partidos/37906;GO;1.0;1.0;2023
2380896;https://dadosabertos.camara.leg.br/api/v2/proposicoes/2380896;;https://dadosabertos.camara.leg.br/api/v2/orgaos/78;40000;Órgão do Poder Legislativo;Senado Federal;;;;1.0;1.0;2023
2409873;https://dadosabertos.camara.leg.br/api/v2/proposicoes/2409873;204504.0;https://dadosabertos.camara.leg.br/api/v2/deputados/204504;10000;Deputado(a);Cezinha de Madureira;PSD;https://dadosabertos.camara.leg.br/api/v2/partidos/36834;SP;167.0;1.0;2023
2378915;https://dadosabertos.camara.leg.br/api/v2/proposicoes/2378915;220571.0;https://dadosabertos.camara.leg.br/api/v2/deputados/220571;10000;Deputado(a);Daniel Agrobom;PL;https://dadosabertos.camara.leg.br/api/v2/partidos/37906;GO;1.0;1.0;2023
2396970;https://dadosabertos.camara.leg.br/api/v2/proposicoes/2396970;220593.0;https://dadosabertos.camara.leg.br/api/v2/deputados/220593;10000;Deputado(a);Abilio Brunini;PL;https://dadosabertos.camara.leg.br/api/v2/partidos/37906;MT;1.0;1.0;2023
2434975;https://dadosabertos.camara.leg.br/api/v2/proposicoes/2434975;;https://dadosabertos.camara.leg.br/api/v2/orgaos/111;81001;Plenário Virtual CN;CONGRESSO NACIONAL;;;;1.0;1.0;2024
2470844;https://dadosabertos.camara.leg.br/api/v2/proposicoes/2470844;;https://dadosabertos.camara.leg.br/api/v2/orgaos/537870;2;COMISSÃO PERMANENTE;Comissão de Defesa dos Direitos da Mulher;;;;1.0;1.0;2024
2371213;https://dadosabertos.camara.leg.br/api/v2/proposicoes/2371213;209787.0;https://dadosabertos.camara.leg.br/api/v2/deputados/209787;10000;Deputado(a);Nikolas Ferreira;PL;https://dadosabertos.camara.leg.br/api/v2/partidos/37906;MG;212.0;0.0;2023
2371498;https://dadosabertos.camara.leg.br/api/v2/proposicoes/2371498;220595.0;https://dadosabertos.camara.leg.br/api/v2/deputados/220595;10000;Deputado(a);Coronel Fernanda;PL;https://dadosabertos.camara.leg.br/api/v2/partidos/37906;MT;114.0;0.0;2023
2399970;https://dadosabertos.camara.leg.br/api/v2/proposicoes/2399970;;https://dadosabertos.camara.leg.br/api/v2/orgaos/2003;2;COMISSÃO PERMANENTE;Comissão de Constituição e Justiça e de Cidadania;;;;1.0;1.0;2023
2372185;https://dadosabertos.camara.leg.br/api/v2/proposicoes/2372185;74084.0;https://dadosabertos.camara.leg.br/api/v2/deputados/74084;10000;Deputado(a);Raimundo Santos;PSD;https://dadosabertos.camara.leg.br/api/v2/partidos/36834;PA;1.0;1.0;2023
2451199;https://dadosabertos.camara.leg.br/api/v2/proposicoes/2451199;;https://dadosabertos.camara.leg.br/api/v2/orgaos/78;40000;Órgão do Poder Legislativo;Senado Federal;;;;1.0;1.0;2024
2430520;https://dadosabertos.camara.leg.br/api/v2/proposicoes/2430520;220615.0;https://dadosabertos.camara.leg.br/api/v2/deputados/220615;10000;Deputado(a);Pastor Henrique Vieira;PSOL;https://dadosabertos.camara.leg.br/api/v2/partidos/36839;RJ;1.0;1.0;2024
2370773;https://dadosabertos.camara.leg.br/api/v2/proposicoes/2370773;220580.0;https://dadosabertos.camara.leg.br/api/v2/deputados/220580;10000;Deputado(a);Professora Goreth;PDT;https://dadosabertos.camara.leg.br/api/v2/partidos/36786;AP;63.0;0.0;2023
2428011;https://dadosabertos.camara.leg.br/api/v2/proposicoes/2428011;178992.0;https://dadosabertos.camara.leg.br/api/v2/deputados/178992;10000;Deputado(a);Vitor Lippi;PSDB;https://dadosabertos.camara.leg.br/api/v2/partidos/36835;SP;1.0;1.0;2024
2367221;https://dadosabertos.camara.leg.br/api/v2/proposicoes/2367221;220630.0;https://dadosabertos.camara.leg.br/api/v2/deputados/220630;10000;Deputado(a);Pedro Aihara;PATRIOTA;https://dadosabertos.camara.leg.br/api/v2/partidos/37907;MG;1.0;1.0;2023
2384380;https://dadosabertos.camara.leg.br/api/v2/proposicoes/2384380;160592.0;https://dadosabertos.camara.leg.br/api/v2/deputados/160592;10000;Deputado(a);Zeca Dirceu;PT;https://dadosabertos.camara.leg.br/api/v2/partidos/36844;PR;1.0;1.0;2023
2432581;https://dadosabertos.camara.leg.br/api/v2/proposicoes/2432581;;https://dadosabertos.camara.leg.br/api/v2/orgaos/5470;1;COMISSÃO DIRETORA;Primeira Secretaria;;;;1.0;1.0;2024
2389644;https://dadosabertos.camara.leg.br/api/v2/proposicoes/2389644;162332.0;https://dadosabertos.camara.leg.br/api/v2/deputados/162332;10000;Deputado(a);Luiz Nishimori;PSD;https://dadosabertos.camara.leg.br/api/v2/partidos/36834;PR;156.0;0.0;2023
2411961;https://dadosabertos.camara.leg.br/api/v2/proposicoes/2411961;204423.0;https://dadosabertos.camara.leg.br/api/v2/deputados/204423;10000;Deputado(a);André Ferreira;PL;https://dadosabertos.camara.leg.br/api/v2/partidos/37906;PE;158.0;1.0;2023
2436458;https://dadosabertos.camara.leg.br/api/v2/proposicoes/2436458;;https://dadosabertos.camara.leg.br/api/v2/orgaos/2003;2;COMISSÃO PERMANENTE;Comissão de Constituição e Justiça e de Cidadania;;;;1.0;1.0;2024
2362879;https://dadosabertos.camara.leg.br/api/v2/proposicoes/2362879;72442.0;https://dadosabertos.camara.leg.br/api/v2/deputados/72442;10000;Deputado(a);Felipe Carreras;PSB;https://dadosabertos.camara.leg.br/api/v2/partidos/36832;PE;3.0;0.0;2023
2482103;https://dadosabertos.camara.leg.br/api/v2/proposicoes/2482103;220570.0;https://dadosabertos.camara.leg.br/api/v2/deputados/220570;10000;Deputado(a);Dr. Ismael Alexandrino;PSD;https://dadosabertos.camara.leg.br/api/v2/partidos/36834;GO;3.0;1.0;2025
2471383;https://dadosabertos.camara.leg.br/api/v2/proposicoes/2471383;123756.0;https://dadosabertos.camara.leg.br/api/v2/deputados/123756;10000;Deputado(a);Antônia Lúcia;REPUBLIC;;AC;49.0;1.0;2024
2450690;https://dadosabertos.camara.leg.br/api/v2/proposicoes/2450690;204526.0;https://dadosabertos.camara.leg.br/api/v2/deputados/204526;10000;Deputado(a);Luiz Philippe de Orleans e Bragança;PL;https://dadosabertos.camara.leg.br/api/v2/partidos/37906;SP;1.0;1.0;2024
2487818;https://dadosabertos.camara.leg.br/api/v2/proposicoes/2487818;220552.0;https://dadosabertos.camara.leg.br/api/v2/deputados/220552;10000;Deputado(a);Zucco;PL;https://dadosabertos.camara.leg.br/api/v2/partidos/37906;RS;155.0;0.0;2025
2452534;https://dadosabertos.camara.leg.br/api/v2/proposicoes/2452534;220571.0;https://dadosabertos.camara.leg.br/api/v2/deputados/220571;10000;Deputado(a);Daniel Agrobom;PL;https://dadosabertos.camara.leg.br/api/v2/partidos/37906;GO;1.0;1.0;2024
2408917;https://dadosabertos.camara.leg.br/api/v2/proposicoes/2408917;204571.0;https://dadosabertos.camara.leg.br/api/v2/deputados/204571;10000;Deputado(a);Alex Santana;REPUBLIC;;BA;1.0;1.0;2023
2371124;https://dadosabertos.camara.leg.br/api/v2/proposicoes/2371124;220556.0;https://dadosabertos.camara.leg.br/api/v2/deputados/220556;10000;Deputado(a);Ana Paula Lima;PT;https://dadosabertos.camara.leg.br/api/v2/partidos/36844;SC;1.0;1.0;2023
2449664;https://dadosabertos.camara.leg.br/api/v2/proposicoes/2449664;220715.0;https://dadosabertos.camara.leg.br/api/v2/deputados/220715;10000;Deputado(a);Amom Mandel;CIDADANIA;https://dadosabertos.camara.leg.br/api/v2/partidos/37905;AM;1.0;1.0;2024
2477622;https://dadosabertos.camara.leg.br/api/v2/proposicoes/2477622;204536.0;https://dadosabertos.camara.leg.br/api/v2/deputados/204536;10000;Deputado(a);Kim Kataguiri;UNIÃO;https://dadosabertos.camara.leg.br/api/v2/partidos/38009;SP;1.0;1.0;2024
2453945;https://dadosabertos.camara.leg.br/api/v2/proposicoes/2453945;;https://dadosabertos.camara.leg.br/api/v2/orgaos/2003;2;COMISSÃO PERMANENTE;Comissão de Constituição e Justiça e de Cidadania;;;;1.0;1.0;2024
2438086;https://dadosabertos.camara.leg.br/api/v2/proposicoes/2438086;221338.0;https://dadosabertos.camara.leg.br/api/v2/deputados/221338;10000;Deputado(a);Professora Luciene Cavalcante;PSOL;https://dadosabertos.camara.leg.br/api/v2/partidos/36839;SP;1.0;1.0;2024
2390154;https://dadosabertos.camara.leg.br/api/v2/proposicoes/2390154;220553.0;https://dadosabertos.camara.leg.br/api/v2/deputados/220553;10000;Deputado(a);Denise Pessôa;PT;https://dadosabertos.camara.leg.br/api/v2/partidos/36844;RS;2.0;1.0;2023
2371700;https://dadosabertos.camara.leg.br/api/v2/proposicoes/2371700;220702.0;https://dadosabertos.camara.leg.br/api/v2/deputados/220702;10000;Deputado(a);Geraldo Mendes;UNIÃO;https://dadosabertos.camara.leg.br/api/v2/partidos/38009;PR;166.0;0.0;2023
2367471;https://dadosabertos.camara.leg.br/api/v2/proposicoes/2367471;221338.0;https://dadosabertos.camara.leg.br/api/v2/deputados/221338;10000;Deputado(a);Professora Luciene Cavalcante;PSOL;https://dadosabertos.camara.leg.br/api/v2/partidos/36839;SP;1.0;1.0;2023
2474401;https://dadosabertos.camara.leg.br/api/v2/proposicoes/2474401;178854.0;https://dadosabertos.camara.leg.br/api/v2/deputados/178854;10000;Deputado(a);Elmar Nascimento;UNIÃO;https://dadosabertos.camara.leg.br/api/v2/partidos/38009;BA;4.0;0.0;2024
2473747;https://dadosabertos.camara.leg.br/api/v2/proposicoes/2473747;220713.0;https://dadosabertos.camara.leg.br/api/v2/deputados/220713;10000;Deputado(a);Saullo Vianna;UNIÃO;https://dadosabertos.camara.leg.br/api/v2/partidos/38009;AM;1.0;1.0;2024
2480959;https://dadosabertos.camara.leg.br/api/v2/proposicoes/2480959;220715.0;https://dadosabertos.camara.leg.br/api/v2/deputados/220715;10000;Deputado(a);Amom Mandel;CIDADANIA;https://dadosabertos.camara.leg.br/api/v2/partidos/37905;AM;1.0;1.0;2024
2388246;https://dadosabertos.camara.leg.br/api/v2/proposicoes/2388246;220583.0;https://dadosabertos.camara.leg.br/api/v2/deputados/220583;10000;Deputado(a);Delegado Fabio Costa;PP;https://dadosabertos.camara.leg.br/api/v2/partidos/37903;AL;30.0;1.0;2023
2384748;https://dadosabertos.camara.leg.br/api/v2/proposicoes/2384748;220671.0;https://dadosabertos.camara.leg.br/api/v2/deputados/220671;10000;Deputado(a);Dilvanda Faro;PT;https://dadosabertos.camara.leg.br/api/v2/partidos/36844;PA;140.0;0.0;2023
2371177;https://dadosabertos.camara.leg.br/api/v2/proposicoes/2371177;73531.0;https://dadosabertos.camara.leg.br/api/v2/deputados/73531;10000;Deputado(a);Ivan Valente;PSOL;https://dadosabertos.camara.leg.br/api/v2/partidos/36839;SP;168.0;0.0;2023
2390618;https://dadosabertos.camara.leg.br/api/v2/proposicoes/2390618;178937.0;https://dadosabertos.camara.leg.br/api/v2/deputados/178937;10000;Deputado(a);Altineu Côrtes;PL;https://dadosabertos.camara.leg.br/api/v2/partidos/37906;RJ;121.0;0.0;2023
2452543;https://dadosabertos.camara.leg.br/api/v2/proposicoes/2452543;150418.0;https://dadosabertos.camara.leg.br/api/v2/deputados/150418;10000;Deputado(a);Márcio Marinho;REPUBLIC;;BA;3.0;0.0;2024
2459627;https://dadosabertos.camara.leg.br/api/v2/proposicoes/2459627;204407.0;https://dadosabertos.camara.leg.br/api/v2/deputados/204407;10000;Deputado(a);Fernanda Melchionna;PSOL;https://dadosabertos.camara.leg.br/api/v2/partidos/36839;RS;146.0;1.0;2024
2450506;https://dadosabertos.camara.leg.br/api/v2/proposicoes/2450506;204541.0;https://dadosabertos.camara.leg.br/api/v2/deputados/204541;10000;Deputado(a);Eduardo Bismarck;PDT;https://dadosabertos.camara.leg.br/api/v2/partidos/36786;CE;150.0;1.0;2024
2428555;https://dadosabertos.camara.leg.br/api/v2/proposicoes/2428555;220573.0;https://dadosabertos.camara.leg.br/api/v2/deputados/220573;10000;Deputado(a);Dorinaldo Malafaia;PDT;https://dadosabertos.camara.leg.br/api/v2/partidos/36786;AP;1.0;1.0;2024
2486854;https://dadosabertos.camara.leg.br/api/v2/proposicoes/2486854;74376.0;https://dadosabertos.camara.leg.br/api/v2/deputados/74376;10000;Deputado(a);Vander Loubet;PT;https://dadosabertos.camara.leg.br/api/v2/partidos/36844;MS;1.0;1.0;2025
2393353;https://dadosabertos.camara.leg.br/api/v2/proposicoes/2393353;204365.0;https://dadosabertos.camara.leg.br/api/v2/deputados/204365;10000;Deputado(a);Gilson Marques;NOVO;https://dadosabertos.camara.leg.br/api/v2/partidos/37901;SC;1.0;1.0;2023
2431168;https://dadosabertos.camara.leg.br/api/v2/proposicoes/2431168;204412.0;https://dadosabertos.camara.leg.br/api/v2/deputados/204412;10000;Deputado(a);Dr. Zacharias Calil;UNIÃO;https://dadosabertos.camara.leg.br/api/v2/partidos/38009;GO;1.0;1.0;2024
2393926;https://dadosabertos.camara.leg.br/api/v2/proposicoes/2393926;209787.0;https://dadosabertos.camara.leg.br/api/v2/deputados/209787;10000;Deputado(a);Nikolas Ferreira;PL;https://dadosabertos.camara.leg.br/api/v2/partidos/37906;MG;1.0;1.0;2023
2438309;https://dadosabertos.camara.leg.br/api/v2/proposicoes/2438309;220695.0;https://dadosabertos.camara.leg.br/api/v2/deputados/220695;10000;Deputado(a);Rogéria Santos;REPUBLIC;;BA;1.0;1.0;2024
2369719;https://dadosabertos.camara.leg.br/api/v2/proposicoes/2369719;204506.0;https://dadosabertos.camara.leg.br/api/v2/deputados/204506;10000;Deputado(a);Marcos Pereira;REPUBLIC;;SP;1.0;1.0;2023
2468422;https://dadosabertos.camara.leg.br/api/v2/proposicoes/2468422;74084.0;https://dadosabertos.camara.leg.br/api/v2/deputados/74084;10000;Deputado(a);Raimundo Santos;PSD;https://dadosabertos.camara.leg.br/api/v2/partidos/36834;PA;23.0;0.0;2024
2477247;https://dadosabertos.camara.leg.br/api/v2/proposicoes/2477247;178854.0;https://dadosabertos.camara.leg.br/api/v2/deputados/178854;10000;Deputado(a);Elmar Nascimento;UNIÃO;https://dadosabertos.camara.leg.br/api/v2/partidos/38009;BA;1.0;1.0;2024
2361056;https://dadosabertos.camara.leg.br/api/v2/proposicoes/2361056;220715.0;https://dadosabertos.camara.leg.br/api/v2/deputados/220715;10000;Deputado(a);Amom Mandel;CIDADANIA;https://dadosabertos.camara.leg.br/api/v2/partidos/37905;AM;1.0;1.0;2023
2480089;https://dadosabertos.camara.leg.br/api/v2/proposicoes/2480089;220715.0;https://dadosabertos.camara.leg.br/api/v2/deputados/220715;10000;Deputado(a);Amom Mandel;CIDADANIA;https://dadosabertos.camara.leg.br/api/v2/partidos/37905;AM;1.0;1.0;2024
2434877;https://dadosabertos.camara.leg.br/api/v2/proposicoes/2434877;204507.0;https://dadosabertos.camara.leg.br/api/v2/deputados/204507;10000;Deputado(a);Carla Zambelli;PL;https://dadosabertos.camara.leg.br/api/v2/partidos/37906;SP;1.0;1.0;2024
2468418;https://dadosabertos.camara.leg.br/api/v2/proposicoes/2468418;204404.0;https://dadosabertos.camara.leg.br/api/v2/deputados/204404;10000;Deputado(a);Lucas Redecker;PSDB;https://dadosabertos.camara.leg.br/api/v2/partidos/36835;RS;32.0;0.0;2024
2379207;https://dadosabertos.camara.leg.br/api/v2/proposicoes/2379207;220577.0;https://dadosabertos.camara.leg.br/api/v2/deputados/220577;10000;Deputado(a);Augusto Puppio;MDB;https://dadosabertos.camara.leg.br/api/v2/partidos/36899;AP;10.0;0.0;2023
2366769;https://dadosabertos.camara.leg.br/api/v2/proposicoes/2366769;178993.0;https://dadosabertos.camara.leg.br/api/v2/deputados/178993;10000;Deputado(a);Carlos Henrique Gaguim;UNIÃO;https://dadosabertos.camara.leg.br/api/v2/partidos/38009;TO;67.0;0.0;2023
2363136;https://dadosabertos.camara.leg.br/api/v2/proposicoes/2363136;204506.0;https://dadosabertos.camara.leg.br/api/v2/deputados/204506;10000;Deputado(a);Marcos Pereira;REPUBLIC;;SP;1.0;1.0;2023
2400340;https://dadosabertos.camara.leg.br/api/v2/proposicoes/2400340;224333.0;https://dadosabertos.camara.leg.br/api/v2/deputados/224333;10000;Deputado(a);Welter;PT;https://dadosabertos.camara.leg.br/api/v2/partidos/36844;PR;193.0;0.0;2023
2414808;https://dadosabertos.camara.leg.br/api/v2/proposicoes/2414808;220570.0;https://dadosabertos.camara.leg.br/api/v2/deputados/220570;10000;Deputado(a);Ismael Alexandrino;PSD;https://dadosabertos.camara.leg.br/api/v2/partidos/36834;GO;1.0;1.0;2023
2382835;https://dadosabertos.camara.leg.br/api/v2/proposicoes/2382835;220591.0;https://dadosabertos.camara.leg.br/api/v2/deputados/220591;10000;Deputado(a);Meire Serafim;UNIÃO;https://dadosabertos.camara.leg.br/api/v2/partidos/38009;AC;162.0;0.0;2023
2386408;https://dadosabertos.camara.leg.br/api/v2/proposicoes/2386408;204528.0;https://dadosabertos.camara.leg.br/api/v2/deputados/204528;10000;Deputado(a);Adriana Ventura;NOVO;https://dadosabertos.camara.leg.br/api/v2/partidos/37901;SP;1.0;1.0;2023
2447557;https://dadosabertos.camara.leg.br/api/v2/proposicoes/2447557;220648.0;https://dadosabertos.camara.leg.br/api/v2/deputados/220648;10000;Deputado(a);Marangoni;UNIÃO;https://dadosabertos.camara.leg.br/api/v2/partidos/38009;SP;1.0;1.0;2024
2401138;https://dadosabertos.camara.leg.br/api/v2/proposicoes/2401138;;https://dadosabertos.camara.leg.br/api/v2/orgaos/253;30000;Órgão do Poder Executivo;Poder Executivo;;;;1.0;1.0;2023
2453465;https://dadosabertos.camara.leg.br/api/v2/proposicoes/2453465;;https://dadosabertos.camara.leg.br/api/v2/orgaos/537480;2;COMISSÃO PERMANENTE;Comissão de Defesa dos Direitos das Pessoas com Deficiência;;;;1.0;1.0;2024
2461504;https://dadosabertos.camara.leg.br/api/v2/proposicoes/2461504;220694.0;https://dadosabertos.camara.leg.br/api/v2/deputados/220694;10000;Deputado(a);Ricardo Maia;MDB;https://dadosabertos.camara.leg.br/api/v2/partidos/36899;BA;1.0;1.0;2024
2423346;https://dadosabertos.camara.leg.br/api/v2/proposicoes/2423346;178871.0;https://dadosabertos.camara.leg.br/api/v2/deputados/178871;10000;Deputado(a);Evair Vieira de Melo;PP;https://dadosabertos.camara.leg.br/api/v2/partidos/37903;ES;1.0;1.0;2024
2457409;https://dadosabertos.camara.leg.br/api/v2/proposicoes/2457409;178854.0;https://dadosabertos.camara.leg.br/api/v2/deputados/178854;10000;Deputado(a);Elmar Nascimento;UNIÃO;https://dadosabertos.camara.leg.br/api/v2/partidos/38009;BA;2.0;0.0;2024
2448310;https://dadosabertos.camara.leg.br/api/v2/proposicoes/2448310;160673.0;https://dadosabertos.camara.leg.br/api/v2/deputados/160673;10000;Deputado(a);Giovani Cherini;PL;https://dadosabertos.camara.leg.br/api/v2/partidos/37906;RS;7.0;1.0;2024
2483551;https://dadosabertos.camara.leg.br/api/v2/proposicoes/2483551;220572.0;https://dadosabertos.camara.leg.br/api/v2/deputados/220572;10000;Deputado(a);Marussa Boldrin;MDB;https://dadosabertos.camara.leg.br/api/v2/partidos/36899;GO;27.0;0.0;2025
2476876;https://dadosabertos.camara.leg.br/api/v2/proposicoes/2476876;220715.0;https://dadosabertos.camara.leg.br/api/v2/deputados/220715;10000;Deputado(a);Amom Mandel;CIDADANIA;https://dadosabertos.camara.leg.br/api/v2/partidos/37905;AM;1.0;1.0;2024
2452265;https://dadosabertos.camara.leg.br/api/v2/proposicoes/2452265;157130.0;https://dadosabertos.camara.leg.br/api/v2/deputados/157130;10000;Deputado(a);Túlio Gadêlha;REDE;https://dadosabertos.camara.leg.br/api/v2/partidos/36886;PE;3.0;1.0;2024
2387113;https://dadosabertos.camara.leg.br/api/v2/proposicoes/2387113;204464.0;https://dadosabertos.camara.leg.br/api/v2/deputados/204464;10000;Deputado(a);Talíria Petrone;PSOL;https://dadosabertos.camara.leg.br/api/v2/partidos/36839;RJ;3.0;1.0;2023
2465473;https://dadosabertos.camara.leg.br/api/v2/proposicoes/2465473;204536.0;https://dadosabertos.camara.leg.br/api/v2/deputados/204536;10000;Deputado(a);Kim Kataguiri;UNIÃO;https://dadosabertos.camara.leg.br/api/v2/partidos/38009;SP;1.0;1.0;2024
2395343;https://dadosabertos.camara.leg.br/api/v2/proposicoes/2395343;204518.0;https://dadosabertos.camara.leg.br/api/v2/deputados/204518;10000;Deputado(a);Dr. Frederico;PATRIOTA;https://dadosabertos.camara.leg.br/api/v2/partidos/37907;MG;15.0;1.0;2023
2462144;https://dadosabertos.camara.leg.br/api/v2/proposicoes/2462144;220635.0;https://dadosabertos.camara.leg.br/api/v2/deputados/220635;10000;Deputado(a);Bruno Ganem;PODE;https://dadosabertos.camara.leg.br/api/v2/partidos/36896;SP;1.0;1.0;2024
2409873;https://dadosabertos.camara.leg.br/api/v2/proposicoes/2409873;178993.0;https://dadosabertos.camara.leg.br/api/v2/deputados/178993;10000;Deputado(a);Carlos Henrique Gaguim;UNIÃO;https://dadosabertos.camara.leg.br/api/v2/partidos/38009;TO;165.0;0.0;2023
2370539;https://dadosabertos.camara.leg.br/api/v2/proposicoes/2370539;220604.0;https://dadosabertos.camara.leg.br/api/v2/deputados/220604;10000;Deputado(a);Marcos Tavares;PDT;https://dadosabertos.camara.leg.br/api/v2/partidos/36786;RJ;1.0;1.0;2023
2446585;https://dadosabertos.camara.leg.br/api/v2/proposicoes/2446585;;https://dadosabertos.camara.leg.br/api/v2/orgaos/2003;2;COMISSÃO PERMANENTE;Comissão de Constituição e Justiça e de Cidadania;;;;1.0;1.0;2024
2409374;https://dadosabertos.camara.leg.br/api/v2/proposicoes/2409374;204365.0;https://dadosabertos.camara.leg.br/api/v2/deputados/204365;10000;Deputado(a);Gilson Marques;NOVO;https://dadosabertos.camara.leg.br/api/v2/partidos/37901;SC;1.0;1.0;2023
2377026;https://dadosabertos.camara.leg.br/api/v2/proposicoes/2377026;160535.0;https://dadosabertos.camara.leg.br/api/v2/deputados/160535;10000;Deputado(a);Marcon;PT;https://dadosabertos.camara.leg.br/api/v2/partidos/36844;RS;3.0;1.0;2023
2386532;https://dadosabertos.camara.leg.br/api/v2/proposicoes/2386532;69871.0;https://dadosabertos.camara.leg.br/api/v2/deputados/69871;10000;Deputado(a);Bacelar;PV;https://dadosabertos.camara.leg.br/api/v2/partidos/36851;BA;1.0;1.0;2023
2452154;https://dadosabertos.camara.leg.br/api/v2/proposicoes/2452154;74253.0;https://dadosabertos.camara.leg.br/api/v2/deputados/74253;10000;Deputado(a);Julio Lopes;PP;https://dadosabertos.camara.leg.br/api/v2/partidos/37903;RJ;1.0;1.0;2024
2428346;https://dadosabertos.camara.leg.br/api/v2/proposicoes/2428346;178887.0;https://dadosabertos.camara.leg.br/api/v2/deputados/178887;10000;Deputado(a);Rubens Pereira Júnior;PT;https://dadosabertos.camara.leg.br/api/v2/partidos/36844;MA;25.0;1.0;2024
2488834;https://dadosabertos.camara.leg.br/api/v2/proposicoes/2488834;220618.0;https://dadosabertos.camara.leg.br/api/v2/deputados/220618;10000;Deputado(a);Sargento Portugal;PODE;https://dadosabertos.camara.leg.br/api/v2/partidos/36896;RJ;1.0;1.0;2025
2406653;https://dadosabertos.camara.leg.br/api/v2/proposicoes/2406653;220715.0;https://dadosabertos.camara.leg.br/api/v2/deputados/220715;10000;Deputado(a);Amom Mandel;CIDADANIA;https://dadosabertos.camara.leg.br/api/v2/partidos/37905;AM;1.0;1.0;2023
2427054;https://dadosabertos.camara.leg.br/api/v2/proposicoes/2427054;139285.0;https://dadosabertos.camara.leg.br/api/v2/deputados/139285;10000;Deputado(a);Lídice da Mata;PSB;https://dadosabertos.camara.leg.br/api/v2/partidos/36832;BA;1.0;1.0;2024
2390307;https://dadosabertos.camara.leg.br/api/v2/proposicoes/2390307;204378.0;https://dadosabertos.camara.leg.br/api/v2/deputados/204378;10000;Deputado(a);Coronel Chrisóstomo;PL;https://dadosabertos.camara.leg.br/api/v2/partidos/37906;RO;1.0;1.0;2023
2362190;https://dadosabertos.camara.leg.br/api/v2/proposicoes/2362190;220595.0;https://dadosabertos.camara.leg.br/api/v2/deputados/220595;10000;Deputado(a);Coronel Fernanda;PL;https://dadosabertos.camara.leg.br/api/v2/partidos/37906;MT;79.0;0.0;2023
2362526;https://dadosabertos.camara.leg.br/api/v2/proposicoes/2362526;141470.0;https://dadosabertos.camara.leg.br/api/v2/deputados/141470;10000;Deputado(a);José Guimarães;PT;https://dadosabertos.camara.leg.br/api/v2/partidos/36844;CE;89.0;0.0;2023
2362187;https://dadosabertos.camara.leg.br/api/v2/proposicoes/2362187;;https://dadosabertos.camara.leg.br/api/v2/orgaos/2011;2;COMISSÃO PERMANENTE;Comissão de Fiscalização Financeira e Controle;;;;1.0;1.0;2023
2425638;https://dadosabertos.camara.leg.br/api/v2/proposicoes/2425638;204394.0;https://dadosabertos.camara.leg.br/api/v2/deputados/204394;10000;Deputado(a);Gervásio Maia;PSB;https://dadosabertos.camara.leg.br/api/v2/partidos/36832;PB;5.0;0.0;2024
2381467;https://dadosabertos.camara.leg.br/api/v2/proposicoes/2381467;178937.0;https://dadosabertos.camara.leg.br/api/v2/deputados/178937;10000;Deputado(a);Altineu Côrtes;PL;https://dadosabertos.camara.leg.br/api/v2/partidos/37906;RJ;1.0;1.0;2023
2479646;https://dadosabertos.camara.leg.br/api/v2/proposicoes/2479646;;https://dadosabertos.camara.leg.br/api/v2/orgaos/2010;2;COMISSÃO PERMANENTE;Comissão de Finanças e Tributação;;;;1.0;1.0;2024
2433699;https://dadosabertos.camara.leg.br/api/v2/proposicoes/2433699;92346.0;https://dadosabertos.camara.leg.br/api/v2/deputados/92346;10000;Deputado(a);Eduardo Bolsonaro;PL;https://dadosabertos.camara.leg.br/api/v2/partidos/37906;SP;1.0;1.0;2024
2366152;https://dadosabertos.camara.leg.br/api/v2/proposicoes/2366152;220655.0;https://dadosabertos.camara.leg.br/api/v2/deputados/220655;10000;Deputado(a);Mario Frias;PL;https://dadosabertos.camara.leg.br/api/v2/partidos/37906;SP;1.0;1.0;2023
2456861;https://dadosabertos.camara.leg.br/api/v2/proposicoes/2456861;204506.0;https://dadosabertos.camara.leg.br/api/v2/deputados/204506;10000;Deputado(a);Marcos Pereira;REPUBLIC;;SP;1.0;1.0;2024
2366550;https://dadosabertos.camara.leg.br/api/v2/proposicoes/2366550;74160.0;https://dadosabertos.camara.leg.br/api/v2/deputados/74160;10000;Deputado(a);Patrus Ananias;PT;https://dadosabertos.camara.leg.br/api/v2/partidos/36844;MG;121.0;0.0;2023
2372277;https://dadosabertos.camara.leg.br/api/v2/proposicoes/2372277;220690.0;https://dadosabertos.camara.leg.br/api/v2/deputados/220690;10000;Deputado(a);Capitão Alden;PL;https://dadosabertos.camara.leg.br/api/v2/partidos/37906;BA;12.0;1.0;2023
2387613;https://dadosabertos.camara.leg.br/api/v2/proposicoes/2387613;220618.0;https://dadosabertos.camara.leg.br/api/v2/deputados/220618;10000;Deputado(a);Sargento Portugal;PODE;https://dadosabertos.camara.leg.br/api/v2/partidos/36896;RJ;1.0;1.0;2023
2431217;https://dadosabertos.camara.leg.br/api/v2/proposicoes/2431217;157130.0;https://dadosabertos.camara.leg.br/api/v2/deputados/157130;10000;Deputado(a);Túlio Gadêlha;REDE;https://dadosabertos.camara.leg.br/api/v2/partidos/36886;PE;2.0;1.0;2024
2451845;https://dadosabertos.camara.leg.br/api/v2/proposicoes/2451845;220595.0;https://dadosabertos.camara.leg.br/api/v2/deputados/220595;10000;Deputado(a);Coronel Fernanda;PL;https://dadosabertos.camara.leg.br/api/v2/partidos/37906;MT;1.0;1.0;2024
2450506;https://dadosabertos.camara.leg.br/api/v2/proposicoes/2450506;220638.0;https://dadosabertos.camara.leg.br/api/v2/deputados/220638;10000;Deputado(a);Antonio Carlos Rodrigues;PL;https://dadosabertos.camara.leg.br/api/v2/partidos/37906;SP;169.0;0.0;2024
2435062;https://dadosabertos.camara.leg.br/api/v2/proposicoes/2435062;220659.0;https://dadosabertos.camara.leg.br/api/v2/deputados/220659;10000;Deputado(a);Dayany Bittencourt;UNIÃO;https://dadosabertos.camara.leg.br/api/v2/partidos/38009;CE;1.0;1.0;2024
2433937;https://dadosabertos.camara.leg.br/api/v2/proposicoes/2433937;204472.0;https://dadosabertos.camara.leg.br/api/v2/deputados/204472;10000;Deputado(a);José Medeiros;PL;https://dadosabertos.camara.leg.br/api/v2/partidos/37906;MT;2.0;0.0;2024
2386274;https://dadosabertos.camara.leg.br/api/v2/proposicoes/2386274;204506.0;https://dadosabertos.camara.leg.br/api/v2/deputados/204506;10000;Deputado(a);Marcos Pereira;REPUBLIC;;SP;1.0;1.0;2023
2423764;https://dadosabertos.camara.leg.br/api/v2/proposicoes/2423764;220543.0;https://dadosabertos.camara.leg.br/api/v2/deputados/220543;10000;Deputado(a);Ricardo Ayres;REPUBLIC;;TO;1.0;1.0;2024
2368416;https://dadosabertos.camara.leg.br/api/v2/proposicoes/2368416;204504.0;https://dadosabertos.camara.leg.br/api/v2/deputados/204504;10000;Deputado(a);Cezinha de Madureira;PSD;https://dadosabertos.camara.leg.br/api/v2/partidos/36834;SP;1.0;1.0;2023
2436619;https://dadosabertos.camara.leg.br/api/v2/proposicoes/2436619;73801.0;https://dadosabertos.camara.leg.br/api/v2/deputados/73801;10000;Deputado(a);Renildo Calheiros;PCdoB;https://dadosabertos.camara.leg.br/api/v2/partidos/36779;PE;162.0;0.0;2024
2427988;https://dadosabertos.camara.leg.br/api/v2/proposicoes/2427988;204374.0;https://dadosabertos.camara.leg.br/api/v2/deputados/204374;10000;Deputado(a);Bia Kicis;PL;https://dadosabertos.camara.leg.br/api/v2/partidos/37906;DF;1.0;1.0;2024
2370874;https://dadosabertos.camara.leg.br/api/v2/proposicoes/2370874;220528.0;https://dadosabertos.camara.leg.br/api/v2/deputados/220528;10000;Deputado(a);Dr. Victor Linhalis;PODE;https://dadosabertos.camara.leg.br/api/v2/partidos/36896;ES;1.0;1.0;2023
2413626;https://dadosabertos.camara.leg.br/api/v2/proposicoes/2413626;220715.0;https://dadosabertos.camara.leg.br/api/v2/deputados/220715;10000;Deputado(a);Amom Mandel;CIDADANIA;https://dadosabertos.camara.leg.br/api/v2/partidos/37905;AM;1.0;1.0;2023
2451822;https://dadosabertos.camara.leg.br/api/v2/proposicoes/2451822;204472.0;https://dadosabertos.camara.leg.br/api/v2/deputados/204472;10000;Deputado(a);José Medeiros;PL;https://dadosabertos.camara.leg.br/api/v2/partidos/37906;MT;21.0;1.0;2024
2440006;https://dadosabertos.camara.leg.br/api/v2/proposicoes/2440006;74428.0;https://dadosabertos.camara.leg.br/api/v2/deputados/74428;10000;Deputado(a);Mendonça Filho;UNIÃO;https://dadosabertos.camara.leg.br/api/v2/partidos/38009;PE;1.0;1.0;2024
2486350;https://dadosabertos.camara.leg.br/api/v2/proposicoes/2486350;225730.0;https://dadosabertos.camara.leg.br/api/v2/deputados/225730;10000;Deputado(a);Enfermeira Ana Paula;PDT;https://dadosabertos.camara.leg.br/api/v2/partidos/36786;CE;153.0;0.0;2025
2387201;https://dadosabertos.camara.leg.br/api/v2/proposicoes/2387201;204535.0;https://dadosabertos.camara.leg.br/api/v2/deputados/204535;10000;Deputado(a);Sâmia Bomfim;PSOL;https://dadosabertos.camara.leg.br/api/v2/partidos/36839;SP;2.0;1.0;2023
2386188;https://dadosabertos.camara.leg.br/api/v2/proposicoes/2386188;74159.0;https://dadosabertos.camara.leg.br/api/v2/deputados/74159;10000;Deputado(a);Odair Cunha;PT;https://dadosabertos.camara.leg.br/api/v2/partidos/36844;MG;4.0;0.0;2023
2478224;https://dadosabertos.camara.leg.br/api/v2/proposicoes/2478224;204535.0;https://dadosabertos.camara.leg.br/api/v2/deputados/204535;10000;Deputado(a);Sâmia Bomfim;PSOL;https://dadosabertos.camara.leg.br/api/v2/partidos/36839;SP;2.0;1.0;2024
2378836;https://dadosabertos.camara.leg.br/api/v2/proposicoes/2378836;74044.0;https://dadosabertos.camara.leg.br/api/v2/deputados/74044;10000;Deputado(a);Wilson Santiago;REPUBLIC;;PB;9.0;0.0;2023
2365244;https://dadosabertos.camara.leg.br/api/v2/proposicoes/2365244;66828.0;https://dadosabertos.camara.leg.br/api/v2/deputados/66828;10000;Deputado(a);Fausto Pinato;PP;https://dadosabertos.camara.leg.br/api/v2/partidos/37903;SP;132.0;0.0;2023
2372654;https://dadosabertos.camara.leg.br/api/v2/proposicoes/2372654;74171.0;https://dadosabertos.camara.leg.br/api/v2/deputados/74171;10000;Deputado(a);Chico Alencar;PSOL;https://dadosabertos.camara.leg.br/api/v2/partidos/36839;RJ;1.0;1.0;2023
2449892;https://dadosabertos.camara.leg.br/api/v2/proposicoes/2449892;220529.0;https://dadosabertos.camara.leg.br/api/v2/deputados/220529;10000;Deputado(a);Gilson Daniel;PODE;https://dadosabertos.camara.leg.br/api/v2/partidos/36896;ES;1.0;1.0;2024
2364499;https://dadosabertos.camara.leg.br/api/v2/proposicoes/2364499;;https://dadosabertos.camara.leg.br/api/v2/orgaos/537480;2;COMISSÃO PERMANENTE;Comissão de Defesa dos Direitos das Pessoas com Deficiência;;;;1.0;1.0;2023
2409243;https://dadosabertos.camara.leg.br/api/v2/proposicoes/2409243;220544.0;https://dadosabertos.camara.leg.br/api/v2/deputados/220544;10000;Deputado(a);Antonio Andrade;REPUBLIC;;TO;1.0;1.0;2023
2483164;https://dadosabertos.camara.leg.br/api/v2/proposicoes/2483164;160758.0;https://dadosabertos.camara.leg.br/api/v2/deputados/160758;10000;Deputado(a);Domingos Sávio;PL;https://dadosabertos.camara.leg.br/api/v2/partidos/37906;MG;20.0;0.0;2025
2429321;https://dadosabertos.camara.leg.br/api/v2/proposicoes/2429321;204506.0;https://dadosabertos.camara.leg.br/api/v2/deputados/204506;10000;Deputado(a);Marcos Pereira;REPUBLIC;;SP;1.0;1.0;2024
2479695;https://dadosabertos.camara.leg.br/api/v2/proposicoes/2479695;204374.0;https://dadosabertos.camara.leg.br/api/v2/deputados/204374;10000;Deputado(a);Bia Kicis;PL;https://dadosabertos.camara.leg.br/api/v2/partidos/37906;DF;1.0;1.0;2024
2400128;https://dadosabertos.camara.leg.br/api/v2/proposicoes/2400128;73701.0;https://dadosabertos.camara.leg.br/api/v2/deputados/73701;10000;Deputado(a);Benedita da Silva;PT;https://dadosabertos.camara.leg.br/api/v2/partidos/36844;RJ;15.0;0.0;2023
2455391;https://dadosabertos.camara.leg.br/api/v2/proposicoes/2455391;74171.0;https://dadosabertos.camara.leg.br/api/v2/deputados/74171;10000;Deputado(a);Chico Alencar;PSOL;https://dadosabertos.camara.leg.br/api/v2/partidos/36839;RJ;1.0;1.0;2024
2470059;https://dadosabertos.camara.leg.br/api/v2/proposicoes/2470059;220715.0;https://dadosabertos.camara.leg.br/api/v2/deputados/220715;10000;Deputado(a);Amom Mandel;CIDADANIA;https://dadosabertos.camara.leg.br/api/v2/partidos/37905;AM;1.0;1.0;2024
2449568;https://dadosabertos.camara.leg.br/api/v2/proposicoes/2449568;220715.0;https://dadosabertos.camara.leg.br/api/v2/deputados/220715;10000;Deputado(a);Amom Mandel;CIDADANIA;https://dadosabertos.camara.leg.br/api/v2/partidos/37905;AM;1.0;1.0;2024
2434560;https://dadosabertos.camara.leg.br/api/v2/proposicoes/2434560;160559.0;https://dadosabertos.camara.leg.br/api/v2/deputados/160559;10000;Deputado(a);Alceu Moreira;MDB;https://dadosabertos.camara.leg.br/api/v2/partidos/36899;RS;1.0;1.0;2024
2380299;https://dadosabertos.camara.leg.br/api/v2/proposicoes/2380299;178963.0;https://dadosabertos.camara.leg.br/api/v2/deputados/178963;10000;Deputado(a);Covatti Filho;PP;https://dadosabertos.camara.leg.br/api/v2/partidos/37903;RS;140.0;0.0;2023
2361500;https://dadosabertos.camara.leg.br/api/v2/proposicoes/2361500;204559.0;https://dadosabertos.camara.leg.br/api/v2/deputados/204559;10000;Deputado(a);Zé Neto;PT;https://dadosabertos.camara.leg.br/api/v2/partidos/36844;BA;140.0;0.0;2023
2432103;https://dadosabertos.camara.leg.br/api/v2/proposicoes/2432103;204365.0;https://dadosabertos.camara.leg.br/api/v2/deputados/204365;10000;Deputado(a);Gilson Marques;NOVO;https://dadosabertos.camara.leg.br/api/v2/partidos/37901;SC;1.0;1.0;2024
2385118;https://dadosabertos.camara.leg.br/api/v2/proposicoes/2385118;220622.0;https://dadosabertos.camara.leg.br/api/v2/deputados/220622;10000;Deputado(a);Nely Aquino;PODE;https://dadosabertos.camara.leg.br/api/v2/partidos/36896;MG;14.0;0.0;2023
2424978;https://dadosabertos.camara.leg.br/api/v2/proposicoes/2424978;220573.0;https://dadosabertos.camara.leg.br/api/v2/deputados/220573;10000;Deputado(a);Dorinaldo Malafaia;PDT;https://dadosabertos.camara.leg.br/api/v2/partidos/36786;AP;178.0;0.0;2024
2452463;https://dadosabertos.camara.leg.br/api/v2/proposicoes/2452463;204486.0;https://dadosabertos.camara.leg.br/api/v2/deputados/204486;10000;Deputado(a);Mauro Benevides Filho;PDT;https://dadosabertos.camara.leg.br/api/v2/partidos/36786;CE;1.0;1.0;2024
2432468;https://dadosabertos.camara.leg.br/api/v2/proposicoes/2432468;;https://dadosabertos.camara.leg.br/api/v2/orgaos/2003;2;COMISSÃO PERMANENTE;Comissão de Constituição e Justiça e de Cidadania;;;;1.0;1.0;2024
2449324;https://dadosabertos.camara.leg.br/api/v2/proposicoes/2449324;220529.0;https://dadosabertos.camara.leg.br/api/v2/deputados/220529;10000;Deputado(a);Gilson Daniel;PODE;https://dadosabertos.camara.leg.br/api/v2/partidos/36896;ES;1.0;1.0;2024
2361874;https://dadosabertos.camara.leg.br/api/v2/proposicoes/2361874;220534.0;https://dadosabertos.camara.leg.br/api/v2/deputados/220534;10000;Deputado(a);Fred Linhares;REPUBLIC;;DF;135.0;0.0;2023
2368751;https://dadosabertos.camara.leg.br/api/v2/proposicoes/2368751;220569.0;https://dadosabertos.camara.leg.br/api/v2/deputados/220569;10000;Deputado(a);Silvye Alves;UNIÃO;https://dadosabertos.camara.leg.br/api/v2/partidos/38009;GO;1.0;1.0;2023
2400075;https://dadosabertos.camara.leg.br/api/v2/proposicoes/2400075;89536.0;https://dadosabertos.camara.leg.br/api/v2/deputados/89536;10000;Deputado(a);Prof. Paulo Fernando;REPUBLIC;;DF;1.0;1.0;2023
2390454;https://dadosabertos.camara.leg.br/api/v2/proposicoes/2390454;178910.0;https://dadosabertos.camara.leg.br/api/v2/deputados/178910;10000;Deputado(a);Joaquim Passarinho;PL;https://dadosabertos.camara.leg.br/api/v2/partidos/37906;PA;31.0;0.0;2023
2478113;https://dadosabertos.camara.leg.br/api/v2/proposicoes/2478113;220686.0;https://dadosabertos.camara.leg.br/api/v2/deputados/220686;10000;Deputado(a);Duarte Jr.;PSB;https://dadosabertos.camara.leg.br/api/v2/partidos/36832;MA;1.0;1.0;2024
2461155;https://dadosabertos.camara.leg.br/api/v2/proposicoes/2461155;;https://dadosabertos.camara.leg.br/api/v2/orgaos/78;40000;Órgão do Poder Legislativo;Senado Federal;;;;1.0;1.0;2024
2485403;https://dadosabertos.camara.leg.br/api/v2/proposicoes/2485403;160548.0;https://dadosabertos.camara.leg.br/api/v2/deputados/160548;10000;Deputado(a);Jonas Donizette;PSB;https://dadosabertos.camara.leg.br/api/v2/partidos/36832;SP;1.0;1.0;2025
2402076;https://dadosabertos.camara.leg.br/api/v2/proposicoes/2402076;178927.0;https://dadosabertos.camara.leg.br/api/v2/deputados/178927;10000;Deputado(a);Aliel Machado;PV;https://dadosabertos.camara.leg.br/api/v2/partidos/36851;PR;1.0;1.0;2023
2361874;https://dadosabertos.camara.leg.br/api/v2/proposicoes/2361874;220673.0;https://dadosabertos.camara.leg.br/api/v2/deputados/220673;10000;Deputado(a);Delegado Caveira;PL;https://dadosabertos.camara.leg.br/api/v2/partidos/37906;PA;15.0;0.0;2023
2396264;https://dadosabertos.camara.leg.br/api/v2/proposicoes/2396264;204365.0;https://dadosabertos.camara.leg.br/api/v2/deputados/204365;10000;Deputado(a);Gilson Marques;NOVO;https://dadosabertos.camara.leg.br/api/v2/partidos/37901;SC;1.0;1.0;2023
2485833;https://dadosabertos.camara.leg.br/api/v2/proposicoes/2485833;160512.0;https://dadosabertos.camara.leg.br/api/v2/deputados/160512;10000;Deputado(a);Aureo Ribeiro;SOLIDARI;;RJ;1.0;1.0;2025
2472819;https://dadosabertos.camara.leg.br/api/v2/proposicoes/2472819;;https://dadosabertos.camara.leg.br/api/v2/orgaos/180;1;COMISSÃO DIRETORA;Plenário;;;;1.0;1.0;2024
2466034;https://dadosabertos.camara.leg.br/api/v2/proposicoes/2466034;220648.0;https://dadosabertos.camara.leg.br/api/v2/deputados/220648;10000;Deputado(a);Marangoni;UNIÃO;https://dadosabertos.camara.leg.br/api/v2/partidos/38009;SP;1.0;1.0;2024
2457407;https://dadosabertos.camara.leg.br/api/v2/proposicoes/2457407;141470.0;https://dadosabertos.camara.leg.br/api/v2/deputados/141470;10000;Deputado(a);José Guimarães;PT;https://dadosabertos.camara.leg.br/api/v2/partidos/36844;CE;17.0;1.0;2024
2450739;https://dadosabertos.camara.leg.br/api/v2/proposicoes/2450739;;https://dadosabertos.camara.leg.br/api/v2/orgaos/253;30000;Órgão do Poder Executivo;Poder Executivo;;;;1.0;1.0;2024
2369215;https://dadosabertos.camara.leg.br/api/v2/proposicoes/2369215;74156.0;https://dadosabertos.camara.leg.br/api/v2/deputados/74156;10000;Deputado(a);Leonardo Monteiro;PT;https://dadosabertos.camara.leg.br/api/v2/partidos/36844;MG;75.0;0.0;2023
2466632;https://dadosabertos.camara.leg.br/api/v2/proposicoes/2466632;;https://dadosabertos.camara.leg.br/api/v2/orgaos/537870;2;COMISSÃO PERMANENTE;Comissão de Defesa dos Direitos da Mulher;;;;1.0;1.0;2024
2393859;https://dadosabertos.camara.leg.br/api/v2/proposicoes/2393859;209787.0;https://dadosabertos.camara.leg.br/api/v2/deputados/209787;10000;Deputado(a);Nikolas Ferreira;PL;https://dadosabertos.camara.leg.br/api/v2/partidos/37906;MG;1.0;1.0;2023
2389530;https://dadosabertos.camara.leg.br/api/v2/proposicoes/2389530;204536.0;https://dadosabertos.camara.leg.br/api/v2/deputados/204536;10000;Deputado(a);Kim Kataguiri;UNIÃO;https://dadosabertos.camara.leg.br/api/v2/partidos/38009;SP;1.0;1.0;2023
2483520;https://dadosabertos.camara.leg.br/api/v2/proposicoes/2483520;204528.0;https://dadosabertos.camara.leg.br/api/v2/deputados/204528;10000;Deputado(a);Adriana Ventura;NOVO;https://dadosabertos.camara.leg.br/api/v2/partidos/37901;SP;1.0;1.0;2025
2427782;https://dadosabertos.camara.leg.br/api/v2/proposicoes/2427782;220713.0;https://dadosabertos.camara.leg.br/api/v2/deputados/220713;10000;Deputado(a);Saullo Vianna;UNIÃO;https://dadosabertos.camara.leg.br/api/v2/partidos/38009;AM;1.0;1.0;2024
2483552;https://dadosabertos.camara.leg.br/api/v2/proposicoes/2483552;74856.0;https://dadosabertos.camara.leg.br/api/v2/deputados/74856;10000;Deputado(a);Laura Carneiro;PSD;https://dadosabertos.camara.leg.br/api/v2/partidos/36834;RJ;41.0;0.0;2025
2387620;https://dadosabertos.camara.leg.br/api/v2/proposicoes/2387620;220547.0;https://dadosabertos.camara.leg.br/api/v2/deputados/220547;10000;Deputado(a);Marcos Pollon;PL;https://dadosabertos.camara.leg.br/api/v2/partidos/37906;MS;1.0;1.0;2023
2385236;https://dadosabertos.camara.leg.br/api/v2/proposicoes/2385236;74060.0;https://dadosabertos.camara.leg.br/api/v2/deputados/74060;10000;Deputado(a);Daniel Almeida;PCdoB;https://dadosabertos.camara.leg.br/api/v2/partidos/36779;BA;25.0;1.0;2023
2422071;https://dadosabertos.camara.leg.br/api/v2/proposicoes/2422071;204457.0;https://dadosabertos.camara.leg.br/api/v2/deputados/204457;10000;Deputado(a);Juninho do Pneu;UNIÃO;https://dadosabertos.camara.leg.br/api/v2/partidos/38009;RJ;1.0;1.0;2024
2440742;https://dadosabertos.camara.leg.br/api/v2/proposicoes/2440742;220671.0;https://dadosabertos.camara.leg.br/api/v2/deputados/220671;10000;Deputado(a);Dilvanda Faro;PT;https://dadosabertos.camara.leg.br/api/v2/partidos/36844;PA;189.0;0.0;2024
2380675;https://dadosabertos.camara.leg.br/api/v2/proposicoes/2380675;220666.0;https://dadosabertos.camara.leg.br/api/v2/deputados/220666;10000;Deputado(a);Coronel Meira;PL;https://dadosabertos.camara.leg.br/api/v2/partidos/37906;PE;1.0;1.0;2023
2462210;https://dadosabertos.camara.leg.br/api/v2/proposicoes/2462210;73579.0;https://dadosabertos.camara.leg.br/api/v2/deputados/73579;10000;Deputado(a);Alberto Fraga;PL;https://dadosabertos.camara.leg.br/api/v2/partidos/37906;DF;2.0;1.0;2024
2398359;https://dadosabertos.camara.leg.br/api/v2/proposicoes/2398359;220569.0;https://dadosabertos.camara.leg.br/api/v2/deputados/220569;10000;Deputado(a);Silvye Alves;UNIÃO;https://dadosabertos.camara.leg.br/api/v2/partidos/38009;GO;1.0;1.0;2023
2383472;https://dadosabertos.camara.leg.br/api/v2/proposicoes/2383472;204365.0;https://dadosabertos.camara.leg.br/api/v2/deputados/204365;10000;Deputado(a);Gilson Marques;NOVO;https://dadosabertos.camara.leg.br/api/v2/partidos/37901;SC;1.0;1.0;2023
2400122;https://dadosabertos.camara.leg.br/api/v2/proposicoes/2400122;161550.0;https://dadosabertos.camara.leg.br/api/v2/deputados/161550;10000;Deputado(a);Emidinho Madeira;PL;https://dadosabertos.camara.leg.br/api/v2/partidos/37906;MG;68.0;0.0;2023
2373359;https://dadosabertos.camara.leg.br/api/v2/proposicoes/2373359;178985.0;https://dadosabertos.camara.leg.br/api/v2/deputados/178985;10000;Deputado(a);Miguel Lombardi;PL;https://dadosabertos.camara.leg.br/api/v2/partidos/37906;SP;104.0;0.0;2023
2436747;https://dadosabertos.camara.leg.br/api/v2/proposicoes/2436747;204407.0;https://dadosabertos.camara.leg.br/api/v2/deputados/204407;10000;Deputado(a);Fernanda Melchionna;PSOL;https://dadosabertos.camara.leg.br/api/v2/partidos/36839;RS;3.0;1.0;2024
2440587;https://dadosabertos.camara.leg.br/api/v2/proposicoes/2440587;141458.0;https://dadosabertos.camara.leg.br/api/v2/deputados/141458;10000;Deputado(a);João Carlos Bacelar;PL;https://dadosabertos.camara.leg.br/api/v2/partidos/37906;BA;19.0;0.0;2024
2467375;https://dadosabertos.camara.leg.br/api/v2/proposicoes/2467375;;https://dadosabertos.camara.leg.br/api/v2/orgaos/253;30000;Órgão do Poder Executivo;Poder Executivo;;;;1.0;1.0;2024
2389123;https://dadosabertos.camara.leg.br/api/v2/proposicoes/2389123;204460.0;https://dadosabertos.camara.leg.br/api/v2/deputados/204460;10000;Deputado(a);Carlos Jordy;PL;https://dadosabertos.camara.leg.br/api/v2/partidos/37906;RJ;1.0;1.0;2023
2379234;https://dadosabertos.camara.leg.br/api/v2/proposicoes/2379234;204426.0;https://dadosabertos.camara.leg.br/api/v2/deputados/204426;10000;Deputado(a);Carlos Veras;PT;https://dadosabertos.camara.leg.br/api/v2/partidos/36844;PE;1.0;1.0;2023
2434867;https://dadosabertos.camara.leg.br/api/v2/proposicoes/2434867;204464.0;https://dadosabertos.camara.leg.br/api/v2/deputados/204464;10000;Deputado(a);Talíria Petrone;PSOL;https://dadosabertos.camara.leg.br/api/v2/partidos/36839;RJ;3.0;1.0;2024
2390618;https://dadosabertos.camara.leg.br/api/v2/proposicoes/2390618;220686.0;https://dadosabertos.camara.leg.br/api/v2/deputados/220686;10000;Deputado(a);Duarte Jr.;PSB;https://dadosabertos.camara.leg.br/api/v2/partidos/36832;MA;48.0;0.0;2023
2486472;https://dadosabertos.camara.leg.br/api/v2/proposicoes/2486472;178887.0;https://dadosabertos.camara.leg.br/api/v2/deputados/178887;10000;Deputado(a);Rubens Pereira Júnior;PT;https://dadosabertos.camara.leg.br/api/v2/partidos/36844;MA;15.0;0.0;2025
2435758;https://dadosabertos.camara.leg.br/api/v2/proposicoes/2435758;220654.0;https://dadosabertos.camara.leg.br/api/v2/deputados/220654;10000;Deputado(a);Delegado Paulo Bilynskyj;PL;https://dadosabertos.camara.leg.br/api/v2/partidos/37906;SP;1.0;1.0;2024
2446297;https://dadosabertos.camara.leg.br/api/v2/proposicoes/2446297;204506.0;https://dadosabertos.camara.leg.br/api/v2/deputados/204506;10000;Deputado(a);Marcos Pereira;REPUBLIC;;SP;1.0;1.0;2024
2389731;https://dadosabertos.camara.leg.br/api/v2/proposicoes/2389731;204460.0;https://dadosabertos.camara.leg.br/api/v2/deputados/204460;10000;Deputado(a);Carlos Jordy;PL;https://dadosabertos.camara.leg.br/api/v2/partidos/37906;RJ;4.0;1.0;2023
2364442;https://dadosabertos.camara.leg.br/api/v2/proposicoes/2364442;220551.0;https://dadosabertos.camara.leg.br/api/v2/deputados/220551;10000;Deputado(a);Franciane Bayer;REPUBLIC;;RS;6.0;0.0;2023
2450885;https://dadosabertos.camara.leg.br/api/v2/proposicoes/2450885;;https://dadosabertos.camara.leg.br/api/v2/orgaos/253;30000;Órgão do Poder Executivo;Poder Executivo;;;;1.0;1.0;2024
2466341;https://dadosabertos.camara.leg.br/api/v2/proposicoes/2466341;204506.0;https://dadosabertos.camara.leg.br/api/v2/deputados/204506;10000;Deputado(a);Marcos Pereira;REPUBLIC;;SP;1.0;1.0;2024
2466577;https://dadosabertos.camara.leg.br/api/v2/proposicoes/2466577;220529.0;https://dadosabertos.camara.leg.br/api/v2/deputados/220529;10000;Deputado(a);Gilson Daniel;PODE;https://dadosabertos.camara.leg.br/api/v2/partidos/36896;ES;1.0;1.0;2024
2467140;https://dadosabertos.camara.leg.br/api/v2/proposicoes/2467140;165470.0;https://dadosabertos.camara.leg.br/api/v2/deputados/165470;10000;Deputado(a);Rodrigo Valadares;UNIÃO;https://dadosabertos.camara.leg.br/api/v2/partidos/38009;SE;2.0;1.0;2024
2484291;https://dadosabertos.camara.leg.br/api/v2/proposicoes/2484291;204570.0;https://dadosabertos.camara.leg.br/api/v2/deputados/204570;10000;Deputado(a);Pastor Gil;PL;https://dadosabertos.camara.leg.br/api/v2/partidos/37906;MA;11.0;0.0;2025
2483512;https://dadosabertos.camara.leg.br/api/v2/proposicoes/2483512;141464.0;https://dadosabertos.camara.leg.br/api/v2/deputados/141464;10000;Deputado(a);José Airton Félix Cirilo;PT;https://dadosabertos.camara.leg.br/api/v2/partidos/36844;CE;8.0;0.0;2025
2449343;https://dadosabertos.camara.leg.br/api/v2/proposicoes/2449343;74356.0;https://dadosabertos.camara.leg.br/api/v2/deputados/74356;10000;Deputado(a);Silas Câmara;REPUBLIC;;AM;1.0;1.0;2024
2380340;https://dadosabertos.camara.leg.br/api/v2/proposicoes/2380340;220529.0;https://dadosabertos.camara.leg.br/api/v2/deputados/220529;10000;Deputado(a);Gilson Daniel;PODE;https://dadosabertos.camara.leg.br/api/v2/partidos/36896;ES;1.0;1.0;2023
2371098;https://dadosabertos.camara.leg.br/api/v2/proposicoes/2371098;143632.0;https://dadosabertos.camara.leg.br/api/v2/deputados/143632;10000;Deputado(a);Domingos Neto;PSD;https://dadosabertos.camara.leg.br/api/v2/partidos/36834;CE;2.0;1.0;2023
2456261;https://dadosabertos.camara.leg.br/api/v2/proposicoes/2456261;220545.0;https://dadosabertos.camara.leg.br/api/v2/deputados/220545;10000;Deputado(a);Filipe Martins;PL;https://dadosabertos.camara.leg.br/api/v2/partidos/37906;TO;1.0;1.0;2024
2430964;https://dadosabertos.camara.leg.br/api/v2/proposicoes/2430964;178937.0;https://dadosabertos.camara.leg.br/api/v2/deputados/178937;10000;Deputado(a);Altineu Côrtes;PL;https://dadosabertos.camara.leg.br/api/v2/partidos/37906;RJ;2.0;1.0;2024
2433081;https://dadosabertos.camara.leg.br/api/v2/proposicoes/2433081;178857.0;https://dadosabertos.camara.leg.br/api/v2/deputados/178857;10000;Deputado(a);Jorge Solla;PT;https://dadosabertos.camara.leg.br/api/v2/partidos/36844;BA;1.0;1.0;2024
2462319;https://dadosabertos.camara.leg.br/api/v2/proposicoes/2462319;220625.0;https://dadosabertos.camara.leg.br/api/v2/deputados/220625;10000;Deputado(a);Delegada Ione;AVANTE;https://dadosabertos.camara.leg.br/api/v2/partidos/36898;MG;147.0;0.0;2024
2469688;https://dadosabertos.camara.leg.br/api/v2/proposicoes/2469688;;https://dadosabertos.camara.leg.br/api/v2/orgaos/537870;2;COMISSÃO PERMANENTE;Comissão de Defesa dos Direitos da Mulher;;;;1.0;1.0;2024
2440277;https://dadosabertos.camara.leg.br/api/v2/proposicoes/2440277;204535.0;https://dadosabertos.camara.leg.br/api/v2/deputados/204535;10000;Deputado(a);Sâmia Bomfim;PSOL;https://dadosabertos.camara.leg.br/api/v2/partidos/36839;SP;3.0;1.0;2024
2430922;https://dadosabertos.camara.leg.br/api/v2/proposicoes/2430922;220618.0;https://dadosabertos.camara.leg.br/api/v2/deputados/220618;10000;Deputado(a);Sargento Portugal;PODE;https://dadosabertos.camara.leg.br/api/v2/partidos/36896;RJ;1.0;1.0;2024
2475120;https://dadosabertos.camara.leg.br/api/v2/proposicoes/2475120;74856.0;https://dadosabertos.camara.leg.br/api/v2/deputados/74856;10000;Deputado(a);Laura Carneiro;PSD;https://dadosabertos.camara.leg.br/api/v2/partidos/36834;RJ;1.0;1.0;2024
2385770;https://dadosabertos.camara.leg.br/api/v2/proposicoes/2385770;204535.0;https://dadosabertos.camara.leg.br/api/v2/deputados/204535;10000;Deputado(a);Sâmia Bomfim;PSOL;https://dadosabertos.camara.leg.br/api/v2/partidos/36839;SP;1.0;1.0;2023
2484016;https://dadosabertos.camara.leg.br/api/v2/proposicoes/2484016;220618.0;https://dadosabertos.camara.leg.br/api/v2/deputados/220618;10000;Deputado(a);Sargento Portugal;PODE;https://dadosabertos.camara.leg.br/api/v2/partidos/36896;RJ;1.0;1.0;2025
2374917;https://dadosabertos.camara.leg.br/api/v2/proposicoes/2374917;160976.0;https://dadosabertos.camara.leg.br/api/v2/deputados/160976;10000;Deputado(a);Tiririca;PL;https://dadosabertos.camara.leg.br/api/v2/partidos/37906;SP;202.0;0.0;2023
2481769;https://dadosabertos.camara.leg.br/api/v2/proposicoes/2481769;178896.0;https://dadosabertos.camara.leg.br/api/v2/deputados/178896;10000;Deputado(a);Newton Cardoso Jr;MDB;https://dadosabertos.camara.leg.br/api/v2/partidos/36899;MG;73.0;0.0;2024
2445994;https://dadosabertos.camara.leg.br/api/v2/proposicoes/2445994;204506.0;https://dadosabertos.camara.leg.br/api/v2/deputados/204506;10000;Deputado(a);Marcos Pereira;REPUBLIC;;SP;1.0;1.0;2024
2424978;https://dadosabertos.camara.leg.br/api/v2/proposicoes/2424978;162332.0;https://dadosabertos.camara.leg.br/api/v2/deputados/162332;10000;Deputado(a);Luiz Nishimori;PSD;https://dadosabertos.camara.leg.br/api/v2/partidos/36834;PR;173.0;0.0;2024
2480888;https://dadosabertos.camara.leg.br/api/v2/proposicoes/2480888;204506.0;https://dadosabertos.camara.leg.br/api/v2/deputados/204506;10000;Deputado(a);Marcos Pereira;REPUBLIC;;SP;1.0;1.0;2024
2421787;https://dadosabertos.camara.leg.br/api/v2/proposicoes/2421787;178929.0;https://dadosabertos.camara.leg.br/api/v2/deputados/178929;10000;Deputado(a);Diego Garcia;REPUBLIC;;PR;21.0;1.0;2024
2437032;https://dadosabertos.camara.leg.br/api/v2/proposicoes/2437032;204506.0;https://dadosabertos.camara.leg.br/api/v2/deputados/204506;10000;Deputado(a);Marcos Pereira;REPUBLIC;;SP;1.0;1.0;2024
2487390;https://dadosabertos.camara.leg.br/api/v2/proposicoes/2487390;153423.0;https://dadosabertos.camara.leg.br/api/v2/deputados/153423;10000;Deputado(a);Renilce Nicodemos;MDB;https://dadosabertos.camara.leg.br/api/v2/partidos/36899;PA;8.0;0.0;2025
2449708;https://dadosabertos.camara.leg.br/api/v2/proposicoes/2449708;229225.0;https://dadosabertos.camara.leg.br/api/v2/deputados/229225;10000;Deputado(a);Missionária Michele Collins;PP;https://dadosabertos.camara.leg.br/api/v2/partidos/37903;PE;2.0;1.0;2024
2447205;https://dadosabertos.camara.leg.br/api/v2/proposicoes/2447205;220578.0;https://dadosabertos.camara.leg.br/api/v2/deputados/220578;10000;Deputado(a);Josenildo;PDT;https://dadosabertos.camara.leg.br/api/v2/partidos/36786;AP;1.0;1.0;2024
2474257;https://dadosabertos.camara.leg.br/api/v2/proposicoes/2474257;220715.0;https://dadosabertos.camara.leg.br/api/v2/deputados/220715;10000;Deputado(a);Amom Mandel;CIDADANIA;https://dadosabertos.camara.leg.br/api/v2/partidos/37905;AM;1.0;1.0;2024
2478557;https://dadosabertos.camara.leg.br/api/v2/proposicoes/2478557;204506.0;https://dadosabertos.camara.leg.br/api/v2/deputados/204506;10000;Deputado(a);Marcos Pereira;REPUBLIC;;SP;1.0;1.0;2024
2372232;https://dadosabertos.camara.leg.br/api/v2/proposicoes/2372232;160598.0;https://dadosabertos.camara.leg.br/api/v2/deputados/160598;10000;Deputado(a);Flávia Morais;PDT;https://dadosabertos.camara.leg.br/api/v2/partidos/36786;GO;86.0;0.0;2023
2473353;https://dadosabertos.camara.leg.br/api/v2/proposicoes/2473353;220560.0;https://dadosabertos.camara.leg.br/api/v2/deputados/220560;10000;Deputado(a);Thiago de Joaldo;PP;https://dadosabertos.camara.leg.br/api/v2/partidos/37903;SE;1.0;1.0;2024
2462280;https://dadosabertos.camara.leg.br/api/v2/proposicoes/2462280;204533.0;https://dadosabertos.camara.leg.br/api/v2/deputados/204533;10000;Deputado(a);Idilvan Alencar;PDT;https://dadosabertos.camara.leg.br/api/v2/partidos/36786;CE;10.0;1.0;2024
2382151;https://dadosabertos.camara.leg.br/api/v2/proposicoes/2382151;178937.0;https://dadosabertos.camara.leg.br/api/v2/deputados/178937;10000;Deputado(a);Altineu Côrtes;PL;https://dadosabertos.camara.leg.br/api/v2/partidos/37906;RJ;1.0;1.0;2023
2480701;https://dadosabertos.camara.leg.br/api/v2/proposicoes/2480701;220554.0;https://dadosabertos.camara.leg.br/api/v2/deputados/220554;10000;Deputado(a);Alexandre Lindenmeyer;PT;https://dadosabertos.camara.leg.br/api/v2/partidos/36844;RS;88.0;0.0;2024
2459900;https://dadosabertos.camara.leg.br/api/v2/proposicoes/2459900;74856.0;https://dadosabertos.camara.leg.br/api/v2/deputados/74856;10000;Deputado(a);Laura Carneiro;PSD;https://dadosabertos.camara.leg.br/api/v2/partidos/36834;RJ;1.0;1.0;2024
2372454;https://dadosabertos.camara.leg.br/api/v2/proposicoes/2372454;220658.0;https://dadosabertos.camara.leg.br/api/v2/deputados/220658;10000;Deputado(a);Luiz Gastão;PSD;https://dadosabertos.camara.leg.br/api/v2/partidos/36834;CE;32.0;1.0;2023
2391937;https://dadosabertos.camara.leg.br/api/v2/proposicoes/2391937;;https://dadosabertos.camara.leg.br/api/v2/orgaos/2003;2;COMISSÃO PERMANENTE;Comissão de Constituição e Justiça e de Cidadania;;;;1.0;1.0;2023
2412009;https://dadosabertos.camara.leg.br/api/v2/proposicoes/2412009;;https://dadosabertos.camara.leg.br/api/v2/orgaos/2003;2;COMISSÃO PERMANENTE;Comissão de Constituição e Justiça e de Cidadania;;;;1.0;1.0;2023
2461303;https://dadosabertos.camara.leg.br/api/v2/proposicoes/2461303;220529.0;https://dadosabertos.camara.leg.br/api/v2/deputados/220529;10000;Deputado(a);Gilson Daniel;PODE;https://dadosabertos.camara.leg.br/api/v2/partidos/36896;ES;1.0;1.0;2024
2379923;https://dadosabertos.camara.leg.br/api/v2/proposicoes/2379923;204365.0;https://dadosabertos.camara.leg.br/api/v2/deputados/204365;10000;Deputado(a);Gilson Marques;NOVO;https://dadosabertos.camara.leg.br/api/v2/partidos/37901;SC;1.0;1.0;2023
2416231;https://dadosabertos.camara.leg.br/api/v2/proposicoes/2416231;74478.0;https://dadosabertos.camara.leg.br/api/v2/deputados/74478;10000;Deputado(a);Luciano Bivar;UNIÃO;https://dadosabertos.camara.leg.br/api/v2/partidos/38009;PE;1.0;1.0;2023
2425117;https://dadosabertos.camara.leg.br/api/v2/proposicoes/2425117;73778.0;https://dadosabertos.camara.leg.br/api/v2/deputados/73778;10000;Deputado(a);Luiz Carlos Hauly;PODE;https://dadosabertos.camara.leg.br/api/v2/partidos/36896;PR;1.0;1.0;2024
2380364;https://dadosabertos.camara.leg.br/api/v2/proposicoes/2380364;160592.0;https://dadosabertos.camara.leg.br/api/v2/deputados/160592;10000;Deputado(a);Zeca Dirceu;PT;https://dadosabertos.camara.leg.br/api/v2/partidos/36844;PR;1.0;1.0;2023
2483028;https://dadosabertos.camara.leg.br/api/v2/proposicoes/2483028;178887.0;https://dadosabertos.camara.leg.br/api/v2/deputados/178887;10000;Deputado(a);Rubens Pereira Júnior;PT;https://dadosabertos.camara.leg.br/api/v2/partidos/36844;MA;57.0;0.0;2025
2483931;https://dadosabertos.camara.leg.br/api/v2/proposicoes/2483931;160588.0;https://dadosabertos.camara.leg.br/api/v2/deputados/160588;10000;Deputado(a);Diego Andrade;PSD;https://dadosabertos.camara.leg.br/api/v2/partidos/36834;MG;45.0;0.0;2025
2437576;https://dadosabertos.camara.leg.br/api/v2/proposicoes/2437576;204572.0;https://dadosabertos.camara.leg.br/api/v2/deputados/204572;10000;Deputado(a);Capitão Alberto Neto;PL;https://dadosabertos.camara.leg.br/api/v2/partidos/37906;AM;1.0;1.0;2024
2375277;https://dadosabertos.camara.leg.br/api/v2/proposicoes/2375277;;https://dadosabertos.camara.leg.br/api/v2/orgaos/102537;80000;Liderança;Liderança do União;;;;1.0;1.0;2023
2481104;https://dadosabertos.camara.leg.br/api/v2/proposicoes/2481104;204506.0;https://dadosabertos.camara.leg.br/api/v2/deputados/204506;10000;Deputado(a);Marcos Pereira;REPUBLIC;;SP;1.0;1.0;2024
2371176;https://dadosabertos.camara.leg.br/api/v2/proposicoes/2371176;204494.0;https://dadosabertos.camara.leg.br/api/v2/deputados/204494;10000;Deputado(a);Fred Costa;PATRIOTA;https://dadosabertos.camara.leg.br/api/v2/partidos/37907;MG;87.0;0.0;2023
2413588;https://dadosabertos.camara.leg.br/api/v2/proposicoes/2413588;;https://dadosabertos.camara.leg.br/api/v2/orgaos/2003;2;COMISSÃO PERMANENTE;Comissão de Constituição e Justiça e de Cidadania;;;;1.0;1.0;2023
2458858;https://dadosabertos.camara.leg.br/api/v2/proposicoes/2458858;220529.0;https://dadosabertos.camara.leg.br/api/v2/deputados/220529;10000;Deputado(a);Gilson Daniel;PODE;https://dadosabertos.camara.leg.br/api/v2/partidos/36896;ES;1.0;1.0;2024
2377563;https://dadosabertos.camara.leg.br/api/v2/proposicoes/2377563;133439.0;https://dadosabertos.camara.leg.br/api/v2/deputados/133439;10000;Deputado(a);André Figueiredo;PDT;https://dadosabertos.camara.leg.br/api/v2/partidos/36786;CE;1.0;1.0;2023
2380674;https://dadosabertos.camara.leg.br/api/v2/proposicoes/2380674;;https://dadosabertos.camara.leg.br/api/v2/orgaos/102723;70000;Sociedade Civil;SINDICATO DOS TRABALHADORES EM EMPRESAS DE TRANSPORTES FERROVIÁRIO E METROVIÁRIO DOS ESTADOS DA BAHIA E SERGIPE;;;;1.0;1.0;2023
2362849;https://dadosabertos.camara.leg.br/api/v2/proposicoes/2362849;204506.0;https://dadosabertos.camara.leg.br/api/v2/deputados/204506;10000;Deputado(a);Marcos Pereira;REPUBLIC;;SP;1.0;1.0;2023
2364442;https://dadosabertos.camara.leg.br/api/v2/proposicoes/2364442;220595.0;https://dadosabertos.camara.leg.br/api/v2/deputados/220595;10000;Deputado(a);Coronel Fernanda;PL;https://dadosabertos.camara.leg.br/api/v2/partidos/37906;MT;179.0;0.0;2023
2404235;https://dadosabertos.camara.leg.br/api/v2/proposicoes/2404235;141464.0;https://dadosabertos.camara.leg.br/api/v2/deputados/141464;10000;Deputado(a);José Airton Félix Cirilo;PT;https://dadosabertos.camara.leg.br/api/v2/partidos/36844;CE;3.0;1.0;2023
2414075;https://dadosabertos.camara.leg.br/api/v2/proposicoes/2414075;;;20000;Senador(a);Angelo Coronel;PSD;https://dadosabertos.camara.leg.br/api/v2/partidos/36834;BA;1.0;1.0;2023
2444133;https://dadosabertos.camara.leg.br/api/v2/proposicoes/2444133;220604.0;https://dadosabertos.camara.leg.br/api/v2/deputados/220604;10000;Deputado(a);Marcos Tavares;PDT;https://dadosabertos.camara.leg.br/api/v2/partidos/36786;RJ;1.0;1.0;2024
2361676;https://dadosabertos.camara.leg.br/api/v2/proposicoes/2361676;205550.0;https://dadosabertos.camara.leg.br/api/v2/deputados/205550;10000;Deputado(a);Jorge Braz;REPUBLIC;;RJ;1.0;1.0;2023
2408212;https://dadosabertos.camara.leg.br/api/v2/proposicoes/2408212;204572.0;https://dadosabertos.camara.leg.br/api/v2/deputados/204572;10000;Deputado(a);Capitão Alberto Neto;PL;https://dadosabertos.camara.leg.br/api/v2/partidos/37906;AM;1.0;1.0;2023
2385542;https://dadosabertos.camara.leg.br/api/v2/proposicoes/2385542;220556.0;https://dadosabertos.camara.leg.br/api/v2/deputados/220556;10000;Deputado(a);Ana Paula Lima;PT;https://dadosabertos.camara.leg.br/api/v2/partidos/36844;SC;1.0;1.0;2023
2482949;https://dadosabertos.camara.leg.br/api/v2/proposicoes/2482949;74043.0;https://dadosabertos.camara.leg.br/api/v2/deputados/74043;10000;Deputado(a);Wellington Roberto;PL;https://dadosabertos.camara.leg.br/api/v2/partidos/37906;PB;40.0;0.0;2025
2365126;https://dadosabertos.camara.leg.br/api/v2/proposicoes/2365126;220644.0;https://dadosabertos.camara.leg.br/api/v2/deputados/220644;10000;Deputado(a);Rosângela Moro;UNIÃO;https://dadosabertos.camara.leg.br/api/v2/partidos/38009;SP;188.0;0.0;2023
2422626;https://dadosabertos.camara.leg.br/api/v2/proposicoes/2422626;220529.0;https://dadosabertos.camara.leg.br/api/v2/deputados/220529;10000;Deputado(a);Gilson Daniel;PODE;https://dadosabertos.camara.leg.br/api/v2/partidos/36896;ES;1.0;1.0;2024
2402742;https://dadosabertos.camara.leg.br/api/v2/proposicoes/2402742;160518.0;https://dadosabertos.camara.leg.br/api/v2/deputados/160518;10000;Deputado(a);Weliton Prado;SOLIDARI;;MG;12.0;0.0;2023
2382838;https://dadosabertos.camara.leg.br/api/v2/proposicoes/2382838;225727.0;https://dadosabertos.camara.leg.br/api/v2/deputados/225727;10000;Deputado(a);Flavinha;MDB;https://dadosabertos.camara.leg.br/api/v2/partidos/36899;MT;62.0;1.0;2023
2368795;https://dadosabertos.camara.leg.br/api/v2/proposicoes/2368795;220619.0;https://dadosabertos.camara.leg.br/api/v2/deputados/220619;10000;Deputado(a);Delegado Ramagem;PL;https://dadosabertos.camara.leg.br/api/v2/partidos/37906;RJ;16.0;1.0;2023
2452122;https://dadosabertos.camara.leg.br/api/v2/proposicoes/2452122;220654.0;https://dadosabertos.camara.leg.br/api/v2/deputados/220654;10000;Deputado(a);Delegado Paulo Bilynskyj;PL;https://dadosabertos.camara.leg.br/api/v2/partidos/37906;SP;1.0;1.0;2024
2424978;https://dadosabertos.camara.leg.br/api/v2/proposicoes/2424978;220632.0;https://dadosabertos.camara.leg.br/api/v2/deputados/220632;10000;Deputado(a);Ana Pimentel;PT;https://dadosabertos.camara.leg.br/api/v2/partidos/36844;MG;135.0;0.0;2024
2479457;https://dadosabertos.camara.leg.br/api/v2/proposicoes/2479457;220526.0;https://dadosabertos.camara.leg.br/api/v2/deputados/220526;10000;Deputado(a);Gilvan da Federal;PL;https://dadosabertos.camara.leg.br/api/v2/partidos/37906;ES;73.0;0.0;2024
2463636;https://dadosabertos.camara.leg.br/api/v2/proposicoes/2463636;220557.0;https://dadosabertos.camara.leg.br/api/v2/deputados/220557;10000;Deputado(a);Daniela Reinehr;PL;https://dadosabertos.camara.leg.br/api/v2/partidos/37906;SC;1.0;1.0;2024
2464110;https://dadosabertos.camara.leg.br/api/v2/proposicoes/2464110;74356.0;https://dadosabertos.camara.leg.br/api/v2/deputados/74356;10000;Deputado(a);Silas Câmara;REPUBLIC;;AM;1.0;1.0;2024
2375587;https://dadosabertos.camara.leg.br/api/v2/proposicoes/2375587;204491.0;https://dadosabertos.camara.leg.br/api/v2/deputados/204491;10000;Deputado(a);Gilberto Abramo;REPUBLIC;;MG;1.0;1.0;2023
2367547;https://dadosabertos.camara.leg.br/api/v2/proposicoes/2367547;204482.0;https://dadosabertos.camara.leg.br/api/v2/deputados/204482;10000;Deputado(a);Euclydes Pettersen;REPUBLIC;;MG;31.0;0.0;2023
2384972;https://dadosabertos.camara.leg.br/api/v2/proposicoes/2384972;;https://dadosabertos.camara.leg.br/api/v2/orgaos/539461;4;COMISSÃO PARLAMENTAR DE INQUÉRITO;Comissão Parlamentar de Inquérito destinada a investigar indícios de operações fraudulentas sofisticadas na gestão de diversas empresas de serviços financeiros que prometem gerar patrimônio por meio de gestão de criptomoedas, com divulgação de informações falsas sobre projetos ou serviços e promessa de rentabilidade anormalmente alta ou garantida e inexistência de taxas, mas constituindo-se em sistema de remuneração alimentado pela entrada de novos participantes (o que tem trazido prejuízos vultosos aos investidores e a toda a sociedade, entre os anos de 2019 e 2022);;;;1.0;1.0;2023
2362469;https://dadosabertos.camara.leg.br/api/v2/proposicoes/2362469;204367.0;https://dadosabertos.camara.leg.br/api/v2/deputados/204367;10000;Deputado(a);Daniel Freitas;PL;https://dadosabertos.camara.leg.br/api/v2/partidos/37906;SC;144.0;0.0;2023
2393503;https://dadosabertos.camara.leg.br/api/v2/proposicoes/2393503;204365.0;https://dadosabertos.camara.leg.br/api/v2/deputados/204365;10000;Deputado(a);Gilson Marques;NOVO;https://dadosabertos.camara.leg.br/api/v2/partidos/37901;SC;1.0;1.0;2023
2392406;https://dadosabertos.camara.leg.br/api/v2/proposicoes/2392406;204426.0;https://dadosabertos.camara.leg.br/api/v2/deputados/204426;10000;Deputado(a);Carlos Veras;PT;https://dadosabertos.camara.leg.br/api/v2/partidos/36844;PE;1.0;1.0;2023
2407514;https://dadosabertos.camara.leg.br/api/v2/proposicoes/2407514;220623.0;https://dadosabertos.camara.leg.br/api/v2/deputados/220623;10000;Deputado(a);Duda Salabert;PDT;https://dadosabertos.camara.leg.br/api/v2/partidos/36786;MG;1.0;1.0;2023
2383823;https://dadosabertos.camara.leg.br/api/v2/proposicoes/2383823;222142.0;https://dadosabertos.camara.leg.br/api/v2/deputados/222142;10000;Deputado(a);Coronel Telhada;PP;https://dadosabertos.camara.leg.br/api/v2/partidos/37903;SP;108.0;0.0;2023
2362989;https://dadosabertos.camara.leg.br/api/v2/proposicoes/2362989;220644.0;https://dadosabertos.camara.leg.br/api/v2/deputados/220644;10000;Deputado(a);Rosângela Moro;UNIÃO;https://dadosabertos.camara.leg.br/api/v2/partidos/38009;SP;19.0;0.0;2023
2452660;https://dadosabertos.camara.leg.br/api/v2/proposicoes/2452660;;https://dadosabertos.camara.leg.br/api/v2/orgaos/102608;80000;Liderança;Liderança da Federação PT-PCdoB-PV;PT;https://dadosabertos.camara.leg.br/api/v2/partidos/36844;ES;1.0;1.0;2024
2470705;https://dadosabertos.camara.leg.br/api/v2/proposicoes/2470705;178927.0;https://dadosabertos.camara.leg.br/api/v2/deputados/178927;10000;Deputado(a);Aliel Machado;PV;https://dadosabertos.camara.leg.br/api/v2/partidos/36851;PR;1.0;1.0;2024
2427529;https://dadosabertos.camara.leg.br/api/v2/proposicoes/2427529;74160.0;https://dadosabertos.camara.leg.br/api/v2/deputados/74160;10000;Deputado(a);Patrus Ananias;PT;https://dadosabertos.camara.leg.br/api/v2/partidos/36844;MG;1.0;1.0;2024
2442728;https://dadosabertos.camara.leg.br/api/v2/proposicoes/2442728;73441.0;https://dadosabertos.camara.leg.br/api/v2/deputados/73441;10000;Deputado(a);Celso Russomanno;REPUBLIC;;SP;1.0;1.0;2024
2471468;https://dadosabertos.camara.leg.br/api/v2/proposicoes/2471468;204362.0;https://dadosabertos.camara.leg.br/api/v2/deputados/204362;10000;Deputado(a);Ricardo Guidi;PL;https://dadosabertos.camara.leg.br/api/v2/partidos/37906;SC;16.0;0.0;2024
2366214;https://dadosabertos.camara.leg.br/api/v2/proposicoes/2366214;74356.0;https://dadosabertos.camara.leg.br/api/v2/deputados/74356;10000;Deputado(a);Silas Câmara;REPUBLIC;;AM;1.0;1.0;2023
2393730;https://dadosabertos.camara.leg.br/api/v2/proposicoes/2393730;220550.0;https://dadosabertos.camara.leg.br/api/v2/deputados/220550;10000;Deputado(a);Mauricio Marcon;PODE;https://dadosabertos.camara.leg.br/api/v2/partidos/36896;RS;1.0;1.0;2023
2415114;https://dadosabertos.camara.leg.br/api/v2/proposicoes/2415114;204406.0;https://dadosabertos.camara.leg.br/api/v2/deputados/204406;10000;Deputado(a);Pedro Westphalen;PP;https://dadosabertos.camara.leg.br/api/v2/partidos/37903;RS;84.0;1.0;2023
2366769;https://dadosabertos.camara.leg.br/api/v2/proposicoes/2366769;198783.0;https://dadosabertos.camara.leg.br/api/v2/deputados/198783;10000;Deputado(a);Emanuel Pinheiro Neto;MDB;https://dadosabertos.camara.leg.br/api/v2/partidos/36899;MT;145.0;0.0;2023
2420997;https://dadosabertos.camara.leg.br/api/v2/proposicoes/2420997;74095.0;https://dadosabertos.camara.leg.br/api/v2/deputados/74095;10000;Deputado(a);Pauderney Avelino;UNIÃO;https://dadosabertos.camara.leg.br/api/v2/partidos/38009;AM;1.0;1.0;2024
2363945;https://dadosabertos.camara.leg.br/api/v2/proposicoes/2363945;220616.0;https://dadosabertos.camara.leg.br/api/v2/deputados/220616;10000;Deputado(a);Luciano Vieira;PL;https://dadosabertos.camara.leg.br/api/v2/partidos/37906;RJ;1.0;1.0;2023
2395003;https://dadosabertos.camara.leg.br/api/v2/proposicoes/2395003;204426.0;https://dadosabertos.camara.leg.br/api/v2/deputados/204426;10000;Deputado(a);Carlos Veras;PT;https://dadosabertos.camara.leg.br/api/v2/partidos/36844;PE;1.0;1.0;2023
2483031;https://dadosabertos.camara.leg.br/api/v2/proposicoes/2483031;74060.0;https://dadosabertos.camara.leg.br/api/v2/deputados/74060;10000;Deputado(a);Daniel Almeida;PCdoB;https://dadosabertos.camara.leg.br/api/v2/partidos/36779;BA;38.0;1.0;2025
2416464;https://dadosabertos.camara.leg.br/api/v2/proposicoes/2416464;92346.0;https://dadosabertos.camara.leg.br/api/v2/deputados/92346;10000;Deputado(a);Eduardo Bolsonaro;PL;https://dadosabertos.camara.leg.br/api/v2/partidos/37906;SP;21.0;1.0;2023
2401099;https://dadosabertos.camara.leg.br/api/v2/proposicoes/2401099;204501.0;https://dadosabertos.camara.leg.br/api/v2/deputados/204501;10000;Deputado(a);Alencar Santana;PT;https://dadosabertos.camara.leg.br/api/v2/partidos/36844;SP;1.0;1.0;2023
2375941;https://dadosabertos.camara.leg.br/api/v2/proposicoes/2375941;204476.0;https://dadosabertos.camara.leg.br/api/v2/deputados/204476;10000;Deputado(a);Chiquinho Brazão;UNIÃO;https://dadosabertos.camara.leg.br/api/v2/partidos/38009;RJ;131.0;0.0;2023
2360586;https://dadosabertos.camara.leg.br/api/v2/proposicoes/2360586;204388.0;https://dadosabertos.camara.leg.br/api/v2/deputados/204388;10000;Deputado(a);Bibo Nunes;PL;https://dadosabertos.camara.leg.br/api/v2/partidos/37906;RS;1.0;1.0;2023
2404679;https://dadosabertos.camara.leg.br/api/v2/proposicoes/2404679;89536.0;https://dadosabertos.camara.leg.br/api/v2/deputados/89536;10000;Deputado(a);Prof. Paulo Fernando;REPUBLIC;;DF;1.0;1.0;2023
2441369;https://dadosabertos.camara.leg.br/api/v2/proposicoes/2441369;206018.0;https://dadosabertos.camara.leg.br/api/v2/deputados/206018;10000;Deputado(a);Célia Xakriabá;PSOL;https://dadosabertos.camara.leg.br/api/v2/partidos/36839;MG;2.0;1.0;2024
2394776;https://dadosabertos.camara.leg.br/api/v2/proposicoes/2394776;160553.0;https://dadosabertos.camara.leg.br/api/v2/deputados/160553;10000;Deputado(a);Antonio Brito;PSD;https://dadosabertos.camara.leg.br/api/v2/partidos/36834;BA;2.0;0.0;2023
2392432;https://dadosabertos.camara.leg.br/api/v2/proposicoes/2392432;220550.0;https://dadosabertos.camara.leg.br/api/v2/deputados/220550;10000;Deputado(a);Mauricio Marcon;PODE;https://dadosabertos.camara.leg.br/api/v2/partidos/36896;RS;1.0;1.0;2023
2367952;https://dadosabertos.camara.leg.br/api/v2/proposicoes/2367952;204550.0;https://dadosabertos.camara.leg.br/api/v2/deputados/204550;10000;Deputado(a);Júnior Mano;PL;https://dadosabertos.camara.leg.br/api/v2/partidos/37906;CE;1.0;1.0;2023
2469405;https://dadosabertos.camara.leg.br/api/v2/proposicoes/2469405;178931.0;https://dadosabertos.camara.leg.br/api/v2/deputados/178931;10000;Deputado(a);Luciano Ducci;PSB;https://dadosabertos.camara.leg.br/api/v2/partidos/36832;PR;122.0;0.0;2024
2483192;https://dadosabertos.camara.leg.br/api/v2/proposicoes/2483192;141464.0;https://dadosabertos.camara.leg.br/api/v2/deputados/141464;10000;Deputado(a);José Airton Félix Cirilo;PT;https://dadosabertos.camara.leg.br/api/v2/partidos/36844;CE;17.0;0.0;2025
2457615;https://dadosabertos.camara.leg.br/api/v2/proposicoes/2457615;;https://dadosabertos.camara.leg.br/api/v2/orgaos/102608;80000;Liderança;Liderança da Federação PT-PCdoB-PV;PT;https://dadosabertos.camara.leg.br/api/v2/partidos/36844;MG;1.0;1.0;2024
2393140;https://dadosabertos.camara.leg.br/api/v2/proposicoes/2393140;220547.0;https://dadosabertos.camara.leg.br/api/v2/deputados/220547;10000;Deputado(a);Marcos Pollon;PL;https://dadosabertos.camara.leg.br/api/v2/partidos/37906;MS;1.0;1.0;2023
2482495;https://dadosabertos.camara.leg.br/api/v2/proposicoes/2482495;220618.0;https://dadosabertos.camara.leg.br/api/v2/deputados/220618;10000;Deputado(a);Sargento Portugal;PODE;https://dadosabertos.camara.leg.br/api/v2/partidos/36896;RJ;1.0;1.0;2025
2394218;https://dadosabertos.camara.leg.br/api/v2/proposicoes/2394218;204541.0;https://dadosabertos.camara.leg.br/api/v2/deputados/204541;10000;Deputado(a);Eduardo Bismarck;PDT;https://dadosabertos.camara.leg.br/api/v2/partidos/36786;CE;1.0;1.0;2023
2406651;https://dadosabertos.camara.leg.br/api/v2/proposicoes/2406651;74856.0;https://dadosabertos.camara.leg.br/api/v2/deputados/74856;10000;Deputado(a);Laura Carneiro;PSD;https://dadosabertos.camara.leg.br/api/v2/partidos/36834;RJ;1.0;1.0;2023
2464732;https://dadosabertos.camara.leg.br/api/v2/proposicoes/2464732;220604.0;https://dadosabertos.camara.leg.br/api/v2/deputados/220604;10000;Deputado(a);Marcos Tavares;PDT;https://dadosabertos.camara.leg.br/api/v2/partidos/36786;RJ;1.0;1.0;2024
2436224;https://dadosabertos.camara.leg.br/api/v2/proposicoes/2436224;73604.0;https://dadosabertos.camara.leg.br/api/v2/deputados/73604;10000;Deputado(a);Rui Falcão;PT;https://dadosabertos.camara.leg.br/api/v2/partidos/36844;SP;151.0;0.0;2024
2434764;https://dadosabertos.camara.leg.br/api/v2/proposicoes/2434764;;https://dadosabertos.camara.leg.br/api/v2/orgaos/78;40000;Órgão do Poder Legislativo;Senado Federal;;;;1.0;1.0;2024
2431054;https://dadosabertos.camara.leg.br/api/v2/proposicoes/2431054;204526.0;https://dadosabertos.camara.leg.br/api/v2/deputados/204526;10000;Deputado(a);Luiz Philippe de Orleans e Bragança;PL;https://dadosabertos.camara.leg.br/api/v2/partidos/37906;SP;33.0;1.0;2024
2487627;https://dadosabertos.camara.leg.br/api/v2/proposicoes/2487627;178947.0;https://dadosabertos.camara.leg.br/api/v2/deputados/178947;10000;Deputado(a);Sóstenes Cavalcante;PL;https://dadosabertos.camara.leg.br/api/v2/partidos/37906;RJ;1.0;1.0;2025
2458179;https://dadosabertos.camara.leg.br/api/v2/proposicoes/2458179;220618.0;https://dadosabertos.camara.leg.br/api/v2/deputados/220618;10000;Deputado(a);Sargento Portugal;PODE;https://dadosabertos.camara.leg.br/api/v2/partidos/36896;RJ;1.0;1.0;2024
2486410;https://dadosabertos.camara.leg.br/api/v2/proposicoes/2486410;160553.0;https://dadosabertos.camara.leg.br/api/v2/deputados/160553;10000;Deputado(a);Antonio Brito;PSD;https://dadosabertos.camara.leg.br/api/v2/partidos/36834;BA;6.0;0.0;2025
2429353;https://dadosabertos.camara.leg.br/api/v2/proposicoes/2429353;204506.0;https://dadosabertos.camara.leg.br/api/v2/deputados/204506;10000;Deputado(a);Marcos Pereira;REPUBLIC;;SP;1.0;1.0;2024
2432570;https://dadosabertos.camara.leg.br/api/v2/proposicoes/2432570;;https://dadosabertos.camara.leg.br/api/v2/orgaos/5470;1;COMISSÃO DIRETORA;Primeira Secretaria;;;;1.0;1.0;2024
2465337;https://dadosabertos.camara.leg.br/api/v2/proposicoes/2465337;204406.0;https://dadosabertos.camara.leg.br/api/v2/deputados/204406;10000;Deputado(a);Pedro Westphalen;PP;https://dadosabertos.camara.leg.br/api/v2/partidos/37903;RS;1.0;1.0;2024
2363023;https://dadosabertos.camara.leg.br/api/v2/proposicoes/2363023;220623.0;https://dadosabertos.camara.leg.br/api/v2/deputados/220623;10000;Deputado(a);Duda Salabert;PDT;https://dadosabertos.camara.leg.br/api/v2/partidos/36786;MG;4.0;1.0;2023
2445798;https://dadosabertos.camara.leg.br/api/v2/proposicoes/2445798;74084.0;https://dadosabertos.camara.leg.br/api/v2/deputados/74084;10000;Deputado(a);Raimundo Santos;PSD;https://dadosabertos.camara.leg.br/api/v2/partidos/36834;PA;4.0;0.0;2024
2480217;https://dadosabertos.camara.leg.br/api/v2/proposicoes/2480217;220715.0;https://dadosabertos.camara.leg.br/api/v2/deputados/220715;10000;Deputado(a);Amom Mandel;CIDADANIA;https://dadosabertos.camara.leg.br/api/v2/partidos/37905;AM;1.0;1.0;2024
2390395;https://dadosabertos.camara.leg.br/api/v2/proposicoes/2390395;204462.0;https://dadosabertos.camara.leg.br/api/v2/deputados/204462;10000;Deputado(a);Chris Tonietto;PL;https://dadosabertos.camara.leg.br/api/v2/partidos/37906;RJ;1.0;1.0;2023
2376575;https://dadosabertos.camara.leg.br/api/v2/proposicoes/2376575;160674.0;https://dadosabertos.camara.leg.br/api/v2/deputados/160674;10000;Deputado(a);Hugo Motta;REPUBLIC;;PB;1.0;1.0;2023
2439534;https://dadosabertos.camara.leg.br/api/v2/proposicoes/2439534;141408.0;https://dadosabertos.camara.leg.br/api/v2/deputados/141408;10000;Deputado(a);Cleber Verde;MDB;https://dadosabertos.camara.leg.br/api/v2/partidos/36899;MA;1.0;1.0;2024
2470275;https://dadosabertos.camara.leg.br/api/v2/proposicoes/2470275;160553.0;https://dadosabertos.camara.leg.br/api/v2/deputados/160553;10000;Deputado(a);Antonio Brito;PSD;https://dadosabertos.camara.leg.br/api/v2/partidos/36834;BA;11.0;0.0;2024
2421453;https://dadosabertos.camara.leg.br/api/v2/proposicoes/2421453;160575.0;https://dadosabertos.camara.leg.br/api/v2/deputados/160575;10000;Deputado(a);Erika Kokay;PT;https://dadosabertos.camara.leg.br/api/v2/partidos/36844;DF;1.0;1.0;2024
2448254;https://dadosabertos.camara.leg.br/api/v2/proposicoes/2448254;220664.0;https://dadosabertos.camara.leg.br/api/v2/deputados/220664;10000;Deputado(a);Guilherme Uchoa;PSB;https://dadosabertos.camara.leg.br/api/v2/partidos/36832;PE;1.0;1.0;2024
2486597;https://dadosabertos.camara.leg.br/api/v2/proposicoes/2486597;204462.0;https://dadosabertos.camara.leg.br/api/v2/deputados/204462;10000;Deputado(a);Chris Tonietto;PL;https://dadosabertos.camara.leg.br/api/v2/partidos/37906;RJ;25.0;0.0;2025
2483187;https://dadosabertos.camara.leg.br/api/v2/proposicoes/2483187;74095.0;https://dadosabertos.camara.leg.br/api/v2/deputados/74095;10000;Deputado(a);Pauderney Avelino;UNIÃO;https://dadosabertos.camara.leg.br/api/v2/partidos/38009;AM;11.0;0.0;2025
2407536;https://dadosabertos.camara.leg.br/api/v2/proposicoes/2407536;220623.0;https://dadosabertos.camara.leg.br/api/v2/deputados/220623;10000;Deputado(a);Duda Salabert;PDT;https://dadosabertos.camara.leg.br/api/v2/partidos/36786;MG;1.0;1.0;2023
2438942;https://dadosabertos.camara.leg.br/api/v2/proposicoes/2438942;74856.0;https://dadosabertos.camara.leg.br/api/v2/deputados/74856;10000;Deputado(a);Laura Carneiro;PSD;https://dadosabertos.camara.leg.br/api/v2/partidos/36834;RJ;1.0;1.0;2024
2455251;https://dadosabertos.camara.leg.br/api/v2/proposicoes/2455251;;https://dadosabertos.camara.leg.br/api/v2/orgaos/102608;80000;Liderança;Liderança da Federação PT-PCdoB-PV;PT;https://dadosabertos.camara.leg.br/api/v2/partidos/36844;RS;1.0;1.0;2024
2380573;https://dadosabertos.camara.leg.br/api/v2/proposicoes/2380573;178933.0;https://dadosabertos.camara.leg.br/api/v2/deputados/178933;10000;Deputado(a);Sergio Souza;MDB;https://dadosabertos.camara.leg.br/api/v2/partidos/36899;PR;1.0;1.0;2023
2388481;https://dadosabertos.camara.leg.br/api/v2/proposicoes/2388481;74856.0;https://dadosabertos.camara.leg.br/api/v2/deputados/74856;10000;Deputado(a);Laura Carneiro;PSD;https://dadosabertos.camara.leg.br/api/v2/partidos/36834;RJ;1.0;1.0;2023
2481078;https://dadosabertos.camara.leg.br/api/v2/proposicoes/2481078;204409.0;https://dadosabertos.camara.leg.br/api/v2/deputados/204409;10000;Deputado(a);Daniel Trzeciak;PSDB;https://dadosabertos.camara.leg.br/api/v2/partidos/36835;RS;1.0;1.0;2024
2461240;https://dadosabertos.camara.leg.br/api/v2/proposicoes/2461240;220536.0;https://dadosabertos.camara.leg.br/api/v2/deputados/220536;10000;Deputado(a);Zé Haroldo Cathedral;PSD;https://dadosabertos.camara.leg.br/api/v2/partidos/36834;RR;1.0;1.0;2024
2375331;https://dadosabertos.camara.leg.br/api/v2/proposicoes/2375331;;https://dadosabertos.camara.leg.br/api/v2/orgaos/5503;2;COMISSÃO PERMANENTE;Comissão de Segurança Pública e Combate ao Crime Organizado;;;;1.0;1.0;2023
2385996;https://dadosabertos.camara.leg.br/api/v2/proposicoes/2385996;220556.0;https://dadosabertos.camara.leg.br/api/v2/deputados/220556;10000;Deputado(a);Ana Paula Lima;PT;https://dadosabertos.camara.leg.br/api/v2/partidos/36844;SC;2.0;1.0;2023
2401949;https://dadosabertos.camara.leg.br/api/v2/proposicoes/2401949;204528.0;https://dadosabertos.camara.leg.br/api/v2/deputados/204528;10000;Deputado(a);Adriana Ventura;NOVO;https://dadosabertos.camara.leg.br/api/v2/partidos/37901;SP;1.0;1.0;2023
2366342;https://dadosabertos.camara.leg.br/api/v2/proposicoes/2366342;152605.0;https://dadosabertos.camara.leg.br/api/v2/deputados/152605;10000;Deputado(a);Glauber Braga;PSOL;https://dadosabertos.camara.leg.br/api/v2/partidos/36839;RJ;1.0;1.0;2023
2431027;https://dadosabertos.camara.leg.br/api/v2/proposicoes/2431027;156190.0;https://dadosabertos.camara.leg.br/api/v2/deputados/156190;10000;Deputado(a);Marcel van Hattem;NOVO;https://dadosabertos.camara.leg.br/api/v2/partidos/37901;RS;1.0;1.0;2024
2456111;https://dadosabertos.camara.leg.br/api/v2/proposicoes/2456111;220642.0;https://dadosabertos.camara.leg.br/api/v2/deputados/220642;10000;Deputado(a);Delegado Bruno Lima;PP;https://dadosabertos.camara.leg.br/api/v2/partidos/37903;SP;1.0;1.0;2024
2372817;https://dadosabertos.camara.leg.br/api/v2/proposicoes/2372817;220533.0;https://dadosabertos.camara.leg.br/api/v2/deputados/220533;10000;Deputado(a);Prof. Reginaldo Veras;PV;https://dadosabertos.camara.leg.br/api/v2/partidos/36851;DF;1.0;1.0;2023
2427472;https://dadosabertos.camara.leg.br/api/v2/proposicoes/2427472;204520.0;https://dadosabertos.camara.leg.br/api/v2/deputados/204520;10000;Deputado(a);Junio Amaral;PL;https://dadosabertos.camara.leg.br/api/v2/partidos/37906;MG;1.0;1.0;2024
2431977;https://dadosabertos.camara.leg.br/api/v2/proposicoes/2431977;204445.0;https://dadosabertos.camara.leg.br/api/v2/deputados/204445;10000;Deputado(a);Fernando Mineiro;PT;https://dadosabertos.camara.leg.br/api/v2/partidos/36844;RN;17.0;0.0;2024
2396276;https://dadosabertos.camara.leg.br/api/v2/proposicoes/2396276;220547.0;https://dadosabertos.camara.leg.br/api/v2/deputados/220547;10000;Deputado(a);Marcos Pollon;PL;https://dadosabertos.camara.leg.br/api/v2/partidos/37906;MS;1.0;1.0;2023
2448120;https://dadosabertos.camara.leg.br/api/v2/proposicoes/2448120;228797.0;https://dadosabertos.camara.leg.br/api/v2/deputados/228797;10000;Deputado(a);Júlio Oliveira;PP;https://dadosabertos.camara.leg.br/api/v2/partidos/37903;TO;1.0;1.0;2024
2461395;https://dadosabertos.camara.leg.br/api/v2/proposicoes/2461395;165470.0;https://dadosabertos.camara.leg.br/api/v2/deputados/165470;10000;Deputado(a);Rodrigo Valadares;UNIÃO;https://dadosabertos.camara.leg.br/api/v2/partidos/38009;SE;2.0;1.0;2024
2409663;https://dadosabertos.camara.leg.br/api/v2/proposicoes/2409663;220639.0;https://dadosabertos.camara.leg.br/api/v2/deputados/220639;10000;Deputado(a);Guilherme Boulos;PSOL;https://dadosabertos.camara.leg.br/api/v2/partidos/36839;SP;1.0;1.0;2023
2442880;https://dadosabertos.camara.leg.br/api/v2/proposicoes/2442880;204550.0;https://dadosabertos.camara.leg.br/api/v2/deputados/204550;10000;Deputado(a);Júnior Mano;PL;https://dadosabertos.camara.leg.br/api/v2/partidos/37906;CE;71.0;0.0;2024
2433972;https://dadosabertos.camara.leg.br/api/v2/proposicoes/2433972;171139.0;https://dadosabertos.camara.leg.br/api/v2/deputados/171139;10000;Deputado(a);Loreny;SOLIDARI;;SP;1.0;1.0;2024
2462998;https://dadosabertos.camara.leg.br/api/v2/proposicoes/2462998;220706.0;https://dadosabertos.camara.leg.br/api/v2/deputados/220706;10000;Deputado(a);Padovani;UNIÃO;https://dadosabertos.camara.leg.br/api/v2/partidos/38009;PR;2.0;1.0;2024
2431054;https://dadosabertos.camara.leg.br/api/v2/proposicoes/2431054;204367.0;https://dadosabertos.camara.leg.br/api/v2/deputados/204367;10000;Deputado(a);Daniel Freitas;PL;https://dadosabertos.camara.leg.br/api/v2/partidos/37906;SC;23.0;1.0;2024
2479738;https://dadosabertos.camara.leg.br/api/v2/proposicoes/2479738;204387.0;https://dadosabertos.camara.leg.br/api/v2/deputados/204387;10000;Deputado(a);Sargento Fahur;PSD;https://dadosabertos.camara.leg.br/api/v2/partidos/36834;PR;104.0;0.0;2024
2477912;https://dadosabertos.camara.leg.br/api/v2/proposicoes/2477912;;https://dadosabertos.camara.leg.br/api/v2/orgaos/539385;2;COMISSÃO PERMANENTE;Comissão de Comunicação;;;;1.0;1.0;2024
2447007;https://dadosabertos.camara.leg.br/api/v2/proposicoes/2447007;160575.0;https://dadosabertos.camara.leg.br/api/v2/deputados/160575;10000;Deputado(a);Erika Kokay;PT;https://dadosabertos.camara.leg.br/api/v2/partidos/36844;DF;1.0;1.0;2024
2472603;https://dadosabertos.camara.leg.br/api/v2/proposicoes/2472603;204365.0;https://dadosabertos.camara.leg.br/api/v2/deputados/204365;10000;Deputado(a);Gilson Marques;NOVO;https://dadosabertos.camara.leg.br/api/v2/partidos/37901;SC;1.0;1.0;2024
2444037;https://dadosabertos.camara.leg.br/api/v2/proposicoes/2444037;;https://dadosabertos.camara.leg.br/api/v2/orgaos/78;40000;Órgão do Poder Legislativo;Senado Federal;;;;1.0;1.0;2024
2479632;https://dadosabertos.camara.leg.br/api/v2/proposicoes/2479632;;https://dadosabertos.camara.leg.br/api/v2/orgaos/2010;2;COMISSÃO PERMANENTE;Comissão de Finanças e Tributação;;;;1.0;1.0;2024
2366762;https://dadosabertos.camara.leg.br/api/v2/proposicoes/2366762;221338.0;https://dadosabertos.camara.leg.br/api/v2/deputados/221338;10000;Deputado(a);Professora Luciene Cavalcante;PSOL;https://dadosabertos.camara.leg.br/api/v2/partidos/36839;SP;176.0;1.0;2023
2447645;https://dadosabertos.camara.leg.br/api/v2/proposicoes/2447645;74160.0;https://dadosabertos.camara.leg.br/api/v2/deputados/74160;10000;Deputado(a);Patrus Ananias;PT;https://dadosabertos.camara.leg.br/api/v2/partidos/36844;MG;1.0;1.0;2024
2389345;https://dadosabertos.camara.leg.br/api/v2/proposicoes/2389345;204506.0;https://dadosabertos.camara.leg.br/api/v2/deputados/204506;10000;Deputado(a);Marcos Pereira;REPUBLIC;;SP;1.0;1.0;2023
2432051;https://dadosabertos.camara.leg.br/api/v2/proposicoes/2432051;205476.0;https://dadosabertos.camara.leg.br/api/v2/deputados/205476;10000;Deputado(a);Charles Fernandes;PSD;https://dadosabertos.camara.leg.br/api/v2/partidos/36834;BA;87.0;0.0;2024
2471074;https://dadosabertos.camara.leg.br/api/v2/proposicoes/2471074;;https://dadosabertos.camara.leg.br/api/v2/orgaos/2010;2;COMISSÃO PERMANENTE;Comissão de Finanças e Tributação;;;;1.0;1.0;2024
2472912;https://dadosabertos.camara.leg.br/api/v2/proposicoes/2472912;204506.0;https://dadosabertos.camara.leg.br/api/v2/deputados/204506;10000;Deputado(a);Marcos Pereira;REPUBLIC;;SP;1.0;1.0;2024
2483159;https://dadosabertos.camara.leg.br/api/v2/proposicoes/2483159;104552.0;https://dadosabertos.camara.leg.br/api/v2/deputados/104552;10000;Deputado(a);Socorro Neri;PP;https://dadosabertos.camara.leg.br/api/v2/partidos/37903;AC;8.0;0.0;2025
2481405;https://dadosabertos.camara.leg.br/api/v2/proposicoes/2481405;69871.0;https://dadosabertos.camara.leg.br/api/v2/deputados/69871;10000;Deputado(a);Bacelar;PV;https://dadosabertos.camara.leg.br/api/v2/partidos/36851;BA;42.0;1.0;2024
2390771;https://dadosabertos.camara.leg.br/api/v2/proposicoes/2390771;204572.0;https://dadosabertos.camara.leg.br/api/v2/deputados/204572;10000;Deputado(a);Capitão Alberto Neto;PL;https://dadosabertos.camara.leg.br/api/v2/partidos/37906;AM;1.0;1.0;2023
2400082;https://dadosabertos.camara.leg.br/api/v2/proposicoes/2400082;220591.0;https://dadosabertos.camara.leg.br/api/v2/deputados/220591;10000;Deputado(a);Meire Serafim;UNIÃO;https://dadosabertos.camara.leg.br/api/v2/partidos/38009;AC;1.0;1.0;2023
2361652;https://dadosabertos.camara.leg.br/api/v2/proposicoes/2361652;73692.0;https://dadosabertos.camara.leg.br/api/v2/deputados/73692;10000;Deputado(a);Osmar Terra;MDB;https://dadosabertos.camara.leg.br/api/v2/partidos/36899;RS;87.0;0.0;2023
2394069;https://dadosabertos.camara.leg.br/api/v2/proposicoes/2394069;204572.0;https://dadosabertos.camara.leg.br/api/v2/deputados/204572;10000;Deputado(a);Capitão Alberto Neto;PL;https://dadosabertos.camara.leg.br/api/v2/partidos/37906;AM;1.0;1.0;2023
2477843;https://dadosabertos.camara.leg.br/api/v2/proposicoes/2477843;178858.0;https://dadosabertos.camara.leg.br/api/v2/deputados/178858;10000;Deputado(a);Mário Negromonte Jr.;PP;https://dadosabertos.camara.leg.br/api/v2/partidos/37903;BA;1.0;1.0;2024
2382835;https://dadosabertos.camara.leg.br/api/v2/proposicoes/2382835;220659.0;https://dadosabertos.camara.leg.br/api/v2/deputados/220659;10000;Deputado(a);Dayany Bittencourt;UNIÃO;https://dadosabertos.camara.leg.br/api/v2/partidos/38009;CE;89.0;0.0;2023
2424069;https://dadosabertos.camara.leg.br/api/v2/proposicoes/2424069;226179.0;https://dadosabertos.camara.leg.br/api/v2/deputados/226179;10000;Deputado(a);Gisela Simona;UNIÃO;https://dadosabertos.camara.leg.br/api/v2/partidos/38009;MT;150.0;1.0;2024
2408255;https://dadosabertos.camara.leg.br/api/v2/proposicoes/2408255;178992.0;https://dadosabertos.camara.leg.br/api/v2/deputados/178992;10000;Deputado(a);Vitor Lippi;PSDB;https://dadosabertos.camara.leg.br/api/v2/partidos/36835;SP;146.0;0.0;2023
2374825;https://dadosabertos.camara.leg.br/api/v2/proposicoes/2374825;220548.0;https://dadosabertos.camara.leg.br/api/v2/deputados/220548;10000;Deputado(a);Camila Jara;PT;https://dadosabertos.camara.leg.br/api/v2/partidos/36844;MS;5.0;1.0;2023
2393151;https://dadosabertos.camara.leg.br/api/v2/proposicoes/2393151;204572.0;https://dadosabertos.camara.leg.br/api/v2/deputados/204572;10000;Deputado(a);Capitão Alberto Neto;PL;https://dadosabertos.camara.leg.br/api/v2/partidos/37906;AM;1.0;1.0;2023
2366229;https://dadosabertos.camara.leg.br/api/v2/proposicoes/2366229;220623.0;https://dadosabertos.camara.leg.br/api/v2/deputados/220623;10000;Deputado(a);Duda Salabert;PDT;https://dadosabertos.camara.leg.br/api/v2/partidos/36786;MG;1.0;1.0;2023
2399408;https://dadosabertos.camara.leg.br/api/v2/proposicoes/2399408;220559.0;https://dadosabertos.camara.leg.br/api/v2/deputados/220559;10000;Deputado(a);Julia Zanatta;PL;https://dadosabertos.camara.leg.br/api/v2/partidos/37906;SC;1.0;1.0;2023
2384564;https://dadosabertos.camara.leg.br/api/v2/proposicoes/2384564;204491.0;https://dadosabertos.camara.leg.br/api/v2/deputados/204491;10000;Deputado(a);Gilberto Abramo;REPUBLIC;;MG;1.0;1.0;2023
2391100;https://dadosabertos.camara.leg.br/api/v2/proposicoes/2391100;;https://dadosabertos.camara.leg.br/api/v2/orgaos/5503;2;COMISSÃO PERMANENTE;Comissão de Segurança Pública e Combate ao Crime Organizado;;;;1.0;1.0;2023
2365244;https://dadosabertos.camara.leg.br/api/v2/proposicoes/2365244;220687.0;https://dadosabertos.camara.leg.br/api/v2/deputados/220687;10000;Deputado(a);Márcio Honaiser;PDT;https://dadosabertos.camara.leg.br/api/v2/partidos/36786;MA;80.0;0.0;2023
2388385;https://dadosabertos.camara.leg.br/api/v2/proposicoes/2388385;204526.0;https://dadosabertos.camara.leg.br/api/v2/deputados/204526;10000;Deputado(a);Luiz Philippe de Orleans e Bragança;PL;https://dadosabertos.camara.leg.br/api/v2/partidos/37906;SP;1.0;1.0;2023
2483164;https://dadosabertos.camara.leg.br/api/v2/proposicoes/2483164;220584.0;https://dadosabertos.camara.leg.br/api/v2/deputados/220584;10000;Deputado(a);Murilo Galdino;REPUBLIC;;PB;143.0;0.0;2025
2482743;https://dadosabertos.camara.leg.br/api/v2/proposicoes/2482743;;https://dadosabertos.camara.leg.br/api/v2/orgaos/100070;12000;Órgão da Câmara dos Deputados;Departamento de Taquigrafia;;;;1.0;1.0;2024
2438911;https://dadosabertos.camara.leg.br/api/v2/proposicoes/2438911;;https://dadosabertos.camara.leg.br/api/v2/orgaos/2010;2;COMISSÃO PERMANENTE;Comissão de Finanças e Tributação;;;;1.0;1.0;2024
2453488;https://dadosabertos.camara.leg.br/api/v2/proposicoes/2453488;74253.0;https://dadosabertos.camara.leg.br/api/v2/deputados/74253;10000;Deputado(a);Julio Lopes;PP;https://dadosabertos.camara.leg.br/api/v2/partidos/37903;RJ;1.0;1.0;2024
2477681;https://dadosabertos.camara.leg.br/api/v2/proposicoes/2477681;178937.0;https://dadosabertos.camara.leg.br/api/v2/deputados/178937;10000;Deputado(a);Altineu Côrtes;PL;https://dadosabertos.camara.leg.br/api/v2/partidos/37906;RJ;1.0;1.0;2024
2362137;https://dadosabertos.camara.leg.br/api/v2/proposicoes/2362137;221378.0;https://dadosabertos.camara.leg.br/api/v2/deputados/221378;10000;Deputado(a);Reginete Bispo;PT;https://dadosabertos.camara.leg.br/api/v2/partidos/36844;RS;5.0;0.0;2023
2369877;https://dadosabertos.camara.leg.br/api/v2/proposicoes/2369877;204455.0;https://dadosabertos.camara.leg.br/api/v2/deputados/204455;10000;Deputado(a);Luiz Lima;PL;https://dadosabertos.camara.leg.br/api/v2/partidos/37906;RJ;1.0;1.0;2023
2478683;https://dadosabertos.camara.leg.br/api/v2/proposicoes/2478683;220530.0;https://dadosabertos.camara.leg.br/api/v2/deputados/220530;10000;Deputado(a);Messias Donato;REPUBLIC;;ES;1.0;1.0;2024
2402824;https://dadosabertos.camara.leg.br/api/v2/proposicoes/2402824;220557.0;https://dadosabertos.camara.leg.br/api/v2/deputados/220557;10000;Deputado(a);Daniela Reinehr;PL;https://dadosabertos.camara.leg.br/api/v2/partidos/37906;SC;1.0;1.0;2023
2489196;https://dadosabertos.camara.leg.br/api/v2/proposicoes/2489196;220620.0;https://dadosabertos.camara.leg.br/api/v2/deputados/220620;10000;Deputado(a);Rosângela Reis;PL;https://dadosabertos.camara.leg.br/api/v2/partidos/37906;MG;1.0;1.0;2025
2382325;https://dadosabertos.camara.leg.br/api/v2/proposicoes/2382325;204506.0;https://dadosabertos.camara.leg.br/api/v2/deputados/204506;10000;Deputado(a);Marcos Pereira;REPUBLIC;;SP;1.0;1.0;2023
2371498;https://dadosabertos.camara.leg.br/api/v2/proposicoes/2371498;74383.0;https://dadosabertos.camara.leg.br/api/v2/deputados/74383;10000;Deputado(a);Giacobo;PL;https://dadosabertos.camara.leg.br/api/v2/partidos/37906;PR;10.0;0.0;2023
2452081;https://dadosabertos.camara.leg.br/api/v2/proposicoes/2452081;;https://dadosabertos.camara.leg.br/api/v2/orgaos/102844;80000;Liderança;Liderança do Partido Renovação Democrática;PRD;https://dadosabertos.camara.leg.br/api/v2/partidos/38010;MG;1.0;1.0;2024
2447441;https://dadosabertos.camara.leg.br/api/v2/proposicoes/2447441;220576.0;https://dadosabertos.camara.leg.br/api/v2/deputados/220576;10000;Deputado(a);Alfredo Gaspar;UNIÃO;https://dadosabertos.camara.leg.br/api/v2/partidos/38009;AL;1.0;1.0;2024
2360773;https://dadosabertos.camara.leg.br/api/v2/proposicoes/2360773;;https://dadosabertos.camara.leg.br/api/v2/orgaos/2003;2;COMISSÃO PERMANENTE;Comissão de Constituição e Justiça e de Cidadania;;;;1.0;1.0;2023
2425596;https://dadosabertos.camara.leg.br/api/v2/proposicoes/2425596;220551.0;https://dadosabertos.camara.leg.br/api/v2/deputados/220551;10000;Deputado(a);Franciane Bayer;REPUBLIC;;RS;3.0;1.0;2024
2467614;https://dadosabertos.camara.leg.br/api/v2/proposicoes/2467614;;https://dadosabertos.camara.leg.br/api/v2/orgaos/253;30000;Órgão do Poder Executivo;Poder Executivo;;;;1.0;1.0;2024
2448147;https://dadosabertos.camara.leg.br/api/v2/proposicoes/2448147;220713.0;https://dadosabertos.camara.leg.br/api/v2/deputados/220713;10000;Deputado(a);Saullo Vianna;UNIÃO;https://dadosabertos.camara.leg.br/api/v2/partidos/38009;AM;1.0;1.0;2024
2397806;https://dadosabertos.camara.leg.br/api/v2/proposicoes/2397806;204473.0;https://dadosabertos.camara.leg.br/api/v2/deputados/204473;10000;Deputado(a);General Girão;PL;https://dadosabertos.camara.leg.br/api/v2/partidos/37906;RN;43.0;1.0;2023
2437544;https://dadosabertos.camara.leg.br/api/v2/proposicoes/2437544;204426.0;https://dadosabertos.camara.leg.br/api/v2/deputados/204426;10000;Deputado(a);Carlos Veras;PT;https://dadosabertos.camara.leg.br/api/v2/partidos/36844;PE;1.0;1.0;2024
2433421;https://dadosabertos.camara.leg.br/api/v2/proposicoes/2433421;141456.0;https://dadosabertos.camara.leg.br/api/v2/deputados/141456;10000;Deputado(a);Jilmar Tatto;PT;https://dadosabertos.camara.leg.br/api/v2/partidos/36844;SP;2.0;1.0;2024
2384919;https://dadosabertos.camara.leg.br/api/v2/proposicoes/2384919;73692.0;https://dadosabertos.camara.leg.br/api/v2/deputados/73692;10000;Deputado(a);Osmar Terra;MDB;https://dadosabertos.camara.leg.br/api/v2/partidos/36899;RS;1.0;1.0;2023
2465795;https://dadosabertos.camara.leg.br/api/v2/proposicoes/2465795;220559.0;https://dadosabertos.camara.leg.br/api/v2/deputados/220559;10000;Deputado(a);Julia Zanatta;PL;https://dadosabertos.camara.leg.br/api/v2/partidos/37906;SC;1.0;1.0;2024
2424978;https://dadosabertos.camara.leg.br/api/v2/proposicoes/2424978;204515.0;https://dadosabertos.camara.leg.br/api/v2/deputados/204515;10000;Deputado(a);André Janones;AVANTE;https://dadosabertos.camara.leg.br/api/v2/partidos/36898;MG;162.0;0.0;2024
2476749;https://dadosabertos.camara.leg.br/api/v2/proposicoes/2476749;178854.0;https://dadosabertos.camara.leg.br/api/v2/deputados/178854;10000;Deputado(a);Elmar Nascimento;UNIÃO;https://dadosabertos.camara.leg.br/api/v2/partidos/38009;BA;4.0;0.0;2024
2369850;https://dadosabertos.camara.leg.br/api/v2/proposicoes/2369850;74043.0;https://dadosabertos.camara.leg.br/api/v2/deputados/74043;10000;Deputado(a);Wellington Roberto;PL;https://dadosabertos.camara.leg.br/api/v2/partidos/37906;PB;1.0;1.0;2023
2423846;https://dadosabertos.camara.leg.br/api/v2/proposicoes/2423846;74171.0;https://dadosabertos.camara.leg.br/api/v2/deputados/74171;10000;Deputado(a);Chico Alencar;PSOL;https://dadosabertos.camara.leg.br/api/v2/partidos/36839;RJ;13.0;1.0;2024
2430416;https://dadosabertos.camara.leg.br/api/v2/proposicoes/2430416;220644.0;https://dadosabertos.camara.leg.br/api/v2/deputados/220644;10000;Deputado(a);Rosangela Moro;UNIÃO;https://dadosabertos.camara.leg.br/api/v2/partidos/38009;SP;1.0;1.0;2024
2415136;https://dadosabertos.camara.leg.br/api/v2/proposicoes/2415136;204528.0;https://dadosabertos.camara.leg.br/api/v2/deputados/204528;10000;Deputado(a);Adriana Ventura;NOVO;https://dadosabertos.camara.leg.br/api/v2/partidos/37901;SP;1.0;1.0;2023
2448752;https://dadosabertos.camara.leg.br/api/v2/proposicoes/2448752;220650.0;https://dadosabertos.camara.leg.br/api/v2/deputados/220650;10000;Deputado(a);Paulo Alexandre Barbosa;PSDB;https://dadosabertos.camara.leg.br/api/v2/partidos/36835;SP;52.0;0.0;2024
2384242;https://dadosabertos.camara.leg.br/api/v2/proposicoes/2384242;178947.0;https://dadosabertos.camara.leg.br/api/v2/deputados/178947;10000;Deputado(a);Sóstenes Cavalcante;PL;https://dadosabertos.camara.leg.br/api/v2/partidos/37906;RJ;5.0;0.0;2023
2370906;https://dadosabertos.camara.leg.br/api/v2/proposicoes/2370906;;https://dadosabertos.camara.leg.br/api/v2/orgaos/5503;2;COMISSÃO PERMANENTE;Comissão de Segurança Pública e Combate ao Crime Organizado;;;;1.0;1.0;2023
2425706;https://dadosabertos.camara.leg.br/api/v2/proposicoes/2425706;150418.0;https://dadosabertos.camara.leg.br/api/v2/deputados/150418;10000;Deputado(a);Márcio Marinho;REPUBLIC;;BA;1.0;1.0;2024
2464888;https://dadosabertos.camara.leg.br/api/v2/proposicoes/2464888;220654.0;https://dadosabertos.camara.leg.br/api/v2/deputados/220654;10000;Deputado(a);Delegado Paulo Bilynskyj;PL;https://dadosabertos.camara.leg.br/api/v2/partidos/37906;SP;1.0;1.0;2024
2485605;https://dadosabertos.camara.leg.br/api/v2/proposicoes/2485605;160569.0;https://dadosabertos.camara.leg.br/api/v2/deputados/160569;10000;Deputado(a);Waldenor Pereira;PT;https://dadosabertos.camara.leg.br/api/v2/partidos/36844;BA;24.0;0.0;2025
2382230;https://dadosabertos.camara.leg.br/api/v2/proposicoes/2382230;178937.0;https://dadosabertos.camara.leg.br/api/v2/deputados/178937;10000;Deputado(a);Altineu Côrtes;PL;https://dadosabertos.camara.leg.br/api/v2/partidos/37906;RJ;2.0;0.0;2023
2373025;https://dadosabertos.camara.leg.br/api/v2/proposicoes/2373025;178873.0;https://dadosabertos.camara.leg.br/api/v2/deputados/178873;10000;Deputado(a);Helder Salomão;PT;https://dadosabertos.camara.leg.br/api/v2/partidos/36844;ES;1.0;1.0;2023
2483552;https://dadosabertos.camara.leg.br/api/v2/proposicoes/2483552;204422.0;https://dadosabertos.camara.leg.br/api/v2/deputados/204422;10000;Deputado(a);Ossesio Silva;REPUBLIC;;PE;8.0;1.0;2025
2436920;https://dadosabertos.camara.leg.br/api/v2/proposicoes/2436920;73604.0;https://dadosabertos.camara.leg.br/api/v2/deputados/73604;10000;Deputado(a);Rui Falcão;PT;https://dadosabertos.camara.leg.br/api/v2/partidos/36844;SP;15.0;1.0;2024
2459363;https://dadosabertos.camara.leg.br/api/v2/proposicoes/2459363;74858.0;https://dadosabertos.camara.leg.br/api/v2/deputados/74858;10000;Deputado(a);Lindbergh Farias;PT;https://dadosabertos.camara.leg.br/api/v2/partidos/36844;RJ;1.0;1.0;2024
2455905;https://dadosabertos.camara.leg.br/api/v2/proposicoes/2455905;156190.0;https://dadosabertos.camara.leg.br/api/v2/deputados/156190;10000;Deputado(a);Marcel van Hattem;NOVO;https://dadosabertos.camara.leg.br/api/v2/partidos/37901;RS;1.0;1.0;2024
2404289;https://dadosabertos.camara.leg.br/api/v2/proposicoes/2404289;220529.0;https://dadosabertos.camara.leg.br/api/v2/deputados/220529;10000;Deputado(a);Gilson Daniel;PODE;https://dadosabertos.camara.leg.br/api/v2/partidos/36896;ES;1.0;1.0;2023
2455574;https://dadosabertos.camara.leg.br/api/v2/proposicoes/2455574;221338.0;https://dadosabertos.camara.leg.br/api/v2/deputados/221338;10000;Deputado(a);Professora Luciene Cavalcante;PSOL;https://dadosabertos.camara.leg.br/api/v2/partidos/36839;SP;12.0;1.0;2024
2406461;https://dadosabertos.camara.leg.br/api/v2/proposicoes/2406461;74856.0;https://dadosabertos.camara.leg.br/api/v2/deputados/74856;10000;Deputado(a);Laura Carneiro;PSD;https://dadosabertos.camara.leg.br/api/v2/partidos/36834;RJ;1.0;1.0;2023
2468575;https://dadosabertos.camara.leg.br/api/v2/proposicoes/2468575;74159.0;https://dadosabertos.camara.leg.br/api/v2/deputados/74159;10000;Deputado(a);Odair Cunha;PT;https://dadosabertos.camara.leg.br/api/v2/partidos/36844;MG;6.0;0.0;2024
2448990;https://dadosabertos.camara.leg.br/api/v2/proposicoes/2448990;220638.0;https://dadosabertos.camara.leg.br/api/v2/deputados/220638;10000;Deputado(a);Antonio Carlos Rodrigues;PL;https://dadosabertos.camara.leg.br/api/v2/partidos/37906;SP;1.0;1.0;2024
2370007;https://dadosabertos.camara.leg.br/api/v2/proposicoes/2370007;204522.0;https://dadosabertos.camara.leg.br/api/v2/deputados/204522;10000;Deputado(a);Marco Bertaiolli;PSD;https://dadosabertos.camara.leg.br/api/v2/partidos/36834;SP;27.0;0.0;2023
2486555;https://dadosabertos.camara.leg.br/api/v2/proposicoes/2486555;204520.0;https://dadosabertos.camara.leg.br/api/v2/deputados/204520;10000;Deputado(a);Junio Amaral;PL;https://dadosabertos.camara.leg.br/api/v2/partidos/37906;MG;11.0;1.0;2025
2381170;https://dadosabertos.camara.leg.br/api/v2/proposicoes/2381170;;https://dadosabertos.camara.leg.br/api/v2/orgaos/539429;4;COMISSÃO PARLAMENTAR DE INQUÉRITO;Comissão Parlamentar de Inquérito destinada a investigar esquemas de manipulação de resultados em partidas de futebol profissional no Brasil;;;;1.0;1.0;2023
2376686;https://dadosabertos.camara.leg.br/api/v2/proposicoes/2376686;204361.0;https://dadosabertos.camara.leg.br/api/v2/deputados/204361;10000;Deputado(a);Carlos Chiodini;MDB;https://dadosabertos.camara.leg.br/api/v2/partidos/36899;SC;1.0;1.0;2023
2459241;https://dadosabertos.camara.leg.br/api/v2/proposicoes/2459241;160629.0;https://dadosabertos.camara.leg.br/api/v2/deputados/160629;10000;Deputado(a);Romero Rodrigues;PODE;https://dadosabertos.camara.leg.br/api/v2/partidos/36896;PB;15.0;0.0;2024
2377463;https://dadosabertos.camara.leg.br/api/v2/proposicoes/2377463;220569.0;https://dadosabertos.camara.leg.br/api/v2/deputados/220569;10000;Deputado(a);Silvye Alves;UNIÃO;https://dadosabertos.camara.leg.br/api/v2/partidos/38009;GO;101.0;1.0;2023
2469215;https://dadosabertos.camara.leg.br/api/v2/proposicoes/2469215;204365.0;https://dadosabertos.camara.leg.br/api/v2/deputados/204365;10000;Deputado(a);Gilson Marques;NOVO;https://dadosabertos.camara.leg.br/api/v2/partidos/37901;SC;1.0;1.0;2024
2409515;https://dadosabertos.camara.leg.br/api/v2/proposicoes/2409515;220666.0;https://dadosabertos.camara.leg.br/api/v2/deputados/220666;10000;Deputado(a);Coronel Meira;PL;https://dadosabertos.camara.leg.br/api/v2/partidos/37906;PE;1.0;1.0;2023
2395829;https://dadosabertos.camara.leg.br/api/v2/proposicoes/2395829;;https://dadosabertos.camara.leg.br/api/v2/orgaos/60;30000;Órgão do Poder Executivo;Presidência da República;;;;1.0;1.0;2023
2362512;https://dadosabertos.camara.leg.br/api/v2/proposicoes/2362512;165470.0;https://dadosabertos.camara.leg.br/api/v2/deputados/165470;10000;Deputado(a);Rodrigo Valadares;UNIÃO;https://dadosabertos.camara.leg.br/api/v2/partidos/38009;SE;192.0;0.0;2023
2416496;https://dadosabertos.camara.leg.br/api/v2/proposicoes/2416496;178937.0;https://dadosabertos.camara.leg.br/api/v2/deputados/178937;10000;Deputado(a);Altineu Côrtes;PL;https://dadosabertos.camara.leg.br/api/v2/partidos/37906;RJ;1.0;1.0;2023
2483066;https://dadosabertos.camara.leg.br/api/v2/proposicoes/2483066;74156.0;https://dadosabertos.camara.leg.br/api/v2/deputados/74156;10000;Deputado(a);Leonardo Monteiro;PT;https://dadosabertos.camara.leg.br/api/v2/partidos/36844;MG;51.0;0.0;2025
2369295;https://dadosabertos.camara.leg.br/api/v2/proposicoes/2369295;160538.0;https://dadosabertos.camara.leg.br/api/v2/deputados/160538;10000;Deputado(a);Bohn Gass;PT;https://dadosabertos.camara.leg.br/api/v2/partidos/36844;RS;4.0;0.0;2023
2483488;https://dadosabertos.camara.leg.br/api/v2/proposicoes/2483488;141391.0;https://dadosabertos.camara.leg.br/api/v2/deputados/141391;10000;Deputado(a);Arnaldo Jardim;CIDADANIA;https://dadosabertos.camara.leg.br/api/v2/partidos/37905;SP;7.0;0.0;2025
2367266;https://dadosabertos.camara.leg.br/api/v2/proposicoes/2367266;220631.0;https://dadosabertos.camara.leg.br/api/v2/deputados/220631;10000;Deputado(a);Samuel Viana;PL;https://dadosabertos.camara.leg.br/api/v2/partidos/37906;MG;1.0;1.0;2023
2424025;https://dadosabertos.camara.leg.br/api/v2/proposicoes/2424025;220713.0;https://dadosabertos.camara.leg.br/api/v2/deputados/220713;10000;Deputado(a);Saullo Vianna;UNIÃO;https://dadosabertos.camara.leg.br/api/v2/partidos/38009;AM;1.0;1.0;2024
2371177;https://dadosabertos.camara.leg.br/api/v2/proposicoes/2371177;204559.0;https://dadosabertos.camara.leg.br/api/v2/deputados/204559;10000;Deputado(a);Zé Neto;PT;https://dadosabertos.camara.leg.br/api/v2/partidos/36844;BA;188.0;0.0;2023
2481140;https://dadosabertos.camara.leg.br/api/v2/proposicoes/2481140;;https://dadosabertos.camara.leg.br/api/v2/orgaos/253;30000;Órgão do Poder Executivo;Poder Executivo;;;;1.0;1.0;2024
2383298;https://dadosabertos.camara.leg.br/api/v2/proposicoes/2383298;204501.0;https://dadosabertos.camara.leg.br/api/v2/deputados/204501;10000;Deputado(a);Alencar Santana;PT;https://dadosabertos.camara.leg.br/api/v2/partidos/36844;SP;9.0;1.0;2023
2388787;https://dadosabertos.camara.leg.br/api/v2/proposicoes/2388787;160592.0;https://dadosabertos.camara.leg.br/api/v2/deputados/160592;10000;Deputado(a);Zeca Dirceu;PT;https://dadosabertos.camara.leg.br/api/v2/partidos/36844;PR;3.0;0.0;2023
2444106;https://dadosabertos.camara.leg.br/api/v2/proposicoes/2444106;220604.0;https://dadosabertos.camara.leg.br/api/v2/deputados/220604;10000;Deputado(a);Marcos Tavares;PDT;https://dadosabertos.camara.leg.br/api/v2/partidos/36786;RJ;1.0;1.0;2024
2375941;https://dadosabertos.camara.leg.br/api/v2/proposicoes/2375941;204525.0;https://dadosabertos.camara.leg.br/api/v2/deputados/204525;10000;Deputado(a);Rosana Valle;PL;https://dadosabertos.camara.leg.br/api/v2/partidos/37906;SP;28.0;0.0;2023
2459819;https://dadosabertos.camara.leg.br/api/v2/proposicoes/2459819;220529.0;https://dadosabertos.camara.leg.br/api/v2/deputados/220529;10000;Deputado(a);Gilson Daniel;PODE;https://dadosabertos.camara.leg.br/api/v2/partidos/36896;ES;1.0;1.0;2024
2370973;https://dadosabertos.camara.leg.br/api/v2/proposicoes/2370973;74043.0;https://dadosabertos.camara.leg.br/api/v2/deputados/74043;10000;Deputado(a);Wellington Roberto;PL;https://dadosabertos.camara.leg.br/api/v2/partidos/37906;PB;95.0;0.0;2023
2483433;https://dadosabertos.camara.leg.br/api/v2/proposicoes/2483433;107283.0;https://dadosabertos.camara.leg.br/api/v2/deputados/107283;10000;Deputado(a);Gleisi Hoffmann;PT;https://dadosabertos.camara.leg.br/api/v2/partidos/36844;PR;37.0;0.0;2025
2411961;https://dadosabertos.camara.leg.br/api/v2/proposicoes/2411961;160599.0;https://dadosabertos.camara.leg.br/api/v2/deputados/160599;10000;Deputado(a);Dimas Fabiano;PP;https://dadosabertos.camara.leg.br/api/v2/partidos/37903;MG;141.0;0.0;2023
2424736;https://dadosabertos.camara.leg.br/api/v2/proposicoes/2424736;220623.0;https://dadosabertos.camara.leg.br/api/v2/deputados/220623;10000;Deputado(a);Duda Salabert;PDT;https://dadosabertos.camara.leg.br/api/v2/partidos/36786;MG;3.0;1.0;2024
2485767;https://dadosabertos.camara.leg.br/api/v2/proposicoes/2485767;220532.0;https://dadosabertos.camara.leg.br/api/v2/deputados/220532;10000;Deputado(a);Rafael Prudente;MDB;https://dadosabertos.camara.leg.br/api/v2/partidos/36899;DF;23.0;0.0;2025
2436644;https://dadosabertos.camara.leg.br/api/v2/proposicoes/2436644;74398.0;https://dadosabertos.camara.leg.br/api/v2/deputados/74398;10000;Deputado(a);Maria do Rosário;PT;https://dadosabertos.camara.leg.br/api/v2/partidos/36844;RS;26.0;1.0;2024
2385885;https://dadosabertos.camara.leg.br/api/v2/proposicoes/2385885;204426.0;https://dadosabertos.camara.leg.br/api/v2/deputados/204426;10000;Deputado(a);Carlos Veras;PT;https://dadosabertos.camara.leg.br/api/v2/partidos/36844;PE;1.0;1.0;2023
2400871;https://dadosabertos.camara.leg.br/api/v2/proposicoes/2400871;220556.0;https://dadosabertos.camara.leg.br/api/v2/deputados/220556;10000;Deputado(a);Ana Paula Lima;PT;https://dadosabertos.camara.leg.br/api/v2/partidos/36844;SC;57.0;0.0;2023
2377772;https://dadosabertos.camara.leg.br/api/v2/proposicoes/2377772;220651.0;https://dadosabertos.camara.leg.br/api/v2/deputados/220651;10000;Deputado(a);Simone Marquetto;MDB;https://dadosabertos.camara.leg.br/api/v2/partidos/36899;SP;1.0;1.0;2023
2440158;https://dadosabertos.camara.leg.br/api/v2/proposicoes/2440158;160610.0;https://dadosabertos.camara.leg.br/api/v2/deputados/160610;10000;Deputado(a);Valmir Assunção;PT;https://dadosabertos.camara.leg.br/api/v2/partidos/36844;BA;3.0;1.0;2024
2444723;https://dadosabertos.camara.leg.br/api/v2/proposicoes/2444723;204572.0;https://dadosabertos.camara.leg.br/api/v2/deputados/204572;10000;Deputado(a);Capitão Alberto Neto;PL;https://dadosabertos.camara.leg.br/api/v2/partidos/37906;AM;1.0;1.0;2024
2458742;https://dadosabertos.camara.leg.br/api/v2/proposicoes/2458742;220536.0;https://dadosabertos.camara.leg.br/api/v2/deputados/220536;10000;Deputado(a);Zé Haroldo Cathedral;PSD;https://dadosabertos.camara.leg.br/api/v2/partidos/36834;RR;21.0;0.0;2024
2446684;https://dadosabertos.camara.leg.br/api/v2/proposicoes/2446684;229082.0;https://dadosabertos.camara.leg.br/api/v2/deputados/229082;10000;Deputado(a);Lucyana Genésio;PDT;https://dadosabertos.camara.leg.br/api/v2/partidos/36786;MA;188.0;0.0;2024
2489150;https://dadosabertos.camara.leg.br/api/v2/proposicoes/2489150;204464.0;https://dadosabertos.camara.leg.br/api/v2/deputados/204464;10000;Deputado(a);Talíria Petrone;PSOL;https://dadosabertos.camara.leg.br/api/v2/partidos/36839;RJ;2.0;0.0;2025
2366287;https://dadosabertos.camara.leg.br/api/v2/proposicoes/2366287;221378.0;https://dadosabertos.camara.leg.br/api/v2/deputados/221378;10000;Deputado(a);Reginete Bispo;PT;https://dadosabertos.camara.leg.br/api/v2/partidos/36844;RS;55.0;0.0;2023
2360983;https://dadosabertos.camara.leg.br/api/v2/proposicoes/2360983;220598.0;https://dadosabertos.camara.leg.br/api/v2/deputados/220598;10000;Deputado(a);Tarcísio Motta;PSOL;https://dadosabertos.camara.leg.br/api/v2/partidos/36839;RJ;1.0;1.0;2023
2365309;https://dadosabertos.camara.leg.br/api/v2/proposicoes/2365309;74156.0;https://dadosabertos.camara.leg.br/api/v2/deputados/74156;10000;Deputado(a);Leonardo Monteiro;PT;https://dadosabertos.camara.leg.br/api/v2/partidos/36844;MG;50.0;0.0;2023
2483109;https://dadosabertos.camara.leg.br/api/v2/proposicoes/2483109;220690.0;https://dadosabertos.camara.leg.br/api/v2/deputados/220690;10000;Deputado(a);Capitão Alden;PL;https://dadosabertos.camara.leg.br/api/v2/partidos/37906;BA;9.0;0.0;2025
2365837;https://dadosabertos.camara.leg.br/api/v2/proposicoes/2365837;;https://dadosabertos.camara.leg.br/api/v2/orgaos/101299;81009;Partido Político;Partido Progressista;;;;1.0;1.0;2023
2484323;https://dadosabertos.camara.leg.br/api/v2/proposicoes/2484323;220574.0;https://dadosabertos.camara.leg.br/api/v2/deputados/220574;10000;Deputado(a);Cabo Gilberto Silva;PL;https://dadosabertos.camara.leg.br/api/v2/partidos/37906;PB;1.0;1.0;2025
2420577;https://dadosabertos.camara.leg.br/api/v2/proposicoes/2420577;220579.0;https://dadosabertos.camara.leg.br/api/v2/deputados/220579;10000;Deputado(a);Silvia Waiãpi;PL;https://dadosabertos.camara.leg.br/api/v2/partidos/37906;AP;4.0;1.0;2024
2461157;https://dadosabertos.camara.leg.br/api/v2/proposicoes/2461157;;https://dadosabertos.camara.leg.br/api/v2/orgaos/78;40000;Órgão do Poder Legislativo;Senado Federal;;;;1.0;1.0;2024
2436224;https://dadosabertos.camara.leg.br/api/v2/proposicoes/2436224;204464.0;https://dadosabertos.camara.leg.br/api/v2/deputados/204464;10000;Deputado(a);Talíria Petrone;PSOL;https://dadosabertos.camara.leg.br/api/v2/partidos/36839;RJ;160.0;0.0;2024
2474053;https://dadosabertos.camara.leg.br/api/v2/proposicoes/2474053;;https://dadosabertos.camara.leg.br/api/v2/orgaos/539385;2;COMISSÃO PERMANENTE;Comissão de Comunicação;;;;1.0;1.0;2024
2464653;https://dadosabertos.camara.leg.br/api/v2/proposicoes/2464653;204506.0;https://dadosabertos.camara.leg.br/api/v2/deputados/204506;10000;Deputado(a);Marcos Pereira;REPUBLIC;;SP;1.0;1.0;2024
2448066;https://dadosabertos.camara.leg.br/api/v2/proposicoes/2448066;178929.0;https://dadosabertos.camara.leg.br/api/v2/deputados/178929;10000;Deputado(a);Diego Garcia;REPUBLIC;;PR;7.0;0.0;2024
2487714;https://dadosabertos.camara.leg.br/api/v2/proposicoes/2487714;204536.0;https://dadosabertos.camara.leg.br/api/v2/deputados/204536;10000;Deputado(a);Kim Kataguiri;UNIÃO;https://dadosabertos.camara.leg.br/api/v2/partidos/38009;SP;1.0;1.0;2025
2392656;https://dadosabertos.camara.leg.br/api/v2/proposicoes/2392656;160161.0;https://dadosabertos.camara.leg.br/api/v2/deputados/160161;10000;Deputado(a);Marcelo Queiroz;PP;https://dadosabertos.camara.leg.br/api/v2/partidos/37903;RJ;46.0;0.0;2023
2461393;https://dadosabertos.camara.leg.br/api/v2/proposicoes/2461393;220594.0;https://dadosabertos.camara.leg.br/api/v2/deputados/220594;10000;Deputado(a);Coronel Assis;UNIÃO;https://dadosabertos.camara.leg.br/api/v2/partidos/38009;MT;26.0;0.0;2024
2441576;https://dadosabertos.camara.leg.br/api/v2/proposicoes/2441576;178887.0;https://dadosabertos.camara.leg.br/api/v2/deputados/178887;10000;Deputado(a);Rubens Pereira Júnior;PT;https://dadosabertos.camara.leg.br/api/v2/partidos/36844;MA;97.0;0.0;2024
2402722;https://dadosabertos.camara.leg.br/api/v2/proposicoes/2402722;220618.0;https://dadosabertos.camara.leg.br/api/v2/deputados/220618;10000;Deputado(a);Sargento Portugal;PODE;https://dadosabertos.camara.leg.br/api/v2/partidos/36896;RJ;1.0;1.0;2023
2397403;https://dadosabertos.camara.leg.br/api/v2/proposicoes/2397403;141555.0;https://dadosabertos.camara.leg.br/api/v2/deputados/141555;10000;Deputado(a);Vinicius Carvalho;REPUBLIC;;SP;1.0;1.0;2023
2387308;https://dadosabertos.camara.leg.br/api/v2/proposicoes/2387308;165470.0;https://dadosabertos.camara.leg.br/api/v2/deputados/165470;10000;Deputado(a);Rodrigo Valadares;UNIÃO;https://dadosabertos.camara.leg.br/api/v2/partidos/38009;SE;1.0;1.0;2023
2470647;https://dadosabertos.camara.leg.br/api/v2/proposicoes/2470647;204511.0;https://dadosabertos.camara.leg.br/api/v2/deputados/204511;10000;Deputado(a);David Soares;UNIÃO;https://dadosabertos.camara.leg.br/api/v2/partidos/38009;SP;1.0;1.0;2024
2433063;https://dadosabertos.camara.leg.br/api/v2/proposicoes/2433063;204528.0;https://dadosabertos.camara.leg.br/api/v2/deputados/204528;10000;Deputado(a);Adriana Ventura;NOVO;https://dadosabertos.camara.leg.br/api/v2/partidos/37901;SP;1.0;1.0;2024
2441576;https://dadosabertos.camara.leg.br/api/v2/proposicoes/2441576;220543.0;https://dadosabertos.camara.leg.br/api/v2/deputados/220543;10000;Deputado(a);Ricardo Ayres;REPUBLIC;;TO;130.0;0.0;2024
2462715;https://dadosabertos.camara.leg.br/api/v2/proposicoes/2462715;204355.0;https://dadosabertos.camara.leg.br/api/v2/deputados/204355;10000;Deputado(a);Da Vitoria;PP;https://dadosabertos.camara.leg.br/api/v2/partidos/37903;ES;1.0;1.0;2024
2439872;https://dadosabertos.camara.leg.br/api/v2/proposicoes/2439872;220527.0;https://dadosabertos.camara.leg.br/api/v2/deputados/220527;10000;Deputado(a);Jack Rocha;PT;https://dadosabertos.camara.leg.br/api/v2/partidos/36844;ES;1.0;1.0;2024
2374743;https://dadosabertos.camara.leg.br/api/v2/proposicoes/2374743;220583.0;https://dadosabertos.camara.leg.br/api/v2/deputados/220583;10000;Deputado(a);Delegado Fabio Costa;PP;https://dadosabertos.camara.leg.br/api/v2/partidos/37903;AL;6.0;1.0;2023
2476320;https://dadosabertos.camara.leg.br/api/v2/proposicoes/2476320;;https://dadosabertos.camara.leg.br/api/v2/orgaos/536996;2;COMISSÃO PERMANENTE;Comissão de Cultura;;;;1.0;1.0;2024
2483232;https://dadosabertos.camara.leg.br/api/v2/proposicoes/2483232;69871.0;https://dadosabertos.camara.leg.br/api/v2/deputados/69871;10000;Deputado(a);Bacelar;PV;https://dadosabertos.camara.leg.br/api/v2/partidos/36851;BA;9.0;0.0;2025
2366938;https://dadosabertos.camara.leg.br/api/v2/proposicoes/2366938;204528.0;https://dadosabertos.camara.leg.br/api/v2/deputados/204528;10000;Deputado(a);Adriana Ventura;NOVO;https://dadosabertos.camara.leg.br/api/v2/partidos/37901;SP;3.0;1.0;2023
2484364;https://dadosabertos.camara.leg.br/api/v2/proposicoes/2484364;204479.0;https://dadosabertos.camara.leg.br/api/v2/deputados/204479;10000;Deputado(a);Nicoletti;UNIÃO;https://dadosabertos.camara.leg.br/api/v2/partidos/38009;RR;11.0;0.0;2025
2481796;https://dadosabertos.camara.leg.br/api/v2/proposicoes/2481796;204506.0;https://dadosabertos.camara.leg.br/api/v2/deputados/204506;10000;Deputado(a);Marcos Pereira;REPUBLIC;;SP;1.0;1.0;2024
2437377;https://dadosabertos.camara.leg.br/api/v2/proposicoes/2437377;220625.0;https://dadosabertos.camara.leg.br/api/v2/deputados/220625;10000;Deputado(a);Delegada Ione;AVANTE;https://dadosabertos.camara.leg.br/api/v2/partidos/36898;MG;1.0;1.0;2024
2485077;https://dadosabertos.camara.leg.br/api/v2/proposicoes/2485077;204526.0;https://dadosabertos.camara.leg.br/api/v2/deputados/204526;10000;Deputado(a);Luiz Philippe de Orleans e Bragança;PL;https://dadosabertos.camara.leg.br/api/v2/partidos/37906;SP;1.0;1.0;2025
2476228;https://dadosabertos.camara.leg.br/api/v2/proposicoes/2476228;204436.0;https://dadosabertos.camara.leg.br/api/v2/deputados/204436;10000;Deputado(a);Isnaldo Bulhões Jr.;MDB;https://dadosabertos.camara.leg.br/api/v2/partidos/36899;AL;96.0;1.0;2024
2375816;https://dadosabertos.camara.leg.br/api/v2/proposicoes/2375816;;https://dadosabertos.camara.leg.br/api/v2/orgaos/111;81001;Plenário Virtual CN;CONGRESSO NACIONAL;;;;1.0;1.0;2023
2448596;https://dadosabertos.camara.leg.br/api/v2/proposicoes/2448596;178937.0;https://dadosabertos.camara.leg.br/api/v2/deputados/178937;10000;Deputado(a);Altineu Côrtes;PL;https://dadosabertos.camara.leg.br/api/v2/partidos/37906;RJ;1.0;1.0;2024
2395264;https://dadosabertos.camara.leg.br/api/v2/proposicoes/2395264;220553.0;https://dadosabertos.camara.leg.br/api/v2/deputados/220553;10000;Deputado(a);Denise Pessôa;PT;https://dadosabertos.camara.leg.br/api/v2/partidos/36844;RS;28.0;1.0;2023
2487342;https://dadosabertos.camara.leg.br/api/v2/proposicoes/2487342;141531.0;https://dadosabertos.camara.leg.br/api/v2/deputados/141531;10000;Deputado(a);Rodrigo de Castro;UNIÃO;https://dadosabertos.camara.leg.br/api/v2/partidos/38009;MG;162.0;0.0;2025
2448776;https://dadosabertos.camara.leg.br/api/v2/proposicoes/2448776;178857.0;https://dadosabertos.camara.leg.br/api/v2/deputados/178857;10000;Deputado(a);Jorge Solla;PT;https://dadosabertos.camara.leg.br/api/v2/partidos/36844;BA;3.0;0.0;2024
2428797;https://dadosabertos.camara.leg.br/api/v2/proposicoes/2428797;204407.0;https://dadosabertos.camara.leg.br/api/v2/deputados/204407;10000;Deputado(a);Fernanda Melchionna;PSOL;https://dadosabertos.camara.leg.br/api/v2/partidos/36839;RS;1.0;1.0;2024
2400871;https://dadosabertos.camara.leg.br/api/v2/proposicoes/2400871;220580.0;https://dadosabertos.camara.leg.br/api/v2/deputados/220580;10000;Deputado(a);Professora Goreth;PDT;https://dadosabertos.camara.leg.br/api/v2/partidos/36786;AP;122.0;0.0;2023
2364443;https://dadosabertos.camara.leg.br/api/v2/proposicoes/2364443;220703.0;https://dadosabertos.camara.leg.br/api/v2/deputados/220703;10000;Deputado(a);Neto Carletto;PP;https://dadosabertos.camara.leg.br/api/v2/partidos/37903;BA;165.0;0.0;2023
2388452;https://dadosabertos.camara.leg.br/api/v2/proposicoes/2388452;220671.0;https://dadosabertos.camara.leg.br/api/v2/deputados/220671;10000;Deputado(a);Dilvanda Faro;PT;https://dadosabertos.camara.leg.br/api/v2/partidos/36844;PA;1.0;1.0;2023
2462746;https://dadosabertos.camara.leg.br/api/v2/proposicoes/2462746;220538.0;https://dadosabertos.camara.leg.br/api/v2/deputados/220538;10000;Deputado(a);Albuquerque;REPUBLIC;;RR;1.0;1.0;2024
2456655;https://dadosabertos.camara.leg.br/api/v2/proposicoes/2456655;;https://dadosabertos.camara.leg.br/api/v2/orgaos/2003;2;COMISSÃO PERMANENTE;Comissão de Constituição e Justiça e de Cidadania;;;;1.0;1.0;2024
2452939;https://dadosabertos.camara.leg.br/api/v2/proposicoes/2452939;204535.0;https://dadosabertos.camara.leg.br/api/v2/deputados/204535;10000;Deputado(a);Sâmia Bomfim;PSOL;https://dadosabertos.camara.leg.br/api/v2/partidos/36839;SP;3.0;1.0;2024
2416844;https://dadosabertos.camara.leg.br/api/v2/proposicoes/2416844;74856.0;https://dadosabertos.camara.leg.br/api/v2/deputados/74856;10000;Deputado(a);Laura Carneiro;PSD;https://dadosabertos.camara.leg.br/api/v2/partidos/36834;RJ;1.0;1.0;2023
2429528;https://dadosabertos.camara.leg.br/api/v2/proposicoes/2429528;157130.0;https://dadosabertos.camara.leg.br/api/v2/deputados/157130;10000;Deputado(a);Túlio Gadêlha;REDE;https://dadosabertos.camara.leg.br/api/v2/partidos/36886;PE;3.0;1.0;2024
2456152;https://dadosabertos.camara.leg.br/api/v2/proposicoes/2456152;;https://dadosabertos.camara.leg.br/api/v2/orgaos/2003;2;COMISSÃO PERMANENTE;Comissão de Constituição e Justiça e de Cidadania;;;;1.0;1.0;2024
2445053;https://dadosabertos.camara.leg.br/api/v2/proposicoes/2445053;74253.0;https://dadosabertos.camara.leg.br/api/v2/deputados/74253;10000;Deputado(a);Julio Lopes;PP;https://dadosabertos.camara.leg.br/api/v2/partidos/37903;RJ;1.0;1.0;2024
2466881;https://dadosabertos.camara.leg.br/api/v2/proposicoes/2466881;220645.0;https://dadosabertos.camara.leg.br/api/v2/deputados/220645;10000;Deputado(a);Erika Hilton;PSOL;https://dadosabertos.camara.leg.br/api/v2/partidos/36839;SP;1.0;1.0;2024
2362505;https://dadosabertos.camara.leg.br/api/v2/proposicoes/2362505;223128.0;https://dadosabertos.camara.leg.br/api/v2/deputados/223128;10000;Deputado(a);Rodrigo Estacho;PSD;https://dadosabertos.camara.leg.br/api/v2/partidos/36834;PR;94.0;0.0;2023
2393546;https://dadosabertos.camara.leg.br/api/v2/proposicoes/2393546;204365.0;https://dadosabertos.camara.leg.br/api/v2/deputados/204365;10000;Deputado(a);Gilson Marques;NOVO;https://dadosabertos.camara.leg.br/api/v2/partidos/37901;SC;1.0;1.0;2023
2401798;https://dadosabertos.camara.leg.br/api/v2/proposicoes/2401798;204365.0;https://dadosabertos.camara.leg.br/api/v2/deputados/204365;10000;Deputado(a);Gilson Marques;NOVO;https://dadosabertos.camara.leg.br/api/v2/partidos/37901;SC;1.0;1.0;2023
2405452;https://dadosabertos.camara.leg.br/api/v2/proposicoes/2405452;204365.0;https://dadosabertos.camara.leg.br/api/v2/deputados/204365;10000;Deputado(a);Gilson Marques;NOVO;https://dadosabertos.camara.leg.br/api/v2/partidos/37901;SC;1.0;1.0;2023
2407910;https://dadosabertos.camara.leg.br/api/v2/proposicoes/2407910;204572.0;https://dadosabertos.camara.leg.br/api/v2/deputados/204572;10000;Deputado(a);Capitão Alberto Neto;PL;https://dadosabertos.camara.leg.br/api/v2/partidos/37906;AM;1.0;1.0;2023
2407966;https://dadosabertos.camara.leg.br/api/v2/proposicoes/2407966;160592.0;https://dadosabertos.camara.leg.br/api/v2/deputados/160592;10000;Deputado(a);Zeca Dirceu;PT;https://dadosabertos.camara.leg.br/api/v2/partidos/36844;PR;5.0;0.0;2023
2466312;https://dadosabertos.camara.leg.br/api/v2/proposicoes/2466312;204506.0;https://dadosabertos.camara.leg.br/api/v2/deputados/204506;10000;Deputado(a);Marcos Pereira;REPUBLIC;;SP;1.0;1.0;2024
2473613;https://dadosabertos.camara.leg.br/api/v2/proposicoes/2473613;;https://dadosabertos.camara.leg.br/api/v2/orgaos/253;30000;Órgão do Poder Executivo;Poder Executivo;;;;1.0;1.0;2024
2483775;https://dadosabertos.camara.leg.br/api/v2/proposicoes/2483775;220664.0;https://dadosabertos.camara.leg.br/api/v2/deputados/220664;10000;Deputado(a);Guilherme Uchoa;PSB;https://dadosabertos.camara.leg.br/api/v2/partidos/36832;PE;23.0;0.0;2025
2378904;https://dadosabertos.camara.leg.br/api/v2/proposicoes/2378904;204504.0;https://dadosabertos.camara.leg.br/api/v2/deputados/204504;10000;Deputado(a);Cezinha de Madureira;PSD;https://dadosabertos.camara.leg.br/api/v2/partidos/36834;SP;2.0;1.0;2023
2372880;https://dadosabertos.camara.leg.br/api/v2/proposicoes/2372880;160629.0;https://dadosabertos.camara.leg.br/api/v2/deputados/160629;10000;Deputado(a);Romero Rodrigues;PSC;https://dadosabertos.camara.leg.br/api/v2/partidos/36833;PB;127.0;0.0;2023
2366570;https://dadosabertos.camara.leg.br/api/v2/proposicoes/2366570;160556.0;https://dadosabertos.camara.leg.br/api/v2/deputados/160556;10000;Deputado(a);Padre João;PT;https://dadosabertos.camara.leg.br/api/v2/partidos/36844;MG;6.0;1.0;2023
2447624;https://dadosabertos.camara.leg.br/api/v2/proposicoes/2447624;220644.0;https://dadosabertos.camara.leg.br/api/v2/deputados/220644;10000;Deputado(a);Rosangela Moro;UNIÃO;https://dadosabertos.camara.leg.br/api/v2/partidos/38009;SP;1.0;1.0;2024
2459627;https://dadosabertos.camara.leg.br/api/v2/proposicoes/2459627;220714.0;https://dadosabertos.camara.leg.br/api/v2/deputados/220714;10000;Deputado(a);Adail Filho;REPUBLIC;;AM;117.0;1.0;2024
2375584;https://dadosabertos.camara.leg.br/api/v2/proposicoes/2375584;204572.0;https://dadosabertos.camara.leg.br/api/v2/deputados/204572;10000;Deputado(a);Capitão Alberto Neto;PL;https://dadosabertos.camara.leg.br/api/v2/partidos/37906;AM;28.0;1.0;2023
2409873;https://dadosabertos.camara.leg.br/api/v2/proposicoes/2409873;220607.0;https://dadosabertos.camara.leg.br/api/v2/deputados/220607;10000;Deputado(a);Max Lemos;PDT;https://dadosabertos.camara.leg.br/api/v2/partidos/36786;RJ;90.0;1.0;2023
2379105;https://dadosabertos.camara.leg.br/api/v2/proposicoes/2379105;;https://dadosabertos.camara.leg.br/api/v2/orgaos/2003;2;COMISSÃO PERMANENTE;Comissão de Constituição e Justiça e de Cidadania;;;;1.0;1.0;2023
2370973;https://dadosabertos.camara.leg.br/api/v2/proposicoes/2370973;141555.0;https://dadosabertos.camara.leg.br/api/v2/deputados/141555;10000;Deputado(a);Vinicius Carvalho;REPUBLIC;;SP;52.0;0.0;2023
2437592;https://dadosabertos.camara.leg.br/api/v2/proposicoes/2437592;220654.0;https://dadosabertos.camara.leg.br/api/v2/deputados/220654;10000;Deputado(a);Delegado Paulo Bilynskyj;PL;https://dadosabertos.camara.leg.br/api/v2/partidos/37906;SP;1.0;1.0;2024
2437581;https://dadosabertos.camara.leg.br/api/v2/proposicoes/2437581;204422.0;https://dadosabertos.camara.leg.br/api/v2/deputados/204422;10000;Deputado(a);Ossesio Silva;REPUBLIC;;PE;1.0;1.0;2024
2369177;https://dadosabertos.camara.leg.br/api/v2/proposicoes/2369177;160556.0;https://dadosabertos.camara.leg.br/api/v2/deputados/160556;10000;Deputado(a);Padre João;PT;https://dadosabertos.camara.leg.br/api/v2/partidos/36844;MG;3.0;1.0;2023
2485915;https://dadosabertos.camara.leg.br/api/v2/proposicoes/2485915;209787.0;https://dadosabertos.camara.leg.br/api/v2/deputados/209787;10000;Deputado(a);Nikolas Ferreira;PL;https://dadosabertos.camara.leg.br/api/v2/partidos/37906;MG;12.0;0.0;2025
2435522;https://dadosabertos.camara.leg.br/api/v2/proposicoes/2435522;204358.0;https://dadosabertos.camara.leg.br/api/v2/deputados/204358;10000;Deputado(a);Beto Pereira;PSDB;https://dadosabertos.camara.leg.br/api/v2/partidos/36835;MS;113.0;0.0;2024
2375941;https://dadosabertos.camara.leg.br/api/v2/proposicoes/2375941;121948.0;https://dadosabertos.camara.leg.br/api/v2/deputados/121948;10000;Deputado(a);Adriano do Baldy;PP;https://dadosabertos.camara.leg.br/api/v2/partidos/37903;GO;98.0;0.0;2023
2434492;https://dadosabertos.camara.leg.br/api/v2/proposicoes/2434492;227433.0;https://dadosabertos.camara.leg.br/api/v2/deputados/227433;10000;Deputado(a);Douglas Viegas;UNIÃO;https://dadosabertos.camara.leg.br/api/v2/partidos/38009;SP;1.0;1.0;2024
2402579;https://dadosabertos.camara.leg.br/api/v2/proposicoes/2402579;220621.0;https://dadosabertos.camara.leg.br/api/v2/deputados/220621;10000;Deputado(a);Sargento Gonçalves;PL;https://dadosabertos.camara.leg.br/api/v2/partidos/37906;RN;3.0;0.0;2023
2440104;https://dadosabertos.camara.leg.br/api/v2/proposicoes/2440104;220671.0;https://dadosabertos.camara.leg.br/api/v2/deputados/220671;10000;Deputado(a);Dilvanda Faro;PT;https://dadosabertos.camara.leg.br/api/v2/partidos/36844;PA;4.0;1.0;2024
2406917;https://dadosabertos.camara.leg.br/api/v2/proposicoes/2406917;220618.0;https://dadosabertos.camara.leg.br/api/v2/deputados/220618;10000;Deputado(a);Sargento Portugal;PODE;https://dadosabertos.camara.leg.br/api/v2/partidos/36896;RJ;1.0;1.0;2023
2403768;https://dadosabertos.camara.leg.br/api/v2/proposicoes/2403768;178866.0;https://dadosabertos.camara.leg.br/api/v2/deputados/178866;10000;Deputado(a);Luizianne Lins;PT;https://dadosabertos.camara.leg.br/api/v2/partidos/36844;CE;1.0;1.0;2023
2484435;https://dadosabertos.camara.leg.br/api/v2/proposicoes/2484435;204472.0;https://dadosabertos.camara.leg.br/api/v2/deputados/204472;10000;Deputado(a);José Medeiros;PL;https://dadosabertos.camara.leg.br/api/v2/partidos/37906;MT;7.0;0.0;2025
2364341;https://dadosabertos.camara.leg.br/api/v2/proposicoes/2364341;220548.0;https://dadosabertos.camara.leg.br/api/v2/deputados/220548;10000;Deputado(a);Camila Jara;PT;https://dadosabertos.camara.leg.br/api/v2/partidos/36844;MS;4.0;1.0;2023
2392574;https://dadosabertos.camara.leg.br/api/v2/proposicoes/2392574;178937.0;https://dadosabertos.camara.leg.br/api/v2/deputados/178937;10000;Deputado(a);Altineu Côrtes;PL;https://dadosabertos.camara.leg.br/api/v2/partidos/37906;RJ;1.0;1.0;2023
2360969;https://dadosabertos.camara.leg.br/api/v2/proposicoes/2360969;74171.0;https://dadosabertos.camara.leg.br/api/v2/deputados/74171;10000;Deputado(a);Chico Alencar;PSOL;https://dadosabertos.camara.leg.br/api/v2/partidos/36839;RJ;2.0;1.0;2023
2372444;https://dadosabertos.camara.leg.br/api/v2/proposicoes/2372444;220591.0;https://dadosabertos.camara.leg.br/api/v2/deputados/220591;10000;Deputado(a);Meire Serafim;UNIÃO;https://dadosabertos.camara.leg.br/api/v2/partidos/38009;AC;156.0;0.0;2023
2453686;https://dadosabertos.camara.leg.br/api/v2/proposicoes/2453686;204506.0;https://dadosabertos.camara.leg.br/api/v2/deputados/204506;10000;Deputado(a);Marcos Pereira;REPUBLIC;;SP;1.0;1.0;2024
2451269;https://dadosabertos.camara.leg.br/api/v2/proposicoes/2451269;;https://dadosabertos.camara.leg.br/api/v2/orgaos/253;30000;Órgão do Poder Executivo;Poder Executivo;;;;1.0;1.0;2024
2385262;https://dadosabertos.camara.leg.br/api/v2/proposicoes/2385262;74554.0;https://dadosabertos.camara.leg.br/api/v2/deputados/74554;10000;Deputado(a);José Rocha;UNIÃO;https://dadosabertos.camara.leg.br/api/v2/partidos/38009;BA;1.0;1.0;2023
2485914;https://dadosabertos.camara.leg.br/api/v2/proposicoes/2485914;204390.0;https://dadosabertos.camara.leg.br/api/v2/deputados/204390;10000;Deputado(a);Professor Alcides;PL;https://dadosabertos.camara.leg.br/api/v2/partidos/37906;GO;19.0;0.0;2025
2404591;https://dadosabertos.camara.leg.br/api/v2/proposicoes/2404591;74084.0;https://dadosabertos.camara.leg.br/api/v2/deputados/74084;10000;Deputado(a);Raimundo Santos;PSD;https://dadosabertos.camara.leg.br/api/v2/partidos/36834;PA;1.0;1.0;2023
2391979;https://dadosabertos.camara.leg.br/api/v2/proposicoes/2391979;123086.0;https://dadosabertos.camara.leg.br/api/v2/deputados/123086;10000;Deputado(a);Átila Lira;PP;https://dadosabertos.camara.leg.br/api/v2/partidos/37903;PI;259.0;0.0;2023
2439782;https://dadosabertos.camara.leg.br/api/v2/proposicoes/2439782;;https://dadosabertos.camara.leg.br/api/v2/orgaos/78;40000;Órgão do Poder Legislativo;Senado Federal - Zenaide Maia;PSD;;RN;1.0;1.0;2023
2377454;https://dadosabertos.camara.leg.br/api/v2/proposicoes/2377454;69871.0;https://dadosabertos.camara.leg.br/api/v2/deputados/69871;10000;Deputado(a);Bacelar;PV;https://dadosabertos.camara.leg.br/api/v2/partidos/36851;BA;1.0;1.0;2023
2408220;https://dadosabertos.camara.leg.br/api/v2/proposicoes/2408220;220595.0;https://dadosabertos.camara.leg.br/api/v2/deputados/220595;10000;Deputado(a);Coronel Fernanda;PL;https://dadosabertos.camara.leg.br/api/v2/partidos/37906;MT;23.0;1.0;2023
2481279;https://dadosabertos.camara.leg.br/api/v2/proposicoes/2481279;178835.0;https://dadosabertos.camara.leg.br/api/v2/deputados/178835;10000;Deputado(a);Afonso Motta;PDT;https://dadosabertos.camara.leg.br/api/v2/partidos/36786;RS;1.0;1.0;2024
2406699;https://dadosabertos.camara.leg.br/api/v2/proposicoes/2406699;;https://dadosabertos.camara.leg.br/api/v2/orgaos/537480;2;COMISSÃO PERMANENTE;Comissão de Defesa dos Direitos das Pessoas com Deficiência;;;;1.0;1.0;2023
2427220;https://dadosabertos.camara.leg.br/api/v2/proposicoes/2427220;157130.0;https://dadosabertos.camara.leg.br/api/v2/deputados/157130;10000;Deputado(a);Túlio Gadêlha;REDE;https://dadosabertos.camara.leg.br/api/v2/partidos/36886;PE;2.0;1.0;2024
2415564;https://dadosabertos.camara.leg.br/api/v2/proposicoes/2415564;220546.0;https://dadosabertos.camara.leg.br/api/v2/deputados/220546;10000;Deputado(a);Rodolfo Nogueira;PL;https://dadosabertos.camara.leg.br/api/v2/partidos/37906;MS;5.0;0.0;2023
2366997;https://dadosabertos.camara.leg.br/api/v2/proposicoes/2366997;137070.0;https://dadosabertos.camara.leg.br/api/v2/deputados/137070;10000;Deputado(a);Vicentinho Júnior;PP;https://dadosabertos.camara.leg.br/api/v2/partidos/37903;TO;28.0;0.0;2023
2369023;https://dadosabertos.camara.leg.br/api/v2/proposicoes/2369023;204566.0;https://dadosabertos.camara.leg.br/api/v2/deputados/204566;10000;Deputado(a);Marreca Filho;PATRIOTA;https://dadosabertos.camara.leg.br/api/v2/partidos/37907;MA;155.0;0.0;2023
2447996;https://dadosabertos.camara.leg.br/api/v2/proposicoes/2447996;178871.0;https://dadosabertos.camara.leg.br/api/v2/deputados/178871;10000;Deputado(a);Evair Vieira de Melo;PP;https://dadosabertos.camara.leg.br/api/v2/partidos/37903;ES;1.0;1.0;2024
2484945;https://dadosabertos.camara.leg.br/api/v2/proposicoes/2484945;73778.0;https://dadosabertos.camara.leg.br/api/v2/deputados/73778;10000;Deputado(a);Luiz Carlos Hauly;PODE;https://dadosabertos.camara.leg.br/api/v2/partidos/36896;PR;12.0;0.0;2025
2477663;https://dadosabertos.camara.leg.br/api/v2/proposicoes/2477663;204536.0;https://dadosabertos.camara.leg.br/api/v2/deputados/204536;10000;Deputado(a);Kim Kataguiri;UNIÃO;https://dadosabertos.camara.leg.br/api/v2/partidos/38009;SP;1.0;1.0;2024
2440536;https://dadosabertos.camara.leg.br/api/v2/proposicoes/2440536;191923.0;https://dadosabertos.camara.leg.br/api/v2/deputados/191923;10000;Deputado(a);Flávio Nogueira;PT;https://dadosabertos.camara.leg.br/api/v2/partidos/36844;PI;1.0;1.0;2024
2450435;https://dadosabertos.camara.leg.br/api/v2/proposicoes/2450435;220530.0;https://dadosabertos.camara.leg.br/api/v2/deputados/220530;10000;Deputado(a);Messias Donato;REPUBLIC;;ES;1.0;1.0;2024
2390500;https://dadosabertos.camara.leg.br/api/v2/proposicoes/2390500;141470.0;https://dadosabertos.camara.leg.br/api/v2/deputados/141470;10000;Deputado(a);José Guimarães;PT;https://dadosabertos.camara.leg.br/api/v2/partidos/36844;CE;1.0;1.0;2023
2458742;https://dadosabertos.camara.leg.br/api/v2/proposicoes/2458742;178946.0;https://dadosabertos.camara.leg.br/api/v2/deputados/178946;10000;Deputado(a);Soraya Santos;PL;https://dadosabertos.camara.leg.br/api/v2/partidos/37906;RJ;121.0;0.0;2024
2414704;https://dadosabertos.camara.leg.br/api/v2/proposicoes/2414704;;https://dadosabertos.camara.leg.br/api/v2/orgaos/2009;2;COMISSÃO PERMANENTE;Comissão de Educação;;;;1.0;1.0;2023
2435432;https://dadosabertos.camara.leg.br/api/v2/proposicoes/2435432;74171.0;https://dadosabertos.camara.leg.br/api/v2/deputados/74171;10000;Deputado(a);Chico Alencar;PSOL;https://dadosabertos.camara.leg.br/api/v2/partidos/36839;RJ;1.0;1.0;2024
2437282;https://dadosabertos.camara.leg.br/api/v2/proposicoes/2437282;160556.0;https://dadosabertos.camara.leg.br/api/v2/deputados/160556;10000;Deputado(a);Padre João;PT;https://dadosabertos.camara.leg.br/api/v2/partidos/36844;MG;1.0;1.0;2024
2458524;https://dadosabertos.camara.leg.br/api/v2/proposicoes/2458524;220531.0;https://dadosabertos.camara.leg.br/api/v2/deputados/220531;10000;Deputado(a);Gilvan Maximo;REPUBLIC;;DF;1.0;1.0;2024
2447506;https://dadosabertos.camara.leg.br/api/v2/proposicoes/2447506;220578.0;https://dadosabertos.camara.leg.br/api/v2/deputados/220578;10000;Deputado(a);Josenildo;PDT;https://dadosabertos.camara.leg.br/api/v2/partidos/36786;AP;1.0;1.0;2024
2470192;https://dadosabertos.camara.leg.br/api/v2/proposicoes/2470192;229585.0;https://dadosabertos.camara.leg.br/api/v2/deputados/229585;10000;Deputado(a);Elisangela Araujo;PT;https://dadosabertos.camara.leg.br/api/v2/partidos/36844;BA;3.0;1.0;2024
2453452;https://dadosabertos.camara.leg.br/api/v2/proposicoes/2453452;;https://dadosabertos.camara.leg.br/api/v2/orgaos/537480;2;COMISSÃO PERMANENTE;Comissão de Defesa dos Direitos das Pessoas com Deficiência;;;;1.0;1.0;2024
2416434;https://dadosabertos.camara.leg.br/api/v2/proposicoes/2416434;220540.0;https://dadosabertos.camara.leg.br/api/v2/deputados/220540;10000;Deputado(a);Duda Ramos;MDB;https://dadosabertos.camara.leg.br/api/v2/partidos/36899;RR;1.0;1.0;2023
2476811;https://dadosabertos.camara.leg.br/api/v2/proposicoes/2476811;160673.0;https://dadosabertos.camara.leg.br/api/v2/deputados/160673;10000;Deputado(a);Giovani Cherini;PL;https://dadosabertos.camara.leg.br/api/v2/partidos/37906;RS;1.0;1.0;2024
2365149;https://dadosabertos.camara.leg.br/api/v2/proposicoes/2365149;220554.0;https://dadosabertos.camara.leg.br/api/v2/deputados/220554;10000;Deputado(a);Alexandre Lindenmeyer;PT;https://dadosabertos.camara.leg.br/api/v2/partidos/36844;RS;2.0;1.0;2023
2478251;https://dadosabertos.camara.leg.br/api/v2/proposicoes/2478251;157130.0;https://dadosabertos.camara.leg.br/api/v2/deputados/157130;10000;Deputado(a);Túlio Gadêlha;REDE;https://dadosabertos.camara.leg.br/api/v2/partidos/36886;PE;3.0;1.0;2024
2489314;https://dadosabertos.camara.leg.br/api/v2/proposicoes/2489314;220534.0;https://dadosabertos.camara.leg.br/api/v2/deputados/220534;10000;Deputado(a);Fred Linhares;REPUBLIC;;DF;10.0;0.0;2025
2392296;https://dadosabertos.camara.leg.br/api/v2/proposicoes/2392296;220625.0;https://dadosabertos.camara.leg.br/api/v2/deputados/220625;10000;Deputado(a);Delegada Ione;AVANTE;https://dadosabertos.camara.leg.br/api/v2/partidos/36898;MG;1.0;1.0;2023
2372277;https://dadosabertos.camara.leg.br/api/v2/proposicoes/2372277;220587.0;https://dadosabertos.camara.leg.br/api/v2/deputados/220587;10000;Deputado(a);Gerlen Diniz;PP;https://dadosabertos.camara.leg.br/api/v2/partidos/37903;AC;15.0;1.0;2023
2483155;https://dadosabertos.camara.leg.br/api/v2/proposicoes/2483155;220645.0;https://dadosabertos.camara.leg.br/api/v2/deputados/220645;10000;Deputado(a);Erika Hilton;PSOL;https://dadosabertos.camara.leg.br/api/v2/partidos/36839;SP;4.0;1.0;2025
2373746;https://dadosabertos.camara.leg.br/api/v2/proposicoes/2373746;220666.0;https://dadosabertos.camara.leg.br/api/v2/deputados/220666;10000;Deputado(a);Coronel Meira;PL;https://dadosabertos.camara.leg.br/api/v2/partidos/37906;PE;10.0;1.0;2023
2375785;https://dadosabertos.camara.leg.br/api/v2/proposicoes/2375785;133439.0;https://dadosabertos.camara.leg.br/api/v2/deputados/133439;10000;Deputado(a);André Figueiredo;PDT;https://dadosabertos.camara.leg.br/api/v2/partidos/36786;CE;3.0;0.0;2023
2482994;https://dadosabertos.camara.leg.br/api/v2/proposicoes/2482994;;https://dadosabertos.camara.leg.br/api/v2/orgaos/253;30000;Órgão do Poder Executivo;Poder Executivo;;;;1.0;1.0;2025
2483525;https://dadosabertos.camara.leg.br/api/v2/proposicoes/2483525;150418.0;https://dadosabertos.camara.leg.br/api/v2/deputados/150418;10000;Deputado(a);Márcio Marinho;REPUBLIC;;BA;1.0;1.0;2025
2388968;https://dadosabertos.camara.leg.br/api/v2/proposicoes/2388968;220701.0;https://dadosabertos.camara.leg.br/api/v2/deputados/220701;10000;Deputado(a);Delegado Matheus Laiola;UNIÃO;https://dadosabertos.camara.leg.br/api/v2/partidos/38009;PR;1.0;1.0;2023
2437336;https://dadosabertos.camara.leg.br/api/v2/proposicoes/2437336;220633.0;https://dadosabertos.camara.leg.br/api/v2/deputados/220633;10000;Deputado(a);Ricardo Salles;PL;https://dadosabertos.camara.leg.br/api/v2/partidos/37906;SP;1.0;1.0;2024
2442186;https://dadosabertos.camara.leg.br/api/v2/proposicoes/2442186;220715.0;https://dadosabertos.camara.leg.br/api/v2/deputados/220715;10000;Deputado(a);Amom Mandel;CIDADANIA;https://dadosabertos.camara.leg.br/api/v2/partidos/37905;AM;1.0;1.0;2024
2391419;https://dadosabertos.camara.leg.br/api/v2/proposicoes/2391419;98148.0;https://dadosabertos.camara.leg.br/api/v2/deputados/98148;10000;Deputado(a);Cobalchini;MDB;https://dadosabertos.camara.leg.br/api/v2/partidos/36899;SC;117.0;0.0;2023
2448642;https://dadosabertos.camara.leg.br/api/v2/proposicoes/2448642;204436.0;https://dadosabertos.camara.leg.br/api/v2/deputados/204436;10000;Deputado(a);Isnaldo Bulhões Jr.;MDB;https://dadosabertos.camara.leg.br/api/v2/partidos/36899;AL;2.0;1.0;2024
2397806;https://dadosabertos.camara.leg.br/api/v2/proposicoes/2397806;204520.0;https://dadosabertos.camara.leg.br/api/v2/deputados/204520;10000;Deputado(a);Junio Amaral;PL;https://dadosabertos.camara.leg.br/api/v2/partidos/37906;MG;44.0;1.0;2023
2393609;https://dadosabertos.camara.leg.br/api/v2/proposicoes/2393609;220593.0;https://dadosabertos.camara.leg.br/api/v2/deputados/220593;10000;Deputado(a);Abilio Brunini;PL;https://dadosabertos.camara.leg.br/api/v2/partidos/37906;MT;1.0;1.0;2023
2367833;https://dadosabertos.camara.leg.br/api/v2/proposicoes/2367833;220648.0;https://dadosabertos.camara.leg.br/api/v2/deputados/220648;10000;Deputado(a);Marangoni;UNIÃO;https://dadosabertos.camara.leg.br/api/v2/partidos/38009;SP;2.0;0.0;2023
2459289;https://dadosabertos.camara.leg.br/api/v2/proposicoes/2459289;178871.0;https://dadosabertos.camara.leg.br/api/v2/deputados/178871;10000;Deputado(a);Evair Vieira de Melo;PP;https://dadosabertos.camara.leg.br/api/v2/partidos/37903;ES;1.0;1.0;2024
2392596;https://dadosabertos.camara.leg.br/api/v2/proposicoes/2392596;204365.0;https://dadosabertos.camara.leg.br/api/v2/deputados/204365;10000;Deputado(a);Gilson Marques;NOVO;https://dadosabertos.camara.leg.br/api/v2/partidos/37901;SC;1.0;1.0;2023
2433390;https://dadosabertos.camara.leg.br/api/v2/proposicoes/2433390;204406.0;https://dadosabertos.camara.leg.br/api/v2/deputados/204406;10000;Deputado(a);Pedro Westphalen;PP;https://dadosabertos.camara.leg.br/api/v2/partidos/37903;RS;1.0;1.0;2024
2489281;https://dadosabertos.camara.leg.br/api/v2/proposicoes/2489281;220683.0;https://dadosabertos.camara.leg.br/api/v2/deputados/220683;10000;Deputado(a);Beto Richa;PSDB;https://dadosabertos.camara.leg.br/api/v2/partidos/36835;PR;1.0;1.0;2025
2447951;https://dadosabertos.camara.leg.br/api/v2/proposicoes/2447951;204557.0;https://dadosabertos.camara.leg.br/api/v2/deputados/204557;10000;Deputado(a);Sidney Leite;PSD;https://dadosabertos.camara.leg.br/api/v2/partidos/36834;AM;5.0;0.0;2024
2369187;https://dadosabertos.camara.leg.br/api/v2/proposicoes/2369187;178986.0;https://dadosabertos.camara.leg.br/api/v2/deputados/178986;10000;Deputado(a);Nilto Tatto;PT;https://dadosabertos.camara.leg.br/api/v2/partidos/36844;SP;1.0;1.0;2023
2424865;https://dadosabertos.camara.leg.br/api/v2/proposicoes/2424865;204387.0;https://dadosabertos.camara.leg.br/api/v2/deputados/204387;10000;Deputado(a);Sargento Fahur;PSD;https://dadosabertos.camara.leg.br/api/v2/partidos/36834;PR;39.0;1.0;2024
2395343;https://dadosabertos.camara.leg.br/api/v2/proposicoes/2395343;204520.0;https://dadosabertos.camara.leg.br/api/v2/deputados/204520;10000;Deputado(a);Junio Amaral;PL;https://dadosabertos.camara.leg.br/api/v2/partidos/37906;MG;11.0;1.0;2023
2470369;https://dadosabertos.camara.leg.br/api/v2/proposicoes/2470369;204535.0;https://dadosabertos.camara.leg.br/api/v2/deputados/204535;10000;Deputado(a);Sâmia Bomfim;PSOL;https://dadosabertos.camara.leg.br/api/v2/partidos/36839;SP;4.0;1.0;2024
2487339;https://dadosabertos.camara.leg.br/api/v2/proposicoes/2487339;204528.0;https://dadosabertos.camara.leg.br/api/v2/deputados/204528;10000;Deputado(a);Adriana Ventura;NOVO;https://dadosabertos.camara.leg.br/api/v2/partidos/37901;SP;5.0;1.0;2025
2478443;https://dadosabertos.camara.leg.br/api/v2/proposicoes/2478443;204506.0;https://dadosabertos.camara.leg.br/api/v2/deputados/204506;10000;Deputado(a);Marcos Pereira;REPUBLIC;;SP;1.0;1.0;2024
2362839;https://dadosabertos.camara.leg.br/api/v2/proposicoes/2362839;204506.0;https://dadosabertos.camara.leg.br/api/v2/deputados/204506;10000;Deputado(a);Marcos Pereira;REPUBLIC;;SP;1.0;1.0;2023
2385402;https://dadosabertos.camara.leg.br/api/v2/proposicoes/2385402;220590.0;https://dadosabertos.camara.leg.br/api/v2/deputados/220590;10000;Deputado(a);Coronel Ulysses;UNIÃO;https://dadosabertos.camara.leg.br/api/v2/partidos/38009;AC;13.0;0.0;2023
2366330;https://dadosabertos.camara.leg.br/api/v2/proposicoes/2366330;204410.0;https://dadosabertos.camara.leg.br/api/v2/deputados/204410;10000;Deputado(a);Luisa Canziani;PSD;https://dadosabertos.camara.leg.br/api/v2/partidos/36834;PR;79.0;0.0;2023
2432987;https://dadosabertos.camara.leg.br/api/v2/proposicoes/2432987;220658.0;https://dadosabertos.camara.leg.br/api/v2/deputados/220658;10000;Deputado(a);Luiz Gastão;PSD;https://dadosabertos.camara.leg.br/api/v2/partidos/36834;CE;170.0;0.0;2024
2386220;https://dadosabertos.camara.leg.br/api/v2/proposicoes/2386220;74478.0;https://dadosabertos.camara.leg.br/api/v2/deputados/74478;10000;Deputado(a);Luciano Bivar;UNIÃO;https://dadosabertos.camara.leg.br/api/v2/partidos/38009;PE;1.0;1.0;2023
2429645;https://dadosabertos.camara.leg.br/api/v2/proposicoes/2429645;220613.0;https://dadosabertos.camara.leg.br/api/v2/deputados/220613;10000;Deputado(a);Roberto Monteiro Pai;PL;https://dadosabertos.camara.leg.br/api/v2/partidos/37906;RJ;1.0;1.0;2024
2451657;https://dadosabertos.camara.leg.br/api/v2/proposicoes/2451657;204506.0;https://dadosabertos.camara.leg.br/api/v2/deputados/204506;10000;Deputado(a);Marcos Pereira;REPUBLIC;;SP;1.0;1.0;2024
2368788;https://dadosabertos.camara.leg.br/api/v2/proposicoes/2368788;220604.0;https://dadosabertos.camara.leg.br/api/v2/deputados/220604;10000;Deputado(a);Marcos Tavares;PDT;https://dadosabertos.camara.leg.br/api/v2/partidos/36786;RJ;1.0;1.0;2023
2485359;https://dadosabertos.camara.leg.br/api/v2/proposicoes/2485359;220600.0;https://dadosabertos.camara.leg.br/api/v2/deputados/220600;10000;Deputado(a);Lebrão;UNIÃO;https://dadosabertos.camara.leg.br/api/v2/partidos/38009;RO;8.0;1.0;2025
2366762;https://dadosabertos.camara.leg.br/api/v2/proposicoes/2366762;210989.0;https://dadosabertos.camara.leg.br/api/v2/deputados/210989;10000;Deputado(a);Bruno Farias;AVANTE;https://dadosabertos.camara.leg.br/api/v2/partidos/36898;MG;162.0;0.0;2023
2400122;https://dadosabertos.camara.leg.br/api/v2/proposicoes/2400122;74371.0;https://dadosabertos.camara.leg.br/api/v2/deputados/74371;10000;Deputado(a);Rubens Otoni;PT;https://dadosabertos.camara.leg.br/api/v2/partidos/36844;GO;110.0;0.0;2023
2464485;https://dadosabertos.camara.leg.br/api/v2/proposicoes/2464485;204506.0;https://dadosabertos.camara.leg.br/api/v2/deputados/204506;10000;Deputado(a);Marcos Pereira;REPUBLIC;;SP;1.0;1.0;2024
2389672;https://dadosabertos.camara.leg.br/api/v2/proposicoes/2389672;220618.0;https://dadosabertos.camara.leg.br/api/v2/deputados/220618;10000;Deputado(a);Sargento Portugal;PODE;https://dadosabertos.camara.leg.br/api/v2/partidos/36896;RJ;151.0;0.0;2023
2399696;https://dadosabertos.camara.leg.br/api/v2/proposicoes/2399696;204506.0;https://dadosabertos.camara.leg.br/api/v2/deputados/204506;10000;Deputado(a);Marcos Pereira;REPUBLIC;;SP;1.0;1.0;2023
2405599;https://dadosabertos.camara.leg.br/api/v2/proposicoes/2405599;220591.0;https://dadosabertos.camara.leg.br/api/v2/deputados/220591;10000;Deputado(a);Meire Serafim;UNIÃO;https://dadosabertos.camara.leg.br/api/v2/partidos/38009;AC;1.0;1.0;2023
2440742;https://dadosabertos.camara.leg.br/api/v2/proposicoes/2440742;160598.0;https://dadosabertos.camara.leg.br/api/v2/deputados/160598;10000;Deputado(a);Flávia Morais;PDT;https://dadosabertos.camara.leg.br/api/v2/partidos/36786;GO;76.0;0.0;2024
2403988;https://dadosabertos.camara.leg.br/api/v2/proposicoes/2403988;221329.0;https://dadosabertos.camara.leg.br/api/v2/deputados/221329;10000;Deputado(a);Ricardo Abrão;UNIÃO;https://dadosabertos.camara.leg.br/api/v2/partidos/38009;RJ;1.0;1.0;2023
2483128;https://dadosabertos.camara.leg.br/api/v2/proposicoes/2483128;160512.0;https://dadosabertos.camara.leg.br/api/v2/deputados/160512;10000;Deputado(a);Aureo Ribeiro;SOLIDARI;;RJ;1.0;1.0;2025
2464577;https://dadosabertos.camara.leg.br/api/v2/proposicoes/2464577;204506.0;https://dadosabertos.camara.leg.br/api/v2/deputados/204506;10000;Deputado(a);Marcos Pereira;REPUBLIC;;SP;1.0;1.0;2024
2443166;https://dadosabertos.camara.leg.br/api/v2/proposicoes/2443166;220715.0;https://dadosabertos.camara.leg.br/api/v2/deputados/220715;10000;Deputado(a);Amom Mandel;CIDADANIA;https://dadosabertos.camara.leg.br/api/v2/partidos/37905;AM;1.0;1.0;2024
2482260;https://dadosabertos.camara.leg.br/api/v2/proposicoes/2482260;161440.0;https://dadosabertos.camara.leg.br/api/v2/deputados/161440;10000;Deputado(a);Pezenti;MDB;https://dadosabertos.camara.leg.br/api/v2/partidos/36899;SC;55.0;1.0;2025
2483031;https://dadosabertos.camara.leg.br/api/v2/proposicoes/2483031;220586.0;https://dadosabertos.camara.leg.br/api/v2/deputados/220586;10000;Deputado(a);Rafael Brito;MDB;https://dadosabertos.camara.leg.br/api/v2/partidos/36899;AL;32.0;0.0;2025
2362505;https://dadosabertos.camara.leg.br/api/v2/proposicoes/2362505;160538.0;https://dadosabertos.camara.leg.br/api/v2/deputados/160538;10000;Deputado(a);Bohn Gass;PT;https://dadosabertos.camara.leg.br/api/v2/partidos/36844;RS;52.0;0.0;2023
2394908;https://dadosabertos.camara.leg.br/api/v2/proposicoes/2394908;;https://dadosabertos.camara.leg.br/api/v2/orgaos/10037;80000;Liderança;Liderança do Partido Liberal;;;;1.0;1.0;2023
2450460;https://dadosabertos.camara.leg.br/api/v2/proposicoes/2450460;204412.0;https://dadosabertos.camara.leg.br/api/v2/deputados/204412;10000;Deputado(a);Dr. Zacharias Calil;UNIÃO;https://dadosabertos.camara.leg.br/api/v2/partidos/38009;GO;1.0;1.0;2024
2404371;https://dadosabertos.camara.leg.br/api/v2/proposicoes/2404371;;https://dadosabertos.camara.leg.br/api/v2/orgaos/78;40000;Órgão do Poder Legislativo;Senado Federal;;;;1.0;1.0;2023
2372880;https://dadosabertos.camara.leg.br/api/v2/proposicoes/2372880;220692.0;https://dadosabertos.camara.leg.br/api/v2/deputados/220692;10000;Deputado(a);Dal Barreto;UNIÃO;https://dadosabertos.camara.leg.br/api/v2/partidos/38009;BA;107.0;1.0;2023
2433628;https://dadosabertos.camara.leg.br/api/v2/proposicoes/2433628;204455.0;https://dadosabertos.camara.leg.br/api/v2/deputados/204455;10000;Deputado(a);Luiz Lima;PL;https://dadosabertos.camara.leg.br/api/v2/partidos/37906;RJ;11.0;0.0;2024
2427016;https://dadosabertos.camara.leg.br/api/v2/proposicoes/2427016;74160.0;https://dadosabertos.camara.leg.br/api/v2/deputados/74160;10000;Deputado(a);Patrus Ananias;PT;https://dadosabertos.camara.leg.br/api/v2/partidos/36844;MG;1.0;1.0;2024
2389560;https://dadosabertos.camara.leg.br/api/v2/proposicoes/2389560;220589.0;https://dadosabertos.camara.leg.br/api/v2/deputados/220589;10000;Deputado(a);Eduardo Velloso;UNIÃO;https://dadosabertos.camara.leg.br/api/v2/partidos/38009;AC;80.0;0.0;2023
2366299;https://dadosabertos.camara.leg.br/api/v2/proposicoes/2366299;204518.0;https://dadosabertos.camara.leg.br/api/v2/deputados/204518;10000;Deputado(a);Dr. Frederico;PATRIOTA;https://dadosabertos.camara.leg.br/api/v2/partidos/37907;MG;6.0;1.0;2023
2487705;https://dadosabertos.camara.leg.br/api/v2/proposicoes/2487705;220673.0;https://dadosabertos.camara.leg.br/api/v2/deputados/220673;10000;Deputado(a);Delegado Caveira;PL;https://dadosabertos.camara.leg.br/api/v2/partidos/37906;PA;9.0;0.0;2025
2480929;https://dadosabertos.camara.leg.br/api/v2/proposicoes/2480929;220715.0;https://dadosabertos.camara.leg.br/api/v2/deputados/220715;10000;Deputado(a);Amom Mandel;CIDADANIA;https://dadosabertos.camara.leg.br/api/v2/partidos/37905;AM;1.0;1.0;2024
2469584;https://dadosabertos.camara.leg.br/api/v2/proposicoes/2469584;220623.0;https://dadosabertos.camara.leg.br/api/v2/deputados/220623;10000;Deputado(a);Duda Salabert;PDT;https://dadosabertos.camara.leg.br/api/v2/partidos/36786;MG;1.0;1.0;2024
2459584;https://dadosabertos.camara.leg.br/api/v2/proposicoes/2459584;160598.0;https://dadosabertos.camara.leg.br/api/v2/deputados/160598;10000;Deputado(a);Flávia Morais;PDT;https://dadosabertos.camara.leg.br/api/v2/partidos/36786;GO;1.0;1.0;2024
2448322;https://dadosabertos.camara.leg.br/api/v2/proposicoes/2448322;;https://dadosabertos.camara.leg.br/api/v2/orgaos/537870;2;COMISSÃO PERMANENTE;Comissão de Defesa dos Direitos da Mulher;;;;1.0;1.0;2024
2389644;https://dadosabertos.camara.leg.br/api/v2/proposicoes/2389644;204394.0;https://dadosabertos.camara.leg.br/api/v2/deputados/204394;10000;Deputado(a);Gervásio Maia;PSB;https://dadosabertos.camara.leg.br/api/v2/partidos/36832;PB;268.0;0.0;2023
2483880;https://dadosabertos.camara.leg.br/api/v2/proposicoes/2483880;220639.0;https://dadosabertos.camara.leg.br/api/v2/deputados/220639;10000;Deputado(a);Guilherme Boulos;PSOL;https://dadosabertos.camara.leg.br/api/v2/partidos/36839;SP;17.0;0.0;2025
2480467;https://dadosabertos.camara.leg.br/api/v2/proposicoes/2480467;178871.0;https://dadosabertos.camara.leg.br/api/v2/deputados/178871;10000;Deputado(a);Evair Vieira de Melo;PP;https://dadosabertos.camara.leg.br/api/v2/partidos/37903;ES;16.0;0.0;2024
2365762;https://dadosabertos.camara.leg.br/api/v2/proposicoes/2365762;178986.0;https://dadosabertos.camara.leg.br/api/v2/deputados/178986;10000;Deputado(a);Nilto Tatto;PT;https://dadosabertos.camara.leg.br/api/v2/partidos/36844;SP;1.0;1.0;2023
2452324;https://dadosabertos.camara.leg.br/api/v2/proposicoes/2452324;220573.0;https://dadosabertos.camara.leg.br/api/v2/deputados/220573;10000;Deputado(a);Dorinaldo Malafaia;PDT;https://dadosabertos.camara.leg.br/api/v2/partidos/36786;AP;2.0;1.0;2024
2452248;https://dadosabertos.camara.leg.br/api/v2/proposicoes/2452248;;https://dadosabertos.camara.leg.br/api/v2/orgaos/102537;80000;Liderança;Liderança do União;UNIÃO;https://dadosabertos.camara.leg.br/api/v2/partidos/38009;AL;1.0;1.0;2024
2367833;https://dadosabertos.camara.leg.br/api/v2/proposicoes/2367833;204480.0;https://dadosabertos.camara.leg.br/api/v2/deputados/204480;10000;Deputado(a);Rogério Correia;PT;https://dadosabertos.camara.leg.br/api/v2/partidos/36844;MG;4.0;0.0;2023
2403112;https://dadosabertos.camara.leg.br/api/v2/proposicoes/2403112;204495.0;https://dadosabertos.camara.leg.br/api/v2/deputados/204495;10000;Deputado(a);Airton Faleiro;PT;https://dadosabertos.camara.leg.br/api/v2/partidos/36844;PA;1.0;1.0;2023
2431707;https://dadosabertos.camara.leg.br/api/v2/proposicoes/2431707;220576.0;https://dadosabertos.camara.leg.br/api/v2/deputados/220576;10000;Deputado(a);Alfredo Gaspar;UNIÃO;https://dadosabertos.camara.leg.br/api/v2/partidos/38009;AL;2.0;1.0;2024
2432120;https://dadosabertos.camara.leg.br/api/v2/proposicoes/2432120;204365.0;https://dadosabertos.camara.leg.br/api/v2/deputados/204365;10000;Deputado(a);Gilson Marques;NOVO;https://dadosabertos.camara.leg.br/api/v2/partidos/37901;SC;1.0;1.0;2024
2403970;https://dadosabertos.camara.leg.br/api/v2/proposicoes/2403970;220612.0;https://dadosabertos.camara.leg.br/api/v2/deputados/220612;10000;Deputado(a);Bebeto;PP;https://dadosabertos.camara.leg.br/api/v2/partidos/37903;RJ;1.0;1.0;2023
2459988;https://dadosabertos.camara.leg.br/api/v2/proposicoes/2459988;;https://dadosabertos.camara.leg.br/api/v2/orgaos/78;40000;Órgão do Poder Legislativo;Senado Federal;;;;1.0;1.0;2024
2450506;https://dadosabertos.camara.leg.br/api/v2/proposicoes/2450506;220589.0;https://dadosabertos.camara.leg.br/api/v2/deputados/220589;10000;Deputado(a);Eduardo Velloso;UNIÃO;https://dadosabertos.camara.leg.br/api/v2/partidos/38009;AC;86.0;1.0;2024
2380343;https://dadosabertos.camara.leg.br/api/v2/proposicoes/2380343;220635.0;https://dadosabertos.camara.leg.br/api/v2/deputados/220635;10000;Deputado(a);Bruno Ganem;PODE;https://dadosabertos.camara.leg.br/api/v2/partidos/36896;SP;1.0;1.0;2023
2403066;https://dadosabertos.camara.leg.br/api/v2/proposicoes/2403066;220687.0;https://dadosabertos.camara.leg.br/api/v2/deputados/220687;10000;Deputado(a);Márcio Honaiser;PDT;https://dadosabertos.camara.leg.br/api/v2/partidos/36786;MA;3.0;1.0;2023
2434148;https://dadosabertos.camara.leg.br/api/v2/proposicoes/2434148;;https://dadosabertos.camara.leg.br/api/v2/orgaos/539635;3;COMISSÃO ESPECIAL;Comissão Especial destinada a estudar e analisar formas de prevenção e auxílio a desastres e calamidades naturais que vêm assolando o Território Nacional;;;;1.0;1.0;2024
2409873;https://dadosabertos.camara.leg.br/api/v2/proposicoes/2409873;220589.0;https://dadosabertos.camara.leg.br/api/v2/deputados/220589;10000;Deputado(a);Eduardo Velloso;UNIÃO;https://dadosabertos.camara.leg.br/api/v2/partidos/38009;AC;60.0;0.0;2023
2402766;https://dadosabertos.camara.leg.br/api/v2/proposicoes/2402766;;https://dadosabertos.camara.leg.br/api/v2/orgaos/102608;80000;Liderança;Liderança da Federação PT-PCdoB-PV;;;;1.0;1.0;2023
2428328;https://dadosabertos.camara.leg.br/api/v2/proposicoes/2428328;204398.0;https://dadosabertos.camara.leg.br/api/v2/deputados/204398;10000;Deputado(a);Felipe Francischini;UNIÃO;https://dadosabertos.camara.leg.br/api/v2/partidos/38009;PR;1.0;1.0;2024
2465138;https://dadosabertos.camara.leg.br/api/v2/proposicoes/2465138;160604.0;https://dadosabertos.camara.leg.br/api/v2/deputados/160604;10000;Deputado(a);Pedro Uczai;PT;https://dadosabertos.camara.leg.br/api/v2/partidos/36844;SC;1.0;1.0;2024
2428931;https://dadosabertos.camara.leg.br/api/v2/proposicoes/2428931;220691.0;https://dadosabertos.camara.leg.br/api/v2/deputados/220691;10000;Deputado(a);Diego Coronel;PSD;https://dadosabertos.camara.leg.br/api/v2/partidos/36834;BA;1.0;1.0;2024
2401811;https://dadosabertos.camara.leg.br/api/v2/proposicoes/2401811;220613.0;https://dadosabertos.camara.leg.br/api/v2/deputados/220613;10000;Deputado(a);Roberto Monteiro Pai;PL;https://dadosabertos.camara.leg.br/api/v2/partidos/37906;RJ;1.0;1.0;2023
2448508;https://dadosabertos.camara.leg.br/api/v2/proposicoes/2448508;204394.0;https://dadosabertos.camara.leg.br/api/v2/deputados/204394;10000;Deputado(a);Gervásio Maia;PSB;https://dadosabertos.camara.leg.br/api/v2/partidos/36832;PB;2.0;0.0;2024
2465624;https://dadosabertos.camara.leg.br/api/v2/proposicoes/2465624;160598.0;https://dadosabertos.camara.leg.br/api/v2/deputados/160598;10000;Deputado(a);Flávia Morais;PDT;https://dadosabertos.camara.leg.br/api/v2/partidos/36786;GO;1.0;1.0;2024
2402861;https://dadosabertos.camara.leg.br/api/v2/proposicoes/2402861;74374.0;https://dadosabertos.camara.leg.br/api/v2/deputados/74374;10000;Deputado(a);Geraldo Resende;PSDB;https://dadosabertos.camara.leg.br/api/v2/partidos/36835;MS;194.0;0.0;2023
2376214;https://dadosabertos.camara.leg.br/api/v2/proposicoes/2376214;74856.0;https://dadosabertos.camara.leg.br/api/v2/deputados/74856;10000;Deputado(a);Laura Carneiro;PSD;https://dadosabertos.camara.leg.br/api/v2/partidos/36834;RJ;1.0;1.0;2023
2368716;https://dadosabertos.camara.leg.br/api/v2/proposicoes/2368716;141458.0;https://dadosabertos.camara.leg.br/api/v2/deputados/141458;10000;Deputado(a);João Carlos Bacelar;PL;https://dadosabertos.camara.leg.br/api/v2/partidos/37906;BA;1.0;1.0;2023
2399935;https://dadosabertos.camara.leg.br/api/v2/proposicoes/2399935;;https://dadosabertos.camara.leg.br/api/v2/orgaos/2003;2;COMISSÃO PERMANENTE;Comissão de Constituição e Justiça e de Cidadania;;;;1.0;1.0;2023
2426469;https://dadosabertos.camara.leg.br/api/v2/proposicoes/2426469;141485.0;https://dadosabertos.camara.leg.br/api/v2/deputados/141485;10000;Deputado(a);Luiz Carlos Busato;UNIÃO;https://dadosabertos.camara.leg.br/api/v2/partidos/38009;RS;99.0;0.0;2024
2365700;https://dadosabertos.camara.leg.br/api/v2/proposicoes/2365700;220598.0;https://dadosabertos.camara.leg.br/api/v2/deputados/220598;10000;Deputado(a);Tarcísio Motta;PSOL;https://dadosabertos.camara.leg.br/api/v2/partidos/36839;RJ;104.0;0.0;2023
2470523;https://dadosabertos.camara.leg.br/api/v2/proposicoes/2470523;220645.0;https://dadosabertos.camara.leg.br/api/v2/deputados/220645;10000;Deputado(a);Erika Hilton;PSOL;https://dadosabertos.camara.leg.br/api/v2/partidos/36839;SP;1.0;1.0;2024
2448433;https://dadosabertos.camara.leg.br/api/v2/proposicoes/2448433;141456.0;https://dadosabertos.camara.leg.br/api/v2/deputados/141456;10000;Deputado(a);Jilmar Tatto;PT;https://dadosabertos.camara.leg.br/api/v2/partidos/36844;SP;105.0;0.0;2024
2425371;https://dadosabertos.camara.leg.br/api/v2/proposicoes/2425371;222142.0;https://dadosabertos.camara.leg.br/api/v2/deputados/222142;10000;Deputado(a);Coronel Telhada;PP;https://dadosabertos.camara.leg.br/api/v2/partidos/37903;SP;4.0;1.0;2024
2476095;https://dadosabertos.camara.leg.br/api/v2/proposicoes/2476095;220576.0;https://dadosabertos.camara.leg.br/api/v2/deputados/220576;10000;Deputado(a);Alfredo Gaspar;UNIÃO;https://dadosabertos.camara.leg.br/api/v2/partidos/38009;AL;2.0;0.0;2024
2381838;https://dadosabertos.camara.leg.br/api/v2/proposicoes/2381838;198783.0;https://dadosabertos.camara.leg.br/api/v2/deputados/198783;10000;Deputado(a);Emanuel Pinheiro Neto;MDB;https://dadosabertos.camara.leg.br/api/v2/partidos/36899;MT;1.0;1.0;2023
2439852;https://dadosabertos.camara.leg.br/api/v2/proposicoes/2439852;204550.0;https://dadosabertos.camara.leg.br/api/v2/deputados/204550;10000;Deputado(a);Júnior Mano;PL;https://dadosabertos.camara.leg.br/api/v2/partidos/37906;CE;177.0;0.0;2024
2377327;https://dadosabertos.camara.leg.br/api/v2/proposicoes/2377327;178937.0;https://dadosabertos.camara.leg.br/api/v2/deputados/178937;10000;Deputado(a);Altineu Côrtes;PL;https://dadosabertos.camara.leg.br/api/v2/partidos/37906;RJ;1.0;1.0;2023
2408220;https://dadosabertos.camara.leg.br/api/v2/proposicoes/2408220;165470.0;https://dadosabertos.camara.leg.br/api/v2/deputados/165470;10000;Deputado(a);Rodrigo Valadares;UNIÃO;https://dadosabertos.camara.leg.br/api/v2/partidos/38009;SE;42.0;1.0;2023
2373656;https://dadosabertos.camara.leg.br/api/v2/proposicoes/2373656;220646.0;https://dadosabertos.camara.leg.br/api/v2/deputados/220646;10000;Deputado(a);Felipe Becari;UNIÃO;https://dadosabertos.camara.leg.br/api/v2/partidos/38009;SP;4.0;1.0;2023
2431747;https://dadosabertos.camara.leg.br/api/v2/proposicoes/2431747;220648.0;https://dadosabertos.camara.leg.br/api/v2/deputados/220648;10000;Deputado(a);Marangoni;UNIÃO;https://dadosabertos.camara.leg.br/api/v2/partidos/38009;SP;1.0;1.0;2024
2451302;https://dadosabertos.camara.leg.br/api/v2/proposicoes/2451302;204407.0;https://dadosabertos.camara.leg.br/api/v2/deputados/204407;10000;Deputado(a);Fernanda Melchionna;PSOL;https://dadosabertos.camara.leg.br/api/v2/partidos/36839;RS;1.0;1.0;2024
2372232;https://dadosabertos.camara.leg.br/api/v2/proposicoes/2372232;220605.0;https://dadosabertos.camara.leg.br/api/v2/deputados/220605;10000;Deputado(a);Bandeira de Mello;PSB;https://dadosabertos.camara.leg.br/api/v2/partidos/36832;RJ;20.0;0.0;2023
2380614;https://dadosabertos.camara.leg.br/api/v2/proposicoes/2380614;157130.0;https://dadosabertos.camara.leg.br/api/v2/deputados/157130;10000;Deputado(a);Túlio Gadêlha;REDE;https://dadosabertos.camara.leg.br/api/v2/partidos/36886;PE;1.0;1.0;2023
2429436;https://dadosabertos.camara.leg.br/api/v2/proposicoes/2429436;74856.0;https://dadosabertos.camara.leg.br/api/v2/deputados/74856;10000;Deputado(a);Laura Carneiro;PSD;https://dadosabertos.camara.leg.br/api/v2/partidos/36834;RJ;1.0;1.0;2024
2382105;https://dadosabertos.camara.leg.br/api/v2/proposicoes/2382105;220618.0;https://dadosabertos.camara.leg.br/api/v2/deputados/220618;10000;Deputado(a);Sargento Portugal;PODE;https://dadosabertos.camara.leg.br/api/v2/partidos/36896;RJ;1.0;1.0;2023
2379619;https://dadosabertos.camara.leg.br/api/v2/proposicoes/2379619;178937.0;https://dadosabertos.camara.leg.br/api/v2/deputados/178937;10000;Deputado(a);Altineu Côrtes;PL;https://dadosabertos.camara.leg.br/api/v2/partidos/37906;RJ;1.0;1.0;2023
2388515;https://dadosabertos.camara.leg.br/api/v2/proposicoes/2388515;220645.0;https://dadosabertos.camara.leg.br/api/v2/deputados/220645;10000;Deputado(a);Erika Hilton;PSOL;https://dadosabertos.camara.leg.br/api/v2/partidos/36839;SP;3.0;1.0;2023
2374878;https://dadosabertos.camara.leg.br/api/v2/proposicoes/2374878;160610.0;https://dadosabertos.camara.leg.br/api/v2/deputados/160610;10000;Deputado(a);Valmir Assunção;PT;https://dadosabertos.camara.leg.br/api/v2/partidos/36844;BA;4.0;1.0;2023
2440587;https://dadosabertos.camara.leg.br/api/v2/proposicoes/2440587;220573.0;https://dadosabertos.camara.leg.br/api/v2/deputados/220573;10000;Deputado(a);Dorinaldo Malafaia;PDT;https://dadosabertos.camara.leg.br/api/v2/partidos/36786;AP;96.0;0.0;2024
2435580;https://dadosabertos.camara.leg.br/api/v2/proposicoes/2435580;204365.0;https://dadosabertos.camara.leg.br/api/v2/deputados/204365;10000;Deputado(a);Gilson Marques;NOVO;https://dadosabertos.camara.leg.br/api/v2/partidos/37901;SC;1.0;1.0;2024
2413433;https://dadosabertos.camara.leg.br/api/v2/proposicoes/2413433;220599.0;https://dadosabertos.camara.leg.br/api/v2/deputados/220599;10000;Deputado(a);Marcelo Crivella;REPUBLIC;;RJ;53.0;0.0;2023
2380695;https://dadosabertos.camara.leg.br/api/v2/proposicoes/2380695;204358.0;https://dadosabertos.camara.leg.br/api/v2/deputados/204358;10000;Deputado(a);Beto Pereira;PSDB;https://dadosabertos.camara.leg.br/api/v2/partidos/36835;MS;1.0;1.0;2023
2377762;https://dadosabertos.camara.leg.br/api/v2/proposicoes/2377762;220654.0;https://dadosabertos.camara.leg.br/api/v2/deputados/220654;10000;Deputado(a);Delegado Paulo Bilynskyj;PL;https://dadosabertos.camara.leg.br/api/v2/partidos/37906;SP;1.0;1.0;2023
2466717;https://dadosabertos.camara.leg.br/api/v2/proposicoes/2466717;74159.0;https://dadosabertos.camara.leg.br/api/v2/deputados/74159;10000;Deputado(a);Odair Cunha;PT;https://dadosabertos.camara.leg.br/api/v2/partidos/36844;MG;2.0;1.0;2024
2482547;https://dadosabertos.camara.leg.br/api/v2/proposicoes/2482547;220618.0;https://dadosabertos.camara.leg.br/api/v2/deputados/220618;10000;Deputado(a);Sargento Portugal;PODE;https://dadosabertos.camara.leg.br/api/v2/partidos/36896;RJ;1.0;1.0;2025
2405918;https://dadosabertos.camara.leg.br/api/v2/proposicoes/2405918;;https://dadosabertos.camara.leg.br/api/v2/orgaos/2003;2;COMISSÃO PERMANENTE;Comissão de Constituição e Justiça e de Cidadania;;;;1.0;1.0;2023
2392050;https://dadosabertos.camara.leg.br/api/v2/proposicoes/2392050;220650.0;https://dadosabertos.camara.leg.br/api/v2/deputados/220650;10000;Deputado(a);Paulo Alexandre Barbosa;PSDB;https://dadosabertos.camara.leg.br/api/v2/partidos/36835;SP;136.0;0.0;2023
2441418;https://dadosabertos.camara.leg.br/api/v2/proposicoes/2441418;178873.0;https://dadosabertos.camara.leg.br/api/v2/deputados/178873;10000;Deputado(a);Helder Salomão;PT;https://dadosabertos.camara.leg.br/api/v2/partidos/36844;ES;1.0;1.0;2024
2372880;https://dadosabertos.camara.leg.br/api/v2/proposicoes/2372880;220700.0;https://dadosabertos.camara.leg.br/api/v2/deputados/220700;10000;Deputado(a);Florentino Neto;PT;https://dadosabertos.camara.leg.br/api/v2/partidos/36844;PI;65.0;1.0;2023
2449289;https://dadosabertos.camara.leg.br/api/v2/proposicoes/2449289;74356.0;https://dadosabertos.camara.leg.br/api/v2/deputados/74356;10000;Deputado(a);Silas Câmara;REPUBLIC;;AM;1.0;1.0;2024
2391467;https://dadosabertos.camara.leg.br/api/v2/proposicoes/2391467;141408.0;https://dadosabertos.camara.leg.br/api/v2/deputados/141408;10000;Deputado(a);Cleber Verde;MDB;https://dadosabertos.camara.leg.br/api/v2/partidos/36899;MA;1.0;1.0;2023
2385238;https://dadosabertos.camara.leg.br/api/v2/proposicoes/2385238;204419.0;https://dadosabertos.camara.leg.br/api/v2/deputados/204419;10000;Deputado(a);Glaustin da Fokus;PODE;https://dadosabertos.camara.leg.br/api/v2/partidos/36896;GO;193.0;0.0;2023
2450109;https://dadosabertos.camara.leg.br/api/v2/proposicoes/2450109;220713.0;https://dadosabertos.camara.leg.br/api/v2/deputados/220713;10000;Deputado(a);Saullo Vianna;UNIÃO;https://dadosabertos.camara.leg.br/api/v2/partidos/38009;AM;1.0;1.0;2024
2480552;https://dadosabertos.camara.leg.br/api/v2/proposicoes/2480552;204426.0;https://dadosabertos.camara.leg.br/api/v2/deputados/204426;10000;Deputado(a);Carlos Veras;PT;https://dadosabertos.camara.leg.br/api/v2/partidos/36844;PE;8.0;1.0;2024
2361012;https://dadosabertos.camara.leg.br/api/v2/proposicoes/2361012;;https://dadosabertos.camara.leg.br/api/v2/orgaos/102608;80000;Liderança;Liderança da Federação PT-PCdoB-PV;;;;1.0;1.0;2023
2428604;https://dadosabertos.camara.leg.br/api/v2/proposicoes/2428604;227433.0;https://dadosabertos.camara.leg.br/api/v2/deputados/227433;10000;Deputado(a);Douglas Viegas;UNIÃO;https://dadosabertos.camara.leg.br/api/v2/partidos/38009;SP;1.0;1.0;2024
2390696;https://dadosabertos.camara.leg.br/api/v2/proposicoes/2390696;204572.0;https://dadosabertos.camara.leg.br/api/v2/deputados/204572;10000;Deputado(a);Capitão Alberto Neto;PL;https://dadosabertos.camara.leg.br/api/v2/partidos/37906;AM;1.0;1.0;2023
2484543;https://dadosabertos.camara.leg.br/api/v2/proposicoes/2484543;74273.0;https://dadosabertos.camara.leg.br/api/v2/deputados/74273;10000;Deputado(a);Jefferson Campos;PL;https://dadosabertos.camara.leg.br/api/v2/partidos/37906;SP;1.0;1.0;2025
2486705;https://dadosabertos.camara.leg.br/api/v2/proposicoes/2486705;;https://dadosabertos.camara.leg.br/api/v2/orgaos/78;40000;Órgão do Poder Legislativo;Senado Federal;;;;1.0;1.0;2025
2486706;https://dadosabertos.camara.leg.br/api/v2/proposicoes/2486706;220566.0;https://dadosabertos.camara.leg.br/api/v2/deputados/220566;10000;Deputado(a);Lêda Borges;PSDB;https://dadosabertos.camara.leg.br/api/v2/partidos/36835;GO;18.0;0.0;2025
2373706;https://dadosabertos.camara.leg.br/api/v2/proposicoes/2373706;204501.0;https://dadosabertos.camara.leg.br/api/v2/deputados/204501;10000;Deputado(a);Alencar Santana;PT;https://dadosabertos.camara.leg.br/api/v2/partidos/36844;SP;9.0;1.0;2023
2453344;https://dadosabertos.camara.leg.br/api/v2/proposicoes/2453344;;https://dadosabertos.camara.leg.br/api/v2/orgaos/6174;2;COMISSÃO PERMANENTE;Comissão de Meio Ambiente e Desenvolvimento Sustentável;;;;1.0;1.0;2024
2482635;https://dadosabertos.camara.leg.br/api/v2/proposicoes/2482635;220622.0;https://dadosabertos.camara.leg.br/api/v2/deputados/220622;10000;Deputado(a);Nely Aquino;PODE;https://dadosabertos.camara.leg.br/api/v2/partidos/36896;MG;1.0;1.0;2025
2361766;https://dadosabertos.camara.leg.br/api/v2/proposicoes/2361766;204378.0;https://dadosabertos.camara.leg.br/api/v2/deputados/204378;10000;Deputado(a);Coronel Chrisóstomo;PL;https://dadosabertos.camara.leg.br/api/v2/partidos/37906;RO;1.0;1.0;2023
2465452;https://dadosabertos.camara.leg.br/api/v2/proposicoes/2465452;;https://dadosabertos.camara.leg.br/api/v2/orgaos/78;40000;Órgão do Poder Legislativo;Senado Federal;;;;1.0;1.0;2024
2401347;https://dadosabertos.camara.leg.br/api/v2/proposicoes/2401347;204450.0;https://dadosabertos.camara.leg.br/api/v2/deputados/204450;10000;Deputado(a);Doutor Luizinho;PP;https://dadosabertos.camara.leg.br/api/v2/partidos/37903;RJ;3.0;0.0;2023
2478869;https://dadosabertos.camara.leg.br/api/v2/proposicoes/2478869;204444.0;https://dadosabertos.camara.leg.br/api/v2/deputados/204444;10000;Deputado(a);Helio Lopes;PL;https://dadosabertos.camara.leg.br/api/v2/partidos/37906;RJ;1.0;1.0;2024
2440587;https://dadosabertos.camara.leg.br/api/v2/proposicoes/2440587;160575.0;https://dadosabertos.camara.leg.br/api/v2/deputados/160575;10000;Deputado(a);Erika Kokay;PT;https://dadosabertos.camara.leg.br/api/v2/partidos/36844;DF;142.0;1.0;2024
2360738;https://dadosabertos.camara.leg.br/api/v2/proposicoes/2360738;221338.0;https://dadosabertos.camara.leg.br/api/v2/deputados/221338;10000;Deputado(a);Professora Luciene Cavalcante;PSOL;https://dadosabertos.camara.leg.br/api/v2/partidos/36839;SP;7.0;0.0;2023
2450546;https://dadosabertos.camara.leg.br/api/v2/proposicoes/2450546;220547.0;https://dadosabertos.camara.leg.br/api/v2/deputados/220547;10000;Deputado(a);Marcos Pollon;PL;https://dadosabertos.camara.leg.br/api/v2/partidos/37906;MS;36.0;1.0;2024
2460000;https://dadosabertos.camara.leg.br/api/v2/proposicoes/2460000;;https://dadosabertos.camara.leg.br/api/v2/orgaos/78;40000;Órgão do Poder Legislativo;Senado Federal;;;;1.0;1.0;2024
2430387;https://dadosabertos.camara.leg.br/api/v2/proposicoes/2430387;220530.0;https://dadosabertos.camara.leg.br/api/v2/deputados/220530;10000;Deputado(a);Messias Donato;REPUBLIC;;ES;5.0;1.0;2024
2426300;https://dadosabertos.camara.leg.br/api/v2/proposicoes/2426300;204506.0;https://dadosabertos.camara.leg.br/api/v2/deputados/204506;10000;Deputado(a);Marcos Pereira;REPUBLIC;;SP;1.0;1.0;2024
2426913;https://dadosabertos.camara.leg.br/api/v2/proposicoes/2426913;220671.0;https://dadosabertos.camara.leg.br/api/v2/deputados/220671;10000;Deputado(a);Dilvanda Faro;PT;https://dadosabertos.camara.leg.br/api/v2/partidos/36844;PA;1.0;1.0;2024
2387113;https://dadosabertos.camara.leg.br/api/v2/proposicoes/2387113;220598.0;https://dadosabertos.camara.leg.br/api/v2/deputados/220598;10000;Deputado(a);Tarcísio Motta;PSOL;https://dadosabertos.camara.leg.br/api/v2/partidos/36839;RJ;4.0;1.0;2023
2386539;https://dadosabertos.camara.leg.br/api/v2/proposicoes/2386539;220556.0;https://dadosabertos.camara.leg.br/api/v2/deputados/220556;10000;Deputado(a);Ana Paula Lima;PT;https://dadosabertos.camara.leg.br/api/v2/partidos/36844;SC;5.0;1.0;2023
2465033;https://dadosabertos.camara.leg.br/api/v2/proposicoes/2465033;74171.0;https://dadosabertos.camara.leg.br/api/v2/deputados/74171;10000;Deputado(a);Chico Alencar;PSOL;https://dadosabertos.camara.leg.br/api/v2/partidos/36839;RJ;1.0;1.0;2024
2397615;https://dadosabertos.camara.leg.br/api/v2/proposicoes/2397615;;https://dadosabertos.camara.leg.br/api/v2/orgaos/2003;2;COMISSÃO PERMANENTE;Comissão de Constituição e Justiça e de Cidadania;;;;1.0;1.0;2023
2404235;https://dadosabertos.camara.leg.br/api/v2/proposicoes/2404235;220601.0;https://dadosabertos.camara.leg.br/api/v2/deputados/220601;10000;Deputado(a);Washington Quaquá;PT;https://dadosabertos.camara.leg.br/api/v2/partidos/36844;RJ;4.0;1.0;2023
2408263;https://dadosabertos.camara.leg.br/api/v2/proposicoes/2408263;;https://dadosabertos.camara.leg.br/api/v2/orgaos/539387;2;COMISSÃO PERMANENTE;Comissão de Previdência, Assistência Social, Infância, Adolescência e Família;;;;1.0;1.0;2023
2457500;https://dadosabertos.camara.leg.br/api/v2/proposicoes/2457500;220529.0;https://dadosabertos.camara.leg.br/api/v2/deputados/220529;10000;Deputado(a);Gilson Daniel;PODE;https://dadosabertos.camara.leg.br/api/v2/partidos/36896;ES;1.0;1.0;2024
2448732;https://dadosabertos.camara.leg.br/api/v2/proposicoes/2448732;220551.0;https://dadosabertos.camara.leg.br/api/v2/deputados/220551;10000;Deputado(a);Franciane Bayer;REPUBLIC;;RS;149.0;1.0;2024
2362989;https://dadosabertos.camara.leg.br/api/v2/proposicoes/2362989;204406.0;https://dadosabertos.camara.leg.br/api/v2/deputados/204406;10000;Deputado(a);Pedro Westphalen;PP;https://dadosabertos.camara.leg.br/api/v2/partidos/37903;RS;131.0;0.0;2023
2447478;https://dadosabertos.camara.leg.br/api/v2/proposicoes/2447478;204557.0;https://dadosabertos.camara.leg.br/api/v2/deputados/204557;10000;Deputado(a);Sidney Leite;PSD;https://dadosabertos.camara.leg.br/api/v2/partidos/36834;AM;1.0;1.0;2024
2406426;https://dadosabertos.camara.leg.br/api/v2/proposicoes/2406426;220551.0;https://dadosabertos.camara.leg.br/api/v2/deputados/220551;10000;Deputado(a);Franciane Bayer;REPUBLIC;;RS;3.0;1.0;2023
2425686;https://dadosabertos.camara.leg.br/api/v2/proposicoes/2425686;171617.0;https://dadosabertos.camara.leg.br/api/v2/deputados/171617;10000;Deputado(a);Paulão;PT;https://dadosabertos.camara.leg.br/api/v2/partidos/36844;AL;1.0;1.0;2024
2458830;https://dadosabertos.camara.leg.br/api/v2/proposicoes/2458830;204390.0;https://dadosabertos.camara.leg.br/api/v2/deputados/204390;10000;Deputado(a);Professor Alcides;PL;https://dadosabertos.camara.leg.br/api/v2/partidos/37906;GO;1.0;1.0;2024
2374340;https://dadosabertos.camara.leg.br/api/v2/proposicoes/2374340;220550.0;https://dadosabertos.camara.leg.br/api/v2/deputados/220550;10000;Deputado(a);Mauricio Marcon;PODE;https://dadosabertos.camara.leg.br/api/v2/partidos/36896;RS;22.0;1.0;2023
2429665;https://dadosabertos.camara.leg.br/api/v2/proposicoes/2429665;220676.0;https://dadosabertos.camara.leg.br/api/v2/deputados/220676;10000;Deputado(a);Andreia Siqueira;MDB;https://dadosabertos.camara.leg.br/api/v2/partidos/36899;PA;18.0;0.0;2024
2480701;https://dadosabertos.camara.leg.br/api/v2/proposicoes/2480701;220696.0;https://dadosabertos.camara.leg.br/api/v2/deputados/220696;10000;Deputado(a);Ivoneide Caetano;PT;https://dadosabertos.camara.leg.br/api/v2/partidos/36844;BA;36.0;1.0;2024
2437128;https://dadosabertos.camara.leg.br/api/v2/proposicoes/2437128;220610.0;https://dadosabertos.camara.leg.br/api/v2/deputados/220610;10000;Deputado(a);Dr. Fernando Máximo;UNIÃO;https://dadosabertos.camara.leg.br/api/v2/partidos/38009;RO;3.0;1.0;2024
2436773;https://dadosabertos.camara.leg.br/api/v2/proposicoes/2436773;206018.0;https://dadosabertos.camara.leg.br/api/v2/deputados/206018;10000;Deputado(a);Célia Xakriabá;PSOL;https://dadosabertos.camara.leg.br/api/v2/partidos/36839;MG;4.0;1.0;2024
2375910;https://dadosabertos.camara.leg.br/api/v2/proposicoes/2375910;;https://dadosabertos.camara.leg.br/api/v2/orgaos/2003;2;COMISSÃO PERMANENTE;Comissão de Constituição e Justiça e de Cidadania;;;;1.0;1.0;2023
2434113;https://dadosabertos.camara.leg.br/api/v2/proposicoes/2434113;222142.0;https://dadosabertos.camara.leg.br/api/v2/deputados/222142;10000;Deputado(a);Coronel Telhada;PP;https://dadosabertos.camara.leg.br/api/v2/partidos/37903;SP;163.0;0.0;2024
2376994;https://dadosabertos.camara.leg.br/api/v2/proposicoes/2376994;221378.0;https://dadosabertos.camara.leg.br/api/v2/deputados/221378;10000;Deputado(a);Reginete Bispo;PT;https://dadosabertos.camara.leg.br/api/v2/partidos/36844;RS;1.0;1.0;2023
2483930;https://dadosabertos.camara.leg.br/api/v2/proposicoes/2483930;80815.0;https://dadosabertos.camara.leg.br/api/v2/deputados/80815;10000;Deputado(a);Leo Prates;PDT;https://dadosabertos.camara.leg.br/api/v2/partidos/36786;BA;15.0;1.0;2025
2465648;https://dadosabertos.camara.leg.br/api/v2/proposicoes/2465648;220654.0;https://dadosabertos.camara.leg.br/api/v2/deputados/220654;10000;Deputado(a);Delegado Paulo Bilynskyj;PL;https://dadosabertos.camara.leg.br/api/v2/partidos/37906;SP;1.0;1.0;2024
2367690;https://dadosabertos.camara.leg.br/api/v2/proposicoes/2367690;74554.0;https://dadosabertos.camara.leg.br/api/v2/deputados/74554;10000;Deputado(a);José Rocha;UNIÃO;https://dadosabertos.camara.leg.br/api/v2/partidos/38009;BA;7.0;1.0;2023
2408031;https://dadosabertos.camara.leg.br/api/v2/proposicoes/2408031;220695.0;https://dadosabertos.camara.leg.br/api/v2/deputados/220695;10000;Deputado(a);Rogéria Santos;REPUBLIC;;BA;1.0;1.0;2023
2442357;https://dadosabertos.camara.leg.br/api/v2/proposicoes/2442357;220553.0;https://dadosabertos.camara.leg.br/api/v2/deputados/220553;10000;Deputado(a);Denise Pessôa;PT;https://dadosabertos.camara.leg.br/api/v2/partidos/36844;RS;68.0;0.0;2024
2452975;https://dadosabertos.camara.leg.br/api/v2/proposicoes/2452975;220695.0;https://dadosabertos.camara.leg.br/api/v2/deputados/220695;10000;Deputado(a);Rogéria Santos;REPUBLIC;;BA;1.0;1.0;2024
2428346;https://dadosabertos.camara.leg.br/api/v2/proposicoes/2428346;204553.0;https://dadosabertos.camara.leg.br/api/v2/deputados/204553;10000;Deputado(a);Pastor Sargento Isidório;AVANTE;https://dadosabertos.camara.leg.br/api/v2/partidos/36898;BA;144.0;0.0;2024
2444960;https://dadosabertos.camara.leg.br/api/v2/proposicoes/2444960;204407.0;https://dadosabertos.camara.leg.br/api/v2/deputados/204407;10000;Deputado(a);Fernanda Melchionna;PSOL;https://dadosabertos.camara.leg.br/api/v2/partidos/36839;RS;1.0;1.0;2024
2365230;https://dadosabertos.camara.leg.br/api/v2/proposicoes/2365230;;https://dadosabertos.camara.leg.br/api/v2/orgaos/2003;2;COMISSÃO PERMANENTE;Comissão de Constituição e Justiça e de Cidadania;;;;1.0;1.0;2023
2473011;https://dadosabertos.camara.leg.br/api/v2/proposicoes/2473011;220559.0;https://dadosabertos.camara.leg.br/api/v2/deputados/220559;10000;Deputado(a);Julia Zanatta;PL;https://dadosabertos.camara.leg.br/api/v2/partidos/37906;SC;1.0;1.0;2024
2459548;https://dadosabertos.camara.leg.br/api/v2/proposicoes/2459548;;https://dadosabertos.camara.leg.br/api/v2/orgaos/253;30000;Órgão do Poder Executivo;Poder Executivo;;;;1.0;1.0;2024
2365201;https://dadosabertos.camara.leg.br/api/v2/proposicoes/2365201;220555.0;https://dadosabertos.camara.leg.br/api/v2/deputados/220555;10000;Deputado(a);Daiana Santos;PCdoB;https://dadosabertos.camara.leg.br/api/v2/partidos/36779;RS;2.0;1.0;2023
2396316;https://dadosabertos.camara.leg.br/api/v2/proposicoes/2396316;204462.0;https://dadosabertos.camara.leg.br/api/v2/deputados/204462;10000;Deputado(a);Chris Tonietto;PL;https://dadosabertos.camara.leg.br/api/v2/partidos/37906;RJ;1.0;1.0;2023
2385118;https://dadosabertos.camara.leg.br/api/v2/proposicoes/2385118;188097.0;https://dadosabertos.camara.leg.br/api/v2/deputados/188097;10000;Deputado(a);Merlong Solano;PT;https://dadosabertos.camara.leg.br/api/v2/partidos/36844;PI;120.0;0.0;2023
2487249;https://dadosabertos.camara.leg.br/api/v2/proposicoes/2487249;204422.0;https://dadosabertos.camara.leg.br/api/v2/deputados/204422;10000;Deputado(a);Ossesio Silva;REPUBLIC;;PE;68.0;0.0;2025
2404780;https://dadosabertos.camara.leg.br/api/v2/proposicoes/2404780;204423.0;https://dadosabertos.camara.leg.br/api/v2/deputados/204423;10000;Deputado(a);André Ferreira;PL;https://dadosabertos.camara.leg.br/api/v2/partidos/37906;PE;6.0;0.0;2023
2379702;https://dadosabertos.camara.leg.br/api/v2/proposicoes/2379702;204517.0;https://dadosabertos.camara.leg.br/api/v2/deputados/204517;10000;Deputado(a);Zé Vitor;PL;https://dadosabertos.camara.leg.br/api/v2/partidos/37906;MG;1.0;1.0;2023
2388419;https://dadosabertos.camara.leg.br/api/v2/proposicoes/2388419;;https://dadosabertos.camara.leg.br/api/v2/orgaos/78;40000;Órgão do Poder Legislativo;Senado Federal - Jussara Lima;PSD;;PI;1.0;1.0;2023
2441092;https://dadosabertos.camara.leg.br/api/v2/proposicoes/2441092;178871.0;https://dadosabertos.camara.leg.br/api/v2/deputados/178871;10000;Deputado(a);Evair Vieira de Melo;PP;https://dadosabertos.camara.leg.br/api/v2/partidos/37903;ES;3.0;1.0;2024
2383877;https://dadosabertos.camara.leg.br/api/v2/proposicoes/2383877;98615.0;https://dadosabertos.camara.leg.br/api/v2/deputados/98615;10000;Deputado(a);Ismael;PSD;https://dadosabertos.camara.leg.br/api/v2/partidos/36834;SC;1.0;1.0;2023
2448046;https://dadosabertos.camara.leg.br/api/v2/proposicoes/2448046;116379.0;https://dadosabertos.camara.leg.br/api/v2/deputados/116379;10000;Deputado(a);Darci de Matos;PSD;https://dadosabertos.camara.leg.br/api/v2/partidos/36834;SC;2.0;0.0;2024
2438052;https://dadosabertos.camara.leg.br/api/v2/proposicoes/2438052;160604.0;https://dadosabertos.camara.leg.br/api/v2/deputados/160604;10000;Deputado(a);Pedro Uczai;PT;https://dadosabertos.camara.leg.br/api/v2/partidos/36844;SC;1.0;1.0;2024
2468872;https://dadosabertos.camara.leg.br/api/v2/proposicoes/2468872;160604.0;https://dadosabertos.camara.leg.br/api/v2/deputados/160604;10000;Deputado(a);Pedro Uczai;PT;https://dadosabertos.camara.leg.br/api/v2/partidos/36844;SC;5.0;1.0;2024
2384583;https://dadosabertos.camara.leg.br/api/v2/proposicoes/2384583;;https://dadosabertos.camara.leg.br/api/v2/orgaos/536996;2;COMISSÃO PERMANENTE;Comissão de Cultura;;;;1.0;1.0;2023
2434567;https://dadosabertos.camara.leg.br/api/v2/proposicoes/2434567;220568.0;https://dadosabertos.camara.leg.br/api/v2/deputados/220568;10000;Deputado(a);Gustavo Gayer;PL;https://dadosabertos.camara.leg.br/api/v2/partidos/37906;GO;6.0;0.0;2024
2463939;https://dadosabertos.camara.leg.br/api/v2/proposicoes/2463939;69871.0;https://dadosabertos.camara.leg.br/api/v2/deputados/69871;10000;Deputado(a);Bacelar;PV;https://dadosabertos.camara.leg.br/api/v2/partidos/36851;BA;1.0;1.0;2024
2465428;https://dadosabertos.camara.leg.br/api/v2/proposicoes/2465428;220683.0;https://dadosabertos.camara.leg.br/api/v2/deputados/220683;10000;Deputado(a);Beto Richa;PSDB;https://dadosabertos.camara.leg.br/api/v2/partidos/36835;PR;1.0;1.0;2024
2361229;https://dadosabertos.camara.leg.br/api/v2/proposicoes/2361229;204541.0;https://dadosabertos.camara.leg.br/api/v2/deputados/204541;10000;Deputado(a);Eduardo Bismarck;PDT;https://dadosabertos.camara.leg.br/api/v2/partidos/36786;CE;1.0;1.0;2023
2370773;https://dadosabertos.camara.leg.br/api/v2/proposicoes/2370773;220530.0;https://dadosabertos.camara.leg.br/api/v2/deputados/220530;10000;Deputado(a);Messias Donato;REPUBLIC;;ES;178.0;0.0;2023
2421254;https://dadosabertos.camara.leg.br/api/v2/proposicoes/2421254;160758.0;https://dadosabertos.camara.leg.br/api/v2/deputados/160758;10000;Deputado(a);Domingos Sávio;PL;https://dadosabertos.camara.leg.br/api/v2/partidos/37906;MG;5.0;1.0;2024
2482563;https://dadosabertos.camara.leg.br/api/v2/proposicoes/2482563;220618.0;https://dadosabertos.camara.leg.br/api/v2/deputados/220618;10000;Deputado(a);Sargento Portugal;PODE;https://dadosabertos.camara.leg.br/api/v2/partidos/36896;RJ;1.0;1.0;2025
2449149;https://dadosabertos.camara.leg.br/api/v2/proposicoes/2449149;220543.0;https://dadosabertos.camara.leg.br/api/v2/deputados/220543;10000;Deputado(a);Ricardo Ayres;REPUBLIC;;TO;1.0;1.0;2024
2434113;https://dadosabertos.camara.leg.br/api/v2/proposicoes/2434113;220633.0;https://dadosabertos.camara.leg.br/api/v2/deputados/220633;10000;Deputado(a);Ricardo Salles;PL;https://dadosabertos.camara.leg.br/api/v2/partidos/37906;SP;129.0;1.0;2024
2465288;https://dadosabertos.camara.leg.br/api/v2/proposicoes/2465288;141470.0;https://dadosabertos.camara.leg.br/api/v2/deputados/141470;10000;Deputado(a);José Guimarães;PT;https://dadosabertos.camara.leg.br/api/v2/partidos/36844;CE;1.0;1.0;2024
2413277;https://dadosabertos.camara.leg.br/api/v2/proposicoes/2413277;204436.0;https://dadosabertos.camara.leg.br/api/v2/deputados/204436;10000;Deputado(a);Isnaldo Bulhões Jr.;MDB;https://dadosabertos.camara.leg.br/api/v2/partidos/36899;AL;2.0;0.0;2023
2465152;https://dadosabertos.camara.leg.br/api/v2/proposicoes/2465152;116379.0;https://dadosabertos.camara.leg.br/api/v2/deputados/116379;10000;Deputado(a);Darci de Matos;PSD;https://dadosabertos.camara.leg.br/api/v2/partidos/36834;SC;1.0;1.0;2024
2416539;https://dadosabertos.camara.leg.br/api/v2/proposicoes/2416539;204528.0;https://dadosabertos.camara.leg.br/api/v2/deputados/204528;10000;Deputado(a);Adriana Ventura;NOVO;https://dadosabertos.camara.leg.br/api/v2/partidos/37901;SP;1.0;1.0;2023
2420893;https://dadosabertos.camara.leg.br/api/v2/proposicoes/2420893;204365.0;https://dadosabertos.camara.leg.br/api/v2/deputados/204365;10000;Deputado(a);Gilson Marques;NOVO;https://dadosabertos.camara.leg.br/api/v2/partidos/37901;SC;1.0;1.0;2024
2432051;https://dadosabertos.camara.leg.br/api/v2/proposicoes/2432051;220662.0;https://dadosabertos.camara.leg.br/api/v2/deputados/220662;10000;Deputado(a);Lucas Ramos;PSB;https://dadosabertos.camara.leg.br/api/v2/partidos/36832;PE;196.0;0.0;2024
2369743;https://dadosabertos.camara.leg.br/api/v2/proposicoes/2369743;220534.0;https://dadosabertos.camara.leg.br/api/v2/deputados/220534;10000;Deputado(a);Fred Linhares;REPUBLIC;;DF;170.0;0.0;2023
2485401;https://dadosabertos.camara.leg.br/api/v2/proposicoes/2485401;204572.0;https://dadosabertos.camara.leg.br/api/v2/deputados/204572;10000;Deputado(a);Capitão Alberto Neto;PL;https://dadosabertos.camara.leg.br/api/v2/partidos/37906;AM;1.0;1.0;2025
2488697;https://dadosabertos.camara.leg.br/api/v2/proposicoes/2488697;220618.0;https://dadosabertos.camara.leg.br/api/v2/deputados/220618;10000;Deputado(a);Sargento Portugal;PODE;https://dadosabertos.camara.leg.br/api/v2/partidos/36896;RJ;1.0;1.0;2025
2487204;https://dadosabertos.camara.leg.br/api/v2/proposicoes/2487204;204472.0;https://dadosabertos.camara.leg.br/api/v2/deputados/204472;10000;Deputado(a);José Medeiros;PL;https://dadosabertos.camara.leg.br/api/v2/partidos/37906;MT;19.0;0.0;2025
2444389;https://dadosabertos.camara.leg.br/api/v2/proposicoes/2444389;220604.0;https://dadosabertos.camara.leg.br/api/v2/deputados/220604;10000;Deputado(a);Marcos Tavares;PDT;https://dadosabertos.camara.leg.br/api/v2/partidos/36786;RJ;1.0;1.0;2024
2369535;https://dadosabertos.camara.leg.br/api/v2/proposicoes/2369535;204559.0;https://dadosabertos.camara.leg.br/api/v2/deputados/204559;10000;Deputado(a);Zé Neto;PT;https://dadosabertos.camara.leg.br/api/v2/partidos/36844;BA;219.0;0.0;2023
2365149;https://dadosabertos.camara.leg.br/api/v2/proposicoes/2365149;74283.0;https://dadosabertos.camara.leg.br/api/v2/deputados/74283;10000;Deputado(a);Vicentinho;PT;https://dadosabertos.camara.leg.br/api/v2/partidos/36844;SP;1.0;1.0;2023
2371113;https://dadosabertos.camara.leg.br/api/v2/proposicoes/2371113;220613.0;https://dadosabertos.camara.leg.br/api/v2/deputados/220613;10000;Deputado(a);Roberto Monteiro;PL;https://dadosabertos.camara.leg.br/api/v2/partidos/37906;RJ;1.0;1.0;2023
2485176;https://dadosabertos.camara.leg.br/api/v2/proposicoes/2485176;204457.0;https://dadosabertos.camara.leg.br/api/v2/deputados/204457;10000;Deputado(a);Juninho do Pneu;UNIÃO;https://dadosabertos.camara.leg.br/api/v2/partidos/38009;RJ;130.0;0.0;2025
2381519;https://dadosabertos.camara.leg.br/api/v2/proposicoes/2381519;220654.0;https://dadosabertos.camara.leg.br/api/v2/deputados/220654;10000;Deputado(a);Delegado Paulo Bilynskyj;PL;https://dadosabertos.camara.leg.br/api/v2/partidos/37906;SP;1.0;1.0;2023
2367547;https://dadosabertos.camara.leg.br/api/v2/proposicoes/2367547;74171.0;https://dadosabertos.camara.leg.br/api/v2/deputados/74171;10000;Deputado(a);Chico Alencar;PSOL;https://dadosabertos.camara.leg.br/api/v2/partidos/36839;RJ;177.0;0.0;2023
2371042;https://dadosabertos.camara.leg.br/api/v2/proposicoes/2371042;141431.0;https://dadosabertos.camara.leg.br/api/v2/deputados/141431;10000;Deputado(a);Fernando Coelho Filho;UNIÃO;https://dadosabertos.camara.leg.br/api/v2/partidos/38009;PE;200.0;0.0;2023
2447795;https://dadosabertos.camara.leg.br/api/v2/proposicoes/2447795;72442.0;https://dadosabertos.camara.leg.br/api/v2/deputados/72442;10000;Deputado(a);Felipe Carreras;PSB;https://dadosabertos.camara.leg.br/api/v2/partidos/36832;PE;4.0;1.0;2024
2479738;https://dadosabertos.camara.leg.br/api/v2/proposicoes/2479738;214694.0;https://dadosabertos.camara.leg.br/api/v2/deputados/214694;10000;Deputado(a);Jorge Goetten;REPUBLIC;;SC;6.0;0.0;2024
2367378;https://dadosabertos.camara.leg.br/api/v2/proposicoes/2367378;74696.0;https://dadosabertos.camara.leg.br/api/v2/deputados/74696;10000;Deputado(a);Alberto Mourão;MDB;https://dadosabertos.camara.leg.br/api/v2/partidos/36899;SP;1.0;1.0;2023
2481395;https://dadosabertos.camara.leg.br/api/v2/proposicoes/2481395;178829.0;https://dadosabertos.camara.leg.br/api/v2/deputados/178829;10000;Deputado(a);Capitão Augusto;PL;https://dadosabertos.camara.leg.br/api/v2/partidos/37906;SP;1.0;1.0;2024
2385238;https://dadosabertos.camara.leg.br/api/v2/proposicoes/2385238;204367.0;https://dadosabertos.camara.leg.br/api/v2/deputados/204367;10000;Deputado(a);Daniel Freitas;PL;https://dadosabertos.camara.leg.br/api/v2/partidos/37906;SC;99.0;0.0;2023
2475719;https://dadosabertos.camara.leg.br/api/v2/proposicoes/2475719;178937.0;https://dadosabertos.camara.leg.br/api/v2/deputados/178937;10000;Deputado(a);Altineu Côrtes;PL;https://dadosabertos.camara.leg.br/api/v2/partidos/37906;RJ;1.0;1.0;2024
2450074;https://dadosabertos.camara.leg.br/api/v2/proposicoes/2450074;;https://dadosabertos.camara.leg.br/api/v2/orgaos/180;1;COMISSÃO DIRETORA;Plenário;;;;1.0;1.0;2024
2364443;https://dadosabertos.camara.leg.br/api/v2/proposicoes/2364443;160632.0;https://dadosabertos.camara.leg.br/api/v2/deputados/160632;10000;Deputado(a);Zé Silva;SOLIDARI;;MG;61.0;0.0;2023
2444457;https://dadosabertos.camara.leg.br/api/v2/proposicoes/2444457;220713.0;https://dadosabertos.camara.leg.br/api/v2/deputados/220713;10000;Deputado(a);Saullo Vianna;UNIÃO;https://dadosabertos.camara.leg.br/api/v2/partidos/38009;AM;1.0;1.0;2024
2409318;https://dadosabertos.camara.leg.br/api/v2/proposicoes/2409318;178873.0;https://dadosabertos.camara.leg.br/api/v2/deputados/178873;10000;Deputado(a);Helder Salomão;PT;https://dadosabertos.camara.leg.br/api/v2/partidos/36844;ES;1.0;1.0;2023
2364442;https://dadosabertos.camara.leg.br/api/v2/proposicoes/2364442;141555.0;https://dadosabertos.camara.leg.br/api/v2/deputados/141555;10000;Deputado(a);Vinicius Carvalho;REPUBLIC;;SP;62.0;0.0;2023
2390870;https://dadosabertos.camara.leg.br/api/v2/proposicoes/2390870;204526.0;https://dadosabertos.camara.leg.br/api/v2/deputados/204526;10000;Deputado(a);Luiz Philippe de Orleans e Bragança;PL;https://dadosabertos.camara.leg.br/api/v2/partidos/37906;SP;1.0;1.0;2023
2400871;https://dadosabertos.camara.leg.br/api/v2/proposicoes/2400871;204457.0;https://dadosabertos.camara.leg.br/api/v2/deputados/204457;10000;Deputado(a);Juninho do Pneu;UNIÃO;https://dadosabertos.camara.leg.br/api/v2/partidos/38009;RJ;123.0;0.0;2023
2481769;https://dadosabertos.camara.leg.br/api/v2/proposicoes/2481769;161440.0;https://dadosabertos.camara.leg.br/api/v2/deputados/161440;10000;Deputado(a);Pezenti;MDB;https://dadosabertos.camara.leg.br/api/v2/partidos/36899;SC;63.0;0.0;2024
2405674;https://dadosabertos.camara.leg.br/api/v2/proposicoes/2405674;73486.0;https://dadosabertos.camara.leg.br/api/v2/deputados/73486;10000;Deputado(a);Pompeo de Mattos;PDT;https://dadosabertos.camara.leg.br/api/v2/partidos/36786;RS;117.0;0.0;2023
2370892;https://dadosabertos.camara.leg.br/api/v2/proposicoes/2370892;74574.0;https://dadosabertos.camara.leg.br/api/v2/deputados/74574;10000;Deputado(a);Paulo Magalhães;PSD;https://dadosabertos.camara.leg.br/api/v2/partidos/36834;BA;1.0;1.0;2023
2414492;https://dadosabertos.camara.leg.br/api/v2/proposicoes/2414492;220686.0;https://dadosabertos.camara.leg.br/api/v2/deputados/220686;10000;Deputado(a);Duarte Jr.;PSB;https://dadosabertos.camara.leg.br/api/v2/partidos/36832;MA;1.0;1.0;2023
2483522;https://dadosabertos.camara.leg.br/api/v2/proposicoes/2483522;204570.0;https://dadosabertos.camara.leg.br/api/v2/deputados/204570;10000;Deputado(a);Pastor Gil;PL;https://dadosabertos.camara.leg.br/api/v2/partidos/37906;MA;23.0;0.0;2025
2437957;https://dadosabertos.camara.leg.br/api/v2/proposicoes/2437957;204369.0;https://dadosabertos.camara.leg.br/api/v2/deputados/204369;10000;Deputado(a);Caroline de Toni;PL;https://dadosabertos.camara.leg.br/api/v2/partidos/37906;SC;1.0;1.0;2024
2408067;https://dadosabertos.camara.leg.br/api/v2/proposicoes/2408067;;https://dadosabertos.camara.leg.br/api/v2/orgaos/537480;2;COMISSÃO PERMANENTE;Comissão de Defesa dos Direitos das Pessoas com Deficiência;;;;1.0;1.0;2023
2485837;https://dadosabertos.camara.leg.br/api/v2/proposicoes/2485837;204525.0;https://dadosabertos.camara.leg.br/api/v2/deputados/204525;10000;Deputado(a);Rosana Valle;PL;https://dadosabertos.camara.leg.br/api/v2/partidos/37906;SP;49.0;0.0;2025
2469168;https://dadosabertos.camara.leg.br/api/v2/proposicoes/2469168;141450.0;https://dadosabertos.camara.leg.br/api/v2/deputados/141450;10000;Deputado(a);Hugo Leal;PSD;https://dadosabertos.camara.leg.br/api/v2/partidos/36834;RJ;1.0;1.0;2024
2473762;https://dadosabertos.camara.leg.br/api/v2/proposicoes/2473762;220571.0;https://dadosabertos.camara.leg.br/api/v2/deputados/220571;10000;Deputado(a);Daniel Agrobom;PL;https://dadosabertos.camara.leg.br/api/v2/partidos/37906;GO;1.0;1.0;2024
2483219;https://dadosabertos.camara.leg.br/api/v2/proposicoes/2483219;74283.0;https://dadosabertos.camara.leg.br/api/v2/deputados/74283;10000;Deputado(a);Vicentinho;PT;https://dadosabertos.camara.leg.br/api/v2/partidos/36844;SP;16.0;0.0;2025
2483775;https://dadosabertos.camara.leg.br/api/v2/proposicoes/2483775;204445.0;https://dadosabertos.camara.leg.br/api/v2/deputados/204445;10000;Deputado(a);Fernando Mineiro;PT;https://dadosabertos.camara.leg.br/api/v2/partidos/36844;RN;25.0;0.0;2025
2387090;https://dadosabertos.camara.leg.br/api/v2/proposicoes/2387090;;https://dadosabertos.camara.leg.br/api/v2/orgaos/102608;80000;Liderança;Liderança da Federação PT-PCdoB-PV;;;;1.0;1.0;2023
2481769;https://dadosabertos.camara.leg.br/api/v2/proposicoes/2481769;178963.0;https://dadosabertos.camara.leg.br/api/v2/deputados/178963;10000;Deputado(a);Covatti Filho;PP;https://dadosabertos.camara.leg.br/api/v2/partidos/37903;RS;167.0;0.0;2024
2489306;https://dadosabertos.camara.leg.br/api/v2/proposicoes/2489306;178947.0;https://dadosabertos.camara.leg.br/api/v2/deputados/178947;10000;Deputado(a);Sóstenes Cavalcante;PL;https://dadosabertos.camara.leg.br/api/v2/partidos/37906;RJ;1.0;1.0;2025
2393711;https://dadosabertos.camara.leg.br/api/v2/proposicoes/2393711;204365.0;https://dadosabertos.camara.leg.br/api/v2/deputados/204365;10000;Deputado(a);Gilson Marques;NOVO;https://dadosabertos.camara.leg.br/api/v2/partidos/37901;SC;1.0;1.0;2023
2387494;https://dadosabertos.camara.leg.br/api/v2/proposicoes/2387494;98148.0;https://dadosabertos.camara.leg.br/api/v2/deputados/98148;10000;Deputado(a);Cobalchini;MDB;https://dadosabertos.camara.leg.br/api/v2/partidos/36899;SC;2.0;1.0;2023
2483550;https://dadosabertos.camara.leg.br/api/v2/proposicoes/2483550;153423.0;https://dadosabertos.camara.leg.br/api/v2/deputados/153423;10000;Deputado(a);Renilce Nicodemos;MDB;https://dadosabertos.camara.leg.br/api/v2/partidos/36899;PA;36.0;0.0;2025
2484692;https://dadosabertos.camara.leg.br/api/v2/proposicoes/2484692;178937.0;https://dadosabertos.camara.leg.br/api/v2/deputados/178937;10000;Deputado(a);Altineu Côrtes;PL;https://dadosabertos.camara.leg.br/api/v2/partidos/37906;RJ;1.0;1.0;2025
2392050;https://dadosabertos.camara.leg.br/api/v2/proposicoes/2392050;153423.0;https://dadosabertos.camara.leg.br/api/v2/deputados/153423;10000;Deputado(a);Renilce Nicodemos;MDB;https://dadosabertos.camara.leg.br/api/v2/partidos/36899;PA;30.0;0.0;2023
2448374;https://dadosabertos.camara.leg.br/api/v2/proposicoes/2448374;161440.0;https://dadosabertos.camara.leg.br/api/v2/deputados/161440;10000;Deputado(a);Pezenti;MDB;https://dadosabertos.camara.leg.br/api/v2/partidos/36899;SC;7.0;1.0;2024
2387541;https://dadosabertos.camara.leg.br/api/v2/proposicoes/2387541;178964.0;https://dadosabertos.camara.leg.br/api/v2/deputados/178964;10000;Deputado(a);Heitor Schuch;PSB;https://dadosabertos.camara.leg.br/api/v2/partidos/36832;RS;106.0;0.0;2023
2371190;https://dadosabertos.camara.leg.br/api/v2/proposicoes/2371190;220534.0;https://dadosabertos.camara.leg.br/api/v2/deputados/220534;10000;Deputado(a);Fred Linhares;REPUBLIC;;DF;1.0;1.0;2023
2477701;https://dadosabertos.camara.leg.br/api/v2/proposicoes/2477701;204472.0;https://dadosabertos.camara.leg.br/api/v2/deputados/204472;10000;Deputado(a);José Medeiros;PL;https://dadosabertos.camara.leg.br/api/v2/partidos/37906;MT;21.0;0.0;2024
2461395;https://dadosabertos.camara.leg.br/api/v2/proposicoes/2461395;220588.0;https://dadosabertos.camara.leg.br/api/v2/deputados/220588;10000;Deputado(a);Roberto Duarte;REPUBLIC;;AC;14.0;1.0;2024
2361159;https://dadosabertos.camara.leg.br/api/v2/proposicoes/2361159;153423.0;https://dadosabertos.camara.leg.br/api/v2/deputados/153423;10000;Deputado(a);Renilce Nicodemos;MDB;https://dadosabertos.camara.leg.br/api/v2/partidos/36899;PA;26.0;0.0;2023
2365244;https://dadosabertos.camara.leg.br/api/v2/proposicoes/2365244;178964.0;https://dadosabertos.camara.leg.br/api/v2/deputados/178964;10000;Deputado(a);Heitor Schuch;PSB;https://dadosabertos.camara.leg.br/api/v2/partidos/36832;RS;6.0;0.0;2023
2381319;https://dadosabertos.camara.leg.br/api/v2/proposicoes/2381319;220598.0;https://dadosabertos.camara.leg.br/api/v2/deputados/220598;10000;Deputado(a);Tarcísio Motta;PSOL;https://dadosabertos.camara.leg.br/api/v2/partidos/36839;RJ;1.0;1.0;2023
2383282;https://dadosabertos.camara.leg.br/api/v2/proposicoes/2383282;;https://dadosabertos.camara.leg.br/api/v2/orgaos/539387;2;COMISSÃO PERMANENTE;Comissão de Previdência, Assistência Social, Infância, Adolescência e Família;;;;1.0;1.0;2023
2360862;https://dadosabertos.camara.leg.br/api/v2/proposicoes/2360862;204504.0;https://dadosabertos.camara.leg.br/api/v2/deputados/204504;10000;Deputado(a);Cezinha de Madureira;PSD;https://dadosabertos.camara.leg.br/api/v2/partidos/36834;SP;1.0;1.0;2023
2443132;https://dadosabertos.camara.leg.br/api/v2/proposicoes/2443132;220603.0;https://dadosabertos.camara.leg.br/api/v2/deputados/220603;10000;Deputado(a);Dani Cunha;UNIÃO;https://dadosabertos.camara.leg.br/api/v2/partidos/38009;RJ;1.0;1.0;2024
2483237;https://dadosabertos.camara.leg.br/api/v2/proposicoes/2483237;104552.0;https://dadosabertos.camara.leg.br/api/v2/deputados/104552;10000;Deputado(a);Socorro Neri;PP;https://dadosabertos.camara.leg.br/api/v2/partidos/37903;AC;8.0;0.0;2025
2373764;https://dadosabertos.camara.leg.br/api/v2/proposicoes/2373764;220548.0;https://dadosabertos.camara.leg.br/api/v2/deputados/220548;10000;Deputado(a);Camila Jara;PT;https://dadosabertos.camara.leg.br/api/v2/partidos/36844;MS;4.0;1.0;2023
2475598;https://dadosabertos.camara.leg.br/api/v2/proposicoes/2475598;178908.0;https://dadosabertos.camara.leg.br/api/v2/deputados/178908;10000;Deputado(a);Delegado Éder Mauro;PL;https://dadosabertos.camara.leg.br/api/v2/partidos/37906;PA;1.0;1.0;2024
2410445;https://dadosabertos.camara.leg.br/api/v2/proposicoes/2410445;;https://dadosabertos.camara.leg.br/api/v2/orgaos/2010;2;COMISSÃO PERMANENTE;Comissão de Finanças e Tributação;;;;1.0;1.0;2023
2425569;https://dadosabertos.camara.leg.br/api/v2/proposicoes/2425569;220714.0;https://dadosabertos.camara.leg.br/api/v2/deputados/220714;10000;Deputado(a);Adail Filho;REPUBLIC;;AM;205.0;0.0;2024
2454531;https://dadosabertos.camara.leg.br/api/v2/proposicoes/2454531;220659.0;https://dadosabertos.camara.leg.br/api/v2/deputados/220659;10000;Deputado(a);Dayany Bittencourt;UNIÃO;https://dadosabertos.camara.leg.br/api/v2/partidos/38009;CE;1.0;1.0;2024
2468421;https://dadosabertos.camara.leg.br/api/v2/proposicoes/2468421;165470.0;https://dadosabertos.camara.leg.br/api/v2/deputados/165470;10000;Deputado(a);Rodrigo Valadares;UNIÃO;https://dadosabertos.camara.leg.br/api/v2/partidos/38009;SE;20.0;1.0;2024
2444411;https://dadosabertos.camara.leg.br/api/v2/proposicoes/2444411;204511.0;https://dadosabertos.camara.leg.br/api/v2/deputados/204511;10000;Deputado(a);David Soares;UNIÃO;https://dadosabertos.camara.leg.br/api/v2/partidos/38009;SP;4.0;1.0;2024
2402910;https://dadosabertos.camara.leg.br/api/v2/proposicoes/2402910;160592.0;https://dadosabertos.camara.leg.br/api/v2/deputados/160592;10000;Deputado(a);Zeca Dirceu;PT;https://dadosabertos.camara.leg.br/api/v2/partidos/36844;PR;1.0;1.0;2023
2379737;https://dadosabertos.camara.leg.br/api/v2/proposicoes/2379737;220658.0;https://dadosabertos.camara.leg.br/api/v2/deputados/220658;10000;Deputado(a);Luiz Gastão;PSD;https://dadosabertos.camara.leg.br/api/v2/partidos/36834;CE;1.0;1.0;2023
2487837;https://dadosabertos.camara.leg.br/api/v2/proposicoes/2487837;157130.0;https://dadosabertos.camara.leg.br/api/v2/deputados/157130;10000;Deputado(a);Túlio Gadêlha;REDE;https://dadosabertos.camara.leg.br/api/v2/partidos/36886;PE;1.0;1.0;2025
2483027;https://dadosabertos.camara.leg.br/api/v2/proposicoes/2483027;160535.0;https://dadosabertos.camara.leg.br/api/v2/deputados/160535;10000;Deputado(a);Marcon;PT;https://dadosabertos.camara.leg.br/api/v2/partidos/36844;RS;17.0;0.0;2025
2468508;https://dadosabertos.camara.leg.br/api/v2/proposicoes/2468508;160665.0;https://dadosabertos.camara.leg.br/api/v2/deputados/160665;10000;Deputado(a);Augusto Coutinho;REPUBLIC;;PE;1.0;1.0;2024
2388750;https://dadosabertos.camara.leg.br/api/v2/proposicoes/2388750;220531.0;https://dadosabertos.camara.leg.br/api/v2/deputados/220531;10000;Deputado(a);Gilvan Maximo;REPUBLIC;;DF;1.0;1.0;2023
2383330;https://dadosabertos.camara.leg.br/api/v2/proposicoes/2383330;160556.0;https://dadosabertos.camara.leg.br/api/v2/deputados/160556;10000;Deputado(a);Padre João;PT;https://dadosabertos.camara.leg.br/api/v2/partidos/36844;MG;5.0;1.0;2023
2442311;https://dadosabertos.camara.leg.br/api/v2/proposicoes/2442311;204411.0;https://dadosabertos.camara.leg.br/api/v2/deputados/204411;10000;Deputado(a);Filipe Barros;PL;https://dadosabertos.camara.leg.br/api/v2/partidos/37906;PR;35.0;0.0;2024
2362784;https://dadosabertos.camara.leg.br/api/v2/proposicoes/2362784;220617.0;https://dadosabertos.camara.leg.br/api/v2/deputados/220617;10000;Deputado(a);Murillo Gouvea;UNIÃO;https://dadosabertos.camara.leg.br/api/v2/partidos/38009;RJ;1.0;1.0;2023
2408590;https://dadosabertos.camara.leg.br/api/v2/proposicoes/2408590;220614.0;https://dadosabertos.camara.leg.br/api/v2/deputados/220614;10000;Deputado(a);Dr. Daniel Soranz;PSD;https://dadosabertos.camara.leg.br/api/v2/partidos/36834;RJ;1.0;1.0;2023
2409562;https://dadosabertos.camara.leg.br/api/v2/proposicoes/2409562;160629.0;https://dadosabertos.camara.leg.br/api/v2/deputados/160629;10000;Deputado(a);Romero Rodrigues;PODE;https://dadosabertos.camara.leg.br/api/v2/partidos/36896;PB;1.0;1.0;2023
2377787;https://dadosabertos.camara.leg.br/api/v2/proposicoes/2377787;133439.0;https://dadosabertos.camara.leg.br/api/v2/deputados/133439;10000;Deputado(a);André Figueiredo;PDT;https://dadosabertos.camara.leg.br/api/v2/partidos/36786;CE;4.0;0.0;2023
2485923;https://dadosabertos.camara.leg.br/api/v2/proposicoes/2485923;178964.0;https://dadosabertos.camara.leg.br/api/v2/deputados/178964;10000;Deputado(a);Heitor Schuch;PSB;https://dadosabertos.camara.leg.br/api/v2/partidos/36832;RS;1.0;1.0;2025
2404500;https://dadosabertos.camara.leg.br/api/v2/proposicoes/2404500;;https://dadosabertos.camara.leg.br/api/v2/orgaos/100292;40000;Órgão do Poder Legislativo;CÂMARA DOS DEPUTADOS;;;;1.0;1.0;2023
2372454;https://dadosabertos.camara.leg.br/api/v2/proposicoes/2372454;220531.0;https://dadosabertos.camara.leg.br/api/v2/deputados/220531;10000;Deputado(a);Gilvan Maximo;REPUBLIC;;DF;121.0;1.0;2023
2366589;https://dadosabertos.camara.leg.br/api/v2/proposicoes/2366589;160556.0;https://dadosabertos.camara.leg.br/api/v2/deputados/160556;10000;Deputado(a);Padre João;PT;https://dadosabertos.camara.leg.br/api/v2/partidos/36844;MG;6.0;1.0;2023
2377463;https://dadosabertos.camara.leg.br/api/v2/proposicoes/2377463;220528.0;https://dadosabertos.camara.leg.br/api/v2/deputados/220528;10000;Deputado(a);Dr. Victor Linhalis;PODE;https://dadosabertos.camara.leg.br/api/v2/partidos/36896;ES;65.0;1.0;2023
2428608;https://dadosabertos.camara.leg.br/api/v2/proposicoes/2428608;220549.0;https://dadosabertos.camara.leg.br/api/v2/deputados/220549;10000;Deputado(a);Any Ortiz;CIDADANIA;https://dadosabertos.camara.leg.br/api/v2/partidos/37905;RS;1.0;1.0;2024
2394259;https://dadosabertos.camara.leg.br/api/v2/proposicoes/2394259;204423.0;https://dadosabertos.camara.leg.br/api/v2/deputados/204423;10000;Deputado(a);André Ferreira;PL;https://dadosabertos.camara.leg.br/api/v2/partidos/37906;PE;25.0;0.0;2023
2454520;https://dadosabertos.camara.leg.br/api/v2/proposicoes/2454520;160598.0;https://dadosabertos.camara.leg.br/api/v2/deputados/160598;10000;Deputado(a);Flávia Morais;PDT;https://dadosabertos.camara.leg.br/api/v2/partidos/36786;GO;7.0;0.0;2024
2390904;https://dadosabertos.camara.leg.br/api/v2/proposicoes/2390904;220550.0;https://dadosabertos.camara.leg.br/api/v2/deputados/220550;10000;Deputado(a);Mauricio Marcon;PODE;https://dadosabertos.camara.leg.br/api/v2/partidos/36896;RS;1.0;1.0;2023
2388029;https://dadosabertos.camara.leg.br/api/v2/proposicoes/2388029;160161.0;https://dadosabertos.camara.leg.br/api/v2/deputados/160161;10000;Deputado(a);Marcelo Queiroz;PP;https://dadosabertos.camara.leg.br/api/v2/partidos/37903;RJ;124.0;0.0;2023
2471294;https://dadosabertos.camara.leg.br/api/v2/proposicoes/2471294;92346.0;https://dadosabertos.camara.leg.br/api/v2/deputados/92346;10000;Deputado(a);Eduardo Bolsonaro;PL;https://dadosabertos.camara.leg.br/api/v2/partidos/37906;SP;1.0;1.0;2024
2416464;https://dadosabertos.camara.leg.br/api/v2/proposicoes/2416464;204460.0;https://dadosabertos.camara.leg.br/api/v2/deputados/204460;10000;Deputado(a);Carlos Jordy;PL;https://dadosabertos.camara.leg.br/api/v2/partidos/37906;RJ;1.0;1.0;2023
2384748;https://dadosabertos.camara.leg.br/api/v2/proposicoes/2384748;141398.0;https://dadosabertos.camara.leg.br/api/v2/deputados/141398;10000;Deputado(a);Carlos Zarattini;PT;https://dadosabertos.camara.leg.br/api/v2/partidos/36844;SP;125.0;0.0;2023
2402758;https://dadosabertos.camara.leg.br/api/v2/proposicoes/2402758;220615.0;https://dadosabertos.camara.leg.br/api/v2/deputados/220615;10000;Deputado(a);Pastor Henrique Vieira;PSOL;https://dadosabertos.camara.leg.br/api/v2/partidos/36839;RJ;1.0;1.0;2023
2445916;https://dadosabertos.camara.leg.br/api/v2/proposicoes/2445916;204506.0;https://dadosabertos.camara.leg.br/api/v2/deputados/204506;10000;Deputado(a);Marcos Pereira;REPUBLIC;;SP;1.0;1.0;2024
2374115;https://dadosabertos.camara.leg.br/api/v2/proposicoes/2374115;220695.0;https://dadosabertos.camara.leg.br/api/v2/deputados/220695;10000;Deputado(a);Rogéria Santos;REPUBLIC;;BA;1.0;1.0;2023
2446448;https://dadosabertos.camara.leg.br/api/v2/proposicoes/2446448;204506.0;https://dadosabertos.camara.leg.br/api/v2/deputados/204506;10000;Deputado(a);Marcos Pereira;REPUBLIC;;SP;1.0;1.0;2024
2476108;https://dadosabertos.camara.leg.br/api/v2/proposicoes/2476108;178854.0;https://dadosabertos.camara.leg.br/api/v2/deputados/178854;10000;Deputado(a);Elmar Nascimento;UNIÃO;https://dadosabertos.camara.leg.br/api/v2/partidos/38009;BA;5.0;0.0;2024
2454851;https://dadosabertos.camara.leg.br/api/v2/proposicoes/2454851;;https://dadosabertos.camara.leg.br/api/v2/orgaos/111;81001;Plenário Virtual CN;CONGRESSO NACIONAL;;;;1.0;1.0;2024
2364443;https://dadosabertos.camara.leg.br/api/v2/proposicoes/2364443;220691.0;https://dadosabertos.camara.leg.br/api/v2/deputados/220691;10000;Deputado(a);Diego Coronel;PSD;https://dadosabertos.camara.leg.br/api/v2/partidos/36834;BA;173.0;0.0;2023
2463372;https://dadosabertos.camara.leg.br/api/v2/proposicoes/2463372;74084.0;https://dadosabertos.camara.leg.br/api/v2/deputados/74084;10000;Deputado(a);Raimundo Santos;PSD;https://dadosabertos.camara.leg.br/api/v2/partidos/36834;PA;1.0;1.0;2024
2443246;https://dadosabertos.camara.leg.br/api/v2/proposicoes/2443246;220715.0;https://dadosabertos.camara.leg.br/api/v2/deputados/220715;10000;Deputado(a);Amom Mandel;CIDADANIA;https://dadosabertos.camara.leg.br/api/v2/partidos/37905;AM;1.0;1.0;2024
2478427;https://dadosabertos.camara.leg.br/api/v2/proposicoes/2478427;178937.0;https://dadosabertos.camara.leg.br/api/v2/deputados/178937;10000;Deputado(a);Altineu Côrtes;PL;https://dadosabertos.camara.leg.br/api/v2/partidos/37906;RJ;99.0;0.0;2024
2483458;https://dadosabertos.camara.leg.br/api/v2/proposicoes/2483458;133439.0;https://dadosabertos.camara.leg.br/api/v2/deputados/133439;10000;Deputado(a);André Figueiredo;PDT;https://dadosabertos.camara.leg.br/api/v2/partidos/36786;CE;9.0;0.0;2025
2455155;https://dadosabertos.camara.leg.br/api/v2/proposicoes/2455155;;https://dadosabertos.camara.leg.br/api/v2/orgaos/253;30000;Órgão do Poder Executivo;Poder Executivo;;;;1.0;1.0;2024
2400823;https://dadosabertos.camara.leg.br/api/v2/proposicoes/2400823;204520.0;https://dadosabertos.camara.leg.br/api/v2/deputados/204520;10000;Deputado(a);Junio Amaral;PL;https://dadosabertos.camara.leg.br/api/v2/partidos/37906;MG;165.0;0.0;2023
2361605;https://dadosabertos.camara.leg.br/api/v2/proposicoes/2361605;220715.0;https://dadosabertos.camara.leg.br/api/v2/deputados/220715;10000;Deputado(a);Amom Mandel;CIDADANIA;https://dadosabertos.camara.leg.br/api/v2/partidos/37905;AM;1.0;1.0;2023
2482437;https://dadosabertos.camara.leg.br/api/v2/proposicoes/2482437;204473.0;https://dadosabertos.camara.leg.br/api/v2/deputados/204473;10000;Deputado(a);General Girão;PL;https://dadosabertos.camara.leg.br/api/v2/partidos/37906;RN;1.0;1.0;2025
2477190;https://dadosabertos.camara.leg.br/api/v2/proposicoes/2477190;;https://dadosabertos.camara.leg.br/api/v2/orgaos/2012;2;COMISSÃO PERMANENTE;Comissão de Minas e Energia;;;;1.0;1.0;2024
2462876;https://dadosabertos.camara.leg.br/api/v2/proposicoes/2462876;74270.0;https://dadosabertos.camara.leg.br/api/v2/deputados/74270;10000;Deputado(a);Gilberto Nascimento;PSD;https://dadosabertos.camara.leg.br/api/v2/partidos/36834;SP;37.0;0.0;2024
2479918;https://dadosabertos.camara.leg.br/api/v2/proposicoes/2479918;74478.0;https://dadosabertos.camara.leg.br/api/v2/deputados/74478;10000;Deputado(a);Luciano Bivar;UNIÃO;https://dadosabertos.camara.leg.br/api/v2/partidos/38009;PE;1.0;1.0;2024
2377692;https://dadosabertos.camara.leg.br/api/v2/proposicoes/2377692;143942.0;https://dadosabertos.camara.leg.br/api/v2/deputados/143942;10000;Deputado(a);Caio Vianna;PSD;https://dadosabertos.camara.leg.br/api/v2/partidos/36834;RJ;195.0;0.0;2023
2476953;https://dadosabertos.camara.leg.br/api/v2/proposicoes/2476953;220715.0;https://dadosabertos.camara.leg.br/api/v2/deputados/220715;10000;Deputado(a);Amom Mandel;CIDADANIA;https://dadosabertos.camara.leg.br/api/v2/partidos/37905;AM;1.0;1.0;2024
2483028;https://dadosabertos.camara.leg.br/api/v2/proposicoes/2483028;74060.0;https://dadosabertos.camara.leg.br/api/v2/deputados/74060;10000;Deputado(a);Daniel Almeida;PCdoB;https://dadosabertos.camara.leg.br/api/v2/partidos/36779;BA;41.0;1.0;2025
2469405;https://dadosabertos.camara.leg.br/api/v2/proposicoes/2469405;204361.0;https://dadosabertos.camara.leg.br/api/v2/deputados/204361;10000;Deputado(a);Carlos Chiodini;MDB;https://dadosabertos.camara.leg.br/api/v2/partidos/36899;SC;182.0;0.0;2024
2412544;https://dadosabertos.camara.leg.br/api/v2/proposicoes/2412544;160575.0;https://dadosabertos.camara.leg.br/api/v2/deputados/160575;10000;Deputado(a);Erika Kokay;PT;https://dadosabertos.camara.leg.br/api/v2/partidos/36844;DF;1.0;1.0;2023
2424201;https://dadosabertos.camara.leg.br/api/v2/proposicoes/2424201;204536.0;https://dadosabertos.camara.leg.br/api/v2/deputados/204536;10000;Deputado(a);Kim Kataguiri;UNIÃO;https://dadosabertos.camara.leg.br/api/v2/partidos/38009;SP;1.0;1.0;2024
2403250;https://dadosabertos.camara.leg.br/api/v2/proposicoes/2403250;220582.0;https://dadosabertos.camara.leg.br/api/v2/deputados/220582;10000;Deputado(a);Daniel Barbosa;PP;https://dadosabertos.camara.leg.br/api/v2/partidos/37903;AL;1.0;1.0;2023
2444682;https://dadosabertos.camara.leg.br/api/v2/proposicoes/2444682;204365.0;https://dadosabertos.camara.leg.br/api/v2/deputados/204365;10000;Deputado(a);Gilson Marques;NOVO;https://dadosabertos.camara.leg.br/api/v2/partidos/37901;SC;1.0;1.0;2024
2483553;https://dadosabertos.camara.leg.br/api/v2/proposicoes/2483553;204408.0;https://dadosabertos.camara.leg.br/api/v2/deputados/204408;10000;Deputado(a);Gustinho Ribeiro;REPUBLIC;;SE;14.0;0.0;2025
2424212;https://dadosabertos.camara.leg.br/api/v2/proposicoes/2424212;220594.0;https://dadosabertos.camara.leg.br/api/v2/deputados/220594;10000;Deputado(a);Coronel Assis;UNIÃO;https://dadosabertos.camara.leg.br/api/v2/partidos/38009;MT;1.0;1.0;2024
2386925;https://dadosabertos.camara.leg.br/api/v2/proposicoes/2386925;220598.0;https://dadosabertos.camara.leg.br/api/v2/deputados/220598;10000;Deputado(a);Tarcísio Motta;PSOL;https://dadosabertos.camara.leg.br/api/v2/partidos/36839;RJ;3.0;1.0;2023
2461392;https://dadosabertos.camara.leg.br/api/v2/proposicoes/2461392;204512.0;https://dadosabertos.camara.leg.br/api/v2/deputados/204512;10000;Deputado(a);Delegado Marcelo Freitas;UNIÃO;https://dadosabertos.camara.leg.br/api/v2/partidos/38009;MG;32.0;0.0;2024
2486830;https://dadosabertos.camara.leg.br/api/v2/proposicoes/2486830;;https://dadosabertos.camara.leg.br/api/v2/orgaos/78;40000;Órgão do Poder Legislativo;Senado Federal;;;;1.0;1.0;2025
2382172;https://dadosabertos.camara.leg.br/api/v2/proposicoes/2382172;220558.0;https://dadosabertos.camara.leg.br/api/v2/deputados/220558;10000;Deputado(a);Zé Trovão;PL;https://dadosabertos.camara.leg.br/api/v2/partidos/37906;SC;138.0;0.0;2023
2366909;https://dadosabertos.camara.leg.br/api/v2/proposicoes/2366909;204391.0;https://dadosabertos.camara.leg.br/api/v2/deputados/204391;10000;Deputado(a);José Nelto;PP;https://dadosabertos.camara.leg.br/api/v2/partidos/37903;GO;224.0;1.0;2023
2375732;https://dadosabertos.camara.leg.br/api/v2/proposicoes/2375732;74856.0;https://dadosabertos.camara.leg.br/api/v2/deputados/74856;10000;Deputado(a);Laura Carneiro;PSD;https://dadosabertos.camara.leg.br/api/v2/partidos/36834;RJ;1.0;1.0;2023
2447901;https://dadosabertos.camara.leg.br/api/v2/proposicoes/2447901;220629.0;https://dadosabertos.camara.leg.br/api/v2/deputados/220629;10000;Deputado(a);Dandara;PT;https://dadosabertos.camara.leg.br/api/v2/partidos/36844;MG;20.0;0.0;2024
2425036;https://dadosabertos.camara.leg.br/api/v2/proposicoes/2425036;204504.0;https://dadosabertos.camara.leg.br/api/v2/deputados/204504;10000;Deputado(a);Cezinha de Madureira;PSD;https://dadosabertos.camara.leg.br/api/v2/partidos/36834;SP;1.0;1.0;2024
2422887;https://dadosabertos.camara.leg.br/api/v2/proposicoes/2422887;204495.0;https://dadosabertos.camara.leg.br/api/v2/deputados/204495;10000;Deputado(a);Airton Faleiro;PT;https://dadosabertos.camara.leg.br/api/v2/partidos/36844;PA;57.0;1.0;2024
2457518;https://dadosabertos.camara.leg.br/api/v2/proposicoes/2457518;220529.0;https://dadosabertos.camara.leg.br/api/v2/deputados/220529;10000;Deputado(a);Gilson Daniel;PODE;https://dadosabertos.camara.leg.br/api/v2/partidos/36896;ES;1.0;1.0;2024
2382999;https://dadosabertos.camara.leg.br/api/v2/proposicoes/2382999;220543.0;https://dadosabertos.camara.leg.br/api/v2/deputados/220543;10000;Deputado(a);Ricardo Ayres;REPUBLIC;;TO;1.0;1.0;2023
2464171;https://dadosabertos.camara.leg.br/api/v2/proposicoes/2464171;220656.0;https://dadosabertos.camara.leg.br/api/v2/deputados/220656;10000;Deputado(a);Fernanda Pessoa;UNIÃO;https://dadosabertos.camara.leg.br/api/v2/partidos/38009;CE;1.0;1.0;2024
2362776;https://dadosabertos.camara.leg.br/api/v2/proposicoes/2362776;204506.0;https://dadosabertos.camara.leg.br/api/v2/deputados/204506;10000;Deputado(a);Marcos Pereira;REPUBLIC;;SP;1.0;1.0;2023
2427160;https://dadosabertos.camara.leg.br/api/v2/proposicoes/2427160;72442.0;https://dadosabertos.camara.leg.br/api/v2/deputados/72442;10000;Deputado(a);Felipe Carreras;PSB;https://dadosabertos.camara.leg.br/api/v2/partidos/36832;PE;16.0;1.0;2024
2444874;https://dadosabertos.camara.leg.br/api/v2/proposicoes/2444874;74398.0;https://dadosabertos.camara.leg.br/api/v2/deputados/74398;10000;Deputado(a);Maria do Rosário;PT;https://dadosabertos.camara.leg.br/api/v2/partidos/36844;RS;2.0;1.0;2024
2386835;https://dadosabertos.camara.leg.br/api/v2/proposicoes/2386835;;https://dadosabertos.camara.leg.br/api/v2/orgaos/539461;4;COMISSÃO PARLAMENTAR DE INQUÉRITO;Comissão Parlamentar de Inquérito destinada a investigar indícios de operações fraudulentas sofisticadas na gestão de diversas empresas de serviços financeiros que prometem gerar patrimônio por meio de gestão de criptomoedas, com divulgação de informações falsas sobre projetos ou serviços e promessa de rentabilidade anormalmente alta ou garantida e inexistência de taxas, mas constituindo-se em sistema de remuneração alimentado pela entrada de novos participantes (o que tem trazido prejuízos vultosos aos investidores e a toda a sociedade, entre os anos de 2019 e 2022);;;;1.0;1.0;2023
2373553;https://dadosabertos.camara.leg.br/api/v2/proposicoes/2373553;204506.0;https://dadosabertos.camara.leg.br/api/v2/deputados/204506;10000;Deputado(a);Marcos Pereira;REPUBLIC;;SP;1.0;1.0;2023
2403566;https://dadosabertos.camara.leg.br/api/v2/proposicoes/2403566;220618.0;https://dadosabertos.camara.leg.br/api/v2/deputados/220618;10000;Deputado(a);Sargento Portugal;PODE;https://dadosabertos.camara.leg.br/api/v2/partidos/36896;RJ;1.0;1.0;2023
2466838;https://dadosabertos.camara.leg.br/api/v2/proposicoes/2466838;220569.0;https://dadosabertos.camara.leg.br/api/v2/deputados/220569;10000;Deputado(a);Silvye Alves;UNIÃO;https://dadosabertos.camara.leg.br/api/v2/partidos/38009;GO;1.0;1.0;2024
2465151;https://dadosabertos.camara.leg.br/api/v2/proposicoes/2465151;178854.0;https://dadosabertos.camara.leg.br/api/v2/deputados/178854;10000;Deputado(a);Elmar Nascimento;UNIÃO;https://dadosabertos.camara.leg.br/api/v2/partidos/38009;BA;1.0;1.0;2024
2442726;https://dadosabertos.camara.leg.br/api/v2/proposicoes/2442726;204410.0;https://dadosabertos.camara.leg.br/api/v2/deputados/204410;10000;Deputado(a);Luisa Canziani;PSD;https://dadosabertos.camara.leg.br/api/v2/partidos/36834;PR;1.0;1.0;2024
2446198;https://dadosabertos.camara.leg.br/api/v2/proposicoes/2446198;204506.0;https://dadosabertos.camara.leg.br/api/v2/deputados/204506;10000;Deputado(a);Marcos Pereira;REPUBLIC;;SP;1.0;1.0;2024
2362555;https://dadosabertos.camara.leg.br/api/v2/proposicoes/2362555;160575.0;https://dadosabertos.camara.leg.br/api/v2/deputados/160575;10000;Deputado(a);Erika Kokay;PT;https://dadosabertos.camara.leg.br/api/v2/partidos/36844;DF;1.0;1.0;2023
2446684;https://dadosabertos.camara.leg.br/api/v2/proposicoes/2446684;220578.0;https://dadosabertos.camara.leg.br/api/v2/deputados/220578;10000;Deputado(a);Josenildo;PDT;https://dadosabertos.camara.leg.br/api/v2/partidos/36786;AP;90.0;0.0;2024
2409706;https://dadosabertos.camara.leg.br/api/v2/proposicoes/2409706;;https://dadosabertos.camara.leg.br/api/v2/orgaos/2009;2;COMISSÃO PERMANENTE;Comissão de Educação;;;;1.0;1.0;2023
2433018;https://dadosabertos.camara.leg.br/api/v2/proposicoes/2433018;220644.0;https://dadosabertos.camara.leg.br/api/v2/deputados/220644;10000;Deputado(a);Rosangela Moro;UNIÃO;https://dadosabertos.camara.leg.br/api/v2/partidos/38009;SP;1.0;1.0;2024
2485211;https://dadosabertos.camara.leg.br/api/v2/proposicoes/2485211;204520.0;https://dadosabertos.camara.leg.br/api/v2/deputados/204520;10000;Deputado(a);Junio Amaral;PL;https://dadosabertos.camara.leg.br/api/v2/partidos/37906;MG;11.0;0.0;2025
2389560;https://dadosabertos.camara.leg.br/api/v2/proposicoes/2389560;204476.0;https://dadosabertos.camara.leg.br/api/v2/deputados/204476;10000;Deputado(a);Chiquinho Brazão;UNIÃO;https://dadosabertos.camara.leg.br/api/v2/partidos/38009;RJ;106.0;0.0;2023
2476228;https://dadosabertos.camara.leg.br/api/v2/proposicoes/2476228;178908.0;https://dadosabertos.camara.leg.br/api/v2/deputados/178908;10000;Deputado(a);Delegado Éder Mauro;PL;https://dadosabertos.camara.leg.br/api/v2/partidos/37906;PA;100.0;1.0;2024
2448433;https://dadosabertos.camara.leg.br/api/v2/proposicoes/2448433;220701.0;https://dadosabertos.camara.leg.br/api/v2/deputados/220701;10000;Deputado(a);Delegado Matheus Laiola;UNIÃO;https://dadosabertos.camara.leg.br/api/v2/partidos/38009;PR;46.0;0.0;2024
2398423;https://dadosabertos.camara.leg.br/api/v2/proposicoes/2398423;220644.0;https://dadosabertos.camara.leg.br/api/v2/deputados/220644;10000;Deputado(a);Rosângela Moro;UNIÃO;https://dadosabertos.camara.leg.br/api/v2/partidos/38009;SP;1.0;1.0;2023
2483233;https://dadosabertos.camara.leg.br/api/v2/proposicoes/2483233;220704.0;https://dadosabertos.camara.leg.br/api/v2/deputados/220704;10000;Deputado(a);Carol Dartora;PT;https://dadosabertos.camara.leg.br/api/v2/partidos/36844;PR;23.0;0.0;2025
2427160;https://dadosabertos.camara.leg.br/api/v2/proposicoes/2427160;206018.0;https://dadosabertos.camara.leg.br/api/v2/deputados/206018;10000;Deputado(a);Célia Xakriabá;PSOL;https://dadosabertos.camara.leg.br/api/v2/partidos/36839;MG;9.0;1.0;2024
2474323;https://dadosabertos.camara.leg.br/api/v2/proposicoes/2474323;220567.0;https://dadosabertos.camara.leg.br/api/v2/deputados/220567;10000;Deputado(a);Jeferson Rodrigues;REPUBLIC;;GO;1.0;1.0;2024
2482401;https://dadosabertos.camara.leg.br/api/v2/proposicoes/2482401;204507.0;https://dadosabertos.camara.leg.br/api/v2/deputados/204507;10000;Deputado(a);Carla Zambelli;PL;https://dadosabertos.camara.leg.br/api/v2/partidos/37906;SP;10.0;1.0;2025
2435855;https://dadosabertos.camara.leg.br/api/v2/proposicoes/2435855;220645.0;https://dadosabertos.camara.leg.br/api/v2/deputados/220645;10000;Deputado(a);Erika Hilton;PSOL;https://dadosabertos.camara.leg.br/api/v2/partidos/36839;SP;1.0;1.0;2024
2480492;https://dadosabertos.camara.leg.br/api/v2/proposicoes/2480492;138286.0;https://dadosabertos.camara.leg.br/api/v2/deputados/138286;10000;Deputado(a);Luciano Alves;PSD;https://dadosabertos.camara.leg.br/api/v2/partidos/36834;PR;1.0;1.0;2024
2446189;https://dadosabertos.camara.leg.br/api/v2/proposicoes/2446189;204506.0;https://dadosabertos.camara.leg.br/api/v2/deputados/204506;10000;Deputado(a);Marcos Pereira;REPUBLIC;;SP;1.0;1.0;2024
2421210;https://dadosabertos.camara.leg.br/api/v2/proposicoes/2421210;204479.0;https://dadosabertos.camara.leg.br/api/v2/deputados/204479;10000;Deputado(a);Nicoletti;UNIÃO;https://dadosabertos.camara.leg.br/api/v2/partidos/38009;RR;1.0;1.0;2024
2390283;https://dadosabertos.camara.leg.br/api/v2/proposicoes/2390283;204572.0;https://dadosabertos.camara.leg.br/api/v2/deputados/204572;10000;Deputado(a);Capitão Alberto Neto;PL;https://dadosabertos.camara.leg.br/api/v2/partidos/37906;AM;1.0;1.0;2023
2412094;https://dadosabertos.camara.leg.br/api/v2/proposicoes/2412094;220589.0;https://dadosabertos.camara.leg.br/api/v2/deputados/220589;10000;Deputado(a);Eduardo Velloso;UNIÃO;https://dadosabertos.camara.leg.br/api/v2/partidos/38009;AC;1.0;1.0;2023
2389775;https://dadosabertos.camara.leg.br/api/v2/proposicoes/2389775;;https://dadosabertos.camara.leg.br/api/v2/orgaos/539385;2;COMISSÃO PERMANENTE;Comissão de Comunicação;;;;1.0;1.0;2023
2373892;https://dadosabertos.camara.leg.br/api/v2/proposicoes/2373892;220656.0;https://dadosabertos.camara.leg.br/api/v2/deputados/220656;10000;Deputado(a);Fernanda Pessoa;UNIÃO;https://dadosabertos.camara.leg.br/api/v2/partidos/38009;CE;1.0;1.0;2023
2404685;https://dadosabertos.camara.leg.br/api/v2/proposicoes/2404685;178966.0;https://dadosabertos.camara.leg.br/api/v2/deputados/178966;10000;Deputado(a);Geovania de Sá;PSDB;https://dadosabertos.camara.leg.br/api/v2/partidos/36835;SC;1.0;1.0;2023
2397079;https://dadosabertos.camara.leg.br/api/v2/proposicoes/2397079;178887.0;https://dadosabertos.camara.leg.br/api/v2/deputados/178887;10000;Deputado(a);Rubens Pereira Júnior;PT;https://dadosabertos.camara.leg.br/api/v2/partidos/36844;MA;1.0;1.0;2023
2465030;https://dadosabertos.camara.leg.br/api/v2/proposicoes/2465030;74171.0;https://dadosabertos.camara.leg.br/api/v2/deputados/74171;10000;Deputado(a);Chico Alencar;PSOL;https://dadosabertos.camara.leg.br/api/v2/partidos/36839;RJ;1.0;1.0;2024
2388772;https://dadosabertos.camara.leg.br/api/v2/proposicoes/2388772;204379.0;https://dadosabertos.camara.leg.br/api/v2/deputados/204379;10000;Deputado(a);Acácio Favacho;MDB;https://dadosabertos.camara.leg.br/api/v2/partidos/36899;AP;1.0;1.0;2023
2471694;https://dadosabertos.camara.leg.br/api/v2/proposicoes/2471694;204572.0;https://dadosabertos.camara.leg.br/api/v2/deputados/204572;10000;Deputado(a);Capitão Alberto Neto;PL;https://dadosabertos.camara.leg.br/api/v2/partidos/37906;AM;10.0;0.0;2024
2406226;https://dadosabertos.camara.leg.br/api/v2/proposicoes/2406226;220587.0;https://dadosabertos.camara.leg.br/api/v2/deputados/220587;10000;Deputado(a);Gerlen Diniz;PP;https://dadosabertos.camara.leg.br/api/v2/partidos/37903;AC;1.0;1.0;2023
2466746;https://dadosabertos.camara.leg.br/api/v2/proposicoes/2466746;220642.0;https://dadosabertos.camara.leg.br/api/v2/deputados/220642;10000;Deputado(a);Delegado Bruno Lima;PP;https://dadosabertos.camara.leg.br/api/v2/partidos/37903;SP;3.0;1.0;2024
2442240;https://dadosabertos.camara.leg.br/api/v2/proposicoes/2442240;88256.0;https://dadosabertos.camara.leg.br/api/v2/deputados/88256;10000;Deputado(a);Clodoaldo Magalhães;PV;https://dadosabertos.camara.leg.br/api/v2/partidos/36851;PE;3.0;1.0;2024
2448433;https://dadosabertos.camara.leg.br/api/v2/proposicoes/2448433;204492.0;https://dadosabertos.camara.leg.br/api/v2/deputados/204492;10000;Deputado(a);Paulo Guedes;PT;https://dadosabertos.camara.leg.br/api/v2/partidos/36844;MG;116.0;0.0;2024
2386806;https://dadosabertos.camara.leg.br/api/v2/proposicoes/2386806;204365.0;https://dadosabertos.camara.leg.br/api/v2/deputados/204365;10000;Deputado(a);Gilson Marques;NOVO;https://dadosabertos.camara.leg.br/api/v2/partidos/37901;SC;1.0;1.0;2023
2452538;https://dadosabertos.camara.leg.br/api/v2/proposicoes/2452538;204395.0;https://dadosabertos.camara.leg.br/api/v2/deputados/204395;10000;Deputado(a);Pedro Lupion;PP;https://dadosabertos.camara.leg.br/api/v2/partidos/37903;PR;2.0;0.0;2024
2372888;https://dadosabertos.camara.leg.br/api/v2/proposicoes/2372888;220608.0;https://dadosabertos.camara.leg.br/api/v2/deputados/220608;10000;Deputado(a);Cristiane Lopes;UNIÃO;https://dadosabertos.camara.leg.br/api/v2/partidos/38009;RO;155.0;0.0;2023
2437509;https://dadosabertos.camara.leg.br/api/v2/proposicoes/2437509;204528.0;https://dadosabertos.camara.leg.br/api/v2/deputados/204528;10000;Deputado(a);Adriana Ventura;NOVO;https://dadosabertos.camara.leg.br/api/v2/partidos/37901;SP;24.0;1.0;2024
2455603;https://dadosabertos.camara.leg.br/api/v2/proposicoes/2455603;74856.0;https://dadosabertos.camara.leg.br/api/v2/deputados/74856;10000;Deputado(a);Laura Carneiro;PSD;https://dadosabertos.camara.leg.br/api/v2/partidos/36834;RJ;1.0;1.0;2024
2434933;https://dadosabertos.camara.leg.br/api/v2/proposicoes/2434933;220715.0;https://dadosabertos.camara.leg.br/api/v2/deputados/220715;10000;Deputado(a);Amom Mandel;CIDADANIA;https://dadosabertos.camara.leg.br/api/v2/partidos/37905;AM;4.0;1.0;2024
2408145;https://dadosabertos.camara.leg.br/api/v2/proposicoes/2408145;160601.0;https://dadosabertos.camara.leg.br/api/v2/deputados/160601;10000;Deputado(a);Pr. Marco Feliciano;PL;https://dadosabertos.camara.leg.br/api/v2/partidos/37906;SP;46.0;0.0;2023
2477468;https://dadosabertos.camara.leg.br/api/v2/proposicoes/2477468;204535.0;https://dadosabertos.camara.leg.br/api/v2/deputados/204535;10000;Deputado(a);Sâmia Bomfim;PSOL;https://dadosabertos.camara.leg.br/api/v2/partidos/36839;SP;3.0;1.0;2024
2408080;https://dadosabertos.camara.leg.br/api/v2/proposicoes/2408080;209787.0;https://dadosabertos.camara.leg.br/api/v2/deputados/209787;10000;Deputado(a);Nikolas Ferreira;PL;https://dadosabertos.camara.leg.br/api/v2/partidos/37906;MG;1.0;1.0;2023
2371213;https://dadosabertos.camara.leg.br/api/v2/proposicoes/2371213;220575.0;https://dadosabertos.camara.leg.br/api/v2/deputados/220575;10000;Deputado(a);Sonize Barbosa;PL;https://dadosabertos.camara.leg.br/api/v2/partidos/37906;AP;204.0;0.0;2023
2448983;https://dadosabertos.camara.leg.br/api/v2/proposicoes/2448983;141470.0;https://dadosabertos.camara.leg.br/api/v2/deputados/141470;10000;Deputado(a);José Guimarães;PT;https://dadosabertos.camara.leg.br/api/v2/partidos/36844;CE;1.0;1.0;2024
2482419;https://dadosabertos.camara.leg.br/api/v2/proposicoes/2482419;204444.0;https://dadosabertos.camara.leg.br/api/v2/deputados/204444;10000;Deputado(a);Helio Lopes;PL;https://dadosabertos.camara.leg.br/api/v2/partidos/37906;RJ;73.0;1.0;2025
2376477;https://dadosabertos.camara.leg.br/api/v2/proposicoes/2376477;161440.0;https://dadosabertos.camara.leg.br/api/v2/deputados/161440;10000;Deputado(a);Pezenti;MDB;https://dadosabertos.camara.leg.br/api/v2/partidos/36899;SC;11.0;1.0;2023
2375263;https://dadosabertos.camara.leg.br/api/v2/proposicoes/2375263;204507.0;https://dadosabertos.camara.leg.br/api/v2/deputados/204507;10000;Deputado(a);Carla Zambelli;PL;https://dadosabertos.camara.leg.br/api/v2/partidos/37906;SP;1.0;1.0;2023
2385236;https://dadosabertos.camara.leg.br/api/v2/proposicoes/2385236;221338.0;https://dadosabertos.camara.leg.br/api/v2/deputados/221338;10000;Deputado(a);Professora Luciene Cavalcante;PSOL;https://dadosabertos.camara.leg.br/api/v2/partidos/36839;SP;51.0;1.0;2023
2409885;https://dadosabertos.camara.leg.br/api/v2/proposicoes/2409885;191923.0;https://dadosabertos.camara.leg.br/api/v2/deputados/191923;10000;Deputado(a);Flávio Nogueira;PT;https://dadosabertos.camara.leg.br/api/v2/partidos/36844;PI;1.0;1.0;2023
2403071;https://dadosabertos.camara.leg.br/api/v2/proposicoes/2403071;220579.0;https://dadosabertos.camara.leg.br/api/v2/deputados/220579;10000;Deputado(a);Silvia Waiãpi;PL;https://dadosabertos.camara.leg.br/api/v2/partidos/37906;AP;1.0;1.0;2023
2468418;https://dadosabertos.camara.leg.br/api/v2/proposicoes/2468418;178829.0;https://dadosabertos.camara.leg.br/api/v2/deputados/178829;10000;Deputado(a);Capitão Augusto;PL;https://dadosabertos.camara.leg.br/api/v2/partidos/37906;SP;18.0;0.0;2024
2385118;https://dadosabertos.camara.leg.br/api/v2/proposicoes/2385118;160598.0;https://dadosabertos.camara.leg.br/api/v2/deputados/160598;10000;Deputado(a);Flávia Morais;PDT;https://dadosabertos.camara.leg.br/api/v2/partidos/36786;GO;67.0;0.0;2023
2396529;https://dadosabertos.camara.leg.br/api/v2/proposicoes/2396529;204472.0;https://dadosabertos.camara.leg.br/api/v2/deputados/204472;10000;Deputado(a);José Medeiros;PL;https://dadosabertos.camara.leg.br/api/v2/partidos/37906;MT;1.0;1.0;2023
2441152;https://dadosabertos.camara.leg.br/api/v2/proposicoes/2441152;150418.0;https://dadosabertos.camara.leg.br/api/v2/deputados/150418;10000;Deputado(a);Márcio Marinho;REPUBLIC;;BA;7.0;0.0;2024
2436978;https://dadosabertos.camara.leg.br/api/v2/proposicoes/2436978;178835.0;https://dadosabertos.camara.leg.br/api/v2/deputados/178835;10000;Deputado(a);Afonso Motta;PDT;https://dadosabertos.camara.leg.br/api/v2/partidos/36786;RS;4.0;0.0;2024
2360539;https://dadosabertos.camara.leg.br/api/v2/proposicoes/2360539;204520.0;https://dadosabertos.camara.leg.br/api/v2/deputados/204520;10000;Deputado(a);Junio Amaral;PL;https://dadosabertos.camara.leg.br/api/v2/partidos/37906;MG;1.0;1.0;2023
2389672;https://dadosabertos.camara.leg.br/api/v2/proposicoes/2389672;220564.0;https://dadosabertos.camara.leg.br/api/v2/deputados/220564;10000;Deputado(a);Yandra Moura;UNIÃO;https://dadosabertos.camara.leg.br/api/v2/partidos/38009;SE;85.0;0.0;2023
2360388;https://dadosabertos.camara.leg.br/api/v2/proposicoes/2360388;204409.0;https://dadosabertos.camara.leg.br/api/v2/deputados/204409;10000;Deputado(a);Daniel Trzeciak;PSDB;https://dadosabertos.camara.leg.br/api/v2/partidos/36835;RS;39.0;1.0;2023
2454920;https://dadosabertos.camara.leg.br/api/v2/proposicoes/2454920;74084.0;https://dadosabertos.camara.leg.br/api/v2/deputados/74084;10000;Deputado(a);Raimundo Santos;PSD;https://dadosabertos.camara.leg.br/api/v2/partidos/36834;PA;1.0;1.0;2024
2370150;https://dadosabertos.camara.leg.br/api/v2/proposicoes/2370150;74856.0;https://dadosabertos.camara.leg.br/api/v2/deputados/74856;10000;Deputado(a);Laura Carneiro;PSD;https://dadosabertos.camara.leg.br/api/v2/partidos/36834;RJ;1.0;1.0;2023
2367348;https://dadosabertos.camara.leg.br/api/v2/proposicoes/2367348;220648.0;https://dadosabertos.camara.leg.br/api/v2/deputados/220648;10000;Deputado(a);Marangoni;UNIÃO;https://dadosabertos.camara.leg.br/api/v2/partidos/38009;SP;1.0;1.0;2023
2430346;https://dadosabertos.camara.leg.br/api/v2/proposicoes/2430346;220701.0;https://dadosabertos.camara.leg.br/api/v2/deputados/220701;10000;Deputado(a);Delegado Matheus Laiola;UNIÃO;https://dadosabertos.camara.leg.br/api/v2/partidos/38009;PR;1.0;1.0;2024
2362469;https://dadosabertos.camara.leg.br/api/v2/proposicoes/2362469;220568.0;https://dadosabertos.camara.leg.br/api/v2/deputados/220568;10000;Deputado(a);Gustavo Gayer;PL;https://dadosabertos.camara.leg.br/api/v2/partidos/37906;GO;78.0;0.0;2023
2400342;https://dadosabertos.camara.leg.br/api/v2/proposicoes/2400342;220586.0;https://dadosabertos.camara.leg.br/api/v2/deputados/220586;10000;Deputado(a);Rafael Brito;MDB;https://dadosabertos.camara.leg.br/api/v2/partidos/36899;AL;4.0;0.0;2023
2397528;https://dadosabertos.camara.leg.br/api/v2/proposicoes/2397528;204444.0;https://dadosabertos.camara.leg.br/api/v2/deputados/204444;10000;Deputado(a);Helio Lopes;PL;https://dadosabertos.camara.leg.br/api/v2/partidos/37906;RJ;1.0;1.0;2023
2484633;https://dadosabertos.camara.leg.br/api/v2/proposicoes/2484633;204455.0;https://dadosabertos.camara.leg.br/api/v2/deputados/204455;10000;Deputado(a);Luiz Lima;PL;https://dadosabertos.camara.leg.br/api/v2/partidos/37906;RJ;22.0;0.0;2025
2368786;https://dadosabertos.camara.leg.br/api/v2/proposicoes/2368786;141555.0;https://dadosabertos.camara.leg.br/api/v2/deputados/141555;10000;Deputado(a);Vinicius Carvalho;REPUBLIC;;SP;201.0;0.0;2023
2453418;https://dadosabertos.camara.leg.br/api/v2/proposicoes/2453418;;https://dadosabertos.camara.leg.br/api/v2/orgaos/2016;2;COMISSÃO PERMANENTE;Comissão de Viação e Transportes;;;;1.0;1.0;2024
2464296;https://dadosabertos.camara.leg.br/api/v2/proposicoes/2464296;204506.0;https://dadosabertos.camara.leg.br/api/v2/deputados/204506;10000;Deputado(a);Marcos Pereira;REPUBLIC;;SP;1.0;1.0;2024
2367737;https://dadosabertos.camara.leg.br/api/v2/proposicoes/2367737;160548.0;https://dadosabertos.camara.leg.br/api/v2/deputados/160548;10000;Deputado(a);Jonas Donizette;PSB;https://dadosabertos.camara.leg.br/api/v2/partidos/36832;SP;1.0;1.0;2023
2477295;https://dadosabertos.camara.leg.br/api/v2/proposicoes/2477295;204572.0;https://dadosabertos.camara.leg.br/api/v2/deputados/204572;10000;Deputado(a);Capitão Alberto Neto;PL;https://dadosabertos.camara.leg.br/api/v2/partidos/37906;AM;1.0;1.0;2024
2431001;https://dadosabertos.camara.leg.br/api/v2/proposicoes/2431001;220534.0;https://dadosabertos.camara.leg.br/api/v2/deputados/220534;10000;Deputado(a);Fred Linhares;REPUBLIC;;DF;1.0;1.0;2024
2476960;https://dadosabertos.camara.leg.br/api/v2/proposicoes/2476960;220715.0;https://dadosabertos.camara.leg.br/api/v2/deputados/220715;10000;Deputado(a);Amom Mandel;CIDADANIA;https://dadosabertos.camara.leg.br/api/v2/partidos/37905;AM;1.0;1.0;2024
2385690;https://dadosabertos.camara.leg.br/api/v2/proposicoes/2385690;178929.0;https://dadosabertos.camara.leg.br/api/v2/deputados/178929;10000;Deputado(a);Diego Garcia;REPUBLIC;;PR;1.0;1.0;2023
2456289;https://dadosabertos.camara.leg.br/api/v2/proposicoes/2456289;204536.0;https://dadosabertos.camara.leg.br/api/v2/deputados/204536;10000;Deputado(a);Kim Kataguiri;UNIÃO;https://dadosabertos.camara.leg.br/api/v2/partidos/38009;SP;1.0;1.0;2024
2441389;https://dadosabertos.camara.leg.br/api/v2/proposicoes/2441389;178873.0;https://dadosabertos.camara.leg.br/api/v2/deputados/178873;10000;Deputado(a);Helder Salomão;PT;https://dadosabertos.camara.leg.br/api/v2/partidos/36844;ES;1.0;1.0;2024
2469670;https://dadosabertos.camara.leg.br/api/v2/proposicoes/2469670;;https://dadosabertos.camara.leg.br/api/v2/orgaos/253;30000;Órgão do Poder Executivo;Poder Executivo;;;;1.0;1.0;2024
2397334;https://dadosabertos.camara.leg.br/api/v2/proposicoes/2397334;220584.0;https://dadosabertos.camara.leg.br/api/v2/deputados/220584;10000;Deputado(a);Murilo Galdino;REPUBLIC;;PB;1.0;1.0;2023
2486123;https://dadosabertos.camara.leg.br/api/v2/proposicoes/2486123;;https://dadosabertos.camara.leg.br/api/v2/orgaos/78;40000;Órgão do Poder Legislativo;Senado Federal;;;;1.0;1.0;2025
2442202;https://dadosabertos.camara.leg.br/api/v2/proposicoes/2442202;204462.0;https://dadosabertos.camara.leg.br/api/v2/deputados/204462;10000;Deputado(a);Chris Tonietto;PL;https://dadosabertos.camara.leg.br/api/v2/partidos/37906;RJ;2.0;1.0;2024
2477025;https://dadosabertos.camara.leg.br/api/v2/proposicoes/2477025;220715.0;https://dadosabertos.camara.leg.br/api/v2/deputados/220715;10000;Deputado(a);Amom Mandel;CIDADANIA;https://dadosabertos.camara.leg.br/api/v2/partidos/37905;AM;1.0;1.0;2024
2424774;https://dadosabertos.camara.leg.br/api/v2/proposicoes/2424774;178843.0;https://dadosabertos.camara.leg.br/api/v2/deputados/178843;10000;Deputado(a);Marx Beltrão;PP;https://dadosabertos.camara.leg.br/api/v2/partidos/37903;AL;1.0;1.0;2024
2392917;https://dadosabertos.camara.leg.br/api/v2/proposicoes/2392917;178843.0;https://dadosabertos.camara.leg.br/api/v2/deputados/178843;10000;Deputado(a);Marx Beltrão;PP;https://dadosabertos.camara.leg.br/api/v2/partidos/37903;AL;1.0;1.0;2023
2438562;https://dadosabertos.camara.leg.br/api/v2/proposicoes/2438562;;https://dadosabertos.camara.leg.br/api/v2/orgaos/2014;2;COMISSÃO PERMANENTE;Comissão de Saúde;;;;1.0;1.0;2024
2483449;https://dadosabertos.camara.leg.br/api/v2/proposicoes/2483449;220534.0;https://dadosabertos.camara.leg.br/api/v2/deputados/220534;10000;Deputado(a);Fred Linhares;REPUBLIC;;DF;26.0;0.0;2025
2387335;https://dadosabertos.camara.leg.br/api/v2/proposicoes/2387335;;https://dadosabertos.camara.leg.br/api/v2/orgaos/5503;2;COMISSÃO PERMANENTE;Comissão de Segurança Pública e Combate ao Crime Organizado;;;;1.0;1.0;2023
2483233;https://dadosabertos.camara.leg.br/api/v2/proposicoes/2483233;220609.0;https://dadosabertos.camara.leg.br/api/v2/deputados/220609;10000;Deputado(a);Maurício Carvalho;UNIÃO;https://dadosabertos.camara.leg.br/api/v2/partidos/38009;RO;25.0;1.0;2025
2454841;https://dadosabertos.camara.leg.br/api/v2/proposicoes/2454841;;https://dadosabertos.camara.leg.br/api/v2/orgaos/539387;2;COMISSÃO PERMANENTE;Comissão de Previdência, Assistência Social, Infância, Adolescência e Família;;;;1.0;1.0;2024
2386188;https://dadosabertos.camara.leg.br/api/v2/proposicoes/2386188;178857.0;https://dadosabertos.camara.leg.br/api/v2/deputados/178857;10000;Deputado(a);Jorge Solla;PT;https://dadosabertos.camara.leg.br/api/v2/partidos/36844;BA;3.0;0.0;2023
2362396;https://dadosabertos.camara.leg.br/api/v2/proposicoes/2362396;74856.0;https://dadosabertos.camara.leg.br/api/v2/deputados/74856;10000;Deputado(a);Laura Carneiro;PSD;https://dadosabertos.camara.leg.br/api/v2/partidos/36834;RJ;1.0;1.0;2023
2450491;https://dadosabertos.camara.leg.br/api/v2/proposicoes/2450491;220568.0;https://dadosabertos.camara.leg.br/api/v2/deputados/220568;10000;Deputado(a);Gustavo Gayer;PL;https://dadosabertos.camara.leg.br/api/v2/partidos/37906;GO;1.0;1.0;2024
2483875;https://dadosabertos.camara.leg.br/api/v2/proposicoes/2483875;220530.0;https://dadosabertos.camara.leg.br/api/v2/deputados/220530;10000;Deputado(a);Messias Donato;REPUBLIC;;ES;2.0;0.0;2025
2456484;https://dadosabertos.camara.leg.br/api/v2/proposicoes/2456484;204572.0;https://dadosabertos.camara.leg.br/api/v2/deputados/204572;10000;Deputado(a);Capitão Alberto Neto;PL;https://dadosabertos.camara.leg.br/api/v2/partidos/37906;AM;1.0;1.0;2024
2428436;https://dadosabertos.camara.leg.br/api/v2/proposicoes/2428436;160518.0;https://dadosabertos.camara.leg.br/api/v2/deputados/160518;10000;Deputado(a);Weliton Prado;SOLIDARI;;MG;1.0;1.0;2024
2364915;https://dadosabertos.camara.leg.br/api/v2/proposicoes/2364915;204520.0;https://dadosabertos.camara.leg.br/api/v2/deputados/204520;10000;Deputado(a);Junio Amaral;PL;https://dadosabertos.camara.leg.br/api/v2/partidos/37906;MG;1.0;1.0;2023
2385461;https://dadosabertos.camara.leg.br/api/v2/proposicoes/2385461;204535.0;https://dadosabertos.camara.leg.br/api/v2/deputados/204535;10000;Deputado(a);Sâmia Bomfim;PSOL;https://dadosabertos.camara.leg.br/api/v2/partidos/36839;SP;2.0;1.0;2023
2426469;https://dadosabertos.camara.leg.br/api/v2/proposicoes/2426469;204404.0;https://dadosabertos.camara.leg.br/api/v2/deputados/204404;10000;Deputado(a);Lucas Redecker;PSDB;https://dadosabertos.camara.leg.br/api/v2/partidos/36835;RS;58.0;0.0;2024
2361205;https://dadosabertos.camara.leg.br/api/v2/proposicoes/2361205;204535.0;https://dadosabertos.camara.leg.br/api/v2/deputados/204535;10000;Deputado(a);Sâmia Bomfim;PSOL;https://dadosabertos.camara.leg.br/api/v2/partidos/36839;SP;1.0;1.0;2023
2448705;https://dadosabertos.camara.leg.br/api/v2/proposicoes/2448705;221328.0;https://dadosabertos.camara.leg.br/api/v2/deputados/221328;10000;Deputado(a);Adilson Barroso;PL;https://dadosabertos.camara.leg.br/api/v2/partidos/37906;SP;21.0;0.0;2024
2421037;https://dadosabertos.camara.leg.br/api/v2/proposicoes/2421037;204557.0;https://dadosabertos.camara.leg.br/api/v2/deputados/204557;10000;Deputado(a);Sidney Leite;PSD;https://dadosabertos.camara.leg.br/api/v2/partidos/36834;AM;1.0;1.0;2024
2488118;https://dadosabertos.camara.leg.br/api/v2/proposicoes/2488118;74084.0;https://dadosabertos.camara.leg.br/api/v2/deputados/74084;10000;Deputado(a);Raimundo Santos;PSD;https://dadosabertos.camara.leg.br/api/v2/partidos/36834;PA;9.0;0.0;2025
2458662;https://dadosabertos.camara.leg.br/api/v2/proposicoes/2458662;160538.0;https://dadosabertos.camara.leg.br/api/v2/deputados/160538;10000;Deputado(a);Bohn Gass;PT;https://dadosabertos.camara.leg.br/api/v2/partidos/36844;RS;1.0;1.0;2024
2424865;https://dadosabertos.camara.leg.br/api/v2/proposicoes/2424865;204536.0;https://dadosabertos.camara.leg.br/api/v2/deputados/204536;10000;Deputado(a);Kim Kataguiri;UNIÃO;https://dadosabertos.camara.leg.br/api/v2/partidos/38009;SP;2.0;1.0;2024
2482788;https://dadosabertos.camara.leg.br/api/v2/proposicoes/2482788;220574.0;https://dadosabertos.camara.leg.br/api/v2/deputados/220574;10000;Deputado(a);Cabo Gilberto Silva;PL;https://dadosabertos.camara.leg.br/api/v2/partidos/37906;PB;5.0;1.0;2025
2457407;https://dadosabertos.camara.leg.br/api/v2/proposicoes/2457407;220699.0;https://dadosabertos.camara.leg.br/api/v2/deputados/220699;10000;Deputado(a);Castro Neto;PSD;https://dadosabertos.camara.leg.br/api/v2/partidos/36834;PI;33.0;1.0;2024
2477259;https://dadosabertos.camara.leg.br/api/v2/proposicoes/2477259;178937.0;https://dadosabertos.camara.leg.br/api/v2/deputados/178937;10000;Deputado(a);Altineu Côrtes;PL;https://dadosabertos.camara.leg.br/api/v2/partidos/37906;RJ;2.0;0.0;2024
2369383;https://dadosabertos.camara.leg.br/api/v2/proposicoes/2369383;220573.0;https://dadosabertos.camara.leg.br/api/v2/deputados/220573;10000;Deputado(a);Dorinaldo Malafaia;PDT;https://dadosabertos.camara.leg.br/api/v2/partidos/36786;AP;1.0;1.0;2023
2383624;https://dadosabertos.camara.leg.br/api/v2/proposicoes/2383624;160592.0;https://dadosabertos.camara.leg.br/api/v2/deputados/160592;10000;Deputado(a);Zeca Dirceu;PT;https://dadosabertos.camara.leg.br/api/v2/partidos/36844;PR;1.0;1.0;2023
2427818;https://dadosabertos.camara.leg.br/api/v2/proposicoes/2427818;;https://dadosabertos.camara.leg.br/api/v2/orgaos/537480;2;COMISSÃO PERMANENTE;Comissão de Defesa dos Direitos das Pessoas com Deficiência;;;;1.0;1.0;2024
2391538;https://dadosabertos.camara.leg.br/api/v2/proposicoes/2391538;74428.0;https://dadosabertos.camara.leg.br/api/v2/deputados/74428;10000;Deputado(a);Mendonça Filho;UNIÃO;https://dadosabertos.camara.leg.br/api/v2/partidos/38009;PE;1.0;1.0;2023
2483257;https://dadosabertos.camara.leg.br/api/v2/proposicoes/2483257;221148.0;https://dadosabertos.camara.leg.br/api/v2/deputados/221148;10000;Deputado(a);Alfredinho;PT;https://dadosabertos.camara.leg.br/api/v2/partidos/36844;SP;20.0;0.0;2025
2365662;https://dadosabertos.camara.leg.br/api/v2/proposicoes/2365662;204506.0;https://dadosabertos.camara.leg.br/api/v2/deputados/204506;10000;Deputado(a);Marcos Pereira;REPUBLIC;;SP;1.0;1.0;2023
2452234;https://dadosabertos.camara.leg.br/api/v2/proposicoes/2452234;204462.0;https://dadosabertos.camara.leg.br/api/v2/deputados/204462;10000;Deputado(a);Chris Tonietto;PL;https://dadosabertos.camara.leg.br/api/v2/partidos/37906;RJ;1.0;1.0;2024
2474479;https://dadosabertos.camara.leg.br/api/v2/proposicoes/2474479;204374.0;https://dadosabertos.camara.leg.br/api/v2/deputados/204374;10000;Deputado(a);Bia Kicis;PL;https://dadosabertos.camara.leg.br/api/v2/partidos/37906;DF;1.0;1.0;2024
2444287;https://dadosabertos.camara.leg.br/api/v2/proposicoes/2444287;220604.0;https://dadosabertos.camara.leg.br/api/v2/deputados/220604;10000;Deputado(a);Marcos Tavares;PDT;https://dadosabertos.camara.leg.br/api/v2/partidos/36786;RJ;1.0;1.0;2024
2415038;https://dadosabertos.camara.leg.br/api/v2/proposicoes/2415038;220704.0;https://dadosabertos.camara.leg.br/api/v2/deputados/220704;10000;Deputado(a);Carol Dartora;PT;https://dadosabertos.camara.leg.br/api/v2/partidos/36844;PR;1.0;1.0;2023
2456064;https://dadosabertos.camara.leg.br/api/v2/proposicoes/2456064;92346.0;https://dadosabertos.camara.leg.br/api/v2/deputados/92346;10000;Deputado(a);Eduardo Bolsonaro;PL;https://dadosabertos.camara.leg.br/api/v2/partidos/37906;SP;24.0;1.0;2024
2451374;https://dadosabertos.camara.leg.br/api/v2/proposicoes/2451374;220529.0;https://dadosabertos.camara.leg.br/api/v2/deputados/220529;10000;Deputado(a);Gilson Daniel;PODE;https://dadosabertos.camara.leg.br/api/v2/partidos/36896;ES;1.0;1.0;2024
2472071;https://dadosabertos.camara.leg.br/api/v2/proposicoes/2472071;220574.0;https://dadosabertos.camara.leg.br/api/v2/deputados/220574;10000;Deputado(a);Cabo Gilberto Silva;PL;https://dadosabertos.camara.leg.br/api/v2/partidos/37906;PB;1.0;1.0;2024
2449423;https://dadosabertos.camara.leg.br/api/v2/proposicoes/2449423;74356.0;https://dadosabertos.camara.leg.br/api/v2/deputados/74356;10000;Deputado(a);Silas Câmara;REPUBLIC;;AM;1.0;1.0;2024
2409499;https://dadosabertos.camara.leg.br/api/v2/proposicoes/2409499;220666.0;https://dadosabertos.camara.leg.br/api/v2/deputados/220666;10000;Deputado(a);Coronel Meira;PL;https://dadosabertos.camara.leg.br/api/v2/partidos/37906;PE;1.0;1.0;2023
2405341;https://dadosabertos.camara.leg.br/api/v2/proposicoes/2405341;74856.0;https://dadosabertos.camara.leg.br/api/v2/deputados/74856;10000;Deputado(a);Laura Carneiro;PSD;https://dadosabertos.camara.leg.br/api/v2/partidos/36834;RJ;1.0;1.0;2023
2466421;https://dadosabertos.camara.leg.br/api/v2/proposicoes/2466421;220575.0;https://dadosabertos.camara.leg.br/api/v2/deputados/220575;10000;Deputado(a);Sonize Barbosa;PL;https://dadosabertos.camara.leg.br/api/v2/partidos/37906;AP;1.0;1.0;2024
2360733;https://dadosabertos.camara.leg.br/api/v2/proposicoes/2360733;220630.0;https://dadosabertos.camara.leg.br/api/v2/deputados/220630;10000;Deputado(a);Pedro Aihara;PATRIOTA;https://dadosabertos.camara.leg.br/api/v2/partidos/37907;MG;5.0;1.0;2023
2424371;https://dadosabertos.camara.leg.br/api/v2/proposicoes/2424371;74159.0;https://dadosabertos.camara.leg.br/api/v2/deputados/74159;10000;Deputado(a);Odair Cunha;PT;https://dadosabertos.camara.leg.br/api/v2/partidos/36844;MG;2.0;1.0;2024
2456017;https://dadosabertos.camara.leg.br/api/v2/proposicoes/2456017;204450.0;https://dadosabertos.camara.leg.br/api/v2/deputados/204450;10000;Deputado(a);Doutor Luizinho;PP;https://dadosabertos.camara.leg.br/api/v2/partidos/37903;RJ;1.0;1.0;2024
2391567;https://dadosabertos.camara.leg.br/api/v2/proposicoes/2391567;204378.0;https://dadosabertos.camara.leg.br/api/v2/deputados/204378;10000;Deputado(a);Coronel Chrisóstomo;PL;https://dadosabertos.camara.leg.br/api/v2/partidos/37906;RO;34.0;0.0;2023
2365126;https://dadosabertos.camara.leg.br/api/v2/proposicoes/2365126;220666.0;https://dadosabertos.camara.leg.br/api/v2/deputados/220666;10000;Deputado(a);Coronel Meira;PL;https://dadosabertos.camara.leg.br/api/v2/partidos/37906;PE;138.0;0.0;2023
2396261;https://dadosabertos.camara.leg.br/api/v2/proposicoes/2396261;220547.0;https://dadosabertos.camara.leg.br/api/v2/deputados/220547;10000;Deputado(a);Marcos Pollon;PL;https://dadosabertos.camara.leg.br/api/v2/partidos/37906;MS;1.0;1.0;2023
2386031;https://dadosabertos.camara.leg.br/api/v2/proposicoes/2386031;220593.0;https://dadosabertos.camara.leg.br/api/v2/deputados/220593;10000;Deputado(a);Abilio Brunini;PL;https://dadosabertos.camara.leg.br/api/v2/partidos/37906;MT;1.0;1.0;2023
2401382;https://dadosabertos.camara.leg.br/api/v2/proposicoes/2401382;220593.0;https://dadosabertos.camara.leg.br/api/v2/deputados/220593;10000;Deputado(a);Abilio Brunini;PL;https://dadosabertos.camara.leg.br/api/v2/partidos/37906;MT;4.0;1.0;2023
2423523;https://dadosabertos.camara.leg.br/api/v2/proposicoes/2423523;220615.0;https://dadosabertos.camara.leg.br/api/v2/deputados/220615;10000;Deputado(a);Pastor Henrique Vieira;PSOL;https://dadosabertos.camara.leg.br/api/v2/partidos/36839;RJ;1.0;1.0;2024
2370037;https://dadosabertos.camara.leg.br/api/v2/proposicoes/2370037;204395.0;https://dadosabertos.camara.leg.br/api/v2/deputados/204395;10000;Deputado(a);Pedro Lupion;PP;https://dadosabertos.camara.leg.br/api/v2/partidos/37903;PR;1.0;1.0;2023
2483424;https://dadosabertos.camara.leg.br/api/v2/proposicoes/2483424;220548.0;https://dadosabertos.camara.leg.br/api/v2/deputados/220548;10000;Deputado(a);Camila Jara;PT;https://dadosabertos.camara.leg.br/api/v2/partidos/36844;MS;18.0;0.0;2025
2470348;https://dadosabertos.camara.leg.br/api/v2/proposicoes/2470348;206018.0;https://dadosabertos.camara.leg.br/api/v2/deputados/206018;10000;Deputado(a);Célia Xakriabá;PSOL;https://dadosabertos.camara.leg.br/api/v2/partidos/36839;MG;2.0;1.0;2024
2405537;https://dadosabertos.camara.leg.br/api/v2/proposicoes/2405537;204572.0;https://dadosabertos.camara.leg.br/api/v2/deputados/204572;10000;Deputado(a);Capitão Alberto Neto;PL;https://dadosabertos.camara.leg.br/api/v2/partidos/37906;AM;1.0;1.0;2023
2464883;https://dadosabertos.camara.leg.br/api/v2/proposicoes/2464883;74374.0;https://dadosabertos.camara.leg.br/api/v2/deputados/74374;10000;Deputado(a);Geraldo Resende;PSDB;https://dadosabertos.camara.leg.br/api/v2/partidos/36835;MS;1.0;1.0;2024
2372482;https://dadosabertos.camara.leg.br/api/v2/proposicoes/2372482;178871.0;https://dadosabertos.camara.leg.br/api/v2/deputados/178871;10000;Deputado(a);Evair Vieira de Melo;PP;https://dadosabertos.camara.leg.br/api/v2/partidos/37903;ES;13.0;1.0;2023
2386194;https://dadosabertos.camara.leg.br/api/v2/proposicoes/2386194;220555.0;https://dadosabertos.camara.leg.br/api/v2/deputados/220555;10000;Deputado(a);Daiana Santos;PCdoB;https://dadosabertos.camara.leg.br/api/v2/partidos/36779;RS;47.0;0.0;2023
2394259;https://dadosabertos.camara.leg.br/api/v2/proposicoes/2394259;215043.0;https://dadosabertos.camara.leg.br/api/v2/deputados/215043;10000;Deputado(a);Josivaldo Jp;PSD;https://dadosabertos.camara.leg.br/api/v2/partidos/36834;MA;191.0;1.0;2023
2405601;https://dadosabertos.camara.leg.br/api/v2/proposicoes/2405601;178931.0;https://dadosabertos.camara.leg.br/api/v2/deputados/178931;10000;Deputado(a);Luciano Ducci;PSB;https://dadosabertos.camara.leg.br/api/v2/partidos/36832;PR;8.0;0.0;2023
2432258;https://dadosabertos.camara.leg.br/api/v2/proposicoes/2432258;204404.0;https://dadosabertos.camara.leg.br/api/v2/deputados/204404;10000;Deputado(a);Lucas Redecker;PSDB;https://dadosabertos.camara.leg.br/api/v2/partidos/36835;RS;3.0;1.0;2024
2371700;https://dadosabertos.camara.leg.br/api/v2/proposicoes/2371700;141456.0;https://dadosabertos.camara.leg.br/api/v2/deputados/141456;10000;Deputado(a);Jilmar Tatto;PT;https://dadosabertos.camara.leg.br/api/v2/partidos/36844;SP;30.0;0.0;2023
2441082;https://dadosabertos.camara.leg.br/api/v2/proposicoes/2441082;220539.0;https://dadosabertos.camara.leg.br/api/v2/deputados/220539;10000;Deputado(a);Defensor Stélio Dener;REPUBLIC;;RR;1.0;1.0;2024
2436628;https://dadosabertos.camara.leg.br/api/v2/proposicoes/2436628;178985.0;https://dadosabertos.camara.leg.br/api/v2/deputados/178985;10000;Deputado(a);Miguel Lombardi;PL;https://dadosabertos.camara.leg.br/api/v2/partidos/37906;SP;50.0;0.0;2024
2409873;https://dadosabertos.camara.leg.br/api/v2/proposicoes/2409873;220611.0;https://dadosabertos.camara.leg.br/api/v2/deputados/220611;10000;Deputado(a);General Pazuello;PL;https://dadosabertos.camara.leg.br/api/v2/partidos/37906;RJ;189.0;0.0;2023
2427093;https://dadosabertos.camara.leg.br/api/v2/proposicoes/2427093;74159.0;https://dadosabertos.camara.leg.br/api/v2/deputados/74159;10000;Deputado(a);Odair Cunha;PT;https://dadosabertos.camara.leg.br/api/v2/partidos/36844;MG;9.0;0.0;2024
2386759;https://dadosabertos.camara.leg.br/api/v2/proposicoes/2386759;139285.0;https://dadosabertos.camara.leg.br/api/v2/deputados/139285;10000;Deputado(a);Lídice da Mata;PSB;https://dadosabertos.camara.leg.br/api/v2/partidos/36832;BA;1.0;1.0;2023
2394259;https://dadosabertos.camara.leg.br/api/v2/proposicoes/2394259;220685.0;https://dadosabertos.camara.leg.br/api/v2/deputados/220685;10000;Deputado(a);Paulo Litro;PSD;https://dadosabertos.camara.leg.br/api/v2/partidos/36834;PR;125.0;0.0;2023
2412312;https://dadosabertos.camara.leg.br/api/v2/proposicoes/2412312;220559.0;https://dadosabertos.camara.leg.br/api/v2/deputados/220559;10000;Deputado(a);Julia Zanatta;PL;https://dadosabertos.camara.leg.br/api/v2/partidos/37906;SC;1.0;1.0;2023
2431054;https://dadosabertos.camara.leg.br/api/v2/proposicoes/2431054;204374.0;https://dadosabertos.camara.leg.br/api/v2/deputados/204374;10000;Deputado(a);Bia Kicis;PL;https://dadosabertos.camara.leg.br/api/v2/partidos/37906;DF;5.0;1.0;2024
2468471;https://dadosabertos.camara.leg.br/api/v2/proposicoes/2468471;74856.0;https://dadosabertos.camara.leg.br/api/v2/deputados/74856;10000;Deputado(a);Laura Carneiro;PSD;https://dadosabertos.camara.leg.br/api/v2/partidos/36834;RJ;1.0;1.0;2024
2404311;https://dadosabertos.camara.leg.br/api/v2/proposicoes/2404311;220645.0;https://dadosabertos.camara.leg.br/api/v2/deputados/220645;10000;Deputado(a);Erika Hilton;PSOL;https://dadosabertos.camara.leg.br/api/v2/partidos/36839;SP;1.0;1.0;2023
2390828;https://dadosabertos.camara.leg.br/api/v2/proposicoes/2390828;160604.0;https://dadosabertos.camara.leg.br/api/v2/deputados/160604;10000;Deputado(a);Pedro Uczai;PT;https://dadosabertos.camara.leg.br/api/v2/partidos/36844;SC;1.0;1.0;2023
2472100;https://dadosabertos.camara.leg.br/api/v2/proposicoes/2472100;178937.0;https://dadosabertos.camara.leg.br/api/v2/deputados/178937;10000;Deputado(a);Altineu Côrtes;PL;https://dadosabertos.camara.leg.br/api/v2/partidos/37906;RJ;1.0;1.0;2024
2364868;https://dadosabertos.camara.leg.br/api/v2/proposicoes/2364868;178929.0;https://dadosabertos.camara.leg.br/api/v2/deputados/178929;10000;Deputado(a);Diego Garcia;REPUBLIC;;PR;1.0;1.0;2023
2469411;https://dadosabertos.camara.leg.br/api/v2/proposicoes/2469411;204351.0;https://dadosabertos.camara.leg.br/api/v2/deputados/204351;10000;Deputado(a);Dr. Luiz Ovando;PP;https://dadosabertos.camara.leg.br/api/v2/partidos/37903;MS;1.0;1.0;2024
2406552;https://dadosabertos.camara.leg.br/api/v2/proposicoes/2406552;;https://dadosabertos.camara.leg.br/api/v2/orgaos/539385;2;COMISSÃO PERMANENTE;Comissão de Comunicação;;;;1.0;1.0;2023
2399883;https://dadosabertos.camara.leg.br/api/v2/proposicoes/2399883;204520.0;https://dadosabertos.camara.leg.br/api/v2/deputados/204520;10000;Deputado(a);Junio Amaral;PL;https://dadosabertos.camara.leg.br/api/v2/partidos/37906;MG;1.0;1.0;2023
2425418;https://dadosabertos.camara.leg.br/api/v2/proposicoes/2425418;220629.0;https://dadosabertos.camara.leg.br/api/v2/deputados/220629;10000;Deputado(a);Dandara;PT;https://dadosabertos.camara.leg.br/api/v2/partidos/36844;MG;4.0;1.0;2024
2464061;https://dadosabertos.camara.leg.br/api/v2/proposicoes/2464061;;https://dadosabertos.camara.leg.br/api/v2/orgaos/253;30000;Órgão do Poder Executivo;Poder Executivo;;;;1.0;1.0;2024
2401436;https://dadosabertos.camara.leg.br/api/v2/proposicoes/2401436;74856.0;https://dadosabertos.camara.leg.br/api/v2/deputados/74856;10000;Deputado(a);Laura Carneiro;PSD;https://dadosabertos.camara.leg.br/api/v2/partidos/36834;RJ;1.0;1.0;2023
2385133;https://dadosabertos.camara.leg.br/api/v2/proposicoes/2385133;204426.0;https://dadosabertos.camara.leg.br/api/v2/deputados/204426;10000;Deputado(a);Carlos Veras;PT;https://dadosabertos.camara.leg.br/api/v2/partidos/36844;PE;107.0;0.0;2023
2458487;https://dadosabertos.camara.leg.br/api/v2/proposicoes/2458487;229082.0;https://dadosabertos.camara.leg.br/api/v2/deputados/229082;10000;Deputado(a);Lucyana Genésio;PDT;https://dadosabertos.camara.leg.br/api/v2/partidos/36786;MA;1.0;1.0;2024
2374496;https://dadosabertos.camara.leg.br/api/v2/proposicoes/2374496;220633.0;https://dadosabertos.camara.leg.br/api/v2/deputados/220633;10000;Deputado(a);Ricardo Salles;PL;https://dadosabertos.camara.leg.br/api/v2/partidos/37906;SP;12.0;1.0;2023
2486556;https://dadosabertos.camara.leg.br/api/v2/proposicoes/2486556;220547.0;https://dadosabertos.camara.leg.br/api/v2/deputados/220547;10000;Deputado(a);Marcos Pollon;PL;https://dadosabertos.camara.leg.br/api/v2/partidos/37906;MS;1.0;1.0;2025
2430832;https://dadosabertos.camara.leg.br/api/v2/proposicoes/2430832;204528.0;https://dadosabertos.camara.leg.br/api/v2/deputados/204528;10000;Deputado(a);Adriana Ventura;NOVO;https://dadosabertos.camara.leg.br/api/v2/partidos/37901;SP;1.0;1.0;2024
2450902;https://dadosabertos.camara.leg.br/api/v2/proposicoes/2450902;220618.0;https://dadosabertos.camara.leg.br/api/v2/deputados/220618;10000;Deputado(a);Sargento Portugal;PODE;https://dadosabertos.camara.leg.br/api/v2/partidos/36896;RJ;1.0;1.0;2024
2406883;https://dadosabertos.camara.leg.br/api/v2/proposicoes/2406883;220543.0;https://dadosabertos.camara.leg.br/api/v2/deputados/220543;10000;Deputado(a);Ricardo Ayres;REPUBLIC;;TO;1.0;1.0;2023
2412105;https://dadosabertos.camara.leg.br/api/v2/proposicoes/2412105;204571.0;https://dadosabertos.camara.leg.br/api/v2/deputados/204571;10000;Deputado(a);Alex Santana;REPUBLIC;;BA;1.0;1.0;2023
2388696;https://dadosabertos.camara.leg.br/api/v2/proposicoes/2388696;104552.0;https://dadosabertos.camara.leg.br/api/v2/deputados/104552;10000;Deputado(a);Socorro Neri;PP;https://dadosabertos.camara.leg.br/api/v2/partidos/37903;AC;31.0;0.0;2023
2434567;https://dadosabertos.camara.leg.br/api/v2/proposicoes/2434567;73441.0;https://dadosabertos.camara.leg.br/api/v2/deputados/73441;10000;Deputado(a);Celso Russomanno;REPUBLIC;;SP;93.0;0.0;2024
2409398;https://dadosabertos.camara.leg.br/api/v2/proposicoes/2409398;204365.0;https://dadosabertos.camara.leg.br/api/v2/deputados/204365;10000;Deputado(a);Gilson Marques;NOVO;https://dadosabertos.camara.leg.br/api/v2/partidos/37901;SC;1.0;1.0;2023
2379514;https://dadosabertos.camara.leg.br/api/v2/proposicoes/2379514;178937.0;https://dadosabertos.camara.leg.br/api/v2/deputados/178937;10000;Deputado(a);Altineu Côrtes;PL;https://dadosabertos.camara.leg.br/api/v2/partidos/37906;RJ;1.0;1.0;2023
2369265;https://dadosabertos.camara.leg.br/api/v2/proposicoes/2369265;74856.0;https://dadosabertos.camara.leg.br/api/v2/deputados/74856;10000;Deputado(a);Laura Carneiro;PSD;https://dadosabertos.camara.leg.br/api/v2/partidos/36834;RJ;139.0;0.0;2023
2459626;https://dadosabertos.camara.leg.br/api/v2/proposicoes/2459626;;https://dadosabertos.camara.leg.br/api/v2/orgaos/253;30000;Órgão do Poder Executivo;Poder Executivo;;;;1.0;1.0;2024
2370264;https://dadosabertos.camara.leg.br/api/v2/proposicoes/2370264;66385.0;https://dadosabertos.camara.leg.br/api/v2/deputados/66385;10000;Deputado(a);Julio Arcoverde;PP;https://dadosabertos.camara.leg.br/api/v2/partidos/37903;PI;1.0;1.0;2023
2380748;https://dadosabertos.camara.leg.br/api/v2/proposicoes/2380748;178873.0;https://dadosabertos.camara.leg.br/api/v2/deputados/178873;10000;Deputado(a);Helder Salomão;PT;https://dadosabertos.camara.leg.br/api/v2/partidos/36844;ES;1.0;1.0;2023
2436224;https://dadosabertos.camara.leg.br/api/v2/proposicoes/2436224;160610.0;https://dadosabertos.camara.leg.br/api/v2/deputados/160610;10000;Deputado(a);Valmir Assunção;PT;https://dadosabertos.camara.leg.br/api/v2/partidos/36844;BA;164.0;0.0;2024
2478264;https://dadosabertos.camara.leg.br/api/v2/proposicoes/2478264;157130.0;https://dadosabertos.camara.leg.br/api/v2/deputados/157130;10000;Deputado(a);Túlio Gadêlha;REDE;https://dadosabertos.camara.leg.br/api/v2/partidos/36886;PE;3.0;1.0;2024
2372880;https://dadosabertos.camara.leg.br/api/v2/proposicoes/2372880;220623.0;https://dadosabertos.camara.leg.br/api/v2/deputados/220623;10000;Deputado(a);Duda Salabert;PDT;https://dadosabertos.camara.leg.br/api/v2/partidos/36786;MG;197.0;0.0;2023
2373337;https://dadosabertos.camara.leg.br/api/v2/proposicoes/2373337;220672.0;https://dadosabertos.camara.leg.br/api/v2/deputados/220672;10000;Deputado(a);Henderson Pinto;MDB;https://dadosabertos.camara.leg.br/api/v2/partidos/36899;PA;1.0;1.0;2023
2456497;https://dadosabertos.camara.leg.br/api/v2/proposicoes/2456497;220547.0;https://dadosabertos.camara.leg.br/api/v2/deputados/220547;10000;Deputado(a);Marcos Pollon;PL;https://dadosabertos.camara.leg.br/api/v2/partidos/37906;MS;1.0;1.0;2024
2423455;https://dadosabertos.camara.leg.br/api/v2/proposicoes/2423455;;https://dadosabertos.camara.leg.br/api/v2/orgaos/253;30000;Órgão do Poder Executivo;Poder Executivo;;;;1.0;1.0;2024
2485161;https://dadosabertos.camara.leg.br/api/v2/proposicoes/2485161;178871.0;https://dadosabertos.camara.leg.br/api/v2/deputados/178871;10000;Deputado(a);Evair Vieira de Melo;PP;https://dadosabertos.camara.leg.br/api/v2/partidos/37903;ES;1.0;1.0;2025
2479753;https://dadosabertos.camara.leg.br/api/v2/proposicoes/2479753;226708.0;https://dadosabertos.camara.leg.br/api/v2/deputados/226708;10000;Deputado(a);Allan Garcês;PP;https://dadosabertos.camara.leg.br/api/v2/partidos/37903;MA;1.0;1.0;2024
2452008;https://dadosabertos.camara.leg.br/api/v2/proposicoes/2452008;74084.0;https://dadosabertos.camara.leg.br/api/v2/deputados/74084;10000;Deputado(a);Raimundo Santos;PSD;https://dadosabertos.camara.leg.br/api/v2/partidos/36834;PA;1.0;1.0;2024
2440742;https://dadosabertos.camara.leg.br/api/v2/proposicoes/2440742;204453.0;https://dadosabertos.camara.leg.br/api/v2/deputados/204453;10000;Deputado(a);Natália Bonavides;PT;https://dadosabertos.camara.leg.br/api/v2/partidos/36844;RN;51.0;0.0;2024
2383212;https://dadosabertos.camara.leg.br/api/v2/proposicoes/2383212;220565.0;https://dadosabertos.camara.leg.br/api/v2/deputados/220565;10000;Deputado(a);Delegada Adriana Accorsi;PT;https://dadosabertos.camara.leg.br/api/v2/partidos/36844;GO;158.0;1.0;2023
2449214;https://dadosabertos.camara.leg.br/api/v2/proposicoes/2449214;74356.0;https://dadosabertos.camara.leg.br/api/v2/deputados/74356;10000;Deputado(a);Silas Câmara;REPUBLIC;;AM;1.0;1.0;2024
2433829;https://dadosabertos.camara.leg.br/api/v2/proposicoes/2433829;204497.0;https://dadosabertos.camara.leg.br/api/v2/deputados/204497;10000;Deputado(a);Júnior Ferrari;PSD;https://dadosabertos.camara.leg.br/api/v2/partidos/36834;PA;18.0;0.0;2024
2478640;https://dadosabertos.camara.leg.br/api/v2/proposicoes/2478640;74856.0;https://dadosabertos.camara.leg.br/api/v2/deputados/74856;10000;Deputado(a);Laura Carneiro;PSD;https://dadosabertos.camara.leg.br/api/v2/partidos/36834;RJ;1.0;1.0;2024
2470614;https://dadosabertos.camara.leg.br/api/v2/proposicoes/2470614;161440.0;https://dadosabertos.camara.leg.br/api/v2/deputados/161440;10000;Deputado(a);Pezenti;MDB;https://dadosabertos.camara.leg.br/api/v2/partidos/36899;SC;1.0;1.0;2024
2368404;https://dadosabertos.camara.leg.br/api/v2/proposicoes/2368404;;https://dadosabertos.camara.leg.br/api/v2/orgaos/100313;81009;Partido Político;Partido Liberal;;;;1.0;1.0;2023
2435917;https://dadosabertos.camara.leg.br/api/v2/proposicoes/2435917;160512.0;https://dadosabertos.camara.leg.br/api/v2/deputados/160512;10000;Deputado(a);Aureo Ribeiro;SOLIDARI;;RJ;7.0;0.0;2024
2398398;https://dadosabertos.camara.leg.br/api/v2/proposicoes/2398398;178929.0;https://dadosabertos.camara.leg.br/api/v2/deputados/178929;10000;Deputado(a);Diego Garcia;REPUBLIC;;PR;1.0;1.0;2023
2474897;https://dadosabertos.camara.leg.br/api/v2/proposicoes/2474897;220713.0;https://dadosabertos.camara.leg.br/api/v2/deputados/220713;10000;Deputado(a);Saullo Vianna;UNIÃO;https://dadosabertos.camara.leg.br/api/v2/partidos/38009;AM;1.0;1.0;2024
2428554;https://dadosabertos.camara.leg.br/api/v2/proposicoes/2428554;204535.0;https://dadosabertos.camara.leg.br/api/v2/deputados/204535;10000;Deputado(a);Sâmia Bomfim;PSOL;https://dadosabertos.camara.leg.br/api/v2/partidos/36839;SP;2.0;1.0;2024
2424100;https://dadosabertos.camara.leg.br/api/v2/proposicoes/2424100;221338.0;https://dadosabertos.camara.leg.br/api/v2/deputados/221338;10000;Deputado(a);Professora Luciene Cavalcante;PSOL;https://dadosabertos.camara.leg.br/api/v2/partidos/36839;SP;1.0;1.0;2024
2399372;https://dadosabertos.camara.leg.br/api/v2/proposicoes/2399372;178937.0;https://dadosabertos.camara.leg.br/api/v2/deputados/178937;10000;Deputado(a);Altineu Côrtes;PL;https://dadosabertos.camara.leg.br/api/v2/partidos/37906;RJ;1.0;1.0;2023
2372232;https://dadosabertos.camara.leg.br/api/v2/proposicoes/2372232;178993.0;https://dadosabertos.camara.leg.br/api/v2/deputados/178993;10000;Deputado(a);Carlos Henrique Gaguim;UNIÃO;https://dadosabertos.camara.leg.br/api/v2/partidos/38009;TO;15.0;0.0;2023
2447477;https://dadosabertos.camara.leg.br/api/v2/proposicoes/2447477;74160.0;https://dadosabertos.camara.leg.br/api/v2/deputados/74160;10000;Deputado(a);Patrus Ananias;PT;https://dadosabertos.camara.leg.br/api/v2/partidos/36844;MG;1.0;1.0;2024
2360730;https://dadosabertos.camara.leg.br/api/v2/proposicoes/2360730;204455.0;https://dadosabertos.camara.leg.br/api/v2/deputados/204455;10000;Deputado(a);Luiz Lima;PL;https://dadosabertos.camara.leg.br/api/v2/partidos/37906;RJ;9.0;1.0;2023
2469405;https://dadosabertos.camara.leg.br/api/v2/proposicoes/2469405;178963.0;https://dadosabertos.camara.leg.br/api/v2/deputados/178963;10000;Deputado(a);Covatti Filho;PP;https://dadosabertos.camara.leg.br/api/v2/partidos/37903;RS;56.0;0.0;2024
2397841;https://dadosabertos.camara.leg.br/api/v2/proposicoes/2397841;204518.0;https://dadosabertos.camara.leg.br/api/v2/deputados/204518;10000;Deputado(a);Dr. Frederico;PATRIOTA;https://dadosabertos.camara.leg.br/api/v2/partidos/37907;MG;4.0;0.0;2023
2429897;https://dadosabertos.camara.leg.br/api/v2/proposicoes/2429897;;https://dadosabertos.camara.leg.br/api/v2/orgaos/2014;2;COMISSÃO PERMANENTE;Comissão de Saúde;;;;1.0;1.0;2024
2389101;https://dadosabertos.camara.leg.br/api/v2/proposicoes/2389101;204396.0;https://dadosabertos.camara.leg.br/api/v2/deputados/204396;10000;Deputado(a);Vermelho;PL;https://dadosabertos.camara.leg.br/api/v2/partidos/37906;PR;1.0;1.0;2023
2365126;https://dadosabertos.camara.leg.br/api/v2/proposicoes/2365126;178966.0;https://dadosabertos.camara.leg.br/api/v2/deputados/178966;10000;Deputado(a);Geovania de Sá;PSDB;https://dadosabertos.camara.leg.br/api/v2/partidos/36835;SC;167.0;0.0;2023
2381613;https://dadosabertos.camara.leg.br/api/v2/proposicoes/2381613;74478.0;https://dadosabertos.camara.leg.br/api/v2/deputados/74478;10000;Deputado(a);Luciano Bivar;UNIÃO;https://dadosabertos.camara.leg.br/api/v2/partidos/38009;PE;1.0;1.0;2023
2440489;https://dadosabertos.camara.leg.br/api/v2/proposicoes/2440489;74848.0;https://dadosabertos.camara.leg.br/api/v2/deputados/74848;10000;Deputado(a);Jandira Feghali;PCdoB;https://dadosabertos.camara.leg.br/api/v2/partidos/36779;RJ;1.0;1.0;2024
2379207;https://dadosabertos.camara.leg.br/api/v2/proposicoes/2379207;204416.0;https://dadosabertos.camara.leg.br/api/v2/deputados/204416;10000;Deputado(a);Sanderson;PL;https://dadosabertos.camara.leg.br/api/v2/partidos/37906;RS;19.0;0.0;2023
2372039;https://dadosabertos.camara.leg.br/api/v2/proposicoes/2372039;220554.0;https://dadosabertos.camara.leg.br/api/v2/deputados/220554;10000;Deputado(a);Alexandre Lindenmeyer;PT;https://dadosabertos.camara.leg.br/api/v2/partidos/36844;RS;1.0;1.0;2023
2483164;https://dadosabertos.camara.leg.br/api/v2/proposicoes/2483164;178929.0;https://dadosabertos.camara.leg.br/api/v2/deputados/178929;10000;Deputado(a);Diego Garcia;REPUBLIC;;PR;138.0;0.0;2025
2405970;https://dadosabertos.camara.leg.br/api/v2/proposicoes/2405970;;https://dadosabertos.camara.leg.br/api/v2/orgaos/6066;2;COMISSÃO PERMANENTE;Comissão de Turismo;;;;1.0;1.0;2023
2465209;https://dadosabertos.camara.leg.br/api/v2/proposicoes/2465209;204374.0;https://dadosabertos.camara.leg.br/api/v2/deputados/204374;10000;Deputado(a);Bia Kicis;PL;https://dadosabertos.camara.leg.br/api/v2/partidos/37906;DF;1.0;1.0;2024
2482508;https://dadosabertos.camara.leg.br/api/v2/proposicoes/2482508;220618.0;https://dadosabertos.camara.leg.br/api/v2/deputados/220618;10000;Deputado(a);Sargento Portugal;PODE;https://dadosabertos.camara.leg.br/api/v2/partidos/36896;RJ;1.0;1.0;2025
2374035;https://dadosabertos.camara.leg.br/api/v2/proposicoes/2374035;220619.0;https://dadosabertos.camara.leg.br/api/v2/deputados/220619;10000;Deputado(a);Delegado Ramagem;PL;https://dadosabertos.camara.leg.br/api/v2/partidos/37906;RJ;65.0;0.0;2023
2382637;https://dadosabertos.camara.leg.br/api/v2/proposicoes/2382637;220578.0;https://dadosabertos.camara.leg.br/api/v2/deputados/220578;10000;Deputado(a);Josenildo;PDT;https://dadosabertos.camara.leg.br/api/v2/partidos/36786;AP;1.0;1.0;2023
2405212;https://dadosabertos.camara.leg.br/api/v2/proposicoes/2405212;220547.0;https://dadosabertos.camara.leg.br/api/v2/deputados/220547;10000;Deputado(a);Marcos Pollon;PL;https://dadosabertos.camara.leg.br/api/v2/partidos/37906;MS;1.0;1.0;2023
2397806;https://dadosabertos.camara.leg.br/api/v2/proposicoes/2397806;160601.0;https://dadosabertos.camara.leg.br/api/v2/deputados/160601;10000;Deputado(a);Pr. Marco Feliciano;PL;https://dadosabertos.camara.leg.br/api/v2/partidos/37906;SP;8.0;1.0;2023
2361159;https://dadosabertos.camara.leg.br/api/v2/proposicoes/2361159;204368.0;https://dadosabertos.camara.leg.br/api/v2/deputados/204368;10000;Deputado(a);Fabio Schiochet;UNIÃO;https://dadosabertos.camara.leg.br/api/v2/partidos/38009;SC;150.0;0.0;2023
2383248;https://dadosabertos.camara.leg.br/api/v2/proposicoes/2383248;;https://dadosabertos.camara.leg.br/api/v2/orgaos/78;40000;Órgão do Poder Legislativo;Senado Federal;;;;1.0;1.0;2023
2372277;https://dadosabertos.camara.leg.br/api/v2/proposicoes/2372277;220591.0;https://dadosabertos.camara.leg.br/api/v2/deputados/220591;10000;Deputado(a);Meire Serafim;UNIÃO;https://dadosabertos.camara.leg.br/api/v2/partidos/38009;AC;19.0;1.0;2023
2479738;https://dadosabertos.camara.leg.br/api/v2/proposicoes/2479738;220552.0;https://dadosabertos.camara.leg.br/api/v2/deputados/220552;10000;Deputado(a);Zucco;PL;https://dadosabertos.camara.leg.br/api/v2/partidos/37906;RS;99.0;0.0;2024
2428854;https://dadosabertos.camara.leg.br/api/v2/proposicoes/2428854;74171.0;https://dadosabertos.camara.leg.br/api/v2/deputados/74171;10000;Deputado(a);Chico Alencar;PSOL;https://dadosabertos.camara.leg.br/api/v2/partidos/36839;RJ;2.0;1.0;2024
2372880;https://dadosabertos.camara.leg.br/api/v2/proposicoes/2372880;204525.0;https://dadosabertos.camara.leg.br/api/v2/deputados/204525;10000;Deputado(a);Rosana Valle;PL;https://dadosabertos.camara.leg.br/api/v2/partidos/37906;SP;181.0;0.0;2023
2462227;https://dadosabertos.camara.leg.br/api/v2/proposicoes/2462227;220630.0;https://dadosabertos.camara.leg.br/api/v2/deputados/220630;10000;Deputado(a);Pedro Aihara;PRD;https://dadosabertos.camara.leg.br/api/v2/partidos/38010;MG;1.0;1.0;2024
2482462;https://dadosabertos.camara.leg.br/api/v2/proposicoes/2482462;220618.0;https://dadosabertos.camara.leg.br/api/v2/deputados/220618;10000;Deputado(a);Sargento Portugal;PODE;https://dadosabertos.camara.leg.br/api/v2/partidos/36896;RJ;1.0;1.0;2025
2398819;https://dadosabertos.camara.leg.br/api/v2/proposicoes/2398819;204462.0;https://dadosabertos.camara.leg.br/api/v2/deputados/204462;10000;Deputado(a);Chris Tonietto;PL;https://dadosabertos.camara.leg.br/api/v2/partidos/37906;RJ;1.0;1.0;2023
2374131;https://dadosabertos.camara.leg.br/api/v2/proposicoes/2374131;220600.0;https://dadosabertos.camara.leg.br/api/v2/deputados/220600;10000;Deputado(a);Lebrão;UNIÃO;https://dadosabertos.camara.leg.br/api/v2/partidos/38009;RO;2.0;0.0;2023
2383212;https://dadosabertos.camara.leg.br/api/v2/proposicoes/2383212;204572.0;https://dadosabertos.camara.leg.br/api/v2/deputados/204572;10000;Deputado(a);Capitão Alberto Neto;PL;https://dadosabertos.camara.leg.br/api/v2/partidos/37906;AM;126.0;0.0;2023
2385623;https://dadosabertos.camara.leg.br/api/v2/proposicoes/2385623;160518.0;https://dadosabertos.camara.leg.br/api/v2/deputados/160518;10000;Deputado(a);Weliton Prado;SOLIDARI;;MG;1.0;1.0;2023
2476308;https://dadosabertos.camara.leg.br/api/v2/proposicoes/2476308;;https://dadosabertos.camara.leg.br/api/v2/orgaos/5438;2;COMISSÃO PERMANENTE;Comissão de Legislação Participativa;;;;1.0;1.0;2024
2483832;https://dadosabertos.camara.leg.br/api/v2/proposicoes/2483832;220630.0;https://dadosabertos.camara.leg.br/api/v2/deputados/220630;10000;Deputado(a);Pedro Aihara;PRD;https://dadosabertos.camara.leg.br/api/v2/partidos/38010;MG;10.0;1.0;2025
2362256;https://dadosabertos.camara.leg.br/api/v2/proposicoes/2362256;178937.0;https://dadosabertos.camara.leg.br/api/v2/deputados/178937;10000;Deputado(a);Altineu Côrtes;PL;https://dadosabertos.camara.leg.br/api/v2/partidos/37906;RJ;3.0;0.0;2023
2389281;https://dadosabertos.camara.leg.br/api/v2/proposicoes/2389281;220550.0;https://dadosabertos.camara.leg.br/api/v2/deputados/220550;10000;Deputado(a);Mauricio Marcon;PODE;https://dadosabertos.camara.leg.br/api/v2/partidos/36896;RS;1.0;1.0;2023
2448065;https://dadosabertos.camara.leg.br/api/v2/proposicoes/2448065;178934.0;https://dadosabertos.camara.leg.br/api/v2/deputados/178934;10000;Deputado(a);Toninho Wandscheer;PP;https://dadosabertos.camara.leg.br/api/v2/partidos/37903;PR;1.0;1.0;2024
2483551;https://dadosabertos.camara.leg.br/api/v2/proposicoes/2483551;205550.0;https://dadosabertos.camara.leg.br/api/v2/deputados/205550;10000;Deputado(a);Jorge Braz;REPUBLIC;;RJ;31.0;0.0;2025
2482030;https://dadosabertos.camara.leg.br/api/v2/proposicoes/2482030;160758.0;https://dadosabertos.camara.leg.br/api/v2/deputados/160758;10000;Deputado(a);Domingos Sávio;PL;https://dadosabertos.camara.leg.br/api/v2/partidos/37906;MG;1.0;1.0;2024
2394053;https://dadosabertos.camara.leg.br/api/v2/proposicoes/2394053;160598.0;https://dadosabertos.camara.leg.br/api/v2/deputados/160598;10000;Deputado(a);Flávia Morais;PDT;https://dadosabertos.camara.leg.br/api/v2/partidos/36786;GO;1.0;1.0;2023
2483554;https://dadosabertos.camara.leg.br/api/v2/proposicoes/2483554;220581.0;https://dadosabertos.camara.leg.br/api/v2/deputados/220581;10000;Deputado(a);Luciano Amaral;PV;https://dadosabertos.camara.leg.br/api/v2/partidos/36851;AL;44.0;0.0;2025
2454304;https://dadosabertos.camara.leg.br/api/v2/proposicoes/2454304;220529.0;https://dadosabertos.camara.leg.br/api/v2/deputados/220529;10000;Deputado(a);Gilson Daniel;PODE;https://dadosabertos.camara.leg.br/api/v2/partidos/36896;ES;1.0;1.0;2024
2452575;https://dadosabertos.camara.leg.br/api/v2/proposicoes/2452575;204572.0;https://dadosabertos.camara.leg.br/api/v2/deputados/204572;10000;Deputado(a);Capitão Alberto Neto;PL;https://dadosabertos.camara.leg.br/api/v2/partidos/37906;AM;1.0;1.0;2024
2454393;https://dadosabertos.camara.leg.br/api/v2/proposicoes/2454393;220529.0;https://dadosabertos.camara.leg.br/api/v2/deputados/220529;10000;Deputado(a);Gilson Daniel;PODE;https://dadosabertos.camara.leg.br/api/v2/partidos/36896;ES;1.0;1.0;2024
2466413;https://dadosabertos.camara.leg.br/api/v2/proposicoes/2466413;74084.0;https://dadosabertos.camara.leg.br/api/v2/deputados/74084;10000;Deputado(a);Raimundo Santos;PSD;https://dadosabertos.camara.leg.br/api/v2/partidos/36834;PA;1.0;1.0;2024
2416195;https://dadosabertos.camara.leg.br/api/v2/proposicoes/2416195;220693.0;https://dadosabertos.camara.leg.br/api/v2/deputados/220693;10000;Deputado(a);Roberta Roma;PL;https://dadosabertos.camara.leg.br/api/v2/partidos/37906;BA;9.0;1.0;2023
2409718;https://dadosabertos.camara.leg.br/api/v2/proposicoes/2409718;116379.0;https://dadosabertos.camara.leg.br/api/v2/deputados/116379;10000;Deputado(a);Darci de Matos;PSD;https://dadosabertos.camara.leg.br/api/v2/partidos/36834;SC;1.0;1.0;2023
2364519;https://dadosabertos.camara.leg.br/api/v2/proposicoes/2364519;220658.0;https://dadosabertos.camara.leg.br/api/v2/deputados/220658;10000;Deputado(a);Luiz Gastão;PSD;https://dadosabertos.camara.leg.br/api/v2/partidos/36834;CE;1.0;1.0;2023
2468219;https://dadosabertos.camara.leg.br/api/v2/proposicoes/2468219;74160.0;https://dadosabertos.camara.leg.br/api/v2/deputados/74160;10000;Deputado(a);Patrus Ananias;PT;https://dadosabertos.camara.leg.br/api/v2/partidos/36844;MG;1.0;1.0;2024
2487249;https://dadosabertos.camara.leg.br/api/v2/proposicoes/2487249;160599.0;https://dadosabertos.camara.leg.br/api/v2/deputados/160599;10000;Deputado(a);Dimas Fabiano;PP;https://dadosabertos.camara.leg.br/api/v2/partidos/37903;MG;143.0;0.0;2025
2455515;https://dadosabertos.camara.leg.br/api/v2/proposicoes/2455515;205865.0;https://dadosabertos.camara.leg.br/api/v2/deputados/205865;10000;Deputado(a);Reinhold Stephanes;PSD;https://dadosabertos.camara.leg.br/api/v2/partidos/36834;PR;52.0;0.0;2024
