uri;nome;idLegislaturaInicial;idLegislaturaFinal;nomeCivil;cpf;siglaSexo;urlRedeSocial;urlWebsite;dataNascimento;dataFalecimento;ufNascimento;municipioNascimento
https://dadosabertos.camara.leg.br/api/v2/deputados/220593;Abilio Brunini;57;57;ABILIO JACQUES BRUNINI MOUMER;;M;;;1984-01-31;;MT;Cuiabá
https://dadosabertos.camara.leg.br/api/v2/deputados/204379;Acácio Favacho;56;57;ACÁCIO DA SILVA FAVACHO NETO;;M;https://twitter.com/acaciofavacho, https://www.facebook.com/deputadofederalacaciofavacho, https://youtube.com/channel/UCWNbptIjAriL2pt8H3W6CGw;;1983-09-28;;AP;Macapá
https://dadosabertos.camara.leg.br/api/v2/deputados/220714;Adail Filho;57;57;ADAIL JOSÉ FIGUEIREDO PINHEIRO;;M;https://www.instagram.com/adailfilho/, https://www.youtube.com/@AdailFilho, https://www.facebook.com/AdailFilhoAM, https://twitter.com/adailfilhoam?s=21&t=O_eoTX0q1QfS6vmySI7biQ;;1992-02-16;;AM;Manaus
https://dadosabertos.camara.leg.br/api/v2/deputados/221328;Adilson Barroso;57;57;ADILSON BARROSO OLIVEIRA;;M;;;1964-06-14;;MG;Minas Novas
https://dadosabertos.camara.leg.br/api/v2/deputados/204560;Adolfo Viana;56;57;ADOLFO VIANA DE CASTRO NETO;;M;;;1981-02-02;;BA;Salvador
https://dadosabertos.camara.leg.br/api/v2/deputados/204528;Adriana Ventura;56;57;ADRIANA MIGUEL VENTURA;;F;https://twitter.com/adriventurasp, https://www.facebook.com/adriventurasp, https://www.instagram.com/adriventurasp, https://youtube.com/adrianaventura;;1969-03-06;;SP;São Paulo
https://dadosabertos.camara.leg.br/api/v2/deputados/121948;Adriano do Baldy;56;57;ADRIANO ANTÔNIO AVELAR;;M;https://www.instagram.com/adrianodobaldyoficial, https://twitter.com/adrianodobaldy, https://www.facebook.com/AdrianoDoBaldyOficial;;1969-09-06;;GO;Goiás
https://dadosabertos.camara.leg.br/api/v2/deputados/74646;Aécio Neves;48;57;AÉCIO NEVES DA CUNHA;;M;;;1960-03-10;;MG;Belo Horizonte
https://dadosabertos.camara.leg.br/api/v2/deputados/160508;Afonso Florence;54;57;AFONSO BANDEIRA FLORENCE;;M;;;1960-10-15;;BA;Salvador
https://dadosabertos.camara.leg.br/api/v2/deputados/136811;Afonso Hamm;52;57;JOSÉ ALFONSO EBERT HAMM;;M;https://www.facebook.com/depafonsohamm, https://www.instagram.com/afonsohamm;;1962-04-25;;RS;Hulha Negra
https://dadosabertos.camara.leg.br/api/v2/deputados/178835;Afonso Motta;54;57;AFONSO ANTUNES DA MOTTA;;M;;;1950-01-08;;RS;Porto Alegre
https://dadosabertos.camara.leg.br/api/v2/deputados/160527;Aguinaldo Ribeiro;54;57;AGUINALDO VELLOSO BORGES RIBEIRO;;M;https://www.instagram.com/depaguinaldoribeiro, https://www.facebook.com/depaguinaldoribeiro, https://twitter.com/depaguinaldo11;;1969-02-13;;PB;Campina Grande
https://dadosabertos.camara.leg.br/api/v2/deputados/204495;Airton Faleiro;56;57;AIRTON LUIZ FALEIRO;;M;;;1959-03-16;;RS;Tenente Portela
https://dadosabertos.camara.leg.br/api/v2/deputados/204549;AJ Albuquerque;56;57;ANTONIO JOSE AGUIAR ALBUQUERQUE;;M;;;1983-09-26;;CE;Fortaleza
https://dadosabertos.camara.leg.br/api/v2/deputados/73579;Alberto Fraga;51;57;JOÃO ALBERTO FRAGA SILVA;;M;https://www.facebook.com/deputadoalbertofraga;;1956-06-02;;SE;Estância
https://dadosabertos.camara.leg.br/api/v2/deputados/74696;Alberto Mourão;51;57;ALBERTO PEREIRA MOURÃO;;M;https://www.facebook.com/mouraopg, https://twitter.com/albertomourao, https://www.instagram.com/albertopmourao;;1954-04-26;;SP;São Paulo
https://dadosabertos.camara.leg.br/api/v2/deputados/220538;Albuquerque;57;57;JOSÉ FRANCISCO LOPES DE ALBUQUERQUE;;M;;;1974-01-25;;CE;Moraújo
https://dadosabertos.camara.leg.br/api/v2/deputados/160559;Alceu Moreira;54;57;ALCEU MOREIRA DA SILVA;;M;http://twitter.com/alceu_moreira;;1954-06-04;;RS;Osório
https://dadosabertos.camara.leg.br/api/v2/deputados/204501;Alencar Santana;56;57;ALENCAR SANTANA BRAGA;;M;https://twitter.com/AlencarBraga13, https://www.facebook.com/AlencarBraga13, https://www.instagram.com/AlencarBraga13, https://youtube.com/AlencarBraga13;;1976-03-14;;SP;Guarulhos
https://dadosabertos.camara.leg.br/api/v2/deputados/178972;Alex Manente;55;57;ALEX SPINELLI MANENTE;;M;https://twitter.com/AlexManente23, https://www.instagram.com/alexmanente/, https://www.facebook.com/alexmanente, https://youtube.com/c/AlexManenteOficial;;1979-08-22;;SP;São Bernardo do Campo
https://dadosabertos.camara.leg.br/api/v2/deputados/204571;Alex Santana;56;57;ALEX MARCO SANTANA SOUSA;;M;;;1972-06-22;;BA;Salvador
https://dadosabertos.camara.leg.br/api/v2/deputados/220542;Alexandre Guimarães;57;57;JOSÉ ALEXANDRE DOMINGUES GUIMARÃES;;M;;;1986-02-19;;TO;Araguaína
https://dadosabertos.camara.leg.br/api/v2/deputados/160545;Alexandre Leite;54;57;ALEXANDRE LEITE DA SILVA;;M;https://www.facebook.com/AlexandreLeote.SP, https://www.instagram.com/alexandreleite.sp, https://twitter.com/lexandreleite, https://youtube.com/depfedalexandreleite;;1989-04-18;;SP;São Paulo
https://dadosabertos.camara.leg.br/api/v2/deputados/220554;Alexandre Lindenmeyer;57;57;ALEXANDRE DUARTE LINDENMEYER;;M;;;1963-12-23;;RS;Rio Grande
https://dadosabertos.camara.leg.br/api/v2/deputados/204503;Alexandre Padilha;56;57;ALEXANDRE ROCHA SANTOS PADILHA;;M;https://twitter.com/padilhando, https://www.facebook.com/padilhando, https://www.instagram.com/padilhando, https://youtube.com/AlexandrePadilhaTV;;1971-09-14;;SP;São Paulo
https://dadosabertos.camara.leg.br/api/v2/deputados/221148;Alfredinho;56;57;ALFREDO ALVES CAVALCANTE;;M;;;1959-06-24;;PI;Oeiras
https://dadosabertos.camara.leg.br/api/v2/deputados/220576;Alfredo Gaspar;57;57;ALFREDO GASPAR DE MENDONÇA NETO;;M;https://www.instagram.com/alfredogaspar, https://www.facebook.com/alfredogasparoficial, https://twitter.com/Alfredogaspar_, https://youtube.com/AlfredoGasparOficial;;1970-08-13;;AL;Maceió
https://dadosabertos.camara.leg.br/api/v2/deputados/74057;Alice Portugal;52;57;ALICE MAZZUCO PORTUGAL;;F;;;1959-05-16;;BA;Salvador
https://dadosabertos.camara.leg.br/api/v2/deputados/178927;Aliel Machado;55;57;ALIEL MACHADO BARK;;M;;;1989-02-26;;PR;Ponta Grossa
https://dadosabertos.camara.leg.br/api/v2/deputados/226708;Allan Garcês;57;57;ALLAN QUADROS GARCÊS;;M;https://twitter.com/AllanGarcs1, https://www.facebook.com/allangarcesoficial, https://www.facebook.com/AllanGarcês, https://www.instagram.com/allan.garces, https://youtube.com/channel/UCarcImE3nnhmisi8RRbdm-w;;1969-08-30;;PA;Belém
https://dadosabertos.camara.leg.br/api/v2/deputados/178937;Altineu Côrtes;55;57;ALTINEU CÔRTES FREITAS COUTINHO;;M;https://www.instagram.com/altineucortesrj, https://www.facebook.com/altineucortesrj, https://twitter.com/altineu;;1968-09-13;;RJ;Niterói
https://dadosabertos.camara.leg.br/api/v2/deputados/178881;Aluisio Mendes;55;57;ALUISIO GUIMARAES MENDES FILHO;;M;https://twitter.com/aluisiomendesma, https://www.facebook.com/aluisiomendesma, https://www.instagram.com/aluisiomendesma, https://youtube.com/aluisiomendesma;;1961-11-11;;MG;Belo Horizonte
https://dadosabertos.camara.leg.br/api/v2/deputados/220596;Amália Barros;57;57;AMÁLIA SCUDELER DE BARROS SANTOS;;F;https://www.facebook.com/amaliasbarros, https://www.instagram.com/amaliabarros, https://twitter.com/amaliabarros, https://youtube.com/amaliabarros;;1985-03-22;2024-05-12;SP;Moji-Mirim
https://dadosabertos.camara.leg.br/api/v2/deputados/220707;Amanda Gentil;57;57;AMANDA KELLY GENTIL GUIMARÃES ROSA;;F;https://twitter.com/amandagentiI, https://www.instagram.com/amandagentill;;1998-12-25;;MA;Caxias
https://dadosabertos.camara.leg.br/api/v2/deputados/204356;Amaro Neto;56;57;AMARO ROCHA NASCIMENTO NETO;;M;https://twitter.com/amaronetotv, https://www.facebook.com/amaronetotv, https://www.instagram.com/amaronetotv;https://www.amaroneto.com.br/;1976-12-04;;ES;Vitória
https://dadosabertos.camara.leg.br/api/v2/deputados/220715;Amom Mandel;57;57;AMOM MANDEL LINS FILHO;;M;https://twitter.com/eusouamom, https://www.instagram.com/eusouamom, https://www.facebook.com/eusouamom, https://youtube.com/channel/UCwPEeCb9CuIqhqpUoGvGpvA;;2001-01-02;;PE;Recife
https://dadosabertos.camara.leg.br/api/v2/deputados/107970;Ana Paula Leão;57;57;ANA PAULA PROCOPIO JUNQUEIRA;;F;https://www.facebook.com/AnaPaulaJunqueiraLeao, https://www.instagram.com/anapaulajunqueiraleao, https://twitter.com/apjunqueira, https://youtube.com/channel/UC-DlAUSQo11ZjK_yhbXoTgQ;;1965-08-22;;MG;Varginha
https://dadosabertos.camara.leg.br/api/v2/deputados/220556;Ana Paula Lima;57;57;ANA PAULA DE SOUZA LIMA;;F;;;1964-04-19;;PR;Curitiba
https://dadosabertos.camara.leg.br/api/v2/deputados/220632;Ana Pimentel;57;57;ANA CRISTINA DE LIMA PIMENTEL;;F;;;1982-05-15;;MG;Congonhas
https://dadosabertos.camara.leg.br/api/v2/deputados/220657;André Fernandes;57;57;ANDRÉ FERNANDES DE MOURA;;M;https://www.instagram.com/andrefernandes, https://www.facebook.com/andrefernm, https://twitter.com/andrefernm, https://youtube.com/depandrefernandes;;1997-12-10;;CE;Iguatu
https://dadosabertos.camara.leg.br/api/v2/deputados/204423;André Ferreira;56;57;ANDRÉ FERREIRA RODRIGUES;;M;https://www.instagram.com/andreferreira.pe, https://www.facebook.com/andreferreira.pe, https://youtube.com/channel/UC54XdbWXP1ZaimNu9Ujuvgw;;1972-12-10;;PE;Recife
https://dadosabertos.camara.leg.br/api/v2/deputados/133439;André Figueiredo;52;57;ANDRÉ PEIXOTO FIGUEIREDO LIMA;;M;https://www.facebook.com/DeputadoAndreFigueiredo, https://twitter.com/andrepdt12;;1966-11-10;;CE;Fortaleza
https://dadosabertos.camara.leg.br/api/v2/deputados/178882;André Fufuca;55;57;ANDRE LUIZ CARVALHO RIBEIRO;;M;;;1989-08-27;;MA;Santa Inês
https://dadosabertos.camara.leg.br/api/v2/deputados/204515;André Janones;56;57;ANDRE LUIS GASPAR JANONES;;M;https://www.instagram.com/andrejanones, https://www.facebook.com/andrejanones, https://youtube.com/AndreJanonesAdv, https://twitter.com/AndreJanonesAdv;;1984-05-05;;MG;Ituiutaba
https://dadosabertos.camara.leg.br/api/v2/deputados/220676;Andreia Siqueira;57;57;ANDREIA BRITO GONÇALVES SIQUEIRA;;F;https://www.instagram.com/andreiasiqueira, https://www.facebook.com/andreiabsiqueira, https://twitter.com/deputadaandreia;;1992-08-19;;PA;Tucuruí
https://dadosabertos.camara.leg.br/api/v2/deputados/123756;Antônia Lúcia;54;57;ANTÔNIA LUCILÉIA CRUZ RAMOS CÂMARA;;F;;;1970-07-17;;AC;Senador Guiomard
https://dadosabertos.camara.leg.br/api/v2/deputados/220544;Antonio Andrade;57;57;ANTONIO POINCARE ANDRADE FILHO;;M;https://www.facebook.com/toinhoandradetocantins, https://twitter.com/antonioandradet, https://www.instagram.com/toinhoandradeto;;1958-10-22;;TO;Porto Nacional
https://dadosabertos.camara.leg.br/api/v2/deputados/160553;Antonio Brito;54;57;ANTONIO LUIZ PARANHOS RIBEIRO LEITE DE BRITO;;M;https://www.instagram.com/antoniobritobahia/;;1969-01-17;;BA;Salvador
https://dadosabertos.camara.leg.br/api/v2/deputados/220638;Antonio Carlos Rodrigues;57;57;ANTONIO CARLOS RODRIGUES;;M;;;1950-05-17;;SP;São Paulo
https://dadosabertos.camara.leg.br/api/v2/deputados/220675;Antônio Doido;57;57;ANTONIO LEOCÁDIO DOS SANTOS;;M;;;1976-08-26;;BA;Dom Macedo Costa
https://dadosabertos.camara.leg.br/api/v2/deputados/220549;Any Ortiz;57;57;ANY MACHADO ORTIZ;;F;;;1983-10-19;;RS;Canoas
https://dadosabertos.camara.leg.br/api/v2/deputados/73433;Arlindo Chinaglia;50;57;ARLINDO CHIGNALIA JUNIOR;;M;https://www.facebook.com/depchinaglia, https://twitter.com/achinaglia, https://www.instagram.com/depchinaglia;;1949-12-24;;SP;Serra Azul
https://dadosabertos.camara.leg.br/api/v2/deputados/141391;Arnaldo Jardim;53;57;ARNALDO CALIL PEREIRA JARDIM;;M;https://twitter.com/arnaldojardim, https://www.facebook.com/deputadoarnaldojardim, https://www.instagram.com/arnaldojardimoficial, https://youtube.com/channel/UCBmGmOqIcw_Dob8eq3VtjZQ;;1955-05-08;;SP;Altinópolis
https://dadosabertos.camara.leg.br/api/v2/deputados/160541;Arthur Lira;54;57;ARTHUR CÉSAR PEREIRA DE LIRA;;M;;;1969-06-25;;AL;Maceió
https://dadosabertos.camara.leg.br/api/v2/deputados/160600;Arthur Oliveira Maia;54;57;ARTHUR DE OLIVEIRA MAIA DA SILVA;;M;https://facebook.com/arthur.oliveiramaia, https://instagram.com/departhuroliveiramaia, https://twitter.com/DepArthurMaia;;1964-08-17;;BA;Salvador
https://dadosabertos.camara.leg.br/api/v2/deputados/74090;Átila Lins;49;57;ÁTILA SIDNEY LINS DE ALBUQUERQUE;;M;;;1950-11-22;;AM;Fonte Boa
https://dadosabertos.camara.leg.br/api/v2/deputados/123086;Átila Lira;57;57;ÁTILA DE MELO LIRA;;M;https://twitter.com/atilaliraof, https://www.facebook.com/atilalirapi, https://www.instagram.com/atilalirapi/#;;1980-04-01;;PI;Teresina
https://dadosabertos.camara.leg.br/api/v2/deputados/160665;Augusto Coutinho;54;57;AUGUSTO RODRIGUES COUTINHO DE MELO;;M;https://twitter.com/dep_acoutinho, https://www.facebook.com/augusto.coutinho, https://www.instagram.com/augustocoutinhope, https://youtube.com/featured;www.augustocoutinho.com.br;1962-10-22;;PE;Recife
https://dadosabertos.camara.leg.br/api/v2/deputados/220577;Augusto Puppio;57;57;JOSÉ AUGUSTO PUPPIO REIS JÚNIOR;;M;https://www.facebook.com/augustopupio, https://www.instagram.com/augustopupio, https://twitter.com/AUGUSTOPUPIO, https://youtube.com/augustopupio7945;;1982-05-09;;PA;Belém
https://dadosabertos.camara.leg.br/api/v2/deputados/160512;Aureo Ribeiro;54;57;AUREO LIDIO MOREIRA RIBEIRO;;M;https://www.facebook.com/AureoRibeiroRJ, https://www.instagram.com/aureo.ribeiro, https://twitter.com/AureoRibeiroRJ, https://youtube.com/AureoRibeiro77;www.deputadoaureo.com.br;1979-02-17;;RJ;Duque de Caxias
https://dadosabertos.camara.leg.br/api/v2/deputados/69871;Bacelar;55;57;JOAO CARLOS BACELAR BATISTA;;M;https://www.facebook.com/DEPUTADOBACELAR, https://www.instagram.com/DEPUTADOBACELAR, https://twitter.com/DEPUTADOBACELAR;;1957-07-09;;BA;Esplanada
https://dadosabertos.camara.leg.br/api/v2/deputados/178975;Baleia Rossi;55;57;LUIZ FELIPE BALEIA TENUTO ROSSI;;M;https://www.instagram.com/baleia.rossi;;1972-06-09;;SP;São Paulo
https://dadosabertos.camara.leg.br/api/v2/deputados/220605;Bandeira de Mello;57;57;EDUARDO CARVALHO BANDEIRA DE MELLO;;M;https://www.instagram.com/eduardobandeirademello, https://www.facebook.com/eduardobandeirademello, https://twitter.com/mello_bandeira, https://youtube.com/bandeirademello.oficial;;1953-03-22;;RJ;Rio de Janeiro
https://dadosabertos.camara.leg.br/api/v2/deputados/220612;Bebeto;57;57;Carlos Roberto Rodrigues;;M;https://www.facebook.com/bebetodaveggi, https://www.instagram.com/bebetorj;;1963-07-31;;MG;Muriaé
https://dadosabertos.camara.leg.br/api/v2/deputados/73701;Benedita da Silva;48;57;BENEDITA SOUZA DA SILVA SAMPAIO;;F;;;1942-04-26;;RJ;Rio de Janeiro
https://dadosabertos.camara.leg.br/api/v2/deputados/109429;Benes Leocádio;56;57;LUIZ BENES LEOCADIO DE ARAUJO;;M;https://www.instagram.com/benesleocadiorn, https://twitter.com/benesleocadiorn, https://www.facebook.com/BenesLeocadioRN;;1966-04-22;;RN;Santana do Matos
https://dadosabertos.camara.leg.br/api/v2/deputados/204358;Beto Pereira;56;57;HUMBERTO REZENDE PEREIRA;;M;;;1977-11-14;;MS;Campo Grande
https://dadosabertos.camara.leg.br/api/v2/deputados/220698;Beto Preto;57;57;CARLOS ALBERTO GEBRIM PRETO;;M;;;1968-02-17;;PR;Londrina
https://dadosabertos.camara.leg.br/api/v2/deputados/220683;Beto Richa;57;57;CARLOS ALBERTO RICHA;;M;https://www.instagram.com/betoricha/, https://pt-br.facebook.com/BetoRichaOficial, https://twitter.com/BetoRicha, https://www.youtube.com/channel/UC11K_Oia5ib5Zknm87oG1FQ;;1965-07-29;;PR;Londrina
https://dadosabertos.camara.leg.br/api/v2/deputados/204374;Bia Kicis;56;57;BEATRIZ KICIS TORRENTS DE SORDI;;F;https://www.facebook.com/biakicis, https://www.instagram.com/biakicis, https://twitter.com/biakicis, https://youtube.com/biakicis;;1961-09-19;;RJ;Resende
https://dadosabertos.camara.leg.br/api/v2/deputados/204388;Bibo Nunes;56;57;ALCIBIO MESQUITA BIBO NUNES;;M;;;1957-01-09;;RS;Cruz Alta
https://dadosabertos.camara.leg.br/api/v2/deputados/160538;Bohn Gass;54;57;ELVINO JOSÉ BOHN GASS;;M;https://twitter.com/bohngass, https://www.facebook.com/bohngass13, https://www.instagram.com/bohn_gass, https://youtube.com/elvinobohngass;;1962-02-05;;RS;Santo Cristo
https://dadosabertos.camara.leg.br/api/v2/deputados/74052;Bosco Costa;52;57;JOÃO BOSCO DA COSTA;;M;;;1950-09-28;;SE;Itabaiana
https://dadosabertos.camara.leg.br/api/v2/deputados/210989;Bruno Farias;57;57;BRUNO SOUZA FARIAS;;M;;;1982-10-07;;MG;Teófilo Otoni
https://dadosabertos.camara.leg.br/api/v2/deputados/220635;Bruno Ganem;57;57;BRUNO AREVALO GANEM;;M;https://www.instagram.com/brunoganemsp, https://www.facebook.com/BrunoGanemSP;;1986-09-15;;SP;São Paulo
https://dadosabertos.camara.leg.br/api/v2/deputados/220574;Cabo Gilberto Silva;57;57;GILBERTO GOMES DA SILVA;;M;https://www.facebook.com/CaboGilbertoSilva, https://www.instagram.com/CaboGilbertoSilva, https://twitter.com/cabogilberto, https://youtube.com/cabogilberto;;1981-04-01;;PB;Santa Rita
https://dadosabertos.camara.leg.br/api/v2/deputados/143942;Caio Vianna;57;57;CAIO SANTOS VIANNA;;M;;;1988-12-08;;RJ;Campos dos Goytacazes
https://dadosabertos.camara.leg.br/api/v2/deputados/220548;Camila Jara;57;57;CAMILA BAZACHI JARA MARZOCHI;;F;https://www.instagram.com/camilajarams, https://twitter.com/camilajarams, https://www.facebook.com/camilajarams;;1995-02-10;;MS;Campo Grande
https://dadosabertos.camara.leg.br/api/v2/deputados/204572;Capitão Alberto Neto;56;57;ALBERTO BARROS CAVALCANTE NETO;;M;https://twitter.com/capalbertoneto, https://www.facebook.com/capitaoalbertoneto, https://www.instagram.com/capitaoalbertoneto;;1982-05-05;;CE;Fortaleza
https://dadosabertos.camara.leg.br/api/v2/deputados/220690;Capitão Alden;57;57;ALDEN JOSE LAZARO DA SILVA;;M;;;1980-04-19;;BA;Salvador
https://dadosabertos.camara.leg.br/api/v2/deputados/178829;Capitão Augusto;55;57;JOSE AUGUSTO ROSA;;M;;;1966-10-04;;SP;Ourinhos
https://dadosabertos.camara.leg.br/api/v2/deputados/229069;Capitão Samuel;57;57;SAMUEL ALVES BARRETO;;M;;;1970-02-03;;SE;Malhador
https://dadosabertos.camara.leg.br/api/v2/deputados/229106;Carla Ayres;57;57;CARLA SIMARA LUCIANA DA SILVA AYRES;;F;;;1988-03-15;;SP;Jales
https://dadosabertos.camara.leg.br/api/v2/deputados/213762;Carla Dickson;56;57;HILKEA CARLA DE SOUZA MEDEIROS LIMA;;F;https://www.instagram.com/carladicksonoficial, https://www.facebook.com/carladicksonoficial;;1976-07-02;;PA;Belém
https://dadosabertos.camara.leg.br/api/v2/deputados/204507;Carla Zambelli;56;57;CARLA ZAMBELLI SALGADO DE OLIVEIRA;;F;https://twitter.com/CarlaZambelli38, https://www.facebook.com/ZambelliOficial, https://www.instagram.com/carla.zambelli, https://youtube.com/carlazambelli;;1980-07-03;;SP;Ribeirão Preto
https://dadosabertos.camara.leg.br/api/v2/deputados/204361;Carlos Chiodini;56;57;CARLOS ALBERTO CHIODINI;;M;https://pt-br.facebook.com/CarlosChiodini/, https://www.instagram.com/carloschiodini, https://twitter.com/carloschiodini, https://youtube.com/channel/UClnRgQbRinB3rSABMSePm7w;http://www.carloschiodini.com.br/;1982-03-08;;SC;Jaraguá do Sul
https://dadosabertos.camara.leg.br/api/v2/deputados/178962;Carlos Gomes;55;57;ANTONIO CARLOS GOMES DA SILVA;;M;https://twitter.com/carlosgomesdep, https://www.facebook.com/deputadocarlosgomes, https://www.instagram.com/carlosgomesdep;;1972-06-13;;BA;Saúde
https://dadosabertos.camara.leg.br/api/v2/deputados/178993;Carlos Henrique Gaguim;55;57;CARLOS HENRIQUE AMORIM;;M;https://www.facebook.com/carlosgaguim;;1961-04-21;;GO;Ceres
https://dadosabertos.camara.leg.br/api/v2/deputados/204460;Carlos Jordy;56;57;Carlos Roberto Jordy Coelho de Mattos;;M;https://youtube.com/channel/UCkWU59eSRp41W6bCdyJlRdg, https://twitter.com/carlosjordy, https://www.instagram.com/carlosjordy, https://www.facebook.com/carlosjordyoficial;;1982-02-08;;RJ;Niterói
https://dadosabertos.camara.leg.br/api/v2/deputados/74262;Carlos Sampaio;52;57;CARLOS HENRIQUE FOCESI SAMPAIO;;M;;;1963-03-31;;SP;Campinas
https://dadosabertos.camara.leg.br/api/v2/deputados/204426;Carlos Veras;56;57;JOSÉ CARLOS VERAS DOS SANTOS;;M;https://twitter.com/carlosveraspt, https://www.instagram.com/carlosverass, https://www.facebook.com/deputadocarlosveras, https://youtube.com/channel/UC93PwCF8EVN4RYG-h2OpJLw;;1981-08-10;;PE;Tabira
https://dadosabertos.camara.leg.br/api/v2/deputados/141398;Carlos Zarattini;53;57;CARLOS ALBERTO ROLIM ZARATTINI;;M;https://twitter.com/CarlosZarattini, https://www.facebook.com/dep.zarattini, https://www.instagram.com/depzarattini, https://youtube.com/channel/UCAToRcTD6QsRAXjCBU8LTzw;;1959-06-08;;SP;São Paulo
https://dadosabertos.camara.leg.br/api/v2/deputados/164360;Carmen Zanotto;54;57;CARMEN EMÍLIA BONFÁ ZANOTTO;;F;https://www.instagram.com/carmenzanotto_lages, https://www.facebook.com/CarmenZanottoSC, https://www.youtube.com/c/CarmenZanottoCarmenZanotto2323, https://twitter.com/carmen_zanotto;;1962-10-06;;SC;Lages
https://dadosabertos.camara.leg.br/api/v2/deputados/220704;Carol Dartora;57;57;ANA CAROLINA MOURA MELO DARTORA;;F;;;1983-05-01;;PR;Curitiba
https://dadosabertos.camara.leg.br/api/v2/deputados/204369;Caroline de Toni;56;57;CAROLINE RODRIGUES DE TONI;;F;https://twitter.com/CarolDeToni, https://www.instagram.com/carolinedetoni, https://www.facebook.com/carolinerdetoni, https://youtube.com/videos;;1986-09-01;;SC;Chapecó
https://dadosabertos.camara.leg.br/api/v2/deputados/220699;Castro Neto;57;57;JOSÉ DIAS DE CASTRO NETO;;M;;;1974-04-23;;PI;Teresina
https://dadosabertos.camara.leg.br/api/v2/deputados/206018;Célia Xakriabá;57;57;CÉLIA NUNES CORREA;;F;;;1989-05-10;;SP;São Paulo
https://dadosabertos.camara.leg.br/api/v2/deputados/178876;Célio Silveira;55;57;CELIO ANTONIO DA SILVEIRA;;M;https://www.instagram.com/celiosilveiradeputado, https://www.facebook.com/deputadoceliosilveira2;;1959-09-19;;GO;Luziânia
https://dadosabertos.camara.leg.br/api/v2/deputados/204488;Célio Studart;56;57;CELIO STUDART BARBOSA;;M;https://twitter.com/CelioStudart, https://www.facebook.com/celio.studart, https://www.instagram.com/celiostudart, https://youtube.com/channel/UCHEI0XtQiyNwR5x7bVTewGQ;;1987-06-19;;CE;Fortaleza
https://dadosabertos.camara.leg.br/api/v2/deputados/73441;Celso Russomanno;50;57;CELSO UBIRAJARA RUSSOMANNO;;M;https://www.facebook.com/celsorussomanno, https://www.instagram.com/celsorussomanno, https://twitter.com/celsorussomanno, https://youtube.com/celsorussomanno;;1956-08-20;;SP;São Paulo
https://dadosabertos.camara.leg.br/api/v2/deputados/204496;Celso Sabino;56;57;CELSO SABINO DE OLIVEIRA;;M;https://www.instagram.com/celsosabinooficial, https://twitter.com/depcelsosabino, https://www.facebook.com/celsosabinooficial;;1978-08-29;;PA;Belém
https://dadosabertos.camara.leg.br/api/v2/deputados/204504;Cezinha de Madureira;56;57;ANTONIO CEZAR CORREIA FREIRE;;M;https://www.facebook.com/cezinhademadureira, https://www.instagram.com/cezinhademadureira;;1973-12-12;;BA;Ipiaú
https://dadosabertos.camara.leg.br/api/v2/deputados/205476;Charles Fernandes;56;57;CHARLES FERNANDES SILVEIRA SANTANA;;M;;;1965-03-15;;BA;Guanambi
https://dadosabertos.camara.leg.br/api/v2/deputados/74171;Chico Alencar;52;57;FRANCISCO RODRIGUES DE ALENCAR FILHO;;M;https://www.instagram.com/chico.alencar, https://www.facebook.com/chicoalencar, https://twitter.com/depchicoalencar;;1949-10-19;;RJ;Rio de Janeiro
https://dadosabertos.camara.leg.br/api/v2/deputados/204476;Chiquinho Brazão;56;57;JOÃO FRANCISCO INÁCIO BRAZÃO;;M;https://www.facebook.com/depchiquinhobrazao, https://www.instagram.com/depchiquinhobrazao/, https://www.youtube.com/channel/UCZFu_NUGJKjC7mXITckcqJA, https://twitter.com/brazaochiquinho;;1962-02-22;;RJ;Rio de Janeiro
https://dadosabertos.camara.leg.br/api/v2/deputados/204462;Chris Tonietto;56;57;CHRISTINE NOGUEIRA DOS REIS TONIETTO;;F;https://www.facebook.com/ChrisTonietto, https://twitter.com/ToniettoChris, https://youtube.com/channel/UCqqG6AaU2hm2vLhMir4Jdlw, https://www.instagram.com/christonietto;;1991-05-14;;RJ;Rio de Janeiro
https://dadosabertos.camara.leg.br/api/v2/deputados/220665;Clarissa Tércio;57;57;ERICA CLARISSA BORBA CORDEIRO DE MOURA;;F;https://youtube.com/CLARISSATERCIOOficial, https://twitter.com/clarissatercio, https://www.facebook.com/clarissatercio, https://www.instagram.com/clarissatercio;;1984-12-26;;PE;Recife
https://dadosabertos.camara.leg.br/api/v2/deputados/74537;Claudio Cajado;50;57;CLÁUDIO CAJADO SAMPAIO;;M;;;1963-12-01;;BA;Salvador
https://dadosabertos.camara.leg.br/api/v2/deputados/141408;Cleber Verde;53;57;CLEBER VERDE CORDEIRO MENDES;;M;;;1972-05-10;;MA;Santa Luzia
https://dadosabertos.camara.leg.br/api/v2/deputados/88256;Clodoaldo Magalhães;57;57;CLODOALDO MAGALHÃES OLIVEIRA LYRA;;M;https://www.facebook.com/deputadoclodoaldomagalhaes, https://www.instagram.com/deputadoclodoaldomagalhaes, https://twitter.com/depclodoaldom;;1975-11-13;;PE;Palmares
https://dadosabertos.camara.leg.br/api/v2/deputados/98148;Cobalchini;57;57;VALDIR VITAL COBALCHINI;;M;;;1963-09-07;;SC;São Lourenço D'Oeste
https://dadosabertos.camara.leg.br/api/v2/deputados/220594;Coronel Assis;57;57;JONILDO JOSÉ DE ASSIS;;M;https://www.facebook.com/coronelassismt, https://www.instagram.com/coronelassis, https://youtube.com/coronelassis308, https://twitter.com/coronelassismt;;1976-04-16;;MT;Cuiabá
https://dadosabertos.camara.leg.br/api/v2/deputados/204378;Coronel Chrisóstomo;56;57;JOÃO CHRISÓSTOMO DE MOURA;;M;;;1959-06-23;;AM;Tefé
https://dadosabertos.camara.leg.br/api/v2/deputados/220595;Coronel Fernanda;57;57;RUBIA FERNANDA DINIZ ROBSON SANTOS DE SIQUEIRA;;F;https://twitter.com/coronelfernand9, https://www.facebook.com/coronelfernandamt, https://www.instagram.com/coronelfernandamt;;1974-11-13;;MT;Cuiabá
https://dadosabertos.camara.leg.br/api/v2/deputados/220666;Coronel Meira;57;57;LUIZ DE FRANÇA E SILVA MEIRA;;M;https://www.instagram.com/coronelmeiraoficial, https://twitter.com/coronel_meira;;1958-01-07;;PE;Camaragibe
https://dadosabertos.camara.leg.br/api/v2/deputados/222142;Coronel Telhada;57;57;PAULO ADRIANO LOPES LUCINDA TELHADA;;M;;;1961-10-10;;SP;São Paulo
https://dadosabertos.camara.leg.br/api/v2/deputados/220590;Coronel Ulysses;57;57;ULYSSES FREITAS PEREIRA DE ARAÚJO;;M;https://www.instagram.com/coronelulysses, https://youtube.com/coronelulysses, https://twitter.com/coronelulysses, https://www.facebook.com/coronelulysses;;1972-10-19;;AC;Cruzeiro do Sul
https://dadosabertos.camara.leg.br/api/v2/deputados/178963;Covatti Filho;55;57;LUIS ANTONIO FRANCISCATTO COVATTI;;M;https://www.facebook.com/covatti.filho, https://www.instagram.com/covattifilho, https://twitter.com/covattifilho;;1987-07-25;;RS;Frederico Westphalen
https://dadosabertos.camara.leg.br/api/v2/deputados/220608;Cristiane Lopes;57;57;CRISTIANE LOPES DA LUZ BENARROSH;;F;;;1983-11-17;;RO;Porto Velho
https://dadosabertos.camara.leg.br/api/v2/deputados/204355;Da Vitoria;56;57;JOSIAS MARIO DA VITORIA;;M;https://www.instagram.com/deputadodavitoria, https://www.facebook.com/deputadodavitoria, https://twitter.com/depdavitoria, https://youtube.com/channel/UC4YSDb1Hfh-DtR1Wj0WQNWg?view_as=subscriber;;1971-06-02;;ES;Colatina
https://dadosabertos.camara.leg.br/api/v2/deputados/141411;Dagoberto Nogueira;53;57;DAGOBERTO NOGUEIRA FILHO;;M;https://twitter.com/depdagoberto, https://www.instagram.com/dagobertonogueirams, https://www.facebook.com/dagobertonogueirams;;1955-07-21;;SP;São José do Rio Preto
https://dadosabertos.camara.leg.br/api/v2/deputados/220555;Daiana Santos;57;57;DAIANA SILVA DOS SANTOS;;F;https://www.instagram.com/daianasantospoa, https://www.facebook.com/daianasantospoa, https://twitter.com/daianasantospoa;;1982-01-29;;RS;Júlio de Castilhos
https://dadosabertos.camara.leg.br/api/v2/deputados/220692;Dal Barreto;57;57;ADALBERTO ROSA BARRETO;;M;https://www.facebook.com/dalbarretodep, https://www.instagram.com/dalbarretodeputado, https://twitter.com/deputadodal, https://youtube.com/channel/UCFUsJuJCkySxlbxeZjrpKgQ;;1979-03-16;;BA;Amargosa
https://dadosabertos.camara.leg.br/api/v2/deputados/74467;Damião Feliciano;51;57;DAMIÃO FELICIANO DA SILVA;;M;;;1952-04-28;;PB;Campina Grande
https://dadosabertos.camara.leg.br/api/v2/deputados/220629;Dandara;57;57;DANDARA TONANTZIN SILVA CASTRO;;F;https://www.instagram.com/todandara, https://twitter.com/todandara;;1994-01-23;;MG;Gurinhatã
https://dadosabertos.camara.leg.br/api/v2/deputados/220603;Dani Cunha;57;57;DANIELLE DYTZ DA CUNHA;;F;;;1987-05-19;;RJ;Rio de Janeiro
https://dadosabertos.camara.leg.br/api/v2/deputados/220571;Daniel Agrobom;57;57;DANIEL VIEIRA RAMOS;;M;;;1968-07-02;;MG;Uberlândia
https://dadosabertos.camara.leg.br/api/v2/deputados/74060;Daniel Almeida;52;57;DANIEL GOMES DE ALMEIDA;;M;;;1955-01-21;;BA;Mairi
https://dadosabertos.camara.leg.br/api/v2/deputados/220582;Daniel Barbosa;57;57;DANIEL BARBOSA DE ALMEIDA SILVA;;M;https://www.instagram.com/daniel.barbosa.al, https://twitter.com/DanielBarbosaAL;;1984-10-27;;AL;Maceió
https://dadosabertos.camara.leg.br/api/v2/deputados/204367;Daniel Freitas;56;57;DANIEL COSTA DE FREITAS;;M;https://www.instagram.com/danielcfreitas, https://www.facebook.com/depdanielfreitas, https://twitter.com/DFDanielFreitas;;1982-04-03;;SC;Criciúma
https://dadosabertos.camara.leg.br/api/v2/deputados/228941;Daniel José;57;57;DANIEL JOSÉ DA SILVA OLIVEIRA;;M;;;1988-02-14;;SP;Bragança Paulista
https://dadosabertos.camara.leg.br/api/v2/deputados/204409;Daniel Trzeciak;56;57;DANIEL TRZECIAK DUARTE;;M;https://twitter.com/TrzeciakDaniel, https://www.instagram.com/danieltrzeciak45, https://www.facebook.com/DanielTrzeciak45, https://youtube.com/DanielTrzeciak;;1986-11-04;;RS;Dom Feliciano
https://dadosabertos.camara.leg.br/api/v2/deputados/204459;Daniela do Waguinho;56;57;DANIELA MOTE DE SOUZA CARNEIRO;;F;https://www.facebook.com/danieladowaguinho, https://www.instagram.com/danieladowaguinho;;1976-02-10;;RJ;Rio de Janeiro
https://dadosabertos.camara.leg.br/api/v2/deputados/220557;Daniela Reinehr;57;57;DANIELA CRISTINA REINEHR;;F;https://www.facebook.com/danielareinehr.sc, https://twitter.com/DanielaReinehr, https://www.instagram.com/danielareinehr;;1977-04-04;;SC;Maravilha
https://dadosabertos.camara.leg.br/api/v2/deputados/62881;Danilo Forte;54;57;FRANCISCO DANILO BASTOS FORTE;;M;https://www.instagram.com/depdaniloforte, https://www.facebook.com/depdaniloforte, https://twitter.com/depdaniloforte;;1958-09-01;;CE;Fortaleza
https://dadosabertos.camara.leg.br/api/v2/deputados/160552;Danrlei de Deus Hinterholz;54;57;DANRLEI DE DEUS HINTERHOLZ;;M;;;1973-04-18;;RS;Crissiumal
https://dadosabertos.camara.leg.br/api/v2/deputados/116379;Darci de Matos;56;57;DARCI DE MATOS;;M;;;1961-11-08;;PR;Cafelândia
https://dadosabertos.camara.leg.br/api/v2/deputados/204511;David Soares;56;57;DAVID BEZERRA RIBEIRO SOARES;;M;;;1973-12-21;;RJ;Rio de Janeiro
https://dadosabertos.camara.leg.br/api/v2/deputados/220659;Dayany Bittencourt;57;57;DAYANY BITTENCOURT SANTIL;;F;https://www.instagram.com/dayanybittencourt, https://www.facebook.com/dayanydocapitao/, https://twitter.com/dep_dayany, https://youtube.com/dayanydocapitao9613;;1981-09-13;;CE;Fortaleza
https://dadosabertos.camara.leg.br/api/v2/deputados/220539;Defensor Stélio Dener;57;57;STÉLIO DENER DE SOUZA CRUZ;;M;;;1972-11-16;;RR;Boa Vista
https://dadosabertos.camara.leg.br/api/v2/deputados/220565;Delegada Adriana Accorsi;57;57;ADRIANA SAUTHIER ACCORSI;;F;https://www.facebook.com/delegadaadrianaaccorsi, https://www.youtube.com/channel/UCka3DO1hTh69qpZm27yjlmg, https://www.instagram.com/adriana_accorsi/, https://twitter.com/Adriana_Accorsi;;1973-03-17;;GO;Itapuranga
https://dadosabertos.camara.leg.br/api/v2/deputados/220625;Delegada Ione;57;57;IONE MARIA MOREIRA DIAS BARBOSA;;F;;;1974-03-20;;MG;Barbacena
https://dadosabertos.camara.leg.br/api/v2/deputados/220561;Delegada Katarina;57;57;KATARINA FEITOZA LIMA SANTANA;;F;https://www.facebook.com/delegadakatarina, https://www.instagram.com/delegadakatarina/, https://www.youtube.com/@delegadakatarina;;1973-10-05;;SE;Aracaju
https://dadosabertos.camara.leg.br/api/v2/deputados/220642;Delegado Bruno Lima;57;57;BRUNO MARCELLO DE OLIVEIRA LIMA;;M;https://twitter.com/https:, https://www.facebook.com/profile.php, https://www.instagram.com/del.brunolima;;1986-08-25;;SP;São Paulo
https://dadosabertos.camara.leg.br/api/v2/deputados/220673;Delegado Caveira;57;57;LENILDO MENDES DOS SANTOS SERTÃO;;M;https://www.facebook.com/delegadocaveira, https://www.instagram.com/delegadocaveira, https://twitter.com/delegadocaveira, https://youtube.com/delegadocaveira;;1979-04-27;;GO;Rio Verde
https://dadosabertos.camara.leg.br/api/v2/deputados/220649;Delegado da Cunha;57;57;CARLOS ALBERTO DA CUNHA;;M;https://www.youtube.com/@DelegadodaCunha, https://m.facebook.com/delegadodacunha?mibextid=ZbWKwL, https://twitter.com/DacunhaDelegado, https://instagram.com/delegadodacunha?igshid=ZDdkNTZiNTM=;;1977-10-14;;SP;Santos
https://dadosabertos.camara.leg.br/api/v2/deputados/178908;Delegado Éder Mauro;55;57;EDER MAURO CARDOSO BARRA;;M;;;1960-12-14;;PA;Belém
https://dadosabertos.camara.leg.br/api/v2/deputados/220583;Delegado Fabio Costa;57;57;FABIO MICHEY COSTA DA SILVA;;M;https://www.facebook.com/DelegadoFabioCosta, https://www.instagram.com/delegadofabiocosta, https://twitter.com/delegadofabioc1, https://youtube.com/channel/UC8rTmVCfhCWa0ufzxg_cMzw;;1980-10-15;;PE;Recife
https://dadosabertos.camara.leg.br/api/v2/deputados/204512;Delegado Marcelo Freitas;56;57;MARCELO EDUARDO FREITAS;;M;https://www.instagram.com/delegadomarcelofreitas, https://www.facebook.com/delegadomarcelofreitas, https://twitter.com/DelegadoFreitas, https://youtube.com/channel/UC-YDFg5FTo1FKRkav_mD6oQ;;1976-03-04;;MG;Montes Claros
https://dadosabertos.camara.leg.br/api/v2/deputados/220701;Delegado Matheus Laiola;57;57;MATHEUS ARAUJO LAIOLA;;M;https://www.facebook.com/delegadomatheuslaiola, https://www.instagram.com/delegado.matheuslaiola, https://twitter.com/MatheusLaiola;;1982-12-24;;SP;Cândido Mota
https://dadosabertos.camara.leg.br/api/v2/deputados/220652;Delegado Palumbo;57;57;MARIO PALUMBO JUNIOR;;M;https://www.facebook.com/delegadopalumbo, https://www.instagram.com/delegadopalumbo/;;1974-08-16;;SP;São Paulo
https://dadosabertos.camara.leg.br/api/v2/deputados/220654;Delegado Paulo Bilynskyj;57;57;PAULO FRANCISCO MUNIZ BILYNSKYJ;;M;;;1987-03-10;;SP;São Paulo
https://dadosabertos.camara.leg.br/api/v2/deputados/220619;Delegado Ramagem;57;57;ALEXANDRE RAMAGEM RODRIGUES;;M;;;1972-05-08;;RJ;Rio de Janeiro
https://dadosabertos.camara.leg.br/api/v2/deputados/228272;Délio Pinheiro;57;57;DELIO PINHEIRO NETO;;M;;;1977-09-27;;MG;Porteirinha
https://dadosabertos.camara.leg.br/api/v2/deputados/220705;Deltan Dallagnol;57;57;DELTAN MARTINAZZO DALLAGNOL;;M;;;1980-01-15;;PR;Pato Branco
https://dadosabertos.camara.leg.br/api/v2/deputados/220553;Denise Pessôa;57;57;DENISE DA SILVA PESSÔA;;F;;;1983-06-17;;RS;Caxias do Sul
https://dadosabertos.camara.leg.br/api/v2/deputados/220689;Detinha;57;57;MARIA DEUSDETE LIMA CUNHA RODRIGUES;;F;https://www.instagram.com/detinhapl, https://youtube.com/detinha, https://www.facebook.com/detinha;;1979-01-25;;CE;Cariús
https://dadosabertos.camara.leg.br/api/v2/deputados/160588;Diego Andrade;54;57;DIEGO LEONARDO DE ANDRADE CARVALHO;;M;https://twitter.com/@diegoandrademg, https://www.facebook.com/diegoandrademg, https://www.instagram.com/diegoandrademg;;1977-08-08;;MG;Belo Horizonte
https://dadosabertos.camara.leg.br/api/v2/deputados/220691;Diego Coronel;57;57;DIEGO HENRIQUE SILVA CERQUEIRA MARTINS;;M;;;1983-01-22;;BA;Salvador
https://dadosabertos.camara.leg.br/api/v2/deputados/178929;Diego Garcia;55;57;DIEGO ALEXSANDER GONCALO PAULA GARCIA;;M;https://twitter.com/diegogarciapr, https://www.facebook.com/diegogarciapr, https://www.instagram.com/diegogarciaparana, https://youtube.com/diegogarciapr;;1984-10-10;;PR;Bandeirantes
https://dadosabertos.camara.leg.br/api/v2/deputados/73768;Dilceu Sperafico;50;57;DILCEU JOÃO SPERAFICO;;M;;;1948-01-26;;RS;Santa Rosa
https://dadosabertos.camara.leg.br/api/v2/deputados/220671;Dilvanda Faro;57;57;DILVANDA FURTADO FARO;;F;;;1969-05-08;;PA;Bujaru
https://dadosabertos.camara.leg.br/api/v2/deputados/160599;Dimas Fabiano;54;57;DIMAS FABIANO TOLEDO JÚNIOR;;M;;;1973-05-23;;RJ;Macaé
https://dadosabertos.camara.leg.br/api/v2/deputados/220602;Dimas Gadelha;57;57;DIMAS DE PAIVA GADELHA JUNIOR;;M;https://www.facebook.com/dimasgadelha13, https://www.instagram.com/dr.dimasgadelha, https://twitter.com/dimasgadelha13, https://youtube.com/channel/UCgGSnpuEXdYKaeE7ZyPgjqw;;1975-05-03;;PB;Sousa
https://dadosabertos.camara.leg.br/api/v2/deputados/143632;Domingos Neto;54;57;DOMINGOS GOMES DE AGUIAR NETO;;M;https://twitter.com/domingos_neto, https://www.facebook.com/DomingosNetoCeara, https://www.instagram.com/domingosneto, https://youtube.com/channel/UCenz2PqXTJKnPGRVNTs0AAg;;1988-04-29;;CE;Fortaleza
https://dadosabertos.camara.leg.br/api/v2/deputados/160758;Domingos Sávio;54;57;DOMINGOS SÁVIO CAMPOS RESENDE;;M;;;1957-03-25;;MG;São Tiago
https://dadosabertos.camara.leg.br/api/v2/deputados/220573;Dorinaldo Malafaia;57;57;DORINALDO BARBOSA MALAFAIA;;M;https://www.facebook.com/dorinaldomalafaia, https://www.instagram.com/malafaiadorinaldo, https://twitter.com/malafaia_d;;1976-02-23;;AP;Macapá
https://dadosabertos.camara.leg.br/api/v2/deputados/227433;Douglas Viegas;57;57;DOUGLAS DE PAULO VIEGAS;;M;;;1979-06-19;;SP;São Paulo
https://dadosabertos.camara.leg.br/api/v2/deputados/204450;Doutor Luizinho;56;57;LUIZ ANTONIO DE SOUZA TEIXEIRA JÚNIOR;;M;https://www.facebook.com/doutorluizinho, https://www.instagram.com/doutorluizinho, https://twitter.com/Doutorluizinhot;;1973-12-15;;RJ;Nova Iguaçu
https://dadosabertos.camara.leg.br/api/v2/deputados/227401;Dr Fabio Rueda;57;57;FABIO GONÇALVES DE RUEDA;;M;https://www.instagram.com/fabioruedaoficial, https://www.facebook.com/fabio.derueda;;1977-07-17;;PE;Recife
https://dadosabertos.camara.leg.br/api/v2/deputados/227991;Dr Flávio;57;57;FLAVIO CAMPOS FERREIRA;;M;;;1971-02-25;;MG;Central de Minas
https://dadosabertos.camara.leg.br/api/v2/deputados/221339;Dr. Benjamim;57;57;BENJAMIM DE OLIVEIRA;;M;https://www.instagram.com/soudrbenjamim;;1973-02-07;;PR;Planalto
https://dadosabertos.camara.leg.br/api/v2/deputados/220614;Dr. Daniel Soranz;57;57;DANIEL RICARDO SORANZ PINTO;;M;https://www.instagram.com/danielsoranz;;1979-02-16;;RJ;Vassouras
https://dadosabertos.camara.leg.br/api/v2/deputados/220610;Dr. Fernando Máximo;57;57;FERNANDO RODRIGUES MÁXIMO;;M;https://www.youtube.com/@DrFernandoMaximo, https://www.facebook.com/drfernandomaximo007, https://www.instagram.com/drfernandomaximo007/, https://twitter.com/fernandomaximoX;;1979-10-04;;GO;Ceres
https://dadosabertos.camara.leg.br/api/v2/deputados/220688;Dr. Francisco;57;57;FRANCISCO DE ASSIS DE OLIVEIRA COSTA;;M;https://www.instagram.com/franciscocostapi, https://twitter.com/dr.franciscopi;;1979-10-14;;PI;São Francisco do Piauí
https://dadosabertos.camara.leg.br/api/v2/deputados/204518;Dr. Frederico;56;57;FREDERICO DE CASTRO ESCALEIRA;;M;https://www.facebook.com/drfredericomg, https://www.instagram.com/drfredericomg;;1977-03-24;;RJ;Teresópolis
https://dadosabertos.camara.leg.br/api/v2/deputados/212625;Dr. Gonçalo;56;57;ANTONIO ELIZABETH GONÇALO DE SOUSA;;M;;;1953-07-08;;MA;Pastos Bons
https://dadosabertos.camara.leg.br/api/v2/deputados/220570;Dr. Ismael Alexandrino;57;57;ISMAEL ALEXANDRINO JUNIOR;;M;https://www.instagram.com/ismael.alexandrino, https://twitter.com/IsmAlexandrino, https://www.facebook.com/IsmaelAlexandrino;;1983-07-26;;GO;São Luís de Montes Belos
https://dadosabertos.camara.leg.br/api/v2/deputados/204481;Dr. Jaziel;56;57;JAZIEL PEREIRA DE SOUSA;;M;;;1961-05-03;;CE;Camocim
https://dadosabertos.camara.leg.br/api/v2/deputados/204351;Dr. Luiz Ovando;56;57;LUIZ ALBERTO OVANDO;;M;https://www.facebook.com/drluizovando, https://www.instagram.com/drluizovando, https://twitter.com/drluizovando, https://youtube.com/channel/UCQ1v5nEfElt-ztWZkpxZdBQ;;1949-09-25;;MS;Corumbá
https://dadosabertos.camara.leg.br/api/v2/deputados/228616;Dr. Remy Soares;57;57;REMY ALVES SOARES FILHO;;M;;;1990-10-04;;MA;São Luís
https://dadosabertos.camara.leg.br/api/v2/deputados/220528;Dr. Victor Linhalis;57;57;VICTOR GAROZI LINHALIS;;M;https://www.facebook.com/DrVictorLinhalis, https://www.instagram.com/drvictorlinhalis/, https://twitter.com/DepDrVictor, https://www.youtube.com/channel/UC9lrrW_04FxppALPdqqoUjw;;1986-01-02;;ES;Colatina
https://dadosabertos.camara.leg.br/api/v2/deputados/204412;Dr. Zacharias Calil;56;57;ZACARIAS CALIL HAMU;;M;https://twitter.com/zachariascalil, https://www.facebook.com/drzachariascalil, https://www.instagram.com/drzachariascalil;;1953-11-05;;GO;Goiânia
https://dadosabertos.camara.leg.br/api/v2/deputados/220674;Dra. Alessandra Haber;57;57;ALESSANDRA HABER CARVALHO SANTOS;;F;https://www.instagram.com/draalessandrahaber, https://www.facebook.com/draalessandrahaber;;1988-09-15;;PA;Belém
https://dadosabertos.camara.leg.br/api/v2/deputados/230088;Dra. Mayra Pinheiro;57;57;MAYRA ISABEL CORREIA PINHEIRO;;F;;;1966-11-21;;CE;Fortaleza
https://dadosabertos.camara.leg.br/api/v2/deputados/227800;Duarte Gonçalves Jr;57;57;DUARTE EUSTÁQUIO GONÇALVES JUNIOR;;M;;;1980-09-11;;MG;Ponte Nova
https://dadosabertos.camara.leg.br/api/v2/deputados/220686;Duarte Jr.;57;57;HILDELIS SILVA DUARTE JUNIOR;;M;https://www.instagram.com/duartejr_, https://twitter.com/DuarteJr_, https://www.facebook.com/ProfessorDuarteJr;;1986-09-15;;RJ;Rio de Janeiro
https://dadosabertos.camara.leg.br/api/v2/deputados/220540;Duda Ramos;57;57;DUDA BRITO RAMOS;;M;https://www.facebook.com/dudaramos.rr, https://twitter.com/soududaramos, https://www.instagram.com/dudaramos.rr;;1974-05-19;;AM;Benjamin Constant
https://dadosabertos.camara.leg.br/api/v2/deputados/220623;Duda Salabert;57;57;DUDA SALABERT ROSA;;F;https://www.instagram.com/duda_salabert, https://twitter.com/DudaSalabert, https://www.facebook.com/DudaSalabert;;1981-05-02;;MG;Belo Horizonte
https://dadosabertos.camara.leg.br/api/v2/deputados/204541;Eduardo Bismarck;56;57;EDUARDO HENRIQUE MAIA BISMARCK;;M;https://twitter.com/eduardobismarck, https://www.instagram.com/eduardobismarckce, https://www.facebook.com/eduardobismarckce, https://youtube.com/EduardoBismarckCE;;1981-11-14;;CE;Fortaleza
https://dadosabertos.camara.leg.br/api/v2/deputados/92346;Eduardo Bolsonaro;55;57;EDUARDO NANTES BOLSONARO;;M;;;1984-07-10;;RJ;Resende
https://dadosabertos.camara.leg.br/api/v2/deputados/141421;Eduardo da Fonte;53;57;EDUARDO HENRIQUE DA FONTE DE ALBUQUERQUE SILVA;;M;;;1972-10-17;;PE;Recife
https://dadosabertos.camara.leg.br/api/v2/deputados/220589;Eduardo Velloso;57;57;EDUARDO OVÍDIO BORGES DE VELLOSO VIANNA;;M;https://www.instagram.com/dr.eduardovelloso, https://www.facebook.com/dr.eduardovellosoo, https://youtube.com/channel, https://twitter.com/_EduardoVelloso;;1976-07-08;;AC;Rio Branco
https://dadosabertos.camara.leg.br/api/v2/deputados/74075;Elcione Barbalho;50;57;ELCIONE THEREZINHA ZAHLUTH BARBALHO;;F;http://twitter.com/elcionepmdb, http://www.facebook.com/elcionepmdb, https://www.instagram.com/elcionebarbalho;;1944-10-05;;PA;Belém
https://dadosabertos.camara.leg.br/api/v2/deputados/204364;Eli Borges;56;57;ELI DIAS BORGES;;M;;;1960-09-01;;GO;Ipameri
https://dadosabertos.camara.leg.br/api/v2/deputados/226553;Eliane Braz;57;57;FRANCISCA ELIANE BRAZ DE CARVALHO;;F;https://www.facebook.com/elianebrazce;;1976-09-08;;CE;Iguatu
https://dadosabertos.camara.leg.br/api/v2/deputados/229585;Elisangela Araujo;57;57;ELISANGELA DOS SANTOS ARAUJO;;F;;;1973-08-29;;BA;Valente
https://dadosabertos.camara.leg.br/api/v2/deputados/220008;Eliza Virgínia;56;57;ELIZA VIRGINIA DE SOUZA FERNANDES;;F;;;1972-04-02;;PB;João Pessoa
https://dadosabertos.camara.leg.br/api/v2/deputados/178854;Elmar Nascimento;55;57;ELMAR JOSE VIEIRA NASCIMENTO;;M;;;1970-07-06;;BA;Campo Formoso
https://dadosabertos.camara.leg.br/api/v2/deputados/218086;Ely Santos;56;57;ELIANE DE SOUSA ALVES;;F;https://pt-br.facebook.com/oficialelysantos/, https://instagram.com/deputadafederal_elysantos?utm_medium=copy_link;;1977-01-13;;SP;São Paulo
https://dadosabertos.camara.leg.br/api/v2/deputados/198783;Emanuel Pinheiro Neto;56;57;EMANUEL PINHEIRO DA SILVA PRIMO;;M;https://www.facebook.com/emanuelpinheironeto, https://www.instagram.com/emanuelpinheironeto, https://twitter.com/emanuelzinhomt;;1995-01-05;;MT;Cuiabá
https://dadosabertos.camara.leg.br/api/v2/deputados/161550;Emidinho Madeira;56;57;EMIDIO ALVES MADEIRA JUNIOR;;M;https://www.instagram.com/emidinhomadeira, https://www.facebook.com/emidinhomadeira;;1967-03-10;;MG;Nova Resende
https://dadosabertos.camara.leg.br/api/v2/deputados/225730;Enfermeira Ana Paula;57;57;ANA PAULA BRANDÃO DA SILVA FARIAS;;F;;;1983-11-17;;CE;Fortaleza
https://dadosabertos.camara.leg.br/api/v2/deputados/230765;Enfermeira Rejane;57;57;REJANE DE ALMEIDA;;F;;;1963-08-24;;RJ;Rio de Janeiro
https://dadosabertos.camara.leg.br/api/v2/deputados/132504;Enio Verri;55;57;ENIO JOSÉ VERRI;;M;https://www.facebook.com/enio.verri, https://twitter.com/enioverri, https://www.instagram.com/enioverri, https://youtube.com/enioverri;http://www.enioverri.com.br/;1961-03-27;;PR;Maringá
https://dadosabertos.camara.leg.br/api/v2/deputados/220663;Eriberto Medeiros;57;57;JOSÉ ERIBERTO MEDEIROS DE OLIVEIRA;;M;;;1965-09-26;;PE;Recife
https://dadosabertos.camara.leg.br/api/v2/deputados/220645;Erika Hilton;57;57;ERIKA SANTOS SILVA;;F;https://www.instagram.com/hilton_erika, https://twitter.com/erikakhilton;;1992-12-09;;SP;Franco da Rocha
https://dadosabertos.camara.leg.br/api/v2/deputados/160575;Erika Kokay;54;57;ÉRIKA JUCÁ KOKAY;;F;;;1957-08-15;;CE;Fortaleza
https://dadosabertos.camara.leg.br/api/v2/deputados/160640;Eros Biondini;54;57;EROS FERREIRA BIONDINI;;M;http://twitter.com/erosbiondini, https://www.facebook.com/erosbiondini, http://www.youtube.com/erosbiondini, https://www.instagram.com/ErosBiondini;http://www.erosbiondini.com;1971-05-20;;MG;Belo Horizonte
https://dadosabertos.camara.leg.br/api/v2/deputados/204482;Euclydes Pettersen;56;57;EUCLYDES MARCOS PETTERSEN NETO;;M;;;1984-08-15;;MG;Governador Valadares
https://dadosabertos.camara.leg.br/api/v2/deputados/74454;Eunício Oliveira;51;57;EUNÍCIO LOPES DE OLIVEIRA;;M;https://www.instagram.com/euniciooliveira, https://twitter.com/eunicio;;1952-09-30;;CE;Lavras da Mangabeira
https://dadosabertos.camara.leg.br/api/v2/deputados/178871;Evair Vieira de Melo;55;57;EVAIR VIEIRA DE MELO;;M;https://www.facebook.com/evair.vieirademelo, https://youtube.com/channel/UCT5EVLanh6IiCl01fzPSOBQ;;1972-04-02;;ES;Conceição do Castelo
https://dadosabertos.camara.leg.br/api/v2/deputados/178905;Fabio Garcia;55;57;FABIO PAULINO GARCIA;;M;;;1977-06-29;;DF;Brasília
https://dadosabertos.camara.leg.br/api/v2/deputados/68720;Fábio Henrique;56;57;FABIO HENRIQUE SANTANA DE CARVALHO;;M;https://www.instagram.com/fabiohenriquese12, https://twitter.com/FabioHenriqueSE;;1972-06-19;;SE;Simão Dias
https://dadosabertos.camara.leg.br/api/v2/deputados/220681;Fábio Macedo;57;57;FÁBIO HENRIQUE DIAS DE  MACEDO;;M;;;1981-09-18;;MA;Dom Pedro
https://dadosabertos.camara.leg.br/api/v2/deputados/171623;Fabio Reis;54;57;FABIO DE ALMEIDA REIS;;M;https://www.facebook.com/fabioreispsd;;1977-04-15;;SE;Lagarto
https://dadosabertos.camara.leg.br/api/v2/deputados/204368;Fabio Schiochet;56;57;FÁBIO LUIZ SCHIOCHET FILHO;;M;;;1988-05-31;;SC;Jaraguá do Sul
https://dadosabertos.camara.leg.br/api/v2/deputados/220653;Fábio Teruel;57;57;Fábio Eduardo de Oliveira Teruel;;M;https://www.instagram.com/fabioterueloficial, https://youtube.com/FabioTeruelOficial, https://www.facebook.com/TmjFabioTeruel;;1971-10-22;;SP;Santa Bárbara D'Oeste
https://dadosabertos.camara.leg.br/api/v2/deputados/66828;Fausto Pinato;55;57;FAUSTO RUY PINATO;;M;;;1977-06-01;;SP;Fernandópolis
https://dadosabertos.camara.leg.br/api/v2/deputados/220712;Fausto Santos Jr.;57;57;FAUSTO VIEIRA DOS SANTOS JUNIOR;;M;;;1992-12-20;;AM;Manaus
https://dadosabertos.camara.leg.br/api/v2/deputados/220646;Felipe Becari;57;57;FELIPE BECARI COMENALE;;M;https://twitter.com/felipebecari, https://www.facebook.com/felipebecarisp, https://www.instagram.com/felipebecari, https://youtube.com/channel;;1987-03-06;;SP;São Paulo
https://dadosabertos.camara.leg.br/api/v2/deputados/72442;Felipe Carreras;55;57;FELIPE AUGUSTO LYRA CARRERAS;;M;;;1975-04-16;;PE;Recife
https://dadosabertos.camara.leg.br/api/v2/deputados/204398;Felipe Francischini;56;57;LUIS FELIPE BONATTO FRANCISCHINI;;M;;;1991-10-02;;PR;Curitiba
https://dadosabertos.camara.leg.br/api/v2/deputados/227370;Felipe Saliba;57;57;FELIPE MAURÍCIO SALIBA DE SOUZA;;M;;;1980-06-12;;MG;Belo Horizonte
https://dadosabertos.camara.leg.br/api/v2/deputados/160666;Félix Mendonça Júnior;54;57;FELIX DE ALMEIDA MENDONÇA JÚNIOR;;M;https://www.facebook.com/felixmendoncajr, https://twitter.com/felixmendoncajr, https://www.instagram.com/felixmendoncajr;;1963-11-29;;BA;Itabuna
https://dadosabertos.camara.leg.br/api/v2/deputados/204407;Fernanda Melchionna;56;57;FERNANDA MELCHIONNA E SILVA;;F;;;1984-02-02;;RS;Alegrete
https://dadosabertos.camara.leg.br/api/v2/deputados/220656;Fernanda Pessoa;57;57;FERNANDA ENEIDA PESSOA CARACAS DE SOUZA;;F;;;1966-06-08;;CE;Fortaleza
https://dadosabertos.camara.leg.br/api/v2/deputados/141431;Fernando Coelho Filho;53;57;FERNANDO BEZERRA DE SOUZA COELHO FILHO;;M;;;1984-02-28;;PE;Recife
https://dadosabertos.camara.leg.br/api/v2/deputados/204445;Fernando Mineiro;57;57;FERNANDO WANDERLEY VARGAS DA SILVA;;M;https://www.facebook.com/fernandomineiro, https://www.instagram.com/mineiroptrn, https://twitter.com/mineiroptrn;;1956-12-06;;MG;Curvelo
https://dadosabertos.camara.leg.br/api/v2/deputados/92699;Fernando Monteiro;55;57;FERNANDO MONTEIRO DE ALBUQUERQUE;;M;;;1976-09-17;;PE;Recife
https://dadosabertos.camara.leg.br/api/v2/deputados/204427;Fernando Rodolfo;56;57;FERNANDO RODOLFO TENORIO DE VASCONCELOS;;M;https://www.instagram.com/fernandorodolfooficial, https://www.facebook.com/FernandoRodolfoTV;;1983-11-17;;PE;Garanhuns
https://dadosabertos.camara.leg.br/api/v2/deputados/204411;Filipe Barros;56;57;FILIPE BARROS BAPTISTA DE TOLEDO RIBEIRO;;M;https://www.instagram.com/filipebarrosoficial, https://twitter.com/filipebarrost;;1991-05-29;;PR;Londrina
https://dadosabertos.camara.leg.br/api/v2/deputados/220545;Filipe Martins;57;57;FILIPE MARTINS DOS SANTOS;;M;https://www.instagram.com/filipemartinsto, https://www.facebook.com/filipemartinsto, https://youtube.com/filipemartinsto;;1984-04-01;;GO;Goiânia
https://dadosabertos.camara.leg.br/api/v2/deputados/160598;Flávia Morais;54;57;FLÁVIA CARREIRO ALBUQUERQUE MORAIS;;F;https://www.instagram.com/flaviamorais1212, https://www.facebook.com/FláviaMorais;;1969-04-26;;MG;Belo Horizonte
https://dadosabertos.camara.leg.br/api/v2/deputados/225727;Flavinha;57;57;ANA FLÁVIA RODRIGUES RAMIRO;;F;;;1990-11-08;;MT;Colíder
https://dadosabertos.camara.leg.br/api/v2/deputados/191923;Flávio Nogueira;55;57;FLÁVIO RODRIGUES NOGUEIRA;;M;https://twitter.com/flavionpi, https://www.facebook.com/flavionogueirapi, https://youtube.com/channel/UCK5EmojEtDuJnbOAGHcWhiA, https://www.instagram.com/flavionogueirapi;;1953-02-27;;CE;Alto Santo
https://dadosabertos.camara.leg.br/api/v2/deputados/220700;Florentino Neto;57;57;FLORENTINO ALVES VERAS NETO;;M;;;1969-10-05;;PI;Buriti dos Lopes
https://dadosabertos.camara.leg.br/api/v2/deputados/220551;Franciane Bayer;57;57;FRANCIANE ABADE BAYER MULLER;;F;;;1987-10-09;;RS;Santa Maria
https://dadosabertos.camara.leg.br/api/v2/deputados/204494;Fred Costa;56;57;FREDERICO BORGES DA COSTA;;M;https://twitter.com/fredcostadep, https://www.facebook.com/FredCostaDEP, https://www.instagram.com/FredCostaDEP;;1977-07-12;;MG;Belo Horizonte
https://dadosabertos.camara.leg.br/api/v2/deputados/220534;Fred Linhares;57;57;DAVYS FREDERICO TEIXEIRA LINHARES;;M;https://www.instagram.com/fredlinharesbrasilia, https://www.facebook.com/FredLinharesBrasilia?mibextid=LQQJ4d, https://www.youtube.com/@fredlinharesbrasilia/videos, https://twitter.com/fredlinhares?ref_src=twsrc%5Egoogle%7Ctwcamp%5Eserp%7Ctwgr%5Eauthor;;1980-01-26;;DF;Brasília
https://dadosabertos.camara.leg.br/api/v2/deputados/224117;Gabriel Mota;57;57;GABRIEL MOTA E SILVA;;M;https://www.facebook.com/gabrielmotarr, https://twitter.com/gabrielmotarr;;1982-12-24;;RR;Boa Vista
https://dadosabertos.camara.leg.br/api/v2/deputados/220708;Gabriel Nunes;57;57;GABRIEL JOSE MOURA NUNES SOARES;;M;;;1983-07-23;;PE;Recife
https://dadosabertos.camara.leg.br/api/v2/deputados/204473;General Girão;56;57;ELIÉSER GIRÃO MONTEIRO FILHO;;M;;;1955-05-08;;CE;Fortaleza
https://dadosabertos.camara.leg.br/api/v2/deputados/220611;General Pazuello;57;57;EDUARDO PAZUELLO;;M;;;1963-07-19;;RJ;Rio de Janeiro
https://dadosabertos.camara.leg.br/api/v2/deputados/178966;Geovania de Sá;55;57;Geovânia de Sá;;F;https://www.facebook.com/geovaniadesaa?mibextid=ZbWKwL, https://instagram.com/geovaniasa?igshid=ZDdkNTZiNTM=, https://twitter.com/geovaniadesa?t=zlR3T1G0uVQIQSdO6omG7A&s=09;;1972-03-30;;SC;Criciúma
https://dadosabertos.camara.leg.br/api/v2/deputados/220702;Geraldo Mendes;57;57;GERALDO GABRIEL MENDES;;M;https://www.facebook.com/geraldomendesoficial?mibextid=LQQJ4d, https://www.instagram.com/geraldomendesoficial/?igshid=YmMyMTA2M2Y%3D, https://www.youtube.com/@geraldomendes3450;;1985-12-05;;SC;Galvão
https://dadosabertos.camara.leg.br/api/v2/deputados/74374;Geraldo Resende;52;57;GERALDO RESENDE PEREIRA;;M;http://twitter.com/dep_geraldo, https://www.facebook.com/geraldoresendems, https://www.instagram.com/geraldoresendems, https://youtube.com/channel/UCbnj5-ROiu04qLttEG6HNmQ;http://www.depgeraldo.wordpress.com;1955-04-20;;MG;Córrego Danta
https://dadosabertos.camara.leg.br/api/v2/deputados/220587;Gerlen Diniz;57;57;GEHLEN DINIZ ANDRADE;;M;;;1974-04-08;;AC;Sena Madureira
https://dadosabertos.camara.leg.br/api/v2/deputados/204394;Gervásio Maia;56;57;GERVÁSIO AGRIPINO MAIA;;M;https://www.facebook.com/gervasiomaiapb, https://www.instagram.com/gervasiomaia, https://twitter.com/gervasiomaia;;1975-04-14;;SP;São Paulo
https://dadosabertos.camara.leg.br/api/v2/deputados/74383;Giacobo;52;57;FERNANDO LÚCIO GIACOBO;;M;https://www.facebook.com/fernandogiacobo, https://www.instagram.com/fernandogiacobo;;1970-12-17;;PR;Pato Branco
https://dadosabertos.camara.leg.br/api/v2/deputados/204491;Gilberto Abramo;56;57;GILBERTO APARECIDO ABRAMO;;M;https://www.instagram.com/gilbertoabramo_, https://twitter.com/gilbertoabramo, https://www.facebook.com/gilbertoabramo;;1966-08-06;;SP;Porto Ferreira
https://dadosabertos.camara.leg.br/api/v2/deputados/74270;Gilberto Nascimento;52;57;GILBERTO NASCIMENTO SILVA;;M;;;1956-07-09;;SP;São Paulo
https://dadosabertos.camara.leg.br/api/v2/deputados/220529;Gilson Daniel;57;57;GILSON DANIEL BATISTA;;M;https://www.instagram.com/gilsondaniel1919;;1978-07-17;;RJ;Duque de Caxias
https://dadosabertos.camara.leg.br/api/v2/deputados/204365;Gilson Marques;56;57;GILSON MARQUES VIEIRA;;M;https://twitter.com/gilson__marques, https://www.facebook.com/gilson.marques.novo, https://www.instagram.com/gilson.marques.novo, https://youtube.com/gilsonmarquesnovo;;1981-04-12;;SC;Rio do Sul
https://dadosabertos.camara.leg.br/api/v2/deputados/220526;Gilvan da Federal;57;57;GILVAN AGUIAR COSTA;;M;https://www.instagram.com/gilvandafederal;;1976-09-24;;MA;Araióses
https://dadosabertos.camara.leg.br/api/v2/deputados/220531;Gilvan Maximo;57;57;GILVAM MAXIMO;;M;;;1969-05-10;;GO;Rubiataba
https://dadosabertos.camara.leg.br/api/v2/deputados/160673;Giovani Cherini;54;57;GIOVANI CHERINI;;M;;;1960-06-23;;RS;Soledade
https://dadosabertos.camara.leg.br/api/v2/deputados/226179;Gisela Simona;57;57;GISELA SIMONA VIANA DE SOUZA;;F;;;1977-04-28;;MT;Cuiabá
https://dadosabertos.camara.leg.br/api/v2/deputados/152605;Glauber Braga;53;57;GLAUBER DE MEDEIROS BRAGA;;M;;;1982-06-26;;RJ;Nova Friburgo
https://dadosabertos.camara.leg.br/api/v2/deputados/229333;Gláucia Santiago;57;57;GLÁUCIA MARIA SANTIAGO RODRIGUES;;F;;;1960-02-20;;MG;Itaúna
https://dadosabertos.camara.leg.br/api/v2/deputados/204419;Glaustin da Fokus;56;57;GLAUSKSTON BATISTA RIOS;;M;;;1973-12-22;;GO;Goiânia
https://dadosabertos.camara.leg.br/api/v2/deputados/107283;Gleisi Hoffmann;56;57;GLEISI HELENA HOFFMANN;;F;https://www.facebook.com/gleisi.hoffmann, https://www.instagram.com/gleisihoffmann, https://youtube.com/GleisiHoffmannPT, https://twitter.com/gleisi;www.gleisi.com.br;1965-09-06;;PR;Curitiba
https://dadosabertos.camara.leg.br/api/v2/deputados/198197;Greyce Elias;56;57;GREYCE DE QUEIROZ ELIAS;;F;https://twitter.com/greyceelias, https://www.instagram.com/greyceelias, https://www.facebook.com/greyce.elias, https://youtube.com/channel/UCcSZxLiSfO1dFmAryUnxPHg;;1981-12-15;;MG;Patrocínio
https://dadosabertos.camara.leg.br/api/v2/deputados/220639;Guilherme Boulos;57;57;GUILHERME CASTRO BOULOS;;M;https://www.facebook.com/guilhermeboulos?mibextid=LQQJ4d, https://www.instagram.com/guilhermeboulos.oficial, https://www.youtube.com/@GuilhermeBoulosoficial, https://twitter.com/guilhermeboulos?s=11&t=PbdbjkD7sGuAiT6UirTpIw;;1982-06-19;;SP;São Paulo
https://dadosabertos.camara.leg.br/api/v2/deputados/204531;Guilherme Derrite;56;57;GUILHERME MURARO DERRITE;;M;https://www.instagram.com/capitaoderrite, https://twitter.com/capitaoderrite, https://www.facebook.com/capitaoderrite, https://youtube.com/channel/UCZHZxgmwC2c5tz3_Jn-gGOw;www.derrite.com.br;1984-10-10;;SP;Sorocaba
https://dadosabertos.camara.leg.br/api/v2/deputados/220664;Guilherme Uchoa;57;57;GUILHERME A. UCHOA CAVALCANTI PESSOA DE MELO JUNIOR;;M;https://www.instagram.com/GUILHERMEUCHOAJR;;1971-04-27;;PE;Paulista
https://dadosabertos.camara.leg.br/api/v2/deputados/220568;Gustavo Gayer;57;57;GUSTAVO GAYER MACHADO DE ARAUJO;;M;https://www.facebook.com/gustavogayer, https://www.instagram.com/gusgayer, https://youtube.com/GustavoGayer, https://twitter.com/GayerGus;;1981-04-13;;GO;Goiânia
https://dadosabertos.camara.leg.br/api/v2/deputados/204408;Gustinho Ribeiro;56;57;LUIZ AUGUSTO CARVALHO RIBEIRO FILHO;;M;;;1982-02-16;;SE;Aracaju
https://dadosabertos.camara.leg.br/api/v2/deputados/204456;Gutemberg Reis;56;57;GUTEMBERG REIS DE OLIVEIRA;;M;;;1979-09-09;;RJ;Duque de Caxias
https://dadosabertos.camara.leg.br/api/v2/deputados/178964;Heitor Schuch;55;57;HEITOR JOSE SCHUCH;;M;https://twitter.com/HeitorSchuch, https://www.facebook.com/heitorschuchoficial, https://www.instagram.com/heitorschuch;;1962-03-25;;RS;Santa Cruz do Sul
https://dadosabertos.camara.leg.br/api/v2/deputados/178873;Helder Salomão;55;57;HELDER IGNACIO SALOMAO;;M;;;1964-03-08;;ES;Colatina
https://dadosabertos.camara.leg.br/api/v2/deputados/220537;Helena Lima;57;57;MARIA HELENA TEIXEIRA LIMA;;F;https://www.instagram.com/helenadaasatur, https://twitter.com/helenadaasatur;;1976-03-30;;TO;Araguatins
https://dadosabertos.camara.leg.br/api/v2/deputados/178909;Hélio Leite;55;57;HELIO LEITE DA SILVA;;M;https://www.instagram.com/helio.leite;;1957-12-09;;PA;Castanhal
https://dadosabertos.camara.leg.br/api/v2/deputados/204444;Helio Lopes;56;57;HELIO FERNANDO BARBOSA LOPES;;M;https://twitter.com/depheliolopes, https://www.facebook.com/depheliolopes, https://www.instagram.com/depheliolopes;;1969-03-28;;RJ;Queimados
https://dadosabertos.camara.leg.br/api/v2/deputados/220672;Henderson Pinto;57;57;HENDERSON LIRA PINTO;;M;;;1976-04-25;;PA;Santarém
https://dadosabertos.camara.leg.br/api/v2/deputados/227324;Henrique Júnior;57;57;HENRIQUE CESAR FERREIRA DE MELO LIMA JUNIOR;;M;;;1985-09-18;;PI;Teresina
https://dadosabertos.camara.leg.br/api/v2/deputados/204539;Hercílio Coelho Diniz;56;57;HERCÍLIO ARAÚJO DINIZ FILHO;;M;https://www.instagram.com/herciliocoelhodinizoficial, https://www.facebook.com/herciliocoelhodinizoficial, https://twitter.com/herciliodiniz, https://youtube.com/HercílioCoelhoDinizOficial;;1963-09-14;;MG;Governador Valadares
https://dadosabertos.camara.leg.br/api/v2/deputados/100689;Hildo do Candango;57;57;OSMARILDO ALVES DE SOUSA;;M;;;1970-12-06;;BA;Condeúba
https://dadosabertos.camara.leg.br/api/v2/deputados/178884;Hildo Rocha;55;57;HILDO AUGUSTO DA ROCHA NETO;;M;;;1960-04-22;;MA;São Luís
https://dadosabertos.camara.leg.br/api/v2/deputados/141450;Hugo Leal;53;57;HUGO LEAL MELO DA SILVA;;M;https://www.instagram.com/dephugoleal, https://twitter.com/dephugoleal;;1962-08-06;;MG;Ouro Fino
https://dadosabertos.camara.leg.br/api/v2/deputados/160674;Hugo Motta;54;57;HUGO MOTTA WANDERLEY DA NÓBREGA;;M;;;1989-09-11;;PB;João Pessoa
https://dadosabertos.camara.leg.br/api/v2/deputados/220563;Icaro de Valmir;57;57;ICARO BARBOSA COSTA;;M;https://www.instagram.com/icarodevalmir, https://twitter.com/icarodevalmir;;2001-04-10;;SE;Itabaiana
https://dadosabertos.camara.leg.br/api/v2/deputados/204533;Idilvan Alencar;56;57;ANTONIO IDILVAN DE LIMA ALENCAR;;M;https://www.instagram.com/idilvanalencar, https://twitter.com/idilvanalencar, https://www.facebook.com/idilvanoficial;;1968-09-23;;CE;Crato
https://dadosabertos.camara.leg.br/api/v2/deputados/204508;Igor Timo;56;57;IGOR TARCIANO TIMO;;M;https://www.facebook.com/oficialigortimo, https://www.instagram.com/oficialigortimo, https://twitter.com/oficialigortimo;;1982-04-10;;MG;Virgem da Lapa
https://dadosabertos.camara.leg.br/api/v2/deputados/98615;Ismael;57;57;ISMAEL DOS SANTOS;;M;https://www.instagram.com/deputadoismael, https://twitter.com/deputadoismael, https://www.facebook.com/deputadoismael;;1965-07-16;;SC;Blumenau
https://dadosabertos.camara.leg.br/api/v2/deputados/204436;Isnaldo Bulhões Jr.;56;57;ISNALDO BULHOES BARROS JUNIOR;;M;https://www.instagram.com/isnaldobulhoes, https://www.facebook.com/isnaldobulhoesjr, https://twitter.com/bulhoesjr;;1976-10-30;;AL;Maceió
https://dadosabertos.camara.leg.br/api/v2/deputados/230764;Ivan Junior;57;57;MAURO IVAN F. SANTIAGO JR;;M;;;1982-07-05;;CE;Fortaleza
https://dadosabertos.camara.leg.br/api/v2/deputados/73531;Ivan Valente;50;57;IVAN VALENTE;;M;;;1946-07-05;;SP;São Paulo
https://dadosabertos.camara.leg.br/api/v2/deputados/220696;Ivoneide Caetano;57;57;IVONEIDE SOUZA CAETANO;;F;;;1972-09-10;;BA;Biritinga
https://dadosabertos.camara.leg.br/api/v2/deputados/220670;Iza Arruda;57;57;IZA PAULA DE DEUS E MELLO ALBUQUERQUE ARRUDA;;F;https://www.instagram.com/izaarrudape, https://www.facebook.com/izaarrudape;;1987-09-06;;PE;Vitória de Santo Antão
https://dadosabertos.camara.leg.br/api/v2/deputados/220527;Jack Rocha;57;57;JACKELINE OLIVEIRA ROCHA;;F;;;1983-08-26;;ES;Colatina
https://dadosabertos.camara.leg.br/api/v2/deputados/220697;Jadyel Alencar;57;57;JADYEL SILVA ALENCAR;;M;;;1987-07-23;;PI;Teresina
https://dadosabertos.camara.leg.br/api/v2/deputados/74848;Jandira Feghali;49;57;JANDIRA FEGHALI;;F;;;1957-05-17;;PR;Curitiba
https://dadosabertos.camara.leg.br/api/v2/deputados/220567;Jeferson Rodrigues;57;57;JEFERSON RODRIGUES LEMOS;;M;;;1975-05-01;;GO;Goiânia
https://dadosabertos.camara.leg.br/api/v2/deputados/74273;Jefferson Campos;52;57;JEFFERSON ALVES DE CAMPOS;;M;https://www.instagram.com/depjefferson, https://www.facebook.com/depjefferson, https://youtube.com/DepJeffersonCampos, https://twitter.com/depjefferson;;1964-10-26;;SP;Ourinhos
https://dadosabertos.camara.leg.br/api/v2/deputados/160531;Jhonatan de Jesus;54;57;JOHNATHAN PEREIRA DE JESUS;;M;;;1983-09-03;;RR;Boa Vista
https://dadosabertos.camara.leg.br/api/v2/deputados/141456;Jilmar Tatto;53;57;JILMAR AUGUSTINHO TATTO;;M;;;1965-06-25;;PR;Corbélia
https://dadosabertos.camara.leg.br/api/v2/deputados/141458;João Carlos Bacelar;53;57;JOÃO CARLOS PAOLILO BACELAR FILHO;;M;https://www.instagram.com/joaobacelaroficial;;1972-10-08;;BA;Salvador
https://dadosabertos.camara.leg.br/api/v2/deputados/230957;João Cury;57;57;João Cury Neto;;M;;;1973-10-22;;SP;Botucatu
https://dadosabertos.camara.leg.br/api/v2/deputados/178970;João Daniel;55;57;JOAO SOMARIVA DANIEL;;M;https://twitter.com/depjoaodanielpt, https://www.facebook.com/deputadojoaodaniel, https://www.instagram.com/deputadojoaodaniel, https://youtube.com/deputadojoaodaniel;;1967-08-22;;SC;São Lourenço D'Oeste
https://dadosabertos.camara.leg.br/api/v2/deputados/74550;João Leão;50;57;JOÃO FELIPE DE SOUZA LEÃO;;M;;;1946-02-27;;PE;Recife
https://dadosabertos.camara.leg.br/api/v2/deputados/141459;João Maia;53;57;JOÃO DA SILVA MAIA;;M;;;1953-09-20;;PB;Brejo do Cruz
https://dadosabertos.camara.leg.br/api/v2/deputados/178910;Joaquim Passarinho;55;57;JOAQUIM PASSARINHO PINTO DE SOUZA PORTO;;M;https://www.facebook.com/joaquimpassarinhooficial, https://www.instagram.com/joaquim_passarinho, https://twitter.com/depjpassarinho;;1961-12-02;;PA;Belém
https://dadosabertos.camara.leg.br/api/v2/deputados/160548;Jonas Donizette;54;57;JONAS DONIZETTE FERREIRA;;M;http://www.twitter.com/jonas_donizette, https://www.instagram.com/jonasdonizette/;;1965-06-25;;MG;Monte Belo
https://dadosabertos.camara.leg.br/api/v2/deputados/217480;Jones Moura;56;57;JONES BARBOSA DE MOURA;;M;;;1974-06-16;;RJ;Rio de Janeiro
https://dadosabertos.camara.leg.br/api/v2/deputados/205550;Jorge Braz;56;57;JORGE BRAZ DE OLIVEIRA;;M;https://www.facebook.com/jorgebrazoficial, https://www.instagram.com/jorge_braz, https://twitter.com/Jorge_Braz, https://youtube.com/VEREADORJORGEBRAZ;;1953-07-13;;MG;Palma
https://dadosabertos.camara.leg.br/api/v2/deputados/214694;Jorge Goetten;56;57;JORGE GOETTEN DE LIMA;;M;https://www.instagram.com/jorgegoetten, https://www.facebook.com/Jorgegoettenminister, https://twitter.com/jorgegoetten;;1962-04-10;;SC;Mirim Doce
https://dadosabertos.camara.leg.br/api/v2/deputados/178857;Jorge Solla;55;57;JORGE JOSE SANTOS PEREIRA SOLLA;;M;;;1961-04-11;;BA;Salvador
https://dadosabertos.camara.leg.br/api/v2/deputados/141464;José Airton Félix Cirilo;53;57;JOSÉ AIRTON FÉLIX CIRILO DA SILVA;;M;https://twitter.com/joseairtonpt, https://www.facebook.com/Joseairtoncirilo, https://www.instagram.com/Joseairtoncirilo;;1957-02-21;;CE;Aracati
https://dadosabertos.camara.leg.br/api/v2/deputados/141470;José Guimarães;53;57;JOSÉ NOBRE GUIMARÃES;;M;;;1957-02-13;;CE;Quixeramobim
https://dadosabertos.camara.leg.br/api/v2/deputados/204472;José Medeiros;56;57;JOSE ANTONIO DOS SANTOS MEDEIROS;;M;;;1970-03-19;;RN;Caicó
https://dadosabertos.camara.leg.br/api/v2/deputados/204391;José Nelto;56;57;JOSÉ NELTO LAGARES DAS MERCEZ;;M;https://www.facebook.com/joseneltopodemos, https://twitter.com/depjosenelto, https://www.instagram.com/joseneltooficial;;1960-09-19;;MG;Tiros
https://dadosabertos.camara.leg.br/api/v2/deputados/74079;José Priante;50;57;JOSÉ BENITO PRIANTE JÚNIOR;;M;;;1963-12-02;;PA;Belém
https://dadosabertos.camara.leg.br/api/v2/deputados/74554;José Rocha;50;57;JOSÉ ALVES ROCHA;;M;;;1948-08-18;;BA;Coribe
https://dadosabertos.camara.leg.br/api/v2/deputados/209189;Joseildo Ramos;56;57;JOSEILDO RIBEIRO RAMOS;;M;https://www.facebook.com/deputadojoseildoramos, https://www.instagram.com/joseildoramos, https://twitter.com/joseildoramos;;1957-08-23;;BA;Alagoinhas
https://dadosabertos.camara.leg.br/api/v2/deputados/220578;Josenildo;57;57;JOSENILDO SANTOS ABRANTES;;M;;;1973-03-29;;AP;Macapá
https://dadosabertos.camara.leg.br/api/v2/deputados/74141;Josias Gomes;52;57;JOSIAS GOMES DA SILVA;;M;;;1956-10-14;;PE;Amaraji
https://dadosabertos.camara.leg.br/api/v2/deputados/204563;Josimar Maranhãozinho;56;57;JOSIMAR CUNHA RODRIGUES;;M;;;1976-11-13;;CE;Várzea Alegre
https://dadosabertos.camara.leg.br/api/v2/deputados/215043;Josivaldo JP;56;57;JOSIVALDO DOS SANTOS MELO;;M;https://www.instagram.com/jpdeputado/, https://www.facebook.com/deputadojosivaldojp/;;1983-11-29;;PA;Jacundá
https://dadosabertos.camara.leg.br/api/v2/deputados/204474;Juarez Costa;56;57;JUAREZ ALVES DA COSTA;;M;https://twitter.com/juarezcostamt, https://www.instagram.com/juarezcostamt, https://www.youtube.com/channel/UCKKA7s-2Lo6xKtZlgahT-aA, https://www.facebook.com/juarezcostamt;;1960-01-20;;PR;Londrina
https://dadosabertos.camara.leg.br/api/v2/deputados/220559;Julia Zanatta;57;57;JULIA PEDROSO ZANATTA;;F;https://www.instagram.com/juliazanattasc, https://twitter.com/https:, https://www.facebook.com/juliapzanatta, https://youtube.com/channel/UC-xMxlTPP-xGmOry0wx2sxw;;1985-03-20;;SC;Criciúma
https://dadosabertos.camara.leg.br/api/v2/deputados/220640;Juliana Cardoso;57;57;JULIANA CARDOSO;;F;https://www.instagram.com/julianacardoso_pt, https://www.facebook.com/julianacardosopt, https://twitter.com/julianapt, https://youtube.com/julianacardosopt;;1979-10-22;;SP;São Paulo
https://dadosabertos.camara.leg.br/api/v2/deputados/228837;Juliana Kolankiewicz;57;57;JULIANA ROSA DE SOUZA KOLANKIEWICZ;;F;;;1979-08-11;;PR;Palmas
https://dadosabertos.camara.leg.br/api/v2/deputados/66385;Julio Arcoverde;57;57;JULIO FERRAZ ARCOVERDE;;M;https://www.instagram.com/julioarcoverde, https://www.facebook.com/depjulioarcoverde, https://twitter.com/julioarcoverde, https://youtube.com/julioarcoverde;;1966-02-14;;PI;Teresina
https://dadosabertos.camara.leg.br/api/v2/deputados/74317;Júlio Cesar;50;57;JÚLIO CÉSAR DE CARVALHO LIMA;;M;https://www.facebook.com/depjuliocesar, https://www.instagram.com/deputadojuliocesar, https://twitter.com/depjuliocesarPI, https://youtube.com/deputadojuliocesarpi;;1948-08-25;;PI;Guadalupe
https://dadosabertos.camara.leg.br/api/v2/deputados/204372;Julio Cesar Ribeiro;56;57;JULIO CESAR RIBEIRO;;M;https://www.facebook.com/JulioCesarRibeiro, https://www.instagram.com/juliocesarribeiro, https://twitter.com/JulioCesarRib, https://youtube.com/JulioCesarRibeiro;;1975-02-24;;SP;São Bernardo do Campo
https://dadosabertos.camara.leg.br/api/v2/deputados/74253;Julio Lopes;52;57;JULIO LUIZ BAPTISTA LOPES;;M;https://www.facebook.com/juliolopesrio/?locale=pt_BR, https://www.instagram.com/juliolopes_rio/, https://youtube.com/JulioLopesRio;;1959-04-06;;RJ;Rio de Janeiro
https://dadosabertos.camara.leg.br/api/v2/deputados/228797;Júlio Oliveira;57;57;JÚLIO DA SILVA OLIVEIRA;;M;;;1974-03-03;;PI;Beneditinos
https://dadosabertos.camara.leg.br/api/v2/deputados/204457;Juninho do Pneu;56;57;ROGERIO TEIXEIRA JUNIOR;;M;https://www.instagram.com/juninhodopneu, https://www.facebook.com/juninhodopneu01;;1976-10-23;;RJ;Nova Iguaçu
https://dadosabertos.camara.leg.br/api/v2/deputados/204520;Junio Amaral;56;57;GERALDO JUNIO DO AMARAL;;M;https://www.facebook.com/cabojunioamaral, https://www.instagram.com/cabojunioamaral, https://twitter.com/cabojunioamaral;;1987-06-30;;MG;Belo Horizonte
https://dadosabertos.camara.leg.br/api/v2/deputados/204497;Júnior Ferrari;56;57;JOÃO FERRARI JÚNIOR;;M;;;1967-07-13;;PA;Oriximiná
https://dadosabertos.camara.leg.br/api/v2/deputados/204574;Junior Lourenço;56;57;JOSE LOURENÇO BOMFIM JUNIOR;;M;https://www.instagram.com/juniorlourenço;;1978-10-18;;MA;São Luís
https://dadosabertos.camara.leg.br/api/v2/deputados/204550;Júnior Mano;56;57;ANTÔNIO LUIZ RODRIGUES MANO JÚNIOR;;M;https://www.instagram.com/juniormanodep, https://twitter.com/juniormanodep, https://www.facebook.com/juniormanodep, https://youtube.com/deputadojuniormano;;1985-04-16;;CE;Nova Russas
https://dadosabertos.camara.leg.br/api/v2/deputados/178886;Juscelino Filho;55;57;JOSE JUSCELINO DOS SANTOS REZENDE FILHO;;M;;;1984-11-06;;MA;São Luís
https://dadosabertos.camara.leg.br/api/v2/deputados/208297;Katia Dias;57;57;KATIA REGINA OLIVEIRA DIAS;;F;;;1978-02-27;;MG;Juiz de Fora
https://dadosabertos.camara.leg.br/api/v2/deputados/220677;Keniston Braga;57;57;KENISTON DE JESUS REGO BRAGA;;M;https://www.facebook.com/kenistonoficial, https://www.instagram.com/kenistonoficial/, https://www.youtube.com/c/KenistonOficial;;1967-06-02;;PA;Abaetetuba
https://dadosabertos.camara.leg.br/api/v2/deputados/162067;Kiko Celeguim;57;57;FRANCISCO DANIEL CELEGUIM DE MORAIS;;M;https://www.facebook.com/kikoceleguim, https://youtube.com/KikoCeleguimoficial, https://www.instagram.com/kiko.celeguim, https://twitter.com/kikoceleguim;;1984-05-05;;SP;São Paulo
https://dadosabertos.camara.leg.br/api/v2/deputados/204536;Kim Kataguiri;56;57;KIM PATROCA KATAGUIRI;;M;https://twitter.com/kimkataguiri, https://www.instagram.com/kimkataguiri, https://youtube.com/kimkataguiri, https://www.facebook.com/Kim-Kataguiri-833053646745836;;1996-01-28;;SP;Salto
https://dadosabertos.camara.leg.br/api/v2/deputados/98057;Lafayette de Andrada;56;57;LAFAYETTE LUIZ DOORGAL DE ANDRADA;;M;https://twitter.com/lafayetteandrad, https://www.facebook.com/lafayettedeandrada, https://www.instagram.com/lafayetteandrada, https://youtube.com/channel/UC5f8X2JAnafqV7bPLmDeZGw;;1966-10-17;;MG;Belo Horizonte
https://dadosabertos.camara.leg.br/api/v2/deputados/74856;Laura Carneiro;50;57;MARIA LAURA MONTEZA DE SOUZA CARNEIRO;;F;;;1963-05-01;;RJ;Rio de Janeiro
https://dadosabertos.camara.leg.br/api/v2/deputados/141480;Lázaro Botelho;53;57;LÁZARO BOTELHO MARTINS;;M;https://www.instagram.com/dep.lazaro/, https://www.facebook.com/dep.lazaro/?locale=pt_BR;;1947-02-11;;MA;Loreto
https://dadosabertos.camara.leg.br/api/v2/deputados/178832;Leandre;55;57;LEANDRE DAL PONTE;;F;;;1975-12-20;;PR;Pato Branco
https://dadosabertos.camara.leg.br/api/v2/deputados/220600;Lebrão;57;57;JOSE EURIPEDES CLEMENTE;;M;;;1955-03-10;;SP;Guará
https://dadosabertos.camara.leg.br/api/v2/deputados/220566;Lêda Borges;57;57;Lêda Borges de Moura;;F;;;1961-11-02;;MG;Conquista
https://dadosabertos.camara.leg.br/api/v2/deputados/231911;Lenir de Assis;57;57;LENIR CANDIDA DE ASSIS;;F;;;1969-09-18;;PR;
https://dadosabertos.camara.leg.br/api/v2/deputados/80815;Leo Prates;57;57;LEONARDO SILVA PRATES;;M;https://www.facebook.com/leo.prates.7, https://www.instagram.com/leoprates, https://twitter.com/LeonardoPrates4;;1978-04-05;;BA;Salvador
https://dadosabertos.camara.leg.br/api/v2/deputados/122195;Leonardo Gadelha;54;57;LEONARDO DE MELO GADELHA;;M;https://www.instagram.com/leonardogadelhapb, https://www.facebook.com/leonardogadelhapb;;1975-05-12;;DF;Brasília
https://dadosabertos.camara.leg.br/api/v2/deputados/74156;Leonardo Monteiro;52;57;JOSÉ LEONARDO COSTA MONTEIRO;;M;;;1951-10-09;;MG;Governador Valadares
https://dadosabertos.camara.leg.br/api/v2/deputados/74299;Leônidas Cristino;50;57;JOSÉ LEÔNIDAS DE MENEZES CRISTINO;;M;https://www.instagram.com/leonidas.cristino, https://www.facebook.com/leonidascristinooficial, https://twitter.com/joseleonidas;;1957-06-03;;CE;Coreaú
https://dadosabertos.camara.leg.br/api/v2/deputados/92102;Leur Lomanto Júnior;56;57;LEUR ANTONIO DE BRITTO LOMANTO JUNIOR;;M;https://www.facebook.com/leurlomantojr/, https://www.instagram.com/leurlomantojr, https://twitter.com/leurlomantojr;;1976-10-28;;BA;Salvador
https://dadosabertos.camara.leg.br/api/v2/deputados/139285;Lídice da Mata;48;57;LÍDICE DA MATA E SOUZA;;F;https://twitter.com/lidicedamata, https://www.instagram.com/lidicedamata;;1956-03-12;;BA;Cachoeira
https://dadosabertos.camara.leg.br/api/v2/deputados/74585;Lincoln Portela;51;57;LINCOLN DINIZ PORTELA;;M;;;1953-11-03;;MG;Belo Horizonte
https://dadosabertos.camara.leg.br/api/v2/deputados/74858;Lindbergh Farias;50;57;LUIZ LINDBERGH FARIAS FILHO;;M;;;1969-12-08;;PB;João Pessoa
https://dadosabertos.camara.leg.br/api/v2/deputados/171139;Loreny;57;57;LORENY MAYARA CAETANO ROBERTO;;F;;;1991-07-11;;SP;Taubaté
https://dadosabertos.camara.leg.br/api/v2/deputados/220662;Lucas Ramos;57;57;LUCAS CAVALCANTI RAMOS;;M;https://www.instagram.com/lucasramospe, https://www.facebook.com/lucasramosoficial, https://twitter.com/lucasramospe;;1986-02-14;;PE;Recife
https://dadosabertos.camara.leg.br/api/v2/deputados/204404;Lucas Redecker;56;57;LUCAS BELLO REDECKER;;M;https://facebook.com/lucasredecker, https://instagram.com/lucasredecker, https://youtube.com/user/lucasredecker, https://twitter.com/lucasredecker;www.lucasredecker.com;1981-05-26;;RS;Novo Hamburgo
https://dadosabertos.camara.leg.br/api/v2/deputados/138286;Luciano Alves;57;57;LUCIANO ALVES DOS SANTOS;;M;https://www.instagram.com/deputadolucianoalves, https://www.facebook.com/deputadolucianoalves;;1973-01-08;;PR;Nova Cantu
https://dadosabertos.camara.leg.br/api/v2/deputados/220581;Luciano Amaral;57;57;LUCIANO SURUAGY DO AMARAL FILHO;;M;;;1986-06-27;;AL;Maceió
https://dadosabertos.camara.leg.br/api/v2/deputados/103758;Luciano Azevedo;57;57;LUCIANO PALMA DE AZEVEDO;;M;https://www.instagram.com/luciano_passofundo;;1969-05-24;;RS;Passo Fundo
https://dadosabertos.camara.leg.br/api/v2/deputados/74478;Luciano Bivar;51;57;LUCIANO CALDAS BIVAR;;M;;;1944-11-29;;PE;Recife
https://dadosabertos.camara.leg.br/api/v2/deputados/178931;Luciano Ducci;55;57;LUCIANO DUCCI;;M;;;1955-03-23;;PR;Curitiba
https://dadosabertos.camara.leg.br/api/v2/deputados/227323;Luciano Galego;57;57;LUCIANO RODRIGUES SEIDEL;;M;;;1984-07-16;;MA;Imperatriz
https://dadosabertos.camara.leg.br/api/v2/deputados/220616;Luciano Vieira;57;57;LUCIANO VIEIRA MENDES;;M;;;1988-04-26;;RJ;Rio de Janeiro
https://dadosabertos.camara.leg.br/api/v2/deputados/178954;Lucio Mosquini;55;57;LUCIO ANTONIO MOSQUINI;;M;https://www.facebook.com/deputadoluciomosquini, https://www.instagram.com/luciomosquini, https://youtube.com/lucioantoniomosquinimosqui7885;;1969-07-23;;MT;Rondonópolis
https://dadosabertos.camara.leg.br/api/v2/deputados/229082;Lucyana Genésio;57;57;KARLA LUCYANA SOARES CANTO COSTA;;F;;;1979-10-08;;MA;São Luís
https://dadosabertos.camara.leg.br/api/v2/deputados/222429;Luis Carlos Gomes;57;57;LUIS CARLOS GOMES DA SILVA;;M;;;1966-05-05;;RJ;Rio de Janeiro
https://dadosabertos.camara.leg.br/api/v2/deputados/160510;Luis Tibé;54;57;LUIS HENRIQUE DE OLIVEIRA RESENDE;;M;https://www.instagram.com/deputadoluistibe/, https://twitter.com/LuisTibeOficial, https://www.facebook.com/luistibeoficial, https://www.youtube.com/watch?v=BuVmJsuVjuY;;1971-07-23;;MG;Belo Horizonte
https://dadosabertos.camara.leg.br/api/v2/deputados/204410;Luisa Canziani;56;57;LUISA CANZIANI DOS SANTOS SILVEIRA;;F;;;1996-04-11;;PR;Londrina
https://dadosabertos.camara.leg.br/api/v2/deputados/204448;Luiz Antonio Corrêa;56;57;LUIZ ANTONIO C. C. CORRÊA DA SILVA;;M;;;1940-12-27;;RJ;Rio de Janeiro
https://dadosabertos.camara.leg.br/api/v2/deputados/141485;Luiz Carlos Busato;53;57;LUIZ CARLOS GHIORZZI BUSATO;;M;https://www.facebook.com/lcbusato, https://www.instagram.com/lcbusato, https://youtube.com/channel/UCI1WRKDHZA-6HQwN5_yWypw, https://twitter.com/lcbusato;;1948-11-06;;SC;Cacador
https://dadosabertos.camara.leg.br/api/v2/deputados/73778;Luiz Carlos Hauly;49;57;LUIZ CARLOS JORGE HAULY;;M;https://www.instagram.com/deputadohauly, https://twitter.com/deputadoHauly;;1950-10-08;;PR;Cambé
https://dadosabertos.camara.leg.br/api/v2/deputados/204485;Luiz Carlos Motta;56;57;LUIZ CARLOS MOTTA;;M;https://www.instagram.com/deputadomotta, https://www.facebook.com/mottadoscomerciarios, https://www.youtube.com/@DeputadoMotta, https://twitter.com/deputadomotta;;1959-04-24;;SP;Ribeirão Preto
https://dadosabertos.camara.leg.br/api/v2/deputados/74041;Luiz Couto;52;57;LUIZ ALBUQUERQUE COUTO;;M;;;1945-02-13;;PB;Soledade
https://dadosabertos.camara.leg.br/api/v2/deputados/141487;Luiz Fernando Faria;53;57;LUIZ FERNANDO RAMOS FARIA;;M;;;1957-09-12;;MG;Santos Dumont
https://dadosabertos.camara.leg.br/api/v2/deputados/229432;Luiz Fernando Vampiro;57;57;LUIZ FERNANDO CARDOSO;;M;;;1973-11-07;;SC;Criciúma
https://dadosabertos.camara.leg.br/api/v2/deputados/220658;Luiz Gastão;57;57;LUIZ GASTÃO BITTENCOURT DA SILVA;;M;;;1962-08-19;;RJ;Petrópolis
https://dadosabertos.camara.leg.br/api/v2/deputados/204455;Luiz Lima;56;57;LUIZ EDUARDO CARNEIRO DA SILVA DE SOUZA LIMA;;M;https://twitter.com/oficialluizlima, https://www.facebook.com/oficialluizlima, https://www.instagram.com/oficialluizlima, https://youtube.com/oficialluizlima;;1977-12-10;;RJ;Rio de Janeiro
https://dadosabertos.camara.leg.br/api/v2/deputados/220636;Luiz Marinho;57;57;LUIZ MARINHO;;M;;;1959-05-20;;SP;Cosmorama
https://dadosabertos.camara.leg.br/api/v2/deputados/162332;Luiz Nishimori;54;57;LUIZ HILOSHI NISHIMORI;;M;;;1949-04-09;;PR;Marialva
https://dadosabertos.camara.leg.br/api/v2/deputados/204526;Luiz Philippe de Orleans e Bragança;56;57;LUIZ PHILIPPE DE ORLEANS BRAGANÇA;;M;https://twitter.com/lpbragancabr, https://youtube.com/luizphilippebr, https://www.instagram.com/lpbragancabr, https://www.facebook.com/luizphilippebr;;1969-04-03;;RJ;Rio de Janeiro
https://dadosabertos.camara.leg.br/api/v2/deputados/74784;Luiza Erundina;51;57;LUIZA ERUNDINA DE SOUSA;;F;;;1934-11-30;;PB;Uiraúna
https://dadosabertos.camara.leg.br/api/v2/deputados/178866;Luizianne Lins;55;57;LUIZIANNE DE OLIVEIRA LINS;;F;https://twitter.com/luiziannelinsPT;;1968-11-18;;CE;Fortaleza
https://dadosabertos.camara.leg.br/api/v2/deputados/220669;Lula da Fonte;57;57;LUIZ EDUARDO DE QUEIROZ CAMPOS DA FONTE ALBUQUERQUE;;M;;;2000-12-08;;PE;Recife
https://dadosabertos.camara.leg.br/api/v2/deputados/166402;Magda Mofatto;54;57;MAGDA MOFATTO HON;;F;https://www.facebook.com/MagdaMofatto.Goias, https://www.instagram.com/magdamofatto.goias, https://twitter.com/MofattoMagda;;1948-10-26;;SP;Limeira
https://dadosabertos.camara.leg.br/api/v2/deputados/220648;Marangoni;57;57;FERNANDO JOSE DE SOUZA MARANGONI;;M;https://www.facebook.com/marangoni.oficial, https://www.instagram.com/marangoni.oficial, https://twitter.com/marangoni_fer, https://www.youtube.com/@fernandomarangoni99/;;1980-01-22;;SP;São Paulo
https://dadosabertos.camara.leg.br/api/v2/deputados/156190;Marcel van Hattem;56;57;MARCEL VAN HATTEM;;M;https://www.instagram.com/MARCELVANHATTEM, https://twitter.com/MARCELVANHATTEM, https://www.facebook.com/MARCELVH, https://youtube.com/channel/UCAGHY76tgzPiiXpJtM1sVCg;;1985-11-08;;RS;São Leopoldo
https://dadosabertos.camara.leg.br/api/v2/deputados/179000;Marcelo Álvaro Antônio;55;57;MARCELO HENRIQUE TEIXEIRA DIAS;;M;https://www.instagram.com/marceloalvaroantonio, https://www.facebook.com/marceloalvaroantonio, https://twitter.com/marceloalvaroan;;1974-02-16;;MG;Belo Horizonte
https://dadosabertos.camara.leg.br/api/v2/deputados/204433;Marcelo Calero;56;57;MARCELO CALERO FARIA GARCIA;;M;https://www.facebook.com/calero.rio, https://www.instagram.com/marcelocalero, https://twitter.com/caleromarcelo, https://youtube.com/MarceloCaleroRio;www.calero.rio;1982-07-07;;RJ;Rio de Janeiro
https://dadosabertos.camara.leg.br/api/v2/deputados/220599;Marcelo Crivella;57;57;MARCELO BEZERRA  CRIVELLA;;M;;;1957-10-09;;RJ;Rio de Janeiro
https://dadosabertos.camara.leg.br/api/v2/deputados/220634;Marcelo Lima;57;57;MARCELO DE LIMA FERNANDES;;M;;;1983-03-21;;SP;São Bernardo do Campo
https://dadosabertos.camara.leg.br/api/v2/deputados/133810;Marcelo Moraes;56;57;MARCELO PIRES MORAES;;M;;;1979-08-07;;RS;Porto Alegre
https://dadosabertos.camara.leg.br/api/v2/deputados/160161;Marcelo Queiroz;57;57;MARCELO ANDRE CID HERACLITO DO PORTO QUEIROZ;;M;;;1984-11-03;;RJ;Rio de Janeiro
https://dadosabertos.camara.leg.br/api/v2/deputados/178983;Marcio Alvino;55;57;MARCIO LUIZ ALVINO DE SOUZA;;M;;;1969-06-14;;SP;São Paulo
https://dadosabertos.camara.leg.br/api/v2/deputados/179001;Márcio Biolchi;55;57;MARCIO DELLA VALLE BIOLCHI;;M;;;1979-05-23;;RS;Carazinho
https://dadosabertos.camara.leg.br/api/v2/deputados/226410;Márcio Correa;57;57;MÁRCIO AURÉLIO CORRÊA;;M;;;1980-05-31;;GO;Anápolis
https://dadosabertos.camara.leg.br/api/v2/deputados/220687;Márcio Honaiser;57;57;MARCIO JOSE HONAISER;;M;https://twitter.com/Marcio_Honaiser, https://www.instagram.com/marciohonaiser/, https://www.facebook.com/marciohonaiser/;;1967-04-04;;RS;Carazinho
https://dadosabertos.camara.leg.br/api/v2/deputados/81055;Márcio Jerry;56;57;MÁRCIO JERRY SARAIVA BARROSO;;M;https://twitter.com/marciojerry, https://www.facebook.com/marciojerry, https://www.instagram.com/marciojerry, https://youtube.com/marciojerry;;1966-11-14;;MA;Colinas
https://dadosabertos.camara.leg.br/api/v2/deputados/150418;Márcio Marinho;53;57;MÁRCIO CARLOS MARINHO;;M;https://www.facebook.com/deputadomarciomarinho, https://www.instagram.com/deputadomarciomarinho, https://youtube.com/channel/UCx3t_YQx8H-93UD5k9Mt1lQ, https://twitter.com/dpmarciomarinho?lang=pt-br;http://deputadomarciomarinho.com.br/site/;1970-12-12;;RJ;Cabo Frio
https://dadosabertos.camara.leg.br/api/v2/deputados/204522;Marco Bertaiolli;56;57;MARCO AURELIO BERTAIOLLI;;M;https://www.instagram.com/marco.bertaiolli, https://twitter.com/MarcoBertaiolli, https://www.facebook.com/marco.bertaiolli;www.marcobertaiolli.com.br;1968-04-30;;SP;Mogi das Cruzes
https://dadosabertos.camara.leg.br/api/v2/deputados/219585;Marco Brasil;56;57;MARCO AURELIO RIBEIRO;;M;https://www.facebook.com/marcobrasillocutor, https://www.instagram.com/marcobrasil, https://twitter.com/marco_brasil;;1966-01-28;;SP;Dracena
https://dadosabertos.camara.leg.br/api/v2/deputados/160535;Marcon;54;57;DIONILSO MATEUS MARCON;;M;https://www.facebook.com/deputadomarcon, https://twitter.com/deputadomarcon, https://instagram.com/deputadomarcon;;1964-09-21;;RS;Ronda Alta
https://dadosabertos.camara.leg.br/api/v2/deputados/204431;Marcos Aurélio Sampaio;56;57;MARCOS AURÉLIO  PÁDUA RIBEIRO GONÇALVES DE SAMPAIO;;M;;;1991-09-19;;PI;Teresina
https://dadosabertos.camara.leg.br/api/v2/deputados/204506;Marcos Pereira;56;57;MARCOS ANTONIO PEREIRA;;M;https://www.facebook.com/marcospereira1010, https://www.instagram.com/marcospereira1010, https://twitter.com/marcospereira04, https://youtube.com/marcospereira0404;;1972-04-04;;ES;Linhares
https://dadosabertos.camara.leg.br/api/v2/deputados/220547;Marcos Pollon;57;57;MARCOS SBOROWSKI POLLON;;M;https://www.facebook.com/mpollon, https://www.instagram.com/pollonms, https://twitter.com/PollonMarcos, https://youtube.com/channel/UC8ioF4r2QoAp5mMp1epPAsg;;1981-01-19;;MS;Campo Grande
https://dadosabertos.camara.leg.br/api/v2/deputados/178943;Marcos Soares;55;57;MARCOS BEZERRA RIBEIRO SOARES;;M;;;1978-05-16;;RJ;Rio de Janeiro
https://dadosabertos.camara.leg.br/api/v2/deputados/220604;Marcos Tavares;57;57;MARCOS PAULO BARBOSA TAVARES;;M;https://www.instagram.com/oficialmarcostavares, https://www.facebook.com/oficialmarcostavares;;1978-01-28;;RJ;Duque de Caxias
https://dadosabertos.camara.leg.br/api/v2/deputados/220668;Maria Arraes;57;57;MARIA LEAL ARRAES DE ALENCAR;;F;https://www.facebook.com//mariaarraespe, https://twitter.com/mariaarraespe, https://www.instagram.com/mariaarraes;;1994-02-24;;PE;Recife
https://dadosabertos.camara.leg.br/api/v2/deputados/74398;Maria do Rosário;52;57;MARIA DO ROSÁRIO NUNES;;F;https://www.facebook.com/DeputadaMariaDoRosario, https://www.instagram.com/_mariadorosario, https://twitter.com/mariadorosario;;1966-11-22;;RS;Veranópolis
https://dadosabertos.camara.leg.br/api/v2/deputados/204540;Maria Rosas;56;57;MARIA DO PARTO MENDES ROSAS;;F;https://www.facebook.com/depmariarosas, https://www.instagram.com/mariarosas.oficial, https://twitter.com/mariarosassp, https://youtube.com/channel/UCWIJ_PIc4AsfR_LlBxSILSA;www.mariarosas.com.br;1965-10-01;;RJ;Angra dos Reis
https://dadosabertos.camara.leg.br/api/v2/deputados/227275;Mariana Carvalho;57;57;TACILLA MARIANA CARVALHO SILVA;;F;;;1994-07-02;;MA;Imperatriz
https://dadosabertos.camara.leg.br/api/v2/deputados/220637;Marina Silva;57;57;MARIA OSMARINA MARINA DA SILVA VAZ DE LIMA;;F;;;1958-02-08;;AC;Rio Branco
https://dadosabertos.camara.leg.br/api/v2/deputados/220655;Mario Frias;57;57;MARIO LUIS FRIAS;;M;https://twitter.com/mfriasoficial, https://www.instagram.com/mariofriasoficial;;1971-10-09;;RJ;Rio de Janeiro
https://dadosabertos.camara.leg.br/api/v2/deputados/74158;Mário Heringer;52;57;MÁRIO LÚCIO HERINGER;;M;;;1954-09-30;;MG;Manhumirim
https://dadosabertos.camara.leg.br/api/v2/deputados/178858;Mário Negromonte Jr.;55;57;MARIO S. M. NEGROMONTE JR.;;M;https://www.instagram.com/marionegromontejr;;1980-08-31;;BA;Paulo Afonso
https://dadosabertos.camara.leg.br/api/v2/deputados/204566;Marreca Filho;56;57;ANTONIO DA CRUZ FILGUEIRA NETO;;M;https://www.instagram.com/depmarrecafilho, https://www.facebook.com/depmarrecafilho, https://twitter.com/depmarrecafilho;;1992-04-25;;MA;São Luís
https://dadosabertos.camara.leg.br/api/v2/deputados/220572;Marussa Boldrin;57;57;MARUSSA CASSIA FAVARO BOLDRIN VAZ;;F;https://www.facebook.com/marussaboldrin.go, https://www.instagram.com/marussa.boldrin, https://twitter.com/marussago;;1990-06-25;;GO;Rio Verde
https://dadosabertos.camara.leg.br/api/v2/deputados/178843;Marx Beltrão;55;57;MARX BELTRÃO LIMA SIQUEIRA;;M;;;1979-11-28;;AL;Maceió
https://dadosabertos.camara.leg.br/api/v2/deputados/220661;Matheus Noronha;57;57;MATHEUS SOARES NORONHA;;M;;;1998-09-10;;PA;Castanhal
https://dadosabertos.camara.leg.br/api/v2/deputados/220609;Maurício Carvalho;57;57;MAURICIO FONSECA RIBEIRO CARVALHO DE MORAES;;M;;;1988-06-25;;RO;Porto Velho
https://dadosabertos.camara.leg.br/api/v2/deputados/220628;Mauricio do Vôlei;57;57;MAURICIO LUIZ DE SOUZA;;M;https://www.instagram.com/mauriciodovolei, https://www.facebook.com/mauriciodovolei, https://twitter.com/mauriciodovolei;;1988-09-29;;MG;Iturama
https://dadosabertos.camara.leg.br/api/v2/deputados/220550;Mauricio Marcon;57;57;MAURICIO BEDIN MARCON;;M;;;1987-01-24;;RS;Caxias do Sul
https://dadosabertos.camara.leg.br/api/v2/deputados/220647;Mauricio Neves;57;57;MANOEL MAURICIO SILVA NEVES;;M;https://www.facebook.com/mauricioneves, https://www.instagram.com/mauricioneves_oficial, https://twitter.com/MauricioNeves_, https://youtube.com/mauricioneves9642;;1979-11-05;;SP;São Caetano do Sul
https://dadosabertos.camara.leg.br/api/v2/deputados/204486;Mauro Benevides Filho;56;57;CARLOS MAURO BENEVIDES FILHO;;M;https://www.instagram.com/mauro_benevidesfilho, https://twitter.com/mauro_bfilho;;1959-03-09;;CE;Fortaleza
https://dadosabertos.camara.leg.br/api/v2/deputados/220607;Max Lemos;57;57;MAX RODRIGUES LEMOS;;M;https://www.instagram.com/maxlemosoficial, https://www.facebook.com/maxlemos.com.br, https://twitter.com/maxlemosoficial, https://youtube.com/@maxlemos9960;;1966-01-17;;RJ;Nova Iguaçu
https://dadosabertos.camara.leg.br/api/v2/deputados/220591;Meire Serafim;57;57;ROZIMEIRE RIBEIRO ANDRADE;;F;https://www.instagram.com/dep.meireserafim, https://www.facebook.com/dep.meireserafim, https://twitter.com/depmeireserafim;;1975-02-10;;RO;Ji-Paraná
https://dadosabertos.camara.leg.br/api/v2/deputados/74428;Mendonça Filho;50;57;JOSÉ MENDONÇA BEZERRA FILHO;;M;;;1966-07-12;;PE;Recife
https://dadosabertos.camara.leg.br/api/v2/deputados/188097;Merlong Solano;55;57;MERLONG SOLANO NOGUEIRA;;M;;;1958-09-17;;PI;Valença do Piauí
https://dadosabertos.camara.leg.br/api/v2/deputados/220585;Mersinho Lucena;57;57;FRANCISCO EMERSON ASSIS DE LUCENA;;M;;;1981-02-08;;PB;João Pessoa
https://dadosabertos.camara.leg.br/api/v2/deputados/220530;Messias Donato;57;57;Manoel Messias Donato Bezerra;;M;https://www.facebook.com/messiasdonatoo, https://twitter.com/MessiasDonato, https://www.instagram.com/messiasdonato, https://youtube.com/channel/UCzw1O2NLEynTs9dm3X2AILA;;1976-08-06;;BA;Itororó
https://dadosabertos.camara.leg.br/api/v2/deputados/171786;Miguel Ângelo;57;57;MIGUEL ÂNGELO MONTEIRO ANDRADE;;M;https://www.facebook.com/Miguelngelo, https://www.instagram.com/miguelangelomg13, https://twitter.com/MiguelAngelo_;;1991-10-11;;MG;Belo Horizonte
https://dadosabertos.camara.leg.br/api/v2/deputados/178985;Miguel Lombardi;55;57;MIGUEL LOMBARDI;;M;https://youtube.com/channel/UCzP0L6ymrNXOBJuOpflBwgA, https://www.instagram.com/dep.miguellombardi;;1964-01-29;;SP;Limeira
https://dadosabertos.camara.leg.br/api/v2/deputados/154178;Milton Vieira;53;57;MILTON VIEIRA PINTO;;M;https://www.facebook.com/miltonvieiraoficial, https://www.instagram.com/miltonvieiraoficial, https://www.youtube.com/user/depmiltonvieira/, https://twitter.com/depmiltonvieira;;1962-09-16;;SP;Iepê
https://dadosabertos.camara.leg.br/api/v2/deputados/178895;Misael Varella;55;57;MISAEL ARTUR FERREIRA VARELLA;;M;https://www.facebook.com/deputadomisaelvarella, https://www.instagram.com/misaelvarella;;1959-11-27;;MG;Muriaé
https://dadosabertos.camara.leg.br/api/v2/deputados/229225;Missionária Michele Collins;57;57;DAÍZE MICHELE DE AGUIAR GONÇALVES COLLINS;;F;;;1977-10-17;;MG;Belo Horizonte
https://dadosabertos.camara.leg.br/api/v2/deputados/160561;Missionário José Olimpio;54;57;JOSÉ OLIMPIO SILVEIRA MORAES;;M;;;1956-12-11;;SP;Itu
https://dadosabertos.camara.leg.br/api/v2/deputados/178997;Moses Rodrigues;55;57;MOSES HAENDEL MELO RODRIGUES;;M;https://www.instagram.com/mosesrodriguesoficial, https://www.facebook.com/MosesRodriguesOficial, https://twitter.com/DepFederalMoses;;1978-06-06;;CE;Sobral
https://dadosabertos.camara.leg.br/api/v2/deputados/220617;Murillo Gouvea;57;57;MURILLO GOUVEA RODRIGUES;;M;https://www.facebook.com/murillogouvea.rj, https://www.instagram.com/murillogouvea.rj, https://twitter.com/murillogouvea.rj;;1986-09-22;;RJ;Itaperuna
https://dadosabertos.camara.leg.br/api/v2/deputados/220584;Murilo Galdino;57;57;CÁSSIO MURILO GALDINO DE ARAÚJO;;M;https://twitter.com/Murilogaldinopb, https://www.facebook.com/murilogaldinopb;;1980-07-02;;PB;Pocinhos
https://dadosabertos.camara.leg.br/api/v2/deputados/204453;Natália Bonavides;56;57;NATÁLIA BASTOS BONAVIDES;;F;https://twitter.com/Natbonavides, https://www.facebook.com/nataliabonavides, https://www.instagram.com/nataliabonavides, https://youtube.com/channel/UC4SZ1UNy6t9Mz99In-Rt1tw;;1988-06-15;;RN;Natal
https://dadosabertos.camara.leg.br/api/v2/deputados/228042;Naumi Amorim;57;57;NAUMI GOMES DE AMORIM;;M;;;1967-01-30;;CE;Tauá
https://dadosabertos.camara.leg.br/api/v2/deputados/204449;Nelson Barbudo;56;57;NELSON NED PREVIDENTE;;M;https://www.instagram.com/nelsonbarbudo, https://www.facebook.com/onelsonbarbudo, https://youtube.com/channel/UC2wzaVfyw_DJ7Dw8vMqNoCw;;1960-02-14;;SP;Poloni
https://dadosabertos.camara.leg.br/api/v2/deputados/220622;Nely Aquino;57;57;NELI PEREIRA DE AQUINO;;F;https://www.instagram.com/nelyaquinooficial, https://www.facebook.com/NelyAquinoOficial, https://youtube.com/NelyAquino;;1972-11-17;;MG;São Sebastião do Maranhão
https://dadosabertos.camara.leg.br/api/v2/deputados/220703;Neto Carletto;57;57;ORLANDO SULZ DE ALMEIDA NETO;;M;;;1996-05-28;;BA;Teixeira de Freitas
https://dadosabertos.camara.leg.br/api/v2/deputados/229939;Newton Bonin;57;57;NEWTON BONIN;;M;;;1960-08-29;;PR;Curitiba
https://dadosabertos.camara.leg.br/api/v2/deputados/178896;Newton Cardoso Jr;55;57;NEWTON CARDOSO JUNIOR;;M;;;1979-11-11;;MG;Contagem
https://dadosabertos.camara.leg.br/api/v2/deputados/204479;Nicoletti;56;57;ANTONIO CARLOS NICOLETTI;;M;https://twitter.com/depnicoletti, https://www.facebook.com/DeputadoNicoletti, https://www.instagram.com/deputadonicoletti, https://youtube.com/DeputadoNicoletti;;1981-07-21;;RS;Ijuí
https://dadosabertos.camara.leg.br/api/v2/deputados/209787;Nikolas Ferreira;57;57;NIKOLAS FERREIRA DE OLIVEIRA;;M;https://www.instagram.com/nikolasferreiradm/, https://twitter.com/nikolas_dm, https://www.youtube.com/@NikolasFerreiraO;;1996-05-30;;MG;Belo Horizonte
https://dadosabertos.camara.leg.br/api/v2/deputados/178986;Nilto Tatto;55;57;NILTO IGNACIO TATTO;;M;;;1963-07-31;;RS;Frederico Westphalen
https://dadosabertos.camara.leg.br/api/v2/deputados/227660;Nitinho;57;57;JOSENITO VITALE DE JESUS;;M;https://www.facebook.com/nittinhovitale;;1966-05-31;;SE;Aracaju
https://dadosabertos.camara.leg.br/api/v2/deputados/74159;Odair Cunha;52;57;ODAIR JOSÉ DA CUNHA;;M;https://twitter.com/odaircunhamg, https://www.facebook.com/odaircunhamg, https://www.instagram.com/odaircunhamg;;1976-06-18;;SP;Piedade
https://dadosabertos.camara.leg.br/api/v2/deputados/204498;Olival Marques;56;57;OLIVAL HENRIQUE MARQUES DE SOUZA;;M;https://www.instagram.com/OlivalMarques, https://www.facebook.com/OlivalMarquesOficial, https://twitter.com/OlivalMarquesOf;;1982-01-09;;PA;Belém
https://dadosabertos.camara.leg.br/api/v2/deputados/178987;Orlando Silva;55;57;ORLANDO SILVA DE JESUS JUNIOR;;M;https://twitter.com/orlandosilva, https://www.instagram.com/orlandosilvasp, https://www.facebook.com/orlandosilvasp;;1971-05-27;;BA;Salvador
https://dadosabertos.camara.leg.br/api/v2/deputados/73692;Osmar Terra;51;57;OSMAR GASPARINI TERRA;;M;https://twitter.com/OsmarTerra, https://www.instagram.com/terra.osmar, https://www.facebook.com/DeputadoOsmarTerra, https://youtube.com/channel/UCZdKvhFxyXQm-JmyvHUYojA;;1950-02-18;;RS;Porto Alegre
https://dadosabertos.camara.leg.br/api/v2/deputados/204422;Ossesio Silva;56;57;OSSESIO JOSE DA SILVA;;M;https://www.instagram.com/ossesio.silva, https://www.facebook.com/ossesio.silva, https://twitter.com/ossesio_silva;;1954-12-09;;RJ;Rio de Janeiro
https://dadosabertos.camara.leg.br/api/v2/deputados/204441;Otoni de Paula;56;57;OTONI MOURA DE PAULO JUNIOR;;M;https://www.facebook.com/OtoniDeputadoFederal, https://www.instagram.com/otonidepaulaoficial, https://twitter.com/otonidepfederal;;1976-11-22;;RJ;Rio de Janeiro
https://dadosabertos.camara.leg.br/api/v2/deputados/204573;Otto Alencar Filho;56;57;OTTO ROBERTO MENDONÇA DE ALENCAR FILHO;;M;https://www.facebook.com/otto.filho.oficial, https://twitter.com/OttoAlencarFilh, https://www.instagram.com/ottofilho.oficial;;1977-07-07;;BA;Salvador
https://dadosabertos.camara.leg.br/api/v2/deputados/220706;Padovani;57;57;NELSON FERNANDO PADOVANI;;M;https://www.instagram.com/nelsinhopadovani, https://twitter.com/padovanidep;;1977-10-29;;PR;Cascavel
https://dadosabertos.camara.leg.br/api/v2/deputados/160556;Padre João;54;57;JOÃO CARLOS SIQUEIRA;;M;https://www.facebook.com/padrejoao, https://twitter.com/dep_padrejoao, https://www.instagram.com/dep_padrejoao, https://youtube.com/channel/UC3xn6en0oZZdxt56VW8PS9A;;1967-02-28;;MG;Urucânia
https://dadosabertos.camara.leg.br/api/v2/deputados/230762;Pastor Claudio Mariano;57;57;CLAUDIO MARIANO SILVA;;M;;;1976-12-16;;GO;Arenópolis
https://dadosabertos.camara.leg.br/api/v2/deputados/180214;Pastor Diniz;57;57;RAIMUNDO DINIZ ARAÚJO;;M;https://www.instagram.com/pastordiniz.ad, https://www.facebook.com/pr.diniz.rr;;1980-03-21;;RR;Boa Vista
https://dadosabertos.camara.leg.br/api/v2/deputados/160642;Pastor Eurico;54;57;FRANCISCO EURICO DA SILVA;;M;;;1962-09-12;;SP;Presidente Prudente
https://dadosabertos.camara.leg.br/api/v2/deputados/204570;Pastor Gil;56;57;GILDENEMIR DE LIMA SOUSA;;M;https://www.facebook.com/deputadopastorgil, https://www.instagram.com/deputadogildenemyr;;1971-11-08;;MA;São Luís
https://dadosabertos.camara.leg.br/api/v2/deputados/220615;Pastor Henrique Vieira;57;57;HENRIQUE DOS SANTOS VIEIRA LIMA;;M;https://www.facebook.com/pastorhenriquevieira, https://www.instagram.com/pastorhenriquevieira, https://twitter.com/pastorhenriquev, https://youtube.com/PastorHenriqueVieira;;1987-04-15;;RJ;Niterói
https://dadosabertos.camara.leg.br/api/v2/deputados/204553;Pastor Sargento Isidório;56;57;MANOEL ISIDORIO DE SANTANA JUNIOR;;M;https://www.facebook.com/pastorisidorio, https://www.instagram.com/pastorsargentoisidorio;;1962-07-28;;BA;Salvador
https://dadosabertos.camara.leg.br/api/v2/deputados/74160;Patrus Ananias;52;57;PATRUS ANANIAS DE SOUZA;;M;;;1952-01-26;;MG;Bocaiúva
https://dadosabertos.camara.leg.br/api/v2/deputados/74095;Pauderney Avelino;49;57;PAUDERNEY TOMAZ AVELINO;;M;http://www.twitter.com/pauderney;;1954-09-24;;AM;Eirunepé
https://dadosabertos.camara.leg.br/api/v2/deputados/171617;Paulão;54;57;PAULO FERNANDO DOS SANTOS;;M;;;1957-09-15;;PE;Recife
https://dadosabertos.camara.leg.br/api/v2/deputados/141518;Paulinho da Força;53;57;PAULO PEREIRA DA SILVA;;M;;;1956-02-24;;PR;Porecatu
https://dadosabertos.camara.leg.br/api/v2/deputados/220627;Paulinho Freire;57;57;PAULO EDUARDO DA COSTA FREIRE;;M;;;1964-10-22;;RN;Natal
https://dadosabertos.camara.leg.br/api/v2/deputados/141516;Paulo Abi-Ackel;53;57;PAULO ABI-ACKEL;;M;;;1963-06-21;;MG;Belo Horizonte
https://dadosabertos.camara.leg.br/api/v2/deputados/220650;Paulo Alexandre Barbosa;57;57;PAULO ALEXANDRE PEREIRA BARBOSA;;M;https://www.instagram.com/pauloalexandrebarbosa, https://twitter.com/https:, https://www.facebook.com/pauloalexandrebarbosapsdb;;1979-01-09;;SP;Santos
https://dadosabertos.camara.leg.br/api/v2/deputados/178860;Paulo Azi;55;57;PAULO VELLOSO DANTAS AZI;;M;https://www.facebook.com/PauloAzi, https://twitter.com/PauloAzi, https://www.instagram.com/PauloAziofcial;www.pauloazi.com.br;1963-01-14;;BA;Salvador
https://dadosabertos.camara.leg.br/api/v2/deputados/160517;Paulo Folletto;54;57;PAULO ROBERTO FOLLETTO;;M;;;1956-04-30;;ES;Colatina
https://dadosabertos.camara.leg.br/api/v2/deputados/160558;Paulo Freire Costa;54;57;PAULO ROBERTO FREIRE DA COSTA;;M;;;1955-02-14;;SP;São Paulo
https://dadosabertos.camara.leg.br/api/v2/deputados/204492;Paulo Guedes;56;57;PAULO JOSE CARLOS GUEDES;;M;;;1970-10-01;;MG;Manga
https://dadosabertos.camara.leg.br/api/v2/deputados/220685;Paulo Litro;57;57;PAULO HENRIQUE COLETTI FERNANDES;;M;;;1991-10-30;;PR;Pato Branco
https://dadosabertos.camara.leg.br/api/v2/deputados/74574;Paulo Magalhães;51;57;PAULO SÉRGIO PARANHOS DE MAGALHÃES;;M;;;1952-11-28;;BA;Salvador
https://dadosabertos.camara.leg.br/api/v2/deputados/128760;Paulo Marinho Jr;54;57;PAULO CELSO FONSECA MARINHO JÚNIOR;;M;;;1985-02-09;;MA;Caxias
https://dadosabertos.camara.leg.br/api/v2/deputados/74400;Paulo Pimenta;52;57;PAULO ROBERTO SEVERO PIMENTA;;M;;;1965-03-19;;RS;Santa Maria
https://dadosabertos.camara.leg.br/api/v2/deputados/141488;Paulo Teixeira;53;57;LUIZ PAULO TEIXEIRA FERREIRA;;M;https://twitter.com/pauloteixeira13, https://www.facebook.com/pauloteixeira13, https://www.instagram.com/pauloteixeira13;;1961-05-09;;SP;Águas da Prata
https://dadosabertos.camara.leg.br/api/v2/deputados/220630;Pedro Aihara;57;57;PEDRO DOSHIKAZU PIANCHAO AIHARA;;M;;;1993-02-16;;MG;Belo Horizonte
https://dadosabertos.camara.leg.br/api/v2/deputados/220667;Pedro Campos;57;57;PEDRO HENRIQUE DE A. L. C. CAMPOS;;M;https://www.instagram.com/pedrocampospe, https://www.facebook.com/pedrocampospe;;1995-10-28;;PE;Recife
https://dadosabertos.camara.leg.br/api/v2/deputados/229112;Pedro Jr;57;57;PEDRO SOUZA CATINGUEIRO JUNIOR;;M;https://www.instagram.com/deputadopedrojunior, https://www.facebook.com/deputadopedrojunior, https://twitter.com/deputadopedrojunior;;1970-03-29;;MA;Grajaú
https://dadosabertos.camara.leg.br/api/v2/deputados/122974;Pedro Lucas Fernandes;56;57;PEDRO LUCAS ANDRADE FERNANDES RIBEIRO;;M;;;1979-11-01;;MA;São Luís
https://dadosabertos.camara.leg.br/api/v2/deputados/204395;Pedro Lupion;56;57;PEDRO DEBONI LUPION MELLO;;M;https://www.instagram.com/pedrolupion, https://twitter.com/pedro_lupion, https://www.facebook.com/pedrolupion;;1983-06-04;;PR;Curitiba
https://dadosabertos.camara.leg.br/api/v2/deputados/122158;Pedro Paulo;54;57;PEDRO PAULO CARVALHO TEIXEIRA;;M;;;1972-06-29;;RJ;Rio de Janeiro
https://dadosabertos.camara.leg.br/api/v2/deputados/229259;Pedro Tourinho;57;57;PEDRO TOURINHO DE SIQUEIRA;;M;;;1981-12-19;;MG;Belo Horizonte
https://dadosabertos.camara.leg.br/api/v2/deputados/160604;Pedro Uczai;54;57;PEDRO FRANCISCO UCZAI;;M;;;1963-03-10;;SC;Descanso
https://dadosabertos.camara.leg.br/api/v2/deputados/204406;Pedro Westphalen;56;57;PEDRO BANDARRA WESTPHALEN;;M;;;1950-12-19;;RS;Cruz Alta
https://dadosabertos.camara.leg.br/api/v2/deputados/161440;Pezenti;57;57;RAFAEL PEZENTI;;M;https://www.facebook.com/deputadopezenti, https://www.instagram.com/deputadopezenti, https://twitter.com/deputadopezenti;;1987-06-06;;SC;Petrolândia
https://dadosabertos.camara.leg.br/api/v2/deputados/204524;Pinheirinho;56;57;ANTÔNIO PINHEIRO NETO;;M;https://www.facebook.com/pinheirinhomg, https://twitter.com/pinheirinhomg, https://youtube.com/channel/UCrsQcx5F8S_gHJTpfiE8FfA, https://www.instagram.com/pinheirinhomg;;1991-05-30;;MG;Belo Horizonte
https://dadosabertos.camara.leg.br/api/v2/deputados/73486;Pompeo de Mattos;51;57;DARCI POMPEO DE MATTOS;;M;https://www.instagram.com/pompeodemattospdt, https://www.facebook.com/PompeodeMattos, https://twitter.com/PompeodeMattos, https://youtube.com/PompeodeMattos;;1958-07-12;;RS;Santo Augusto
https://dadosabertos.camara.leg.br/api/v2/deputados/160601;Pr. Marco Feliciano;54;57;MARCO ANTÔNIO FELICIANO;;M;;;1972-10-12;;SP;Orlândia
https://dadosabertos.camara.leg.br/api/v2/deputados/226075;Priscila Costa;57;57;PRISCILA BEZERRA DA COSTA;;F;https://www.facebook.com/priscilacostaoficial, https://www.instagram.com/priscilacosta;;1984-09-12;;CE;Fortaleza
https://dadosabertos.camara.leg.br/api/v2/deputados/89536;Prof. Paulo Fernando;57;57;PAULO FERNANDO MELO DA COSTA;;M;https://www.instagram.com/paulofernandodf, https://twitter.com/paulofernandodf, https://youtube.com/PauloFernandoDF, https://www.facebook.com/paulofernandoprovida;;1967-06-11;;DF;Brasília
https://dadosabertos.camara.leg.br/api/v2/deputados/220533;Prof. Reginaldo Veras;57;57;Reginaldo Veras Coelho;;M;https://www.instagram.com/reginaldo.veras, https://www.facebook.com/reginaldoverasdf, https://twitter.com/Reginaldoveras, https://youtube.com/Reginaldoveras12;;1973-01-02;;CE;Crateús
https://dadosabertos.camara.leg.br/api/v2/deputados/204390;Professor Alcides;56;57;ALCIDES RIBEIRO FILHO;;M;https://www.facebook.com/ProfessorAlcidesoficial, https://www.instagram.com/professoralcidesoficial, https://youtube.com/DeputadoProfessorAlcides;;1953-10-25;;BA;Remanso
https://dadosabertos.camara.leg.br/api/v2/deputados/220580;Professora Goreth;57;57;MARIA GORETH DA SILVA E SOUSA;;F;;;1963-09-09;;AP;Macapá
https://dadosabertos.camara.leg.br/api/v2/deputados/221338;Professora Luciene Cavalcante;57;57;LUCIENE CAVALCANTE DA SILVA;;F;;;1979-12-21;;SP;São Paulo
https://dadosabertos.camara.leg.br/api/v2/deputados/220586;Rafael Brito;57;57;RAFAEL DE GOES BRITO;;M;https://www.instagram.com/rafaelbrito15, https://youtube.com/channel/UCq3xwtJvyjdU-ceUhWg-lPg;;1981-08-25;;AL;Maceió
https://dadosabertos.camara.leg.br/api/v2/deputados/220532;Rafael Prudente;57;57;RAFAEL CAVALCANTI PRUDENTE;;M;https://www.facebook.com/rafaelprudentedep, https://www.instagram.com/rafaelprudentedep, https://twitter.com/rafaelprudente_, https://youtube.com/RafaelPrudente;;1983-11-05;;DF;Brasília
https://dadosabertos.camara.leg.br/api/v2/deputados/220626;Rafael Simoes;57;57;RAFAEL TADEU SIMÕES;;M;https://www.facebook.com/rafaelsimoesmg, https://www.instagram.com/rafaelsimoesmg, https://twitter.com/rafaelsimoesmg;;1964-11-29;;MG;Pouso Alegre
https://dadosabertos.camara.leg.br/api/v2/deputados/204567;Raimundo Costa;56;57;RAIMUNDO MAGALHÃES COSTA;;M;https://www.facebook.com/oficialraimundocosta, https://twitter.com/raimundocostaba;;1961-03-09;;BA;Valença
https://dadosabertos.camara.leg.br/api/v2/deputados/74084;Raimundo Santos;50;57;RAIMUNDO JOSÉ PEREIRA DOS SANTOS;;M;https://www.instagram.com/depraimundosantos/, https://www.facebook.com/raimundosantosdep, https://twitter.com/deprsantos, https://youtube.com/channel/UCDl2RREU083fkW3AR1PC3OQ;;1955-10-10;;PA;Santarém
https://dadosabertos.camara.leg.br/api/v2/deputados/115200;Raniery Paulino;57;57;ROBERTO RANIERY DE AQUINO PAULINO;;M;;;1978-10-18;;PB;João Pessoa
https://dadosabertos.camara.leg.br/api/v2/deputados/74161;Reginaldo Lopes;52;57;REGINALDO LÁZARO DE OLIVEIRA LOPES;;M;;;1973-04-02;;MG;Bom Sucesso
https://dadosabertos.camara.leg.br/api/v2/deputados/221378;Reginete Bispo;57;57;REGINETE SOUZA BISPO;;F;https://www.facebook.com/RegineteSouzaBispo, https://www.instagram.com/reginetebispo, https://twitter.com/reginetebispo, https://youtube.com/reginetebispo5856;;1963-01-23;;RS;Marau
https://dadosabertos.camara.leg.br/api/v2/deputados/220606;Reimont;57;57;REIMONT LUIZ OTONI SANTA BARBARA;;M;;;1961-09-02;;MG;Conceição do Mato Dentro
https://dadosabertos.camara.leg.br/api/v2/deputados/205865;Reinhold Stephanes;56;57;REINHOLD STEPHANES JUNIOR;;M;;;1965-07-26;;PR;Curitiba
https://dadosabertos.camara.leg.br/api/v2/deputados/225386;Renan Ferreirinha;57;57;RENAN FERREIRINHA CARNEIRO;;M;;;1993-10-23;;;Niterói
https://dadosabertos.camara.leg.br/api/v2/deputados/178989;Renata Abreu;55;57;RENATA HELLMEISTER DE ABREU;;F;;;1982-04-15;;SP;São Paulo
https://dadosabertos.camara.leg.br/api/v2/deputados/153423;Renilce Nicodemos;57;57;RENILCE CONCEIÇÃO NICODEMOS DE ALBUQUERQUE;;F;https://www.instagram.com/renilcenicodemoss, https://twitter.com/RenilceOficial, https://www.facebook.com/renilcenicodemos;;1976-12-08;;PA;Marapanim
https://dadosabertos.camara.leg.br/api/v2/deputados/73801;Renildo Calheiros;49;57;RENILDO VASCONCELOS CALHEIROS;;M;;;1959-04-20;;AL;Murici
https://dadosabertos.camara.leg.br/api/v2/deputados/175765;Ribamar Silva;57;57;RIBAMAR ANTONIO DA SILVA;;M;https://www.instagram.com/ribamarsilvaoficial;;1975-05-27;;SP;Osasco
https://dadosabertos.camara.leg.br/api/v2/deputados/221329;Ricardo Abrão;57;57;RICARDO MARTINS DAVID;;M;;;1972-09-13;;RJ;Rio de Janeiro
https://dadosabertos.camara.leg.br/api/v2/deputados/220543;Ricardo Ayres;57;57;RICARDO AYRES DE CARVALHO;;M;https://www.facebook.com/ricardoayres.to, https://www.instagram.com/ricardoayres_to, https://twitter.com/ricardoayres_to;;1979-01-17;;GO;Goiânia
https://dadosabertos.camara.leg.br/api/v2/deputados/73788;Ricardo Barros;50;57;RICARDO JOSÉ MAGALHÃES BARROS;;M;;;1959-11-15;;PR;Maringá
https://dadosabertos.camara.leg.br/api/v2/deputados/204362;Ricardo Guidi;56;57;RICARDO ZANATTA GUIDI;;M;https://www.instagram.com/ricardozguidi, https://www.facebook.com/deputadoricardoguidi;;1977-09-28;;SC;Criciúma
https://dadosabertos.camara.leg.br/api/v2/deputados/220694;Ricardo Maia;57;57;RICARDO MAIA CHAVES DE SOUZA;;M;https://www.instagram.com/ricardomaia.dabahia, https://www.facebook.com/RicardoMaia.DaBahia, https://youtube.com/ricardomaiadabahia5610, https://twitter.com/ricardomaiadep;;1975-08-26;;BA;Ribeira do Pombal
https://dadosabertos.camara.leg.br/api/v2/deputados/220633;Ricardo Salles;57;57;RICARDO DE AQUINO SALLES;;M;;;1975-06-08;;SP;São Paulo
https://dadosabertos.camara.leg.br/api/v2/deputados/213274;Ricardo Silva;56;57;RICARDO AUGUSTO MACHADO DA SILVA;;M;https://www.facebook.com/ricardosilvarp;;1985-09-01;;SP;Ribeirão Preto
https://dadosabertos.camara.leg.br/api/v2/deputados/204489;Robério Monteiro;56;57;MARCOS ROBERIO RIBEIRO MONTEIRO;;M;https://www.instagram.com/dep.roberiomonteiro;;1970-02-15;;CE;Itarema
https://dadosabertos.camara.leg.br/api/v2/deputados/220693;Roberta Roma;57;57;Roberta de Araujo Costa Roma;;F;;;1980-05-11;;BA;Salvador
https://dadosabertos.camara.leg.br/api/v2/deputados/220588;Roberto Duarte;57;57;ROBERTO DUARTE JUNIOR;;M;https://www.facebook.com/robertoduartenarede, https://www.instagram.com/rdnarede, https://twitter.com/rdnarede;;1975-04-25;;RS;Porto Alegre
https://dadosabertos.camara.leg.br/api/v2/deputados/220613;Roberto Monteiro Pai;57;57;ROBERTO LUIZ RODRIGUES DE OLIVEIRA;;M;;;1956-12-08;;RJ;Rio de Janeiro
https://dadosabertos.camara.leg.br/api/v2/deputados/220624;Robinson Faria;57;57;ROBINSON MESQUITA DE FARIA;;M;;;1959-04-12;;RN;Natal
https://dadosabertos.camara.leg.br/api/v2/deputados/220546;Rodolfo Nogueira;57;57;RODOLFO OLIVEIRA NOGUEIRA;;M;https://www.facebook.com/rodolfonogueiraoficial, https://instagram.com/rodolfonogueirams?igshid=YmMyMTA2M2Y=, https://twitter.com/rodolfoms, https://youtube.com/RodolfoNogueirams;https://rodolfonogueirams.com.br/;1973-11-24;;MS;Dourados
https://dadosabertos.camara.leg.br/api/v2/deputados/230767;Rodrigo da Zaeli;57;57;RODRIGO LUGLI;;M;;;1975-11-26;;PR;Umuarama
https://dadosabertos.camara.leg.br/api/v2/deputados/141531;Rodrigo de Castro;53;57;RODRIGO BATISTA DE CASTRO;;M;http://twitter.com/#!/RodrigoCastro45, http://www.facebook.com/pages/deputado-federal-Rodrigo-de-Castro/124002814371381, http://www.youtube.com/rodrigocastro45;;1971-07-15;;MG;Viçosa
https://dadosabertos.camara.leg.br/api/v2/deputados/223128;Rodrigo Estacho;57;57;RODRIGO TLUSTIK VENEK;;M;;;1989-01-16;;PR;Guarapuava
https://dadosabertos.camara.leg.br/api/v2/deputados/220641;Rodrigo Gambale;57;57;RODRIGO GAMBALE VIEIRA;;M;;;1984-03-17;;SP;Mogi das Cruzes
https://dadosabertos.camara.leg.br/api/v2/deputados/165470;Rodrigo Valadares;57;57;RODRIGO SANTANA VALADARES;;M;https://www.instagram.com/rodrigovaladares_, https://youtube.com/deputadorodrigovaladares1954, https://twitter.com/DepRodrigo_, https://www.facebook.com/DeputadoRodrigo.SE;;1989-08-06;;SE;Aracaju
https://dadosabertos.camara.leg.br/api/v2/deputados/220695;Rogéria Santos;57;57;ROGÉRIA DE ALMEIDA PEREIRA DOS SANTOS;;F;https://www.facebook.com/rogeriasantosoficial, https://www.instagram.com/rogeriasantosoficial, https://twitter.com/drarogeria, https://youtube.com/channel/UCWe-7aMx_Q87rZIbh7ccbyw;;1966-08-19;;RJ;Rio de Janeiro
https://dadosabertos.camara.leg.br/api/v2/deputados/204480;Rogério Correia;56;57;ROGÉRIO CORREIA DE MOURA BAPTISTA;;M;https://www.instagram.com/rogeriocorreia_, https://www.facebook.com/deputadorogeriocorreia, https://twitter.com/RogerioCorreia_, https://youtube.com/channel/UC6AVYYHC-GswIhS2xlYUb5g;;1958-01-11;;MG;Belo Horizonte
https://dadosabertos.camara.leg.br/api/v2/deputados/160629;Romero Rodrigues;54;57;ROMERO RODRIGUES VEIGA;;M;https://www.instagram.com/romerorodriguespb, https://www.facebook.com/romerorodriguespb, https://twitter.com/romeropelapb, https://youtube.com/romerorodriguespb;;1966-01-09;;PB;Campina Grande
https://dadosabertos.camara.leg.br/api/v2/deputados/163321;Ronaldo Nogueira;54;57;RONALDO NOGUEIRA DE OLIVEIRA;;M;https://www.instagram.com/ronaldonogueirarnoficial, https://www.facebook.com/ronaldonogueirarnoficial, https://twitter.com/ronaldornrn, https://youtube.com/channel/UC7-J9zAGVFt0FH_cqUlb0GA;;1966-04-25;;RS;Carazinho
https://dadosabertos.camara.leg.br/api/v2/deputados/204525;Rosana Valle;56;57;ROSANA DE OLIVEIRA VALLE;;F;https://www.facebook.com/RosanaValleOficial, https://www.instagram.com/rosanavalleoficial, https://twitter.com/DepRosanaValle, https://youtube.com/channel/UCoiIg7-jlQtJX3CCgOceQbA;;1969-05-08;;SP;Santos
https://dadosabertos.camara.leg.br/api/v2/deputados/178945;Rosangela Gomes;55;57;ROSANGELA DE SOUZA GOMES;;F;https://twitter.com/rosangelagomes, https://www.facebook.com/pages/Rosangela-Gomes, https://www.instagram.com/rosangelasgomes;www.rosangelagomes.com;1966-12-27;;RJ;Rio de Janeiro
https://dadosabertos.camara.leg.br/api/v2/deputados/220644;Rosangela Moro;57;57;ROSANGELA MARIA WOLFF DE QUADROS MORO;;F;https://www.instagram.com/rosangelawmoro, https://www.facebook.com/rosangelamorosp, https://twitter.com/rosangelamorosp;;1974-05-28;;PR;Curitiba
https://dadosabertos.camara.leg.br/api/v2/deputados/220620;Rosângela Reis;57;57;ROSANGELA DE OLIVEIRA CAMPOS REIS;;F;https://www.instagram.com/rosangelareis.mg;;1963-04-18;;MG;Mesquita
https://dadosabertos.camara.leg.br/api/v2/deputados/73806;Roseana Sarney;49;57;Roseana Sarney Murad;;F;https://twitter.com/roseanasarneym, https://www.facebook.com/roseanasarney, https://www.instagram.com/roseanasarney;;1953-06-01;;MA;São Luís
https://dadosabertos.camara.leg.br/api/v2/deputados/74371;Rubens Otoni;52;57;RUBENS OTONI GOMIDE;;M;;;1956-02-06;;GO;Goianésia
https://dadosabertos.camara.leg.br/api/v2/deputados/178887;Rubens Pereira Júnior;55;57;RUBENS PEREIRA E SILVA JUNIOR;;M;;;1984-03-16;;MA;São Luís
https://dadosabertos.camara.leg.br/api/v2/deputados/73604;Rui Falcão;51;57;RUI GOETHE DA COSTA FALCÃO;;M;https://www.facebook.com/rfalcao13, https://www.instagram.com/ruifalcao13, https://twitter.com/rfalcao13, https://youtube.com/rfalcao13;;1943-11-26;;MG;Pitangui
https://dadosabertos.camara.leg.br/api/v2/deputados/160635;Ruy Carneiro;54;57;RUY MANUEL CARNEIRO BARBOSA DE ACA BELCHIOR;;M;https://twitter.com/ruycarneiropb, https://www.instagram.com/ruy.carneiro, https://www.facebook.com/ruycarneiropb;;1970-08-17;;PB;João Pessoa
https://dadosabertos.camara.leg.br/api/v2/deputados/204535;Sâmia Bomfim;56;57;SAMIA DE SOUZA BOMFIM;;F;https://www.facebook.com/samia.bomfim.psol, https://www.instagram.com/samiabomfim, https://twitter.com/samiabomfim, https://youtube.com/samiabomfimpsol;;1989-08-22;;SP;Presidente Prudente
https://dadosabertos.camara.leg.br/api/v2/deputados/220631;Samuel Viana;57;57;SAMUEL JOSÉ RODRIGUES DE VIANA;;M;https://www.instagram.com/vianasamuel, https://www.facebook.com/samuelvianamg, https://twitter.com/vianasamuelmg, https://youtube.com/channel/UCgXYsH9AH6hf3kRJ272lAoQ;;1992-03-05;;MG;Belo Horizonte
https://dadosabertos.camara.leg.br/api/v2/deputados/204416;Sanderson;56;57;UBIRATAN ANTUNES SANDERSON;;M;https://twitter.com/DepSanderson, https://www.instagram.com/deputadosanderson, https://www.facebook.com/deputadosanderson, https://youtube.com/channel/UC3bESW2nMM1EW-in7OwlKwg?view_as=subscriber;;1969-12-01;;RS;Erechim
https://dadosabertos.camara.leg.br/api/v2/deputados/160621;Sandro Alex;54;57;SANDRO ALEX CRUZ DE OLIVEIRA;;M;;;1972-11-25;;PR;Ponta Grossa
https://dadosabertos.camara.leg.br/api/v2/deputados/204387;Sargento Fahur;56;57;GILSON CARDOSO FAHUR;;M;https://www.facebook.com/SargentoFahur10, https://twitter.com/SargentoFAHUR, https://www.instagram.com/sargentofahurpr, https://youtube.com/channel/UCGtU73VeRj9hY1P3PtVUERw;;1963-11-06;;PR;Londrina
https://dadosabertos.camara.leg.br/api/v2/deputados/220621;Sargento Gonçalves;57;57;EVANDRO GONÇALVES DA SILVA JÚNIOR;;M;https://www.facebook.com/sargentogoncalves22, https://twitter.com/sgtgoncalves22, https://www.instagram.com/sargentogoncalves22;;1984-02-27;;PB;Campina Grande
https://dadosabertos.camara.leg.br/api/v2/deputados/220618;Sargento Portugal;57;57;JOSÉ PORTUGAL NETO;;M;https://www.facebook.com/DeputadoFederalSargentoPortugal, https://twitter.com/sargentoportuga;;1976-08-26;;RJ;Rio de Janeiro
https://dadosabertos.camara.leg.br/api/v2/deputados/220713;Saullo Vianna;57;57;SAULLO VELAME VIANNA;;M;https://www.facebook.com/saulloviannaa, https://www.instagram.com/saullovianna, https://twitter.com/saullovianna, https://youtube.com/SaulloVianna;;1984-06-22;;AM;Manaus
https://dadosabertos.camara.leg.br/api/v2/deputados/226837;Saulo Pedroso;57;57;SAULO PEDROSO DE SOUZA;;M;;;1983-01-21;;SP;Bragança Paulista
https://dadosabertos.camara.leg.br/api/v2/deputados/73808;Sérgio Brito;48;57;SÉRGIO LUÍS LACERDA BRITO;;M;;;1961-06-08;;BA;Vitória da Conquista
https://dadosabertos.camara.leg.br/api/v2/deputados/178933;Sergio Souza;55;57;SERGIO DE SOUZA;;M;https://www.facebook.com/sergiosouzaPR, https://twitter.com/_sergiosouza, https://www.instagram.com/sergiosouzapr, https://youtube.com/deputadofederalsergiosouza;;1971-03-13;;PR;Ivaiporã
https://dadosabertos.camara.leg.br/api/v2/deputados/204557;Sidney Leite;56;57;SIDNEY RICARDO DE OLIVEIRA LEITE;;M;;;1967-04-08;;AM;Manaus
https://dadosabertos.camara.leg.br/api/v2/deputados/74356;Silas Câmara;51;57;SILAS CÂMARA;;M;;;1962-12-15;;AC;Rio Branco
https://dadosabertos.camara.leg.br/api/v2/deputados/204360;Silvia Cristina;56;57;SILVIA CRISTINA AMANCIO CHAGAS;;F;;;1974-01-15;;ES;Linhares
https://dadosabertos.camara.leg.br/api/v2/deputados/220579;Silvia Waiãpi;57;57;SILVIA NOBRE LOPES;;F;https://www.instagram.com/silviawaiapi, https://twitter.com/silviawaiapi;;1975-08-29;;AP;Macapá
https://dadosabertos.camara.leg.br/api/v2/deputados/227310;Silvio Antonio;57;57;SILVIO ANTONIO GUIMARAES MACHADO;;M;;;1969-08-06;;MA;São Luís
https://dadosabertos.camara.leg.br/api/v2/deputados/204425;Silvio Costa Filho;56;57;SILVIO SERAFIM COSTA FILHO;;M;https://www.facebook.com/silvio.costafilhoi, https://twitter.com/Silvio_CFilho, https://www.instagram.com/silviocostafilho, https://youtube.com/SilvioCostaFilhooficial;;1982-03-05;;PE;Recife
https://dadosabertos.camara.leg.br/api/v2/deputados/220569;Silvye Alves;57;57;SILVYE ALVES DA SILVA;;F;https://www.instagram.com/silvyealves, https://www.facebook.com/SilvyeeAlves, https://twitter.com/silvyealves;;1980-11-08;;GO;Goiânia
https://dadosabertos.camara.leg.br/api/v2/deputados/220651;Simone Marquetto;57;57;SIMONE APARECIDA CURRALADAS DOS SANTOS;;F;https://www.facebook.com/simonemarquetto;;1975-09-20;;SP;São Paulo
https://dadosabertos.camara.leg.br/api/v2/deputados/104552;Socorro Neri;57;57;MARIA DO SOCORRO NERI MEDEIROS DE SOUZA;;F;https://twitter.com/SocorroNeriAC, https://www.facebook.com/SocorroNeri.Ac, https://www.instagram.com/socorroneri;;1966-05-19;;AC;Tarauacá
https://dadosabertos.camara.leg.br/api/v2/deputados/220643;Sônia Guajajara;57;57;SONIA BONE DE SOUSA SILVA SANTOS;;F;;;1974-03-06;;MA;Imperatriz
https://dadosabertos.camara.leg.br/api/v2/deputados/220575;Sonize Barbosa;57;57;SONIZE PIMENTEL DOS SANTOS BARBOSA;;F;https://www.facebook.com/DeputadaSonize, https://twitter.com/depsonizesantos;;1971-05-12;;AP;Macapá
https://dadosabertos.camara.leg.br/api/v2/deputados/178946;Soraya Santos;55;57;SORAYA ALENCAR DOS SANTOS;;F;https://twitter.com/sorayasantos, https://www.youtube.com/channel/UCYJ_VrjZS7ISX0Ut0bU_AMA, https://www.instagram.com/dep.sorayasantos/;Site: http://www.franciscoflorianorj.com.br;1958-12-04;;RJ;Macaé
https://dadosabertos.camara.leg.br/api/v2/deputados/178947;Sóstenes Cavalcante;55;57;SOSTENES SILVA CAVALCANTE;;M;https://twitter.com/DepSostenes, https://www.facebook.com/sostenescavalcante, https://www.instagram.com/sostenescavalcante, https://youtube.com/channel/UCI2j76o7JyLVSmooEcSvLxA;;1975-01-16;;AL;Maceió
https://dadosabertos.camara.leg.br/api/v2/deputados/92776;Stefano Aguiar;54;57;STEFANO AGUIAR DOS SANTOS;;M;https://www.facebook.com/PastorStefanoAguiar, https://twitter.com/depstefano, https://www.instagram.com/depstefano;;1976-03-03;;MG;Belo Horizonte
https://dadosabertos.camara.leg.br/api/v2/deputados/204534;Tabata Amaral;56;57;TABATA CLAUDIA AMARAL DE PONTES;;F;https://www.facebook.com/tabataamaralSP, https://www.instagram.com/tabataamaralsp, https://twitter.com/tabataamaralsp, https://youtube.com/channel/UCWcx5M5negY_kqSawo2bjZQ;;1993-11-14;;SP;São Paulo
https://dadosabertos.camara.leg.br/api/v2/deputados/230177;Tadeu Oliveira;57;57;TADEU MAGELA DE OLIVEIRA;;M;;;1966-10-25;;CE;São Benedito
https://dadosabertos.camara.leg.br/api/v2/deputados/220682;Tadeu Veneri;57;57;ANTONIO TADEU VENERI;;M;;;1953-02-10;;PR;União da Vitória
https://dadosabertos.camara.leg.br/api/v2/deputados/204464;Talíria Petrone;56;57;TALIRIA PETRONE SOARES;;F;;;1985-04-09;;RJ;Niterói
https://dadosabertos.camara.leg.br/api/v2/deputados/220598;Tarcísio Motta;57;57;TARCISIO MOTTA DE CARVALHO;;M;https://www.facebook.com/TarcisioMottaPSOL, https://twitter.com/MottaTarcisio, https://www.instagram.com/tarcisiomottapsol, https://youtube.com/tarcisiomottapsol;;1975-01-28;;RJ;Petrópolis
https://dadosabertos.camara.leg.br/api/v2/deputados/220560;Thiago de Joaldo;57;57;JOSE THIAGO ALVES DE CARVALHO;;M;https://www.instagram.com/thiagodejoaldo;;1982-06-20;;SP;São Paulo
https://dadosabertos.camara.leg.br/api/v2/deputados/220597;Thiago Flores;57;57;THIAGO LEITE FLORES PEREIRA;;M;https://www.instagram.com/deputadothiagoflores, https://www.youtube.com/channel/UCF6Ks4RTqfjqxPMqUTotKkg, https://www.facebook.com/depthiagoflores, https://twitter.com/depthiagoflores;;1980-07-03;;SP;Ribeirão Preto
https://dadosabertos.camara.leg.br/api/v2/deputados/220684;Tião Medeiros;57;57;SEBASTIÃO HENRIQUE DE MEDEIROS;;M;;;1983-01-08;;PR;Paranavaí
https://dadosabertos.camara.leg.br/api/v2/deputados/160976;Tiririca;54;57;FRANCISCO EVERARDO TIRIRICA OLIVEIRA SILVA;;M;;;1965-05-01;;CE;Itapipoca
https://dadosabertos.camara.leg.br/api/v2/deputados/178934;Toninho Wandscheer;55;57;ANTONIO WANDSCHEER;;M;;;1950-08-31;;PR;Foz do Iguaçu
https://dadosabertos.camara.leg.br/api/v2/deputados/157130;Túlio Gadêlha;56;57;TÚLIO GADÊLHA SALES DE MELO;;M;https://www.facebook.com/TulioGadelhaOficial, https://www.instagram.com/tulio.gadelha, https://twitter.com/tuliogadelha;;1987-11-12;;PE;Recife
https://dadosabertos.camara.leg.br/api/v2/deputados/223398;Ulisses Guimarães;57;57;ULISSES SUAID PORTO GUIMARÃES BORGES;;M;;;1989-02-22;;MG;Poços de Caldas
https://dadosabertos.camara.leg.br/api/v2/deputados/160610;Valmir Assunção;54;57;VALMIR CARLOS DA ASSUNÇÃO;;M;;;1964-12-17;;BA;Itamaraju
https://dadosabertos.camara.leg.br/api/v2/deputados/74376;Vander Loubet;52;57;VANDER LUIZ DOS SANTOS LOUBET;;M;https://twitter.com/vanderloubet, https://www.instagram.com/vanderloubet;;1964-01-22;;MS;Porto Murtinho
https://dadosabertos.camara.leg.br/api/v2/deputados/204396;Vermelho;56;57;NELSI COGUETTO MARIA;;M;https://www.instagram.com/deputado_vermelho, https://twitter.com/depvermelho, https://www.facebook.com/vermelhodeputadofederal;;1959-03-01;;PR;Francisco Beltrão
https://dadosabertos.camara.leg.br/api/v2/deputados/74283;Vicentinho;52;57;VICENTE PAULO DA SILVA;;M;https://twitter.com/Vicentinhopt, https://www.facebook.com/DeputadoFederalVicentinho, https://www.instagram.com/vicentinho_pt, https://youtube.com/DeputadoFederalVicentinhoPTSP;;1956-04-08;;RN;Santa Cruz
https://dadosabertos.camara.leg.br/api/v2/deputados/137070;Vicentinho Júnior;55;57;VICENTE ALVES DE OLIVEIRA JUNIOR;;M;;;1985-04-11;;GO;Goiânia
https://dadosabertos.camara.leg.br/api/v2/deputados/141555;Vinicius Carvalho;53;57;VINICIUS RAPOZO DE CARVALHO;;M;https://www.facebook.com/ViniciusCarvalhoOficial, https://www.instagram.com/viniciuscarvalhooficial, https://twitter.com/falecomvinicius, https://youtube.com/channel/UC0jfgVGfyujPS4YeBjTdJpw;viniciuscarvalho.com.br, viniciuscarvalho.com/blog;1966-01-07;;RJ;Rio de Janeiro
https://dadosabertos.camara.leg.br/api/v2/deputados/160591;Vinicius Gurgel;54;57;VINICIUS DE AZEVEDO GURGEL;;M;;;1978-07-31;;AP;Macapá
https://dadosabertos.camara.leg.br/api/v2/deputados/178992;Vitor Lippi;55;57;VITOR LIPPI;;M;https://www.facebook.com/vitorlippi, https://www.instagram.com/vitorlippi, https://twitter.com/DepVitorLippi;;1959-05-18;;SP;Sorocaba
https://dadosabertos.camara.leg.br/api/v2/deputados/91228;Waldemar Oliveira;57;57;WALDEMAR DE ANDRADA IGNÁCIO DE OLIVEIRA;;M;https://www.instagram.com/waldemaroliveiraoficial, https://www.facebook.com/waldemaroliveiraoficial, https://twitter.com/waldemarolivei;;1972-11-29;;PE;Recife
https://dadosabertos.camara.leg.br/api/v2/deputados/160569;Waldenor Pereira;54;57;WALDENOR ALVES PEREIRA FILHO;;M;;;1954-03-08;;BA;Caculé
https://dadosabertos.camara.leg.br/api/v2/deputados/220601;Washington Quaquá;57;57;WASHINGTON LUIZ CARDOSO SIQUEIRA;;M;https://www.instagram.com/washington.quaqua.5, https://twitter.com/quaqua1313, https://www.facebook.com/Washington.Quaqua.13;;1971-05-31;;RJ;São Gonçalo
https://dadosabertos.camara.leg.br/api/v2/deputados/160518;Weliton Prado;54;57;WELITON FERNANDES PRADO;;M;https://www.instagram.com/weliton.prado;;1975-08-24;;MG;Uberlândia
https://dadosabertos.camara.leg.br/api/v2/deputados/74043;Wellington Roberto;52;57;JOSÉ WELLINGTON ROBERTO;;M;;;1959-05-19;;PB;São José de Piranhas
https://dadosabertos.camara.leg.br/api/v2/deputados/224333;Welter;57;57;ELTON CARLOS WELTER;;M;https://twitter.com/DeputadoWelter, https://www.instagram.com/eltonwelter, https://www.facebook.com/dep.welter;;1968-11-23;;PR;Toledo
https://dadosabertos.camara.leg.br/api/v2/deputados/74044;Wilson Santiago;52;57;JOSÉ WILSON SANTIAGO;;M;;;1957-06-10;;PB;Uiraúna
https://dadosabertos.camara.leg.br/api/v2/deputados/182146;Wolmer Araújo;56;57;WOLMER DE AZEVEDO ARAUJO;;M;;;1977-08-11;;MA;São Luís
https://dadosabertos.camara.leg.br/api/v2/deputados/220564;Yandra Moura;57;57;YANDRA BARRETO FERREIRA;;F;https://www.instagram.com/yandramourase, https://www.facebook.com/yandramourase, https://twitter.com/yandramourase, https://youtube.com/Yandramourase;;1994-04-25;;SE;Aracaju
https://dadosabertos.camara.leg.br/api/v2/deputados/220660;Yury do Paredão;57;57;YURY BRUNO ALENCAR ARAUJO;;M;https://www.instagram.com/yurydoparedao, https://twitter.com/yurydoparedao;;1988-05-31;;CE;Juazeiro do Norte
https://dadosabertos.camara.leg.br/api/v2/deputados/230768;Zé Adriano;57;57;JOSE ADRIANO RIBEIRO DA SILVA;;M;;;1966-03-18;;AC;Rio Branco
https://dadosabertos.camara.leg.br/api/v2/deputados/220536;Zé Haroldo Cathedral;57;57;JOSÉ HAROLDO FIGUEIREDO CAMPOS;;M;;;1982-03-22;;MT;Cuiabá
https://dadosabertos.camara.leg.br/api/v2/deputados/204559;Zé Neto;56;57;JOSÉ CERQUEIRA DE SANTANA NETO;;M;;;1964-03-30;;BA;Feira de Santana
https://dadosabertos.camara.leg.br/api/v2/deputados/160632;Zé Silva;54;57;JOSÉ SILVA SOARES;;M;https://www.facebook.com/deputadofederalzesilva, https://twitter.com/ZeSilva_?t=FMvtU0UvtQUawDXz6Bp3kA&s=08, https://www.instagram.com/depzesilva, https://youtube.com/deputadozesilva;;1963-05-11;;MG;Iturama
https://dadosabertos.camara.leg.br/api/v2/deputados/220558;Zé Trovão;57;57;MARCOS ANTONIO PEREIRA GOMES;;M;;;1988-07-22;;SP;São Paulo
https://dadosabertos.camara.leg.br/api/v2/deputados/204517;Zé Vitor;56;57;JOSE VITOR DE RESENDE AGUIAR;;M;https://www.facebook.com/zevitorMG, https://www.instagram.com/zevitormg;;1984-11-01;;MG;Araguari
https://dadosabertos.camara.leg.br/api/v2/deputados/160592;Zeca Dirceu;54;57;JOSÉ CARLOS BECKER DE OLIVEIRA E SILVA;;M;http://www.twitter.com/zeca_dirceu, https://www.facebook.com/deputadofederalzecadirceu/, https://www.instagram.com/zecadirceuoficial;www.zecadirceu.com.br;1978-06-21;;PR;Umuarama
https://dadosabertos.camara.leg.br/api/v2/deputados/220592;Zezinho Barbary;57;57;JOSÉ ESTEPHAN AMORIM BARBARY FILHO;;M;https://www.facebook.com/ZezinhoBarbary;;1966-05-28;;AC;Porto Walter
https://dadosabertos.camara.leg.br/api/v2/deputados/220552;Zucco;57;57;LUCIANO LORENZINI ZUCCO;;M;;;1974-03-09;;RS;Alegrete
