id;uri;siglaTipo;codTipo;numero;ano;ementa;"id;""uri"";""siglaTipo"";""numero"";""ano"";""codTipo"";""descricaoTipo"";""ementa"";""ementaDetalhada"";""keywords"";""dataApresentacao"";""uriOrgaoNumerador"";""uriPropAnterior"";""uriPropPrincipal"";""uriPropPosterior"";""urlInteiroTeor"";""urnFinal"";""ultimoStatus_dataHora"";""ultimoStatus_sequencia"";""ultimoStatus_uriRelator"";""ultimoStatus_idOrgao"";""ultimoStatus_siglaOrgao"";""ultimoStatus_uriOrgao"";""ultimoStatus_regime"";""ultimoStatus_descricaoTramitacao"";""ultimoStatus_idTipoTramitacao"";""ultimoStatus_descricaoSituacao"";""ultimoStatus_idSituacao"";""ultimoStatus_despacho"";""ultimoStatus_apreciacao"";""ultimoStatus_url"""
2405531.0;https://dadosabertos.camara.leg.br/api/v2/proposicoes/2405531;REQ;313.0;4001.0;2023;Requerimento de inclusão de coautoria ao Projeto de Lei n° 5571, de 2023, de autoria do Deputado Célio Studart (PSD/CE).;
2465136.0;https://dadosabertos.camara.leg.br/api/v2/proposicoes/2465136;REQ;448.0;109.0;2024;Requer o aditamento ao REQ nº 76/2024 - CME, para inclusão de convidados em audiência pública.;
2464189.0;https://dadosabertos.camara.leg.br/api/v2/proposicoes/2464189;TVR;428.0;622.0;2024;Submete à apreciação do Congresso Nacional o ato constante da Portaria nº 12.579, de 18 de março de 2024, publicada no Diário Oficial da União de 1º de abril de 2024, que renova, a partir de 10 de novembro de 2021, a permissão outorgada anteriormente conferida ao SIR - Sistema Integrado de Radiocomunicação Ltda., para executar, pelo prazo de dez anos, sem direito de exclusividade, o serviço de radiodifusão sonora em frequência modulada, no Município de Nuporanga, Estado de São Paulo.;
2391808.0;https://dadosabertos.camara.leg.br/api/v2/proposicoes/2391808;OF;181.0;470.0;2023;Requer a quebra de sigilo fiscal da E-Dinheiro.;
;;;;;2025;;
2391929.0;https://dadosabertos.camara.leg.br/api/v2/proposicoes/2391929;REQ;294.0;246.0;2023;Requer a realização de audiência pública para a discutir a questão do bem estar animal  no âmbito da LDO;
2350834.0;https://dadosabertos.camara.leg.br/api/v2/proposicoes/2350834;PRC;444.0;38.0;2023;Acrescenta § 7º ao art. 235 do Regimento Interno da Câmara dos Deputados, aprovado pela Resolução nº 17, de 1989, para estender a licença-gestante e a licença-paternidade aos casos de adoção.;
;;;;;2025;;
2444835.0;https://dadosabertos.camara.leg.br/api/v2/proposicoes/2444835;PL;139.0;2678.0;2024;Altera a Lei 10.741 de 1º de outubro de 2003, que dispõe sobre o estatuto da pessoa idosa e dá outras providências, para o estabelecimento de Penalidades Rigorosas para Abuso Financeiro contra idosos.;
2452894.0;https://dadosabertos.camara.leg.br/api/v2/proposicoes/2452894;ATA;810.0;142.0;2024;Termo Solene nº 142 de 2024.;
;;;;;2025;;
;;;;;2025;;
2456441.0;https://dadosabertos.camara.leg.br/api/v2/proposicoes/2456441;RIC;148.0;3342.0;2024;Requer informações ao Ministério de Portos e Aeroportos acerca da cobrança da denominada “taxa da seca” na logística de transporte fluvial na região amazônica.;
2458693.0;https://dadosabertos.camara.leg.br/api/v2/proposicoes/2458693;REQ;304.0;3844.0;2024;Requer a apensação da Proposta de Emenda à Constituição nº 6, de 2024, à Proposta de Emenda à Constituição nº 555, de 2006.;
;;;;;2025;;
2424440.0;https://dadosabertos.camara.leg.br/api/v2/proposicoes/2424440;REQ;294.0;74.0;2024;Requer a realização de Audiência Pública para debater o reconhecimento das professoras da Educação Infantil como integrantes da carreira do magistério.;
2438179.0;https://dadosabertos.camara.leg.br/api/v2/proposicoes/2438179;DOC;1033.0;561.0;2024;Comunica restituição de autógrafo das partes vetadas do PL 6852/2013, promulgadas (Of 163/2024-CN).;
2419966.0;https://dadosabertos.camara.leg.br/api/v2/proposicoes/2419966;REQ;448.0;16.0;2024;Requer seja convidada a Exma. Sra. Ministra de Estado da Saúde, Nísia Verônica Trindade Lima, para prestar esclarecimentos acerca das Notas Técnicas Conjuntas nº 37/2023-SAPS/SAES e nº 2/2024-SAPS/SAES do Ministério da Saúde e  apresentar as ações implementadas pela Pasta no primeiro ano de Gestão.;
2404461.0;https://dadosabertos.camara.leg.br/api/v2/proposicoes/2404461;INC;133.0;1559.0;2023;Sugere a distribuição gratuita, pelo Sistema Único de Saúde (SUS), de malhas de compressão para queimaduras.;
2397957.0;https://dadosabertos.camara.leg.br/api/v2/proposicoes/2397957;RIC;148.0;2570.0;2023;Requer informações ao Ministério da Integração e do Desenvolvimento Regional acerca das medidas e providências adotadas para solucionar a problemática relacionada à falta de saneamento básico no Brasil, com foco especial nos estados do Norte, como é o caso do estado do Amazonas.;
2416730.0;https://dadosabertos.camara.leg.br/api/v2/proposicoes/2416730;MSC;406.0;702.0;2023;"Submete à deliberação do Congresso Nacional o texto do projeto de lei que ""Altera a Lei nº 10.406, de 10 de janeiro de 2002 - Código Civil, para dispor sobre atualização monetária e juros."".";
;;;;;2025;;
2381431.0;https://dadosabertos.camara.leg.br/api/v2/proposicoes/2381431;PL;139.0;4050.0;2023;Dispõe sobre a oferta de profissionais de apoio escolar especializados nas salas de aula para atendimento aos alunos com deficiência, e dá outras providências.  NOVA EMENTA: Dispõe sobre a oferta do profissional de apoio escolar em instituições públicas e privadas de ensino.;
2430784.0;https://dadosabertos.camara.leg.br/api/v2/proposicoes/2430784;REQ;294.0;36.0;2024;Requer a realização de audiência pública para tratar da dívida do Estado do Rio de Janeiro junto à União.;
2428354.0;https://dadosabertos.camara.leg.br/api/v2/proposicoes/2428354;REQ;305.0;1262.0;2024;Requer a desapensação do Projeto de Lei nº 1.574 de 2023 do Projeto de Lei nº 1.597 de 2022.;
;;;;;2025;;
2449587.0;https://dadosabertos.camara.leg.br/api/v2/proposicoes/2449587;RIC;148.0;2533.0;2024;Requer informações ao Ministério da Integração e do Desenvolvimento Regional acerca das respostas fornecidas por meio do OFÍCIO Nº 671/2023/GM-MIDR, referente à execução de obras para o Município de Novo Aripuanã/AM, considerando a necessidade de maiores esclarecimentos.;
2439765.0;https://dadosabertos.camara.leg.br/api/v2/proposicoes/2439765;REQ;294.0;27.0;2024;Requer a realização de audiência pública e manifesto cultural em comemoração aos 10 anos da Lei Cultura Viva – Lei nº 13.018, de 22 de julho de 2014.;
2405601.0;https://dadosabertos.camara.leg.br/api/v2/proposicoes/2405601;REQ;609.0;4006.0;2023;Requer o registro da Frente Parlamentar em Defesa do Livro, da Leitura e da Escrita.;
2363589.0;https://dadosabertos.camara.leg.br/api/v2/proposicoes/2363589;EMC;130.0;75.0;2023;Dá nova redação à MPV 1164/2023;
;;;;;2025;;
2481015.0;https://dadosabertos.camara.leg.br/api/v2/proposicoes/2481015;PL;139.0;4969.0;2024;Altera o Decreto-Lei nº 4.657, de 4 de setembro de 1942 (Lei de Introdução às Normas do Direito Brasileiro – LINDB), a Lei nº 8.078, de 11 de setembro de 1990 (Código de Defesa do Consumidor – CDC), e a Lei nº 13.105, de 16 de março de 2015 (Código de Processo Civil – CPC), para permitir a homologação e a produção de efeitos, no Brasil, de ações civis públicas estrangeiras e decisões relacionadas a direitos dos consumidores, com o objetivo de assegurar proteção isonômica aos consumidores brasileiros no contexto das relações globais de consumo.;
2353513.0;https://dadosabertos.camara.leg.br/api/v2/proposicoes/2353513;PL;139.0;1415.0;2023;Altera a Consolidação das Leis do Trabalho (CLT), aprovada pelo Decreto-Lei nº 5.452, de 1º de maio de 1943, para conceder mais garantias ao empregado em regime de teletrabalho ou trabalho remoto.;
2476795.0;https://dadosabertos.camara.leg.br/api/v2/proposicoes/2476795;ATA;810.0;221.0;2024;Termo Solene nº 221 de 2024.;
2371143.0;https://dadosabertos.camara.leg.br/api/v2/proposicoes/2371143;REQ;686.0;161.0;2023;Requer, nos termos regimentais, a realização do Fórum “Diabetes em Foco: compreendendo e gerenciando a doença”, no âmbito desta Comissão.;
2431014.0;https://dadosabertos.camara.leg.br/api/v2/proposicoes/2431014;REQ;294.0;25.0;2024;Requer a inclusão de convidado na Audiência Pública aprovada por meio do Requerimento 01/2024, que visa discutir o tratamento concedido pelas operadoras de saúde aos beneficiários de planos coletivos.;
2402634.0;https://dadosabertos.camara.leg.br/api/v2/proposicoes/2402634;REQ;354.0;3873.0;2023;Requer Moção de Louvor e Regozijo ao Sr. 3º Sargento PM Anderson de Freitas Belmont pelos excelentes serviços prestados à Sociedade Carioca e Fluminense.;
2454312.0;https://dadosabertos.camara.leg.br/api/v2/proposicoes/2454312;PL;139.0;3253.0;2024;Dispõe sobre a manutenção do benefício de alimentação durante o período de licença médica para empregado acometido por doenças graves.;
2356465.0;https://dadosabertos.camara.leg.br/api/v2/proposicoes/2356465;REQ;294.0;123.0;2023;Solicita que seja convocado o Excelentíssimo Senhor Fernando Haddad, Ministro da Fazenda, para que preste esclarecimentos sobre os indícios de “pedalada fiscal” do presidente Lula ao alterar, de forma artificial, a previsão de gastos com o INSS em 2023 para tentar encobrir um rombo de R$ 7,7 bilhões.;
2391415.0;https://dadosabertos.camara.leg.br/api/v2/proposicoes/2391415;PL;139.0;4713.0;2023;Dispõe sobre o uso de escolas públicas e privadas como locais para ampliar a cobertura vacinal entre crianças e adolescentes, e dá outras providências.;
2459342.0;https://dadosabertos.camara.leg.br/api/v2/proposicoes/2459342;PL;139.0;3730.0;2024;"""Proíbe a divulgação de jogos de apostas ou de azar, bem como de motéis ou sites de acompanhantes, em rede nacional no horário de classificação indicativa livre, e dá outras providências.""";
;;;;;2025;;
2434042.0;https://dadosabertos.camara.leg.br/api/v2/proposicoes/2434042;INC;133.0;440.0;2024;Indicação ao Ministro da Educação, Sr. Camilo Santana, indicando adoção de medidas a serem adotadas no âmbito dos municípios que foram afetados pelas enchentes no Rio Grande do Sul.;
2451325.0;https://dadosabertos.camara.leg.br/api/v2/proposicoes/2451325;PL;139.0;3082.0;2024;Altera a Lei n º 7.713, de 22 de dezembro de 1988, para isentar atletas e treinadores brasileiros do imposto de renda sobre premiações recebidas em competições esportivas.;
2453451.0;https://dadosabertos.camara.leg.br/api/v2/proposicoes/2453451;REQ;294.0;138.0;2024;Requer a realização de Audiência Pública para debater a modernização das Centrais de Abastecimento - CEASA.;
2361135.0;https://dadosabertos.camara.leg.br/api/v2/proposicoes/2361135;RIC;148.0;1242.0;2023;Requer ao Ministro de Estado de Educação, Sr. Camilo Santana, informações acerca da contratação de obra para a construção da Escola Infantil Jardim Vitória, no município de Boa Vista do Ramos/AM, proveniente de recursos federais, com identificação de origem nº 1013257, estimada no valor de R$ 1.775.197,02 (um milhão e setecentos e setenta e cinco mil e cento e noventa e sete reais e dois centavos),  que encontra-se em status de paralisada/inacabada pelo Painel Informativo de Acompanhamento de Obras Paralisadas do Tribunal de Contas da União.;
2472897.0;https://dadosabertos.camara.leg.br/api/v2/proposicoes/2472897;DOC;1028.0;1564.0;2024;Comunica remessa à sanção do PL 2627/2019 (Of 1306/2024-SF).;
2392554.0;https://dadosabertos.camara.leg.br/api/v2/proposicoes/2392554;PROC;720.0;4.0;2023;"No uso das prerrogativas regimentais atribuídas aos presidentes de Comissões Permanentes e nos termos do art. 163, I, c/c o art. 164, caput, I, do Regimento Interno e, considerando o entendimento apresentado no Requerimento nº 79/2023 – CTRAB, de autoria do Deputado Vinicius Carvalho,  declaro prejudicado o Projeto de Lei 975, de 2021 – do Sr. Paulo Ganime - que ""altera a Lei nº 6.321, de 14 de abril de 1976 (PAT), para permitir a possibilidade de o trabalhador efetuar a portabilidade do seu crédito para outra prestadora de serviço de alimentação coletiva”, em consequência da edição da Lei nº 14.442, de 2 de setembro de 2022, oriunda da Medida Provisória nº 1.108, de 25 de março de 2022 que tratou de matéria idêntica.";
2371064.0;https://dadosabertos.camara.leg.br/api/v2/proposicoes/2371064;INC;133.0;915.0;2023;Sugere a inclusão do município de Jacareacanga, no Estado do Pará, no Programa Nacional de Segurança nas Escolas.;
2371829.0;https://dadosabertos.camara.leg.br/api/v2/proposicoes/2371829;RIC;148.0;1794.0;2023;Solicita informações ao ministro da Educação acerca do Programa Banda Larga nas Escolas no município de São Domingos do Araguaia, no Estado do Pará.;
2456817.0;https://dadosabertos.camara.leg.br/api/v2/proposicoes/2456817;RIC;148.0;3373.0;2024;Requer informações ao Ministro de Estado dos Direitos Humanos e Cidadania, Sr. Silvio Almeida, a respeito das denúncias de assédio sexual noticiadas por grande parte da imprensa, inclusive cometida contra a Ministra Aniele Franco.;
2401535.0;https://dadosabertos.camara.leg.br/api/v2/proposicoes/2401535;REQ;354.0;3822.0;2023;Requer Moção de Louvor e Regozijo ao Sr. 2º Tenente BM Cléber Barcelos Ferreira da Silva, devido tornar-se destaque por sua destreza, bravura e profissionalismo aos excelentes serviços prestados como Bombeiro Militar do Estado do Rio de Janeiro.;
2456275.0;https://dadosabertos.camara.leg.br/api/v2/proposicoes/2456275;PL;139.0;3402.0;2024;Dispõe sobre o direito à livre escolha e utilização dos meios de comunicação virtuais e redes sociais, nacionais ou estrangeiras.;
2402089.0;https://dadosabertos.camara.leg.br/api/v2/proposicoes/2402089;RIC;148.0;2703.0;2023;Solicita o encaminhamento de requerimento de informações ao Ministro de Estado de Minas e Energia, Sr Alexandre Silveira de Oliveira, sobre as ações tomadas pela sua pasta em relação as chuvas no estado do Paraná.;
2451784.0;https://dadosabertos.camara.leg.br/api/v2/proposicoes/2451784;REQ;294.0;135.0;2024;Requer a realização de Audiência Pública para debater o Projeto de Decreto Legislativo nº 322, de 2024, que susta os efeitos da Resolução n° 249, de 10 de julho de 2024, do Conselho Nacional dos Direitos da Criança e Adolescente (CONANDA).;
2442572.0;https://dadosabertos.camara.leg.br/api/v2/proposicoes/2442572;RIC;148.0;1867.0;2024;Solicita informações ao Sr. Ministro da Previdência Social, a respeito da sua declaração e afirmação, que não atende parlamentares da “turma do ex-presidente Bolsonaro”.;
2469826.0;https://dadosabertos.camara.leg.br/api/v2/proposicoes/2469826;REQ;441.0;4542.0;2024;Requer a aprovação de moção de repúdio contra a animação brasileira “Arca de Noé”, produzida pela Globo Filmes, por apresentar conteúdo inadequado para crianças ao se afastar da narrativa tradicional do dilúvio bíblico.;
2392016.0;https://dadosabertos.camara.leg.br/api/v2/proposicoes/2392016;REQ;1017.0;359.0;2023;Solicita à Exma. Ministra do Ministério da Saúde, Sra. Nísia Trindade Lima, informações a cerca do contrato com dispensa de licitação firmado pelo Ministério no valor de R$ 87.000.000,00 (oitenta e sete milhões de reais) e que até o momento não há indícios de entrega dos insumos por parte da empresa contratada.;
2456939.0;https://dadosabertos.camara.leg.br/api/v2/proposicoes/2456939;REQ;294.0;90.0;2024;Requer a realização de Audiência Pública para debater a precarização dos quadros técnicos no Sistema de Justiça Brasileiro.;
2451190.0;https://dadosabertos.camara.leg.br/api/v2/proposicoes/2451190;DOC;1028.0;967.0;2024;Comunica restituição de autógrafo do PL 2562/2015, sancionado (Of 776/2024-SF).;
2363644.0;https://dadosabertos.camara.leg.br/api/v2/proposicoes/2363644;EMC;130.0;125.0;2023;Dá nova redação à MPV 1164/2023;
2460019.0;https://dadosabertos.camara.leg.br/api/v2/proposicoes/2460019;DOC;1028.0;1284.0;2024;Comunica promulgação de Decreto Legislativo nº 212/2024. (PDL nº 810/2021).(Of. 1076/2024-SF).;
2474114.0;https://dadosabertos.camara.leg.br/api/v2/proposicoes/2474114;PDL;553.0;434.0;2024;Aprova o ato que renova a permissão outorgada à Rádio FM Iguatu Ltda. para executar serviço de radiodifusão sonora em frequência modulada, no Município de Limoeiro do Norte, Estado do Ceará.;
;;;;;2025;;
2441104.0;https://dadosabertos.camara.leg.br/api/v2/proposicoes/2441104;RIC;148.0;1705.0;2024;Solicita informações ao Sr. Waldez Góes, Ministro da Integração e do Desenvolvimento Regional, sobre a segurança hídrica e as secas no município amazonense de Maraã.;
2364227.0;https://dadosabertos.camara.leg.br/api/v2/proposicoes/2364227;REQ;1029.0;38.0;2023;Requer ao Ministério Público do Trabalho, informações, pesquisas, estudos e documentos pertinentes a processos judiciais, julgados ou em processamento, bem como de procedimentos administrativo e termos de ajustamento de condutas sobre ocorrência de trabalho escravo ou análogas à de escravo no Brasil.;
2358331.0;https://dadosabertos.camara.leg.br/api/v2/proposicoes/2358331;PROC;720.0;108.0;2023;Inclusão de Assinatura Grupo Parlamentar Brasil-Nova Zelândia;
2443548.0;https://dadosabertos.camara.leg.br/api/v2/proposicoes/2443548;PL;139.0;2589.0;2024;Confere ao município de Salvador, no estado da Bahia, o título de Capital Nacional da Capoeira.;
;;;;;2025;;
2389772.0;https://dadosabertos.camara.leg.br/api/v2/proposicoes/2389772;PDL;557.0;329.0;2023;Susta os efeitos do inciso X do Decreto nº 8.874/2016, inserido pelo Decreto nº 11.498, de 25 de abril de 2023, que inclui a segurança pública e o sistema prisional na lista de setores prioritários elegíveis para a emissão de debêntures incentivadas sob a Lei nº 12.431, de 24 de junho de 2011.;
2355528.0;https://dadosabertos.camara.leg.br/api/v2/proposicoes/2355528;REQ;441.0;1117.0;2023;Requer “Moção de Aplauso” ao Festival Vamos Fazer Poesia, da Cidade de Serra Talhada – PE.;
2367205.0;https://dadosabertos.camara.leg.br/api/v2/proposicoes/2367205;EMC;130.0;89.0;2023;Dá nova redação à MPV 1162/2023;
2355350.0;https://dadosabertos.camara.leg.br/api/v2/proposicoes/2355350;PDL;557.0;112.0;2023;Susta o Decreto nº 11.466, de 5 de abril de 2023, que atualiza a regulação das leis de saneamento.;
2417369.0;https://dadosabertos.camara.leg.br/api/v2/proposicoes/2417369;PDL;557.0;9.0;2024;Susta a PORTARIA Nº 166 - COLOG/C EX, DE 22 DE DEZEMBRO DE 2023, que Aprova as Normas para a Gestão de Produtos Controlados pelo Exército nas atividades de colecionamento, tiro desportivo e caça excepcional.;
2352223.0;https://dadosabertos.camara.leg.br/api/v2/proposicoes/2352223;REQ;354.0;790.0;2023;Requer Moção de Louvor e Regozijo ao Exmo. Sr. 1º SARGENTO PM LEONARDO ZIMBRÃO DE OLIVEIRA, devido tornar-se destaque por sua destreza, bravura e profissionalismo aos excelentes serviços prestados como agente da segurança pública, nas fileiras da corporação.;
2421855.0;https://dadosabertos.camara.leg.br/api/v2/proposicoes/2421855;PL;139.0;842.0;2024;Altera a Lei no 12.965, de 23 de abril de 2014 (Marco Civil da Internet), para dispor sobre a obrigatoriedade de que aplicações de internet que se utilizem de mecanismos de inteligência artificial para a geração de conteúdos audiovisuais insiram sinalização nos conteúdos produzidos.;
2376187.0;https://dadosabertos.camara.leg.br/api/v2/proposicoes/2376187;REQ;1030.0;349.0;2023;Requer que seja submetido à deliberação do Plenário desta Comissão Parlamentar de Inquérito o pedido, ora formulado, de REQUISIÇÃO para afastamento do sigilo fiscal, bancário, telefônico e telemático da empresa Casa Brasileira de Pesquisa e Cooperação, de suas Representantes Legais Isis Domingos Barbosa Campos e Jade Percassi de Carvalho, da Empresa AMBP Promoções e Eventos Empresariais, seus representantes legais Helena Mastroianni de Lemos Britto e Raphael Ferraz Mello Vieira de Aquino, e do senhor João Paulo Rodrigues Chaves, Coordenador Nacional do MST, nos termos que especifica.;
2368231.0;https://dadosabertos.camara.leg.br/api/v2/proposicoes/2368231;PL;139.0;2975.0;2023;Introduz a situação específica da mulher indígena na legislação de enfrentamento da violência e de promoção da saúde e da educação.  NOVA EMENTA: Altera o Decreto-Lei nº 2.848, de 7 de dezembro de 1940 (Código Penal), e as Leis nºs 11.340, de 7 de agosto de 2006 (Lei Maria da Penha), 8.080, de 19 de setembro de 1990 (Lei Orgânica da Saúde), e 9.394, de 20 de dezembro de 1996 (Lei de Diretrizes e Bases da Educação Nacional), para incluir a mulher indígena na legislação de enfrentamento da violência e de promoção da saúde e da educação.;
;;;;;2025;;
2392391.0;https://dadosabertos.camara.leg.br/api/v2/proposicoes/2392391;RPDR;1010.0;1.0;2023;Requerimento de Alteração da Ordem dos Trabalhos;
2434904.0;https://dadosabertos.camara.leg.br/api/v2/proposicoes/2434904;PDL;557.0;274.0;2024;Susta a aplicação da Portaria nº 224 - COLOG/C EX, de 17 de maio de 2024, que altera as Normas para Aquisição, Registro, Cadastro e Transferência de Armas de Fogo e a Aquisição de Munições, Insumos, Acessórios e outros produtos controlados de competência do Comando do Exército, aprovadas pela Portaria nº 167 - COLOG/CEx, de 22 de janeiro de 2024.;
2375602.0;https://dadosabertos.camara.leg.br/api/v2/proposicoes/2375602;PL;139.0;3731.0;2023;Tipifica como crime o exercício ilegal da Engenharia, da Arquitetura e Urbanismo e da Agronomia.;
2457416.0;https://dadosabertos.camara.leg.br/api/v2/proposicoes/2457416;REQ;294.0;226.0;2024;Requer a realização de audiência pública para discutir a saúde mental e prevenção do suicídio entre jovens e adultos, no Setembro Amarelo.;
2390537.0;https://dadosabertos.camara.leg.br/api/v2/proposicoes/2390537;ATA;810.0;2.0;2023;Ata - CEXMABRU -  9ª Reunião - 09/05/2023;
2476987.0;https://dadosabertos.camara.leg.br/api/v2/proposicoes/2476987;PL;139.0;4757.0;2024;Dispões sobre a criação do Programa de Incentivo ao Empreendedorismo Rural (PROER) e do Fundo Nacional de Incentivo ao Empreendedorismo Rural (FNIER), com o objetivo de promover o desenvolvimento econômico e sustentável no campo.;
2381103.0;https://dadosabertos.camara.leg.br/api/v2/proposicoes/2381103;REQ;294.0;298.0;2023;Solicita que seja convocado o Excelentíssimo Senhor Ministro do Trabalho, Luiz Marinho,  para prestar esclarecimentos sobre a nova contribuição sindical obrigatória.;
2352015.0;https://dadosabertos.camara.leg.br/api/v2/proposicoes/2352015;REQ;294.0;5.0;2023;Requer a realização de audiência pública com o tema “Dia Mundial do Orgulho Autista”.;
;;;;;2025;;
2350236.0;https://dadosabertos.camara.leg.br/api/v2/proposicoes/2350236;REQ;294.0;18.0;2023;Pedido de Inclusão  de convidado em Audiência no Grupo de Trabalho do Sistema Tributário Nacional, com o seguinte convidado: Alberto Macedo, Doutor em Direito Econômico, Financeiro e Tributário pela USP;
2386210.0;https://dadosabertos.camara.leg.br/api/v2/proposicoes/2386210;PL;139.0;4367.0;2023;Altera a Lei n° 8.001, de 13 de março de 1990, para majorar a alíquota da Compensação Financeira pela Exploração de Recursos Minerais (CFEM) do Lítio e autoriza a União a instituir o Fundo Social do Lítio.;
2433154.0;https://dadosabertos.camara.leg.br/api/v2/proposicoes/2433154;ESB;258.0;1.0;2024;Acrescenta art. 3º-A à Lei nº 10.214, de 27 de março de 2001, para estabelecer a adoção, como critério preferencial no ciclo de liquidação de boletos, a cronologia da percepção dos pagamentos pelas instituições financeiras recebedoras, e conferir prioridade no processamento daqueles que tenham sido provisionados para débito em conta bancária em data determinada.;
;;;;;2025;;
2395536.0;https://dadosabertos.camara.leg.br/api/v2/proposicoes/2395536;PL;139.0;4949.0;2023;Altera a Lei nº 12.009, de 29 de julho de 2009, para determinar que o mototaxista forneça toucas descartáveis aos passageiros.;
2466004.0;https://dadosabertos.camara.leg.br/api/v2/proposicoes/2466004;DOC;1035.0;1492.0;2024;Atualização de Documentos da Frente Parlamentar da Agropecuária (FPA);
2466600.0;https://dadosabertos.camara.leg.br/api/v2/proposicoes/2466600;REQ;305.0;4399.0;2024;Requer a desapensação do Projeto de Lei nº 3053, de 2023, de minha autoria, do Projeto de Lei nº 8045, de 2010.;
2436218.0;https://dadosabertos.camara.leg.br/api/v2/proposicoes/2436218;PL;139.0;2018.0;2024;Acrescenta alíneas ao art. 2º da Lei nº 4.769, de 09 de setembro de 1965, para incluir a auditoria e perícia administrativa no exercício da profissão de Técnico de Administração.;
;;;;;2025;;
2428669.0;https://dadosabertos.camara.leg.br/api/v2/proposicoes/2428669;REQ;294.0;33.0;2024;Requer a realização de diligências da Comissão de Direitos Humanos, Minorias e Igualdade Racial, em conjunto com o Conselho Nacional de Direitos Humanos (CNDH), de forma a observar in loco a diversidade de desafios aos direitos humanos nas cinco grandes regiões do Brasil.;
;;;;;2025;;
2409606.0;https://dadosabertos.camara.leg.br/api/v2/proposicoes/2409606;DOC;1003.0;1504.0;2023;Of. nº 616/2023/PS-GSE, que encaminha ao Senado Federal o processado do PDL 215/2023, em revisão.;
2366200.0;https://dadosabertos.camara.leg.br/api/v2/proposicoes/2366200;RIC;148.0;1550.0;2023;Solicita informações ao Ministro da Educação acerca do Programa Banda Larga nas Escolas no município de Benevides, no Estado do Pará.;
;;;;;2025;;
2425670.0;https://dadosabertos.camara.leg.br/api/v2/proposicoes/2425670;REQ;294.0;14.0;2024;Requer o aditamento ao REQ nº 05/2024 – CDC, para a inclusão de convidado na realização de audiência pública.;
2390159.0;https://dadosabertos.camara.leg.br/api/v2/proposicoes/2390159;REQ;441.0;45.0;2023;Requer a aprovação de Moção de Louvor à Festa das Cerejeiras, de Garça/SP.;
2476535.0;https://dadosabertos.camara.leg.br/api/v2/proposicoes/2476535;MSC;401.0;1553.0;2024;Submete à apreciação do Congresso Nacional o ato constante da Portaria nº 14.332, de 27 de agosto de 2024, publicada no Diário Oficial da União de 9 de setembro de 2024, que renova, a partir de 21 de junho de 2023, a permissão outorgada à Fundação Cultural São Judas Tadeu, para executar, pelo prazo de dez anos, o serviço de radiodifusão sonora, em frequência modulada, com fins exclusivamente educativos, no Município de Paraíso do Tocantins, Estado de Tocantins.;
2369359.0;https://dadosabertos.camara.leg.br/api/v2/proposicoes/2369359;OF;181.0;18.0;2023;Requisita ao Ministério Público do Trabalho o compartilhamento de documentos e informações.;
2469857.0;https://dadosabertos.camara.leg.br/api/v2/proposicoes/2469857;MSC;401.0;1416.0;2024;Submete à apreciação do Congresso Nacional o do ato constante da Portaria nº 11.010, de 9 de novembro de 2023, publicada no Diário Oficial da União de 24 de novembro de 2023, que outorga autorização à Associação Comitativa de Radiodifusão Comunitária ASCORC, para executar, pelo prazo de dez anos, sem direito de exclusividade, o serviço de radiodifusão comunitária, no Município de Aquidauana, Estado de Mato Grosso do Sul.;
2419811.0;https://dadosabertos.camara.leg.br/api/v2/proposicoes/2419811;REQ;294.0;6.0;2024;Requer a realização de audiência pública para debater sobre assistência em Hepatologia no SUS.;
2477891.0;https://dadosabertos.camara.leg.br/api/v2/proposicoes/2477891;REQ;294.0;91.0;2024;Requer o aditamento do Requerimento nº 88/2024 – que propõe Audiência Publica para  debater os impactos do plano de instituições bancárias em transferir trabalhadores vinculados ao seu CNPJ para suas subsidiárias.;
2364435.0;https://dadosabertos.camara.leg.br/api/v2/proposicoes/2364435;REP;146.0;4.0;2023;Representação de autoria do Partido dos Trabalhadores (PT) em desfavor do Senhor Deputado JOSÉ MEDEIROS, Protocolizada em 9  de março de 2023. Imputação de conduta incompatível com o decoro parlamentar.;
;;;;;2025;;
2352828.0;https://dadosabertos.camara.leg.br/api/v2/proposicoes/2352828;EMC;130.0;5.0;2023;Dá nova redação à MPV 1151/2022;
2454674.0;https://dadosabertos.camara.leg.br/api/v2/proposicoes/2454674;PL;139.0;3285.0;2024;Altera a Lei nº 14.597, de 14 de dezembro de 2023, que institui a Lei Geral do Esporte.;
;;;;;2025;;
2473811.0;https://dadosabertos.camara.leg.br/api/v2/proposicoes/2473811;SOR;611.0;57.0;2024;SOR 57/2024 - Dep. Marcos Tavares - Apropriação (inclusão) - Subfunção 301 (Atenção Básica) - Programa 5119 (Atenção Primária à Saúde) - Ação 2E89 (Incremento Temporário ao Custeio dos Serviços de Atenção Primária à Saúde para Cumprimento de Metas) - Valor 15.000.000;
2434128.0;https://dadosabertos.camara.leg.br/api/v2/proposicoes/2434128;PL;139.0;1854.0;2024;Suspende provisoriamente a cobrança de foro e laudêmio sobre terrenos de marinha no Rio Grande do Sul.;
2405130.0;https://dadosabertos.camara.leg.br/api/v2/proposicoes/2405130;SOR;611.0;41.0;2023;2723 - Policiamento, Fiscalização, Enfrentamento à Criminalidade e Corrupção - 10.000.000;
2374612.0;https://dadosabertos.camara.leg.br/api/v2/proposicoes/2374612;REQ;294.0;147.0;2023;Requer a realização de Audiência Pública na Comissão de Direitos Humanos, Minoria e Igualdade Racial para tratar do Assédio Sexual no Trabalho.;
2356266.0;https://dadosabertos.camara.leg.br/api/v2/proposicoes/2356266;PFC;138.0;14.0;2023;Propõe que a Comissão de Fiscalização Financeira e Controle realize ato de fiscalização e controle, com o auxílio do Tribunal de Contas da União, para verificar a governança das ações e serviços relacionados à diálise peritoneal e hemodiálise no Sistema Único de Saúde (SUS).;
2403803.0;https://dadosabertos.camara.leg.br/api/v2/proposicoes/2403803;SOR;611.0;1.0;2023;objetiva a inclusão de despesa à dotação do título orçamentário 'Apoio à implementação de Casas da Mulher Brasileira e de Centros de Referência da Mulher Brasileira' (00SN) da UO 65101, de âmbito nacional, no valor de R$ 1.000.000.000 (hum bilhão de reais);
2406324.0;https://dadosabertos.camara.leg.br/api/v2/proposicoes/2406324;ATA;810.0;4.0;2023;Ata 1 - SUBIA;
2447148.0;https://dadosabertos.camara.leg.br/api/v2/proposicoes/2447148;ATA;810.0;121.0;2024;Ata 121ª Sessão.;
2428890.0;https://dadosabertos.camara.leg.br/api/v2/proposicoes/2428890;EMC;130.0;1.0;2024;Dispõe sobre as atividades dos caixas de supermercado.;
2450291.0;https://dadosabertos.camara.leg.br/api/v2/proposicoes/2450291;PL;139.0;2978.0;2024;Altera a Lei 13.895/2019 para assegurar a prioridade de atendimento às pessoas diabéticas em exames de saúde que exijam jejum.;
2463417.0;https://dadosabertos.camara.leg.br/api/v2/proposicoes/2463417;INC;133.0;1339.0;2024;Sugere a implementação de Núcleo de Atenção à Criança e Adolescente com Transtorno do Espectro Autista (TEA) no Município de Faro, no Estado do Pará.;
2428123.0;https://dadosabertos.camara.leg.br/api/v2/proposicoes/2428123;PL;139.0;1330.0;2024;Altera a Lei nº 13.105, de 16 de março de 2015 (Código de Processo Civil), para dispor sobre a contagem de prazos quando a citação ou a intimação for eletrônica.;
2461486.0;https://dadosabertos.camara.leg.br/api/v2/proposicoes/2461486;REQ;1037.0;88.0;2024;Solicita informação ao Ministério de Minas e Energia quanto ao estudo  intitulado  Análise de Impacto da Emenda ao PL 528/2020, que modifica a Lei 14.300, de 2022.;
2371603.0;https://dadosabertos.camara.leg.br/api/v2/proposicoes/2371603;REQ;305.0;2113.0;2023;Requer a desapensação do Projeto de Lei nº 3.974 de 2021, que tramita conjuntamente com o Projeto de Lei nº 11.270 de 2018.;
2440564.0;https://dadosabertos.camara.leg.br/api/v2/proposicoes/2440564;REQ;392.0;2200.0;2024;Requer regime de urgência para apreciação do Projeto de Lei nº 4984/2023, “Altera a Lei nº 5.700, de 1º de setembro de 1971, que “Dispõe sobre a forma e a apresentação dos Símbolos Nacionais, e dá outras providências”.;
2474105.0;https://dadosabertos.camara.leg.br/api/v2/proposicoes/2474105;PDL;553.0;426.0;2024;Aprova o ato que renova a concessão outorgada à Rádio Difusora de São João Nepomuceno Ltda. para explorar serviço de radiodifusão sonora em onda média, posteriormente adaptado para o serviço de radiodifusão sonora em frequência modulada, no município de São João Nepomuceno, estado de Minas Gerais.;
2375831.0;https://dadosabertos.camara.leg.br/api/v2/proposicoes/2375831;REQ;1029.0;116.0;2023;Requer que seja solicitado o compartilhamento de informações, junto ao Exmo. Juízo da 4ª Vara Empresarial da Comarca da Capital do Tribunal de Justiça do Rio de Janeiro, no intuito de que sejam fornecidas a esta CPI, certidão de objeto e pé relativa aos autos nº 0803087-20.2023.8.19.0001 e cópia dos despachos e decisões judiciais proferidos no curso do referido processo.;
2372995.0;https://dadosabertos.camara.leg.br/api/v2/proposicoes/2372995;INC;133.0;1019.0;2023;Solicita a implantação do Programa Brasil Sorridente no município de São Luiz-RR.;
2442745.0;https://dadosabertos.camara.leg.br/api/v2/proposicoes/2442745;REQ;294.0;47.0;2024;Requer a realização de Audiência Pública para integrar esforços entre os diferentes entes federados — União, estado do Amazonas e municípios do referido Estado — e órgãos envolvidos no combate ao desmatamento, às queimadas, à fumaça tóxica e à estiagem dos rios no Amazonas em 2024, assim como nas respostas às emergências climáticas.;
2425861.0;https://dadosabertos.camara.leg.br/api/v2/proposicoes/2425861;REQ;147.0;1114.0;2024;Requer Moção de Louvor e Regozijo ao Médico Veterinário José Eduardo Mayhe Ferreira, embaixador do CRMV-RJ, pelos excelentes serviços prestados à Sociedade Carioca e Fluminense.;
2420646.0;https://dadosabertos.camara.leg.br/api/v2/proposicoes/2420646;PL;139.0;726.0;2024;Altera a Lei nº 9.424, de 24 de dezembro de 1996, para permitir o uso de recursos do Salário-Educação para alimentação escolar;
2360367.0;https://dadosabertos.camara.leg.br/api/v2/proposicoes/2360367;PL;139.0;2374.0;2023;Altera a Lei n.º 11.947, de 16 de junho de 2009 e a Lei n.º 14.113, de 25 de dezembro de 2020 de modo a assegurar que haja a inclusão das escolas comunitárias e o repasse direto dos recursos do Programa Nacional de Alimentação Escolar – PNAE e do Programa Dinheiro Direto na Escola – PDDE, e dá outras providências.;
2403025.0;https://dadosabertos.camara.leg.br/api/v2/proposicoes/2403025;PL;139.0;5431.0;2023;Dispõe sobre isenção de imposto de renda de proventos de aposentadoria ou reforma recebidos por pessoas físicas portadores de diabetes mellitus.;
2393688.0;https://dadosabertos.camara.leg.br/api/v2/proposicoes/2393688;OF;181.0;589.0;2023;Comunica quebra do sigilo fiscal da emrpesa Bifinity;
;;;;;2025;;
;;;;;2025;;
2476765.0;https://dadosabertos.camara.leg.br/api/v2/proposicoes/2476765;RIC;148.0;4572.0;2024;Solicita informações ao Excelentíssimo Senhor Embaixador Mauro Vieira, Ministro de Estado das Relações Exteriores, sobre as medidas adotadas em relação ao caso de uma cidadã brasileira vítima de assalto e tentativa de estupro na França.;
2471150.0;https://dadosabertos.camara.leg.br/api/v2/proposicoes/2471150;PL;139.0;4491.0;2024;Dispõe sobre a proteção dos direitos das crianças em instituições de educação infantil, o direito dos pais ao acompanhamento e fiscalização, e estabelece penalidades para descumprimentos.;
;;;;;2025;;
;;;;;2025;;
2411865.0;https://dadosabertos.camara.leg.br/api/v2/proposicoes/2411865;RIC;148.0;2995.0;2023;Requer ao Ministro dos Transportes, Sr. Renan Filho, informações sobre a implementação da política de abertura do mercado rodoviário, notadamente do Novo Marco Regulatório do Transporte Rodoviário Interestadual de Passageiros, em atenção à Lei 14.298/2022.;
;;;;;2025;;
2348660.0;https://dadosabertos.camara.leg.br/api/v2/proposicoes/2348660;RIC;148.0;55.0;2023;Solicita informações ao Ministro das Comunicações, acerca dos programas WiFi Brasil e Amazônia Conectada para o Município de Anori, no Estado do Amazonas.;
2473602.0;https://dadosabertos.camara.leg.br/api/v2/proposicoes/2473602;SLD;612.0;1.0;2024;"objetiva incluir no anexo de Metas e Prioridades do PLDO 2025 "" Apoio à Formulação e Gestão da Política Nacional de Cuidados"" - nacional. Programa: 5501 - Ação: 21FQ - Meta: 10000";
2403417.0;https://dadosabertos.camara.leg.br/api/v2/proposicoes/2403417;SLD;612.0;24.0;2023;"Objetiva incluir no anexo de prioridades do PLDO 2024 "" Igualdade de direitos e autonomia econômica das mulheres"" Programa: 5663. Ação: 21GG. Meta: 100.";
;;;;;2025;;
2357473.0;https://dadosabertos.camara.leg.br/api/v2/proposicoes/2357473;RIC;148.0;936.0;2023;Requer do Ministro de Estado da Agricultura e Pecuária, Senhor Carlos Fávaro, informações a respeito da dificuldade na emissão do Cadastro da Agricultura Familiar (CAF).;
2351994.0;https://dadosabertos.camara.leg.br/api/v2/proposicoes/2351994;REQ;294.0;19.0;2023;Requer a realização de audiência pública a fim de debater a jornada da pessoa com doença renal no SUS e as formas de diagnóstico precoce da condição.;
2433307.0;https://dadosabertos.camara.leg.br/api/v2/proposicoes/2433307;DOC;1028.0;440.0;2024;Comunica restituição do autógrafo do Decreto Legislativo n.º 48/2024, promulgado (Of 385_2024_SF).;
;;;;;2025;;
2442825.0;https://dadosabertos.camara.leg.br/api/v2/proposicoes/2442825;PL;139.0;2527.0;2024;Institui o Programa Nacional de Pontos de Vida Ativa para a Pessoa Idosa, com o objetivo de ampliar o acesso da população idosa a ações de promoção dos direitos ao esporte recreativo, ao lazer e a direitos sociais análogos.;
2430878.0;https://dadosabertos.camara.leg.br/api/v2/proposicoes/2430878;REQ;686.0;36.0;2024;Requer realização de Seminário para debater o contexto político e legislativo dos Trabalhadores por Plataforma (Aplicativos), na Câmara Municipal de Salvador.;
2390170.0;https://dadosabertos.camara.leg.br/api/v2/proposicoes/2390170;OF;181.0;432.0;2023;Convoca o Sr. Gleidson Costa para depoimento;
;;;;;2025;;
2439496.0;https://dadosabertos.camara.leg.br/api/v2/proposicoes/2439496;REQ;523.0;157.0;2024;Requer o convite ao Ministro da Agropecuária, Pecuária e Abastecimento, Carlos Fávaro, para comparecer nesta Comissão e prestar esclarecimentos sobre as medidas adotadas pelo Governo Federal em prol dos produtores rurais do Rio Grande do Sul, cujas perdas em decorrência dos eventos climáticos recentes são significativas.;
2347103.0;https://dadosabertos.camara.leg.br/api/v2/proposicoes/2347103;PLP;140.0;16.0;2023;Dispõe sobre a composição e a forma de funcionamento do Conselho de Gestão Fiscal, nos termos do art. 67, § 2º da Lei Complementar nº 101, de 4 de maio de 2000.;
;;;;;2025;;
2445678.0;https://dadosabertos.camara.leg.br/api/v2/proposicoes/2445678;TVR;1058.0;57.0;2024;Submete à apreciação do Congresso Nacional o ato constante da Portaria nº 8.251, de 18 de janeiro de 2023, que renova a concessão outorgada à Rádio Independência de Goiânia Ltda. para explorar, pelo prazo de dez anos, sem direito de exclusividade, serviço de radiodifusão sonora em onda média, posteriormente adaptado para o serviço de radiodifusão sonora em frequência modulada no Município de Goiânia, Estado de Goiás.;
2368119.0;https://dadosabertos.camara.leg.br/api/v2/proposicoes/2368119;EMC;130.0;253.0;2023;Dá nova redação à MPV 1165/2023;
2355157.0;https://dadosabertos.camara.leg.br/api/v2/proposicoes/2355157;PL;139.0;1689.0;2023;Altera a Lei nº 7.210, de 11 de julho de 1984, que institui a Lei de Execução Penal para tipificar a inaplicabilidade da progressão de regime e da saída temporária ao condenado por crime praticado contra crianças e adolescentes, , e dá outras providências.;
2381033.0;https://dadosabertos.camara.leg.br/api/v2/proposicoes/2381033;RIC;148.0;2160.0;2023;Solicita informações ao Ministro das Comunicações referente ao prazo para instalação e funcionamento do sinal 5G no município de Rondon do Pará, no Estado do Pará.;
2356708.0;https://dadosabertos.camara.leg.br/api/v2/proposicoes/2356708;REQ;294.0;143.0;2023;Requer que seja enviado convite ao presidente da Agência de Promoção de Exportações do Brasil (Apex), Jorge Viana, para prestar informações sobre mudanças no Estatuto do órgão e sobre a nomeação de assessores sem formação adequada para a agência;
2444424.0;https://dadosabertos.camara.leg.br/api/v2/proposicoes/2444424;INC;133.0;1030.0;2024;Sugere a Excelentíssima Ministra da Saúde, Senhora Nísia Trindade, adoção imediata de um plano de contingência contra a severa estiagem prevista para este ano no Estado do Amazonas por meio da distribuição antecipada de medicamentos e insumos hospitalares.;
2360286.0;https://dadosabertos.camara.leg.br/api/v2/proposicoes/2360286;RIC;148.0;1120.0;2023;Requer ao Ministro da Integração e do Desenvolvimento Regional, Sr. Antônio Waldez Góes da Silva, informações acerca do convênio nº 893832, com o Município de Eirunepé/AM, para  pavimentação, no valor de R$ 19.150.215,00 (dezenove milhões e cento e cinquenta mil e duzentos e quinze reais), que encontra-se em status de paralisado/inacabado pelo Painel Informativo de Acompanhamento de Obras Paralisadas do Tribunal de Contas da União.;
2351708.0;https://dadosabertos.camara.leg.br/api/v2/proposicoes/2351708;REQ;609.0;727.0;2023;Requer o registro da Frente Parlamentar em Apoio ao Produtor de Leite;
2365754.0;https://dadosabertos.camara.leg.br/api/v2/proposicoes/2365754;REQ;294.0;112.0;2023;Requer seja submetido à deliberação do Plenário desta Comissão Parlamentar de Inquérito o pedido ora formulado de convidado do representante legal do Grupo Aracruz/Fibria S/A .;
2421358.0;https://dadosabertos.camara.leg.br/api/v2/proposicoes/2421358;DOC;1024.0;310.0;2024;;
2403968.0;https://dadosabertos.camara.leg.br/api/v2/proposicoes/2403968;EMO;287.0;4.0;2023;"Acréscimo de despesa para Implementação de Políticas de Atenção Primária à Saúde - UO:36901; FUNÇÃO: 10; SUBFUNÇÃO: 301; PROGRAMA: 5119; AÇÃO: 21CE;  VALOR: 80.000.000";
2394118.0;https://dadosabertos.camara.leg.br/api/v2/proposicoes/2394118;REQ;308.0;3428.0;2023;Requer novo despacho ao Projeto de Lei nº 7.926/2014, que “Altera dispositivos da Lei nº 11.950, de 17 de junho de 2009, e dispõe sobre o Quadro de Pessoal e o Plano de Carreira do Tribunal de Contas da União e dá outras providências”, para incluir análise de mérito na Comissão de Finanças e Tributação.;
2352049.0;https://dadosabertos.camara.leg.br/api/v2/proposicoes/2352049;REQ;609.0;773.0;2023;Solicita o registro da Frente Parlamentar Mista de Apoio ao Programa Antártico Brasileiro.;
2367859.0;https://dadosabertos.camara.leg.br/api/v2/proposicoes/2367859;MSC;134.0;97.0;2023;Submete à apreciação do Congresso Nacional o texto da Medida Provisória nº 1165/2023, que “Institui a Estratégia Nacional de Formação de Especialistas para a Saúde, no âmbito do Programa Mais Médicos, e altera a Lei nº 12.871, de 22 de outubro de 2013”,;
2389732.0;https://dadosabertos.camara.leg.br/api/v2/proposicoes/2389732;DOC;1028.0;1062.0;2023;Comunica restituição de autógrafo do PL 473/2020, sancionado (Of 879/2023-SF).;
2374689.0;https://dadosabertos.camara.leg.br/api/v2/proposicoes/2374689;REQ;1018.0;335.0;2023;Requer que seja submetido à deliberação do Plenário desta Comissão Parlamentar de Inquérito o pedido ora formulado de CONVOCAÇÃO com a finalidade de ouvir na qualidade de testemunhas,  ex-militantes e ex-membros do MST em projetos de assentamentos e acampamentos localizados no Município de Prado, no Estado da Bahia/BA.;
2401121.0;https://dadosabertos.camara.leg.br/api/v2/proposicoes/2401121;REQ;305.0;3793.0;2023;Requer a desapensação do PL 4950/2023, que “Institui o Dia Nacional de Conscientização sobre a Menopausa” do Projeto de Lei nº 5.602/2019, para que possa ter tramitação regimental em separado.;
2417265.0;https://dadosabertos.camara.leg.br/api/v2/proposicoes/2417265;RIC;148.0;62.0;2024;Requer informações à Senhora Ministra de Estado da Cultura acerca dos Projeto relativos aos programas Cultura Viva, Cultura do Trabalhador, Mais Cultura e Cultura Digital no Estado do Paraná aprovados para captação via Política Nacional de Cultura, no ano de 2023.;
2400565.0;https://dadosabertos.camara.leg.br/api/v2/proposicoes/2400565;DOC;1033.0;1230.0;2023;Comunica término de prazo para edição de decreto legislativo - MPV 1173/2023 (Of 281/2023-CN).;
2459217.0;https://dadosabertos.camara.leg.br/api/v2/proposicoes/2459217;REQ;354.0;3988.0;2024;Requer aprovação de Voto de Regozijo e Louvor ao Sr. SD. MATEUS SILVA DEFANTI, pertencente ao efetivo do Corpo de Bombeiros Militar do Estado do Espírito Santo, em reconhecimento aos valorosos serviços prestados aos municípios da região sul capixaba, diante das fortes chuvas que atingiram a região no final do mês de março do presente ano.;
2369458.0;https://dadosabertos.camara.leg.br/api/v2/proposicoes/2369458;PROC;720.0;314.0;2023;Instalação do Grupo Parlamentar de Amizade Brasil - Irlanda.;
2348980.0;https://dadosabertos.camara.leg.br/api/v2/proposicoes/2348980;REQ;293.0;203.0;2023;Requeremos, nos termos regimentais, a realização de Sessão Solene no Plenário da Câmara dos Deputados em Homenagem ao Dia Nacional de Combate à Discriminação Racial a ser celebrado no dia 03 de julho.;
2407973.0;https://dadosabertos.camara.leg.br/api/v2/proposicoes/2407973;RIC;148.0;2912.0;2023;Requer informações detalhadas ao Ministro do Desenvolvimento Agrário e Agricultura Familiar, Sr. Paulo Teixeira, acerca de sua fala em entrevista ao jornal “O Globo” em que classifica invasões de terra do Movimento dos Trabalhadores Rurais Sem Terra – MST como instrumentos legítimos de pressão.;
2449430.0;https://dadosabertos.camara.leg.br/api/v2/proposicoes/2449430;RIC;148.0;2391.0;2024;Solicita informações à Ministra da Saúde, que providências o Ministério tem tomado acerca da estiagem no Estado do Amazonas, no Município de Urucurituba, no Estado do Amazonas.;
2421488.0;https://dadosabertos.camara.leg.br/api/v2/proposicoes/2421488;REQ;448.0;2.0;2024;Requer a criação de Subcomissão Especial destinado a discutir sobre a prestação de serviços das operadoras de telefonia.;
2480975.0;https://dadosabertos.camara.leg.br/api/v2/proposicoes/2480975;PL;139.0;4955.0;2024;Reconhece o Ticumbi como manifestação cultural e patrimônio imaterial do Brasil.;
2397561.0;https://dadosabertos.camara.leg.br/api/v2/proposicoes/2397561;REQ;392.0;3595.0;2023;Requeremos, nos termos do art. 155 do Regimento Interno da Câmara dos Deputados, regime de urgência na apreciação do Projeto de Resolução nº 10, de 2023, que “Institui o Prêmio Glória Maria de Jornalismo”.;
2427405.0;https://dadosabertos.camara.leg.br/api/v2/proposicoes/2427405;PRC;444.0;13.0;2024;Altera o Regimento Interno da Câmara dos Deputados para fazer inserir o Artigo 240 A, para criar a obrigatoriedade de exame toxicológico a ser realizado anualmente por deputados e deputadas e dá outras providências.;
2356920.0;https://dadosabertos.camara.leg.br/api/v2/proposicoes/2356920;REQ;319.0;1226.0;2023;Requer a retirada do Proposta de Fiscalização e Controle 013/2023.;
2391810.0;https://dadosabertos.camara.leg.br/api/v2/proposicoes/2391810;OF;181.0;469.0;2023;Requer a quebra de sigilo fiscal do Wellington.;
2396628.0;https://dadosabertos.camara.leg.br/api/v2/proposicoes/2396628;PL;139.0;5033.0;2023;Tipifica o Trote Estudantil vexatório como crime de constrangimento ilegal.;
2475017.0;https://dadosabertos.camara.leg.br/api/v2/proposicoes/2475017;SOR;611.0;7.0;2024;Apoio ao Sistema Penitenciário Nacional.;
2479784.0;https://dadosabertos.camara.leg.br/api/v2/proposicoes/2479784;ATA;810.0;227.0;2024;Termo Solene nº 227 de 2024.;
2437304.0;https://dadosabertos.camara.leg.br/api/v2/proposicoes/2437304;PDL;557.0;300.0;2024;Susta o Decreto 11.956 de 21 de março de 2024, que institui o Plano Juventude Negra Viva e o seu Comitê Gestor.;
2371733.0;https://dadosabertos.camara.leg.br/api/v2/proposicoes/2371733;PL;139.0;3290.0;2023;Acrescenta § 4º ao art. 58 da Consolidação das Leis do Trabalho (CLT), aprovada pelo Decreto-Lei nº 5.452, de 1º de maio de 1943, para dispor sobre a redução da jornada de trabalho da pessoa com deficiência.;
2386910.0;https://dadosabertos.camara.leg.br/api/v2/proposicoes/2386910;OF;181.0;322.0;2023;Solicita informações ao CVM.;
2366122.0;https://dadosabertos.camara.leg.br/api/v2/proposicoes/2366122;REQ;313.0;1790.0;2023;Requer a inclusão de coautoria do Projeto de Lei nº 348, de 2017, que acrescenta dispositivo ao Código Tributário Nacional, Lei nº 5.172, de 25 de outubro de 1966, que isenta de IPTU imóveis atingidos por enchente, alagamento, transbordamento ou qualquer evento natural urbano do gênero.;
2466167.0;https://dadosabertos.camara.leg.br/api/v2/proposicoes/2466167;PL;139.0;4192.0;2024;Dispõe sobre a utilização da palavra mel e representações gráficas associadas ao mel, nas embalagens, rótulos e publicidade de alimentos, e dá outras providências.;
2395725.0;https://dadosabertos.camara.leg.br/api/v2/proposicoes/2395725;PL;139.0;4965.0;2023;Altera o Decreto-Lei nº 2.848, de 7 de dezembro de 1940, que dispõe sobre a aplicação da pena, para extinguir a circunstância atenuante de quando o agente for menor de 21 (vinte e um) anos na data do crime.;
2462817.0;https://dadosabertos.camara.leg.br/api/v2/proposicoes/2462817;RIC;148.0;3739.0;2024;Solicita informações ao Ministério das Comunicações sobre o Programa Wi-Fi Brasil para o Estado do Mato Grosso.;
2402166.0;https://dadosabertos.camara.leg.br/api/v2/proposicoes/2402166;SLD;612.0;8.0;2023;"Requer Apoio ao sistema de transporte público coletivo nas grandes metrópoles do país. Programa: 2319; Ação: 00T3; Meta: 80.";
2471910.0;https://dadosabertos.camara.leg.br/api/v2/proposicoes/2471910;PL;139.0;4523.0;2024;Altera a Lei nº 14.790, de 29 de dezembro de 2023, para vedar a publicidade ou propaganda de apostas de quota fixa em jogos e aplicativos adequados ao uso por crianças e adolescentes.;
2384266.0;https://dadosabertos.camara.leg.br/api/v2/proposicoes/2384266;INC;133.0;1208.0;2023;Sugere a avaliação dos níveis de ácido fólico em mulheres em idade fértil e gestantes e do acesso à suplementação.;
2399291.0;https://dadosabertos.camara.leg.br/api/v2/proposicoes/2399291;REQ;686.0;271.0;2023;Requer a realização de visitas técnicas de membros desta Comissão de Saúde às unidades que compõem o Sistema Único de Saúde em todos os seus níveis de complexidade em municípios localizados no Estado do Rio de Janeiro.;
2419253.0;https://dadosabertos.camara.leg.br/api/v2/proposicoes/2419253;INC;133.0;134.0;2024;Sugiro a criação, construção e aparelhamento de um Centro de Monitoramento e Alertas de Desastres Naturais, inclusive com sistemas de antecipação e alertas para eventos de origem hidrometereológica, no município de Cardoso Moreira - Noroeste do Estado do Rio de Janeiro.;
2403315.0;https://dadosabertos.camara.leg.br/api/v2/proposicoes/2403315;DOC;1003.0;1323.0;2023;Ofício nº 570/2023/PS-GSE que encaminha a Mensagem n. 37/2023 de envio à sanção presidencial do PL 4287/2023.;
2451186.0;https://dadosabertos.camara.leg.br/api/v2/proposicoes/2451186;DOC;1028.0;963.0;2024;Comunica restituição de autógrafo do PL 1733/2015, sancionado (Of 772/2024-SF).;
2428667.0;https://dadosabertos.camara.leg.br/api/v2/proposicoes/2428667;RIC;148.0;1115.0;2024;Requer informações ao Exmo. Sr. Ministro de Estado da Fazenda junto ao Banco do Brasil S.A., sobre os projetos patrocinados por essa instituição financeira brasileira.;
2426135.0;https://dadosabertos.camara.leg.br/api/v2/proposicoes/2426135;PL;139.0;1225.0;2024;Dá nova redação aos arts. 21, §2º, II da Lei nº 8.212, de 24 de julho de 1991, incluindo o item “c”, para dispor sobre o Sistema Especial de Inclusão Previdenciária para assegurar as mães atípica a condição de segurada facultativa.;
2423046.0;https://dadosabertos.camara.leg.br/api/v2/proposicoes/2423046;PDL;553.0;93.0;2024;Aprova o ato que renova a permissão outorgada à Rádio Aquarela Cearense LTDA. para executar serviço de radiodifusão sonora em frequência modulada, no Município de Miraíma, Estado do Ceará.;
2379563.0;https://dadosabertos.camara.leg.br/api/v2/proposicoes/2379563;EMC;130.0;40.0;2023;Dá nova redação à MPV 1170/2023;
2451290.0;https://dadosabertos.camara.leg.br/api/v2/proposicoes/2451290;REQ;294.0;79.0;2024;Requer a realização de audiência pública para discutir a greve dos servidores e servidoras do Instituto Nacional do Seguro Social – INSS.;
2442694.0;https://dadosabertos.camara.leg.br/api/v2/proposicoes/2442694;DOC;1003.0;671.0;2024;Of. nº 189/2024/PS-GSE, que encaminha ao Senado Federal o processado do PL 10284/2018, em revisão.;
2416244.0;https://dadosabertos.camara.leg.br/api/v2/proposicoes/2416244;DOC;1003.0;1635.0;2023;Of. nº 726/2023/PS-GSE que encaminha ao Senado Federal o processado do PL 11144/2018, em revisão.;
2349135.0;https://dadosabertos.camara.leg.br/api/v2/proposicoes/2349135;REQ;293.0;233.0;2023;Requer a realização de Sessão Solene em Homenagem aos 214 anos da Polícia Militar do Distrito Federal (PMDF).;
2455847.0;https://dadosabertos.camara.leg.br/api/v2/proposicoes/2455847;ATA;810.0;12.0;2024;Ata da 12ª Reunião, realizada em 12 de junho de 2024.;
2477656.0;https://dadosabertos.camara.leg.br/api/v2/proposicoes/2477656;INC;133.0;2048.0;2024;Sugere ao Ministério da Saúde a ampliação de políticas públicas destinadas à prevenção, diagnóstico e tratamento de HIV/Aids, com foco especial no município de Nova Olinda do Norte, no estado do Amazonas, em virtude do aumento dos casos registrados no estado.;
;;;;;2025;;
2416767.0;https://dadosabertos.camara.leg.br/api/v2/proposicoes/2416767;DOC;1028.0;1705.0;2023;Encaminha cópia do autógrafo do Decreto Legislativo nº 143, de 2023, promulgado - PDC 690/2017 (Of 1383/2023-SF).;
2477322.0;https://dadosabertos.camara.leg.br/api/v2/proposicoes/2477322;DOC;1028.0;1585.0;2024;Comunica remessa à sanção do PL 3149/2020 (Of 1348/2024-SF).;
2406979.0;https://dadosabertos.camara.leg.br/api/v2/proposicoes/2406979;PL;139.0;5737.0;2023;Altera a Lei nº 9.250, de 1995, para permitir a dedução no valor do imposto apurado na Declaração de Ajuste Anual do Imposto de Renda das Pessoas Físicas (IRPF) da contribuição paga à Previdência Social pelo empregador doméstico com empregado doméstico a seu serviço.;
2385296.0;https://dadosabertos.camara.leg.br/api/v2/proposicoes/2385296;REQ;305.0;2886.0;2023;Requer a desapensação do Projeto de Lei n° 1774/2023 do Projeto de Lei n° 10733/2018, apensado ao Projeto de Lei n° 3643/2019.;
2419349.0;https://dadosabertos.camara.leg.br/api/v2/proposicoes/2419349;RIC;148.0;384.0;2024;Solicita informações ao Ministério da Educação sobre repasse de verbas para o município de Mesquita – RJ.;
2450406.0;https://dadosabertos.camara.leg.br/api/v2/proposicoes/2450406;RIC;148.0;2900.0;2024;Solicita ao Ministro das Relações Exteriores, Sr. Embaixador Mauro, Vieira, informações acerca da emissão de credencial de Chefe de Estado para a Primeira-Dama, Sra. Rosângela da Silva, para as Olimpíadas de Paris.;
2388272.0;https://dadosabertos.camara.leg.br/api/v2/proposicoes/2388272;PL;139.0;4519.0;2023;Acrescentar ao Decreto-Lei nº 5.452, de 1º de maio de 1943, disposições para coibir discriminações regionais nas contratações em regime de teletrabalho ou trabalho remoto.;
2430054.0;https://dadosabertos.camara.leg.br/api/v2/proposicoes/2430054;PLP;140.0;67.0;2024;Estabelece diretrizes para a gestão transparente dos recursos alocados no Orçamento Primeira Infância e no Orçamento Criança e Adolescente, incluídos aqueles provenientes dos Fundos nacional, estatual, distritais e municipais dos Direitos da Criança e do Adolescente, com fundamento no art. 163-A da Constituição Federal, e dá outras providências.;
;;;;;2025;;
2390271.0;https://dadosabertos.camara.leg.br/api/v2/proposicoes/2390271;REQ;392.0;3283.0;2023;Requer regime de urgência para apreciação do Projeto de Lei nº 664 de 2023, do Deputado Duarte Jr. “Dispõe sobre a presença de intérprete de Língua Brasileira de Sinais (LIBRAS) nas exibições de eventos públicos e privados artísticos, culturais ou sociais”.;
2371538.0;https://dadosabertos.camara.leg.br/api/v2/proposicoes/2371538;PL;139.0;3266.0;2023;Dispõe isenção de Imposto sobre Produtos Industrializados – IPI nas aquisições de automóveis por motoristas que exerçam exclusivamente a atividade de prestação de serviços de transporte remunerado privado individual de passageiros;
2351165.0;https://dadosabertos.camara.leg.br/api/v2/proposicoes/2351165;PLP;140.0;47.0;2023;"Acrescenta o art. 18-G à Lei Complementar nº 123, de 14 de dezembro de 2006, que institui o Estatuto Nacional da Microempresa e da Empresa de Pequeno Porte; altera dispositivos das Leis no 8.212 e 8.213, ambas de 24 de julho de 1991, da Consolidação das Leis do Trabalho - CLT, aprovada pelo Decreto-Lei no 5.452, de 1º de maio de 1943, da Lei no 10.189, de 14 de fevereiro de 2001, da Lei Complementar no 63, de 11 de janeiro de 1990; e revoga as Leis no 9.317, de 5 de dezembro de 1996, e 9.841, de 5 de outubro de 1999.";
2440578.0;https://dadosabertos.camara.leg.br/api/v2/proposicoes/2440578;REQ;307.0;34.0;2024;Aditamento do Requerimento nº 17/2024 (CPD) que requer a realização de Audiência Pública para debater os casos reiterados de cancelamentos unilaterais de planos de saúde de pessoas com deficiência e doenças graves pelas operadoras de planos privados de assistência à saúde;
2385616.0;https://dadosabertos.camara.leg.br/api/v2/proposicoes/2385616;OF;181.0;197.0;2023;Convoca para depoimento Tânia - Hotmilhas;
2450886.0;https://dadosabertos.camara.leg.br/api/v2/proposicoes/2450886;REQ;354.0;2809.0;2024;Requer Moção de Louvor e Regozijo ao Inspetor de Polícia Felipe Andrade Santana Santos pelos excelentes serviços prestados ao Estado do Rio de Janeiro.;
2349393.0;https://dadosabertos.camara.leg.br/api/v2/proposicoes/2349393;REQ;521.0;286.0;2023;Requer a criação de Comissão Especial para analisar o PL nº 5.131/2019, que “Dispõe sobre o estabelecimento de guia para o transporte de ouro e modifica as penas no crime de transporte de ouro ilegal”.;
2359880.0;https://dadosabertos.camara.leg.br/api/v2/proposicoes/2359880;REQ;392.0;1395.0;2023;Requerimento de Urgência Art. 155 - PL 2120/2022;
2350381.0;https://dadosabertos.camara.leg.br/api/v2/proposicoes/2350381;PL;139.0;942.0;2023;Estabelece a isenção de taxa de renovação e demais exames necessários à renovação da Carteira Nacional de Habilitação aos profissionais condutores de veículos de urgência públicos.;
2426717.0;https://dadosabertos.camara.leg.br/api/v2/proposicoes/2426717;PL;139.0;1241.0;2024;Dispõe sobre a criação de Redes de Apoio Familiar para famílias de pessoas com Transtorno do Espectro Autista (TEA) e dá outras providências.;
2375487.0;https://dadosabertos.camara.leg.br/api/v2/proposicoes/2375487;REQ;294.0;36.0;2023;Requer que se convide o Departamento Intersindical de Estatística e Estudos Socioeconômicos  (DIEESE) para apresentar o trabalho técnico relacionado à inclusão da pessoa com deficiência no mercado de trabalho, divulgado no último mês de julho.;
2394369.0;https://dadosabertos.camara.leg.br/api/v2/proposicoes/2394369;REQ;1017.0;378.0;2023;Requisita-se ao Excelentíssimo Senhor Ministro do Desenvolvimento Social, Família e Combate à Fome,Sr. José Wellington Barroso de Araújo Dias, o fornecimento de esclarecimentos referentes ao término do programa social Bolsa Família, que resultou na exclusão de um contingente de 2.870.743 indivíduos no período compreendido entre janeiro e outubro de 2023.;
2456299.0;https://dadosabertos.camara.leg.br/api/v2/proposicoes/2456299;REQ;625.0;54.0;2024;Institui o Programa Emergencial de Proteção ao Emprego - PEPE.;
2403664.0;https://dadosabertos.camara.leg.br/api/v2/proposicoes/2403664;DOC;1003.0;1344.0;2023;Of. nº 519/2023/PS-GSE que encaminha ao Senado Federal o processado do PDL 1032/2021 em revisão.;
2429686.0;https://dadosabertos.camara.leg.br/api/v2/proposicoes/2429686;DOC;1035.0;264.0;2024;Inclusão de novo membro na Frente Parlamentar Mista Brasil-Portugal;
2459260.0;https://dadosabertos.camara.leg.br/api/v2/proposicoes/2459260;RIC;148.0;3499.0;2024;Requer da Excelentíssima Ministra da Saúde, Senhora Nísia Trindade, informações acerca de agressões sofridas por gestores dos serviços de saúde, dentro das unidades de atendimento.;
;;;;;2025;;
2403173.0;https://dadosabertos.camara.leg.br/api/v2/proposicoes/2403173;DOC;1036.0;1320.0;2023;Requer o Desligamento da Frente Parlamentar Mista da Economia e Cidadania Digitais (Frente Digital).;
2352559.0;https://dadosabertos.camara.leg.br/api/v2/proposicoes/2352559;REQ;609.0;865.0;2023;Requer, nos termos regimentais, o registro da Frente Parlamentar em Defesa do Fomento ao Empreendedorismo da Juventude.;
2354732.0;https://dadosabertos.camara.leg.br/api/v2/proposicoes/2354732;RIC;148.0;650.0;2023;Requer informações à Excelentíssima Ministra de Estado da Saúde, Senhora Nísia Trindade, sobre o cenário financeiro e as estratégias de repasse para as clínicas de hemodiálise no país.;
;;;;;2025;;
2458451.0;https://dadosabertos.camara.leg.br/api/v2/proposicoes/2458451;DOC;1003.0;1164.0;2024;Of. nº 438/2024/PS-GSE, que encaminha ao Senado Federal o processado do PDL 156-2024, em revisão.;
2377685.0;https://dadosabertos.camara.leg.br/api/v2/proposicoes/2377685;INC;133.0;1148.0;2023;Requer o envio de Indicação ao Governo Federal, por meio da Ministra da Saúde, Nísia Trindade, do Ministro da Educação, Camilo Santana, e do Ministro do Desenvolvimento e Assistência Social, Wellington Dias, sugerindo a implementação de um sistema integrado, uniformizado e atualizado de consulta às entidades privadas sem fins lucrativos com Certificação de Entidades Beneficentes de Assistência Social (CEBAS), visando democratizar e fortalecer a transparência nas destinações das emendas parlamentares.;
2379706.0;https://dadosabertos.camara.leg.br/api/v2/proposicoes/2379706;EMC;130.0;1.0;2023;Dá nova redação à MPV 1173/2023;
2450011.0;https://dadosabertos.camara.leg.br/api/v2/proposicoes/2450011;RIC;148.0;2725.0;2024;Solicita informações ao Ministério de Portos e Aeroportos acerca das garantias de continuidade das operações logísticas em Juruá, no Estado do Amazonas, considerando a grande estiagem prevista para 2024 e redução dos níveis dos rios.;
2434514.0;https://dadosabertos.camara.leg.br/api/v2/proposicoes/2434514;PL;139.0;1906.0;2024;Altera a Lei nº 9.250, de 26 de dezembro de 1995, para permitir a dedução, do Imposto sobre a Renda da Pessoa Física devido, das doações ao Fundo Nacional para Calamidades Públicas, Proteção e Defesa Civil (Funcap) para auxílio a pessoas físicas que sofreram os efeitos de calamidades públicas decorrentes de desastres naturais reconhecido por decreto legislativo de que trata o inciso XVIII do art. 49 da Constituição Federal.;
2366033.0;https://dadosabertos.camara.leg.br/api/v2/proposicoes/2366033;REQ;294.0;110.0;2023;Requeiro a realização, pela Comissão de Direitos Humanos, Minorias e Igualdade Racial (CDHMIR), de Audiência Pública sobre a proteção dos direitos dos usuários de aplicativos de relacionamento.;
2404487.0;https://dadosabertos.camara.leg.br/api/v2/proposicoes/2404487;DOC;1024.0;3.0;2023;;
2366677.0;https://dadosabertos.camara.leg.br/api/v2/proposicoes/2366677;REQ;1029.0;188.0;2023;Solicita que sejam requisitadas ao Senhor Diretor-Presidente do Instituto de Terras e Reforma Agrária de Alagoas – ITERAL, Sr. Jaime Messias da Silva, informações acerca das Feiras Agrárias dos Movimentos Sociais do Campo.;
2463534.0;https://dadosabertos.camara.leg.br/api/v2/proposicoes/2463534;INC;133.0;1366.0;2024;Sugere a implementação de Núcleo de Atenção à Criança e Adolescente com Transtorno do Espectro Autista (TEA) no Município de Mocajuba, no Estado do Pará.;
2456237.0;https://dadosabertos.camara.leg.br/api/v2/proposicoes/2456237;PL;139.0;3397.0;2024;Institui a campanha nacional de combate à violência política de gênero e raça contra a mulher, denominada Setembro Neon.;
2373410.0;https://dadosabertos.camara.leg.br/api/v2/proposicoes/2373410;RIC;148.0;1876.0;2023;Requer o envio de Requerimento de Informação ao Ministério da Saúde, no sentido de esclarecer quanto ao acúmulo de cirurgias eletivas não realizadas no Sistema Único de Saúde (SUS) no Estado do Rio de Janeiro.;
2395618.0;https://dadosabertos.camara.leg.br/api/v2/proposicoes/2395618;PL;139.0;4953.0;2023;Altera os arts. 121 e 129 do Decreto-Lei nº 2.848, de 7 de dezembro de 1940 (Código Penal), e o art. 1º da Lei nº 8.072, de 25 de julho de 1990 (Lei de Crimes Hediondos), para considerar hediondos os crimes de homicídio e de lesão corporal praticados contra turistas em território nacional.;
2368025.0;https://dadosabertos.camara.leg.br/api/v2/proposicoes/2368025;EMC;130.0;159.0;2023;Dá nova redação à MPV 1165/2023;
2450937.0;https://dadosabertos.camara.leg.br/api/v2/proposicoes/2450937;MSC;401.0;702.0;2024;Submete à apreciação do Congresso Nacional, acompanhado de Exposição de Motivos do Senhor Ministro de Estado das Comunicações, o ato constante da Portaria nº 12.667, de 20 de março de 2024, publicada no Diário Oficial da União de 4 de abril de 2024, que renova, a partir de 19 de agosto de 2015, a permissão outorgada anteriormente conferida à Rádio Produção FM Ltda., para executar, pelo prazo de dez anos, sem direito de exclusividade, o serviço de radiodifusão sonora em frequência modulada, no Município de Palmitos, Estado de Santa Catarina.   - TVR 290/2024 - Portaria nº 12.667, de 20 de março de 2024 - Rádio Produção FM Ltda,, no município de Palmitos - SC.;
2441512.0;https://dadosabertos.camara.leg.br/api/v2/proposicoes/2441512;DOC;1003.0;636.0;2024;Of. nº 214/2024/PS-GSE, que encaminha ao Senado Federal o processado do PDL 550-2023, em revisão.;
2370149.0;https://dadosabertos.camara.leg.br/api/v2/proposicoes/2370149;REQ;294.0;195.0;2023;Requer o aditamento do Requerimento nº 115/2023-CSPCCO para inclusão de convidados.;
2380565.0;https://dadosabertos.camara.leg.br/api/v2/proposicoes/2380565;EMC;130.0;6.0;2023;Dá nova redação à MPV 1174/2023;
;;;;;2025;;
2456091.0;https://dadosabertos.camara.leg.br/api/v2/proposicoes/2456091;INC;133.0;1165.0;2024;Requer o envio de Indicação ao Ministro da Educação, Senhor Camilo Sobreira de Santana, sugerindo a criação da Universidade Federal do Pantanal, na Fronteira Brasil-Bolívia em Corumbá, Mato Grosso do Sul.;
2457242.0;https://dadosabertos.camara.leg.br/api/v2/proposicoes/2457242;REQ;294.0;223.0;2024;Requer a realização de Audiência Pública para debater propostas o acesso de pessoas com transtorno do espectro autista a serviços públicos não assistenciais.;
2441226.0;https://dadosabertos.camara.leg.br/api/v2/proposicoes/2441226;REQ;686.0;23.0;2024;Requer a realização de Seminário para discutir a intolerância religiosa contra  manifestações culturais de Povos de Comunidades Tradicionais Afro-brasileiras e Indígenas;
2454675.0;https://dadosabertos.camara.leg.br/api/v2/proposicoes/2454675;REQ;354.0;3224.0;2024;Requer Voto de Louvor e Regozijo ao Sr. Subtenente Raphael Carneiro da Cruz pelos excelentes serviços prestados ao estado do Rio de Janeiro, junto ao CBMERJ.;
2388235.0;https://dadosabertos.camara.leg.br/api/v2/proposicoes/2388235;REQ;294.0;330.0;2023;Requer a convocação do Excelentíssimo Ministro da Justiça e Segurança Pública, Sr. Flávio Dino, para prestar esclarecimentos sobre a suposta interferência na Polícia Federal;
;;;;;2025;;
2473898.0;https://dadosabertos.camara.leg.br/api/v2/proposicoes/2473898;SLD;612.0;14.0;2024;SLD 14/2024 - Dep. Flávia Morais (Meta) - Saúde digital;
2451208.0;https://dadosabertos.camara.leg.br/api/v2/proposicoes/2451208;INC;133.0;1116.0;2024;Solicita o encaminhamento de indicação, sugerindo ao Ministro da Educação a reinserção dos cursos produzidos pela Secretaria de Alfabetização no Avamec.;
2451264.0;https://dadosabertos.camara.leg.br/api/v2/proposicoes/2451264;TVR;431.0;307.0;2024;Submete à apreciação do Congresso Nacional o ato constante da Portaria 6.508, de 26 de agosto de 2022, que renova concessão outorgada à Liberdade Empresa de Radiodifusão Ltda., para executar, pelo prazo de dez anos, sem direito de exclusividade, o serviço de radiodifusão sonora em onda média, no Município de Belo Horizonte, Estado de Minas Gerais.;
2404310.0;https://dadosabertos.camara.leg.br/api/v2/proposicoes/2404310;SOR;611.0;11.0;2023;"Despesas com pessoal e encargos da Receita Federal do Brasil; Ação 21BX; Programa 0032; Meta 906.869.172,00";
2387470.0;https://dadosabertos.camara.leg.br/api/v2/proposicoes/2387470;REQ;313.0;3006.0;2023;Requer a coautoria do PL nº 1730/2023.;
2396036.0;https://dadosabertos.camara.leg.br/api/v2/proposicoes/2396036;REQ;686.0;91.0;2023;Requer a realização do Seminário “Enfrentamento às ISTs, HIV/AIDS e  Hepatites Virais”.;
2374033.0;https://dadosabertos.camara.leg.br/api/v2/proposicoes/2374033;REQ;313.0;2256.0;2023;Requer a adição de coautoria ao PL nº 302, de 2023.;
2460021.0;https://dadosabertos.camara.leg.br/api/v2/proposicoes/2460021;DOC;1028.0;1286.0;2024;Comunica promulgação de Decreto Legislativo nº 214/2024. (PDL nº 815/2021).(Of. 1078/2024-SF).;
2459560.0;https://dadosabertos.camara.leg.br/api/v2/proposicoes/2459560;REQ;354.0;4048.0;2024;Requer aprovação de Voto de Regozijo e Louvor ao Sr. Suboficial WALLACE FERNANDES RODRIGUES DA SILVA, pertencente ao efetivo da MARINHA DO BRASIL - Capitania dos Portos do Espírito Santo, em reconhecimento aos valorosos serviços prestados aos municípios da região sul capixaba, diante das fortes chuvas que atingiram a região no final do mês de março do presente ano.;
2475051.0;https://dadosabertos.camara.leg.br/api/v2/proposicoes/2475051;TVR;429.0;840.0;2024;Submete à apreciação do Congresso Nacional o do ato constante da Portaria nº 14.337, de 27 de agosto de 2024, publicada no Diário Oficial da União de 9 de setembro de 2024, que renova, a partir de 27 de junho de 2015, a permissão outorgada anteriormente conferida à Fundação Cultural de Joinville, para executar, pelo prazo de dez anos, o serviço de radiodifusão sonora, em frequência modulada, com fins exclusivamente educativos, no Município de Joinville, Estado de Santa Catarina.;
2477350.0;https://dadosabertos.camara.leg.br/api/v2/proposicoes/2477350;REQ;304.0;4837.0;2024;Requer o apensamento da Proposta de Emenda à Constituição nº 6, de 2024, à Proposta de Emenda à Constituição nº 555, de 2006.;
2408697.0;https://dadosabertos.camara.leg.br/api/v2/proposicoes/2408697;REQ;354.0;4154.0;2023;Requer Moção de Louvor e Regozijo ao Sr. Jefferson Menezes Batista, educador do Instituto Silvestre, pelos excelentes serviços prestados à sociedade carioca.;
2364337.0;https://dadosabertos.camara.leg.br/api/v2/proposicoes/2364337;REQ;1018.0;107.0;2023;Requer a convocação, para prestar depoimento na presente CPI, do Presidente do Corinthians, o Sr. Duilio Alves.;
2477014.0;https://dadosabertos.camara.leg.br/api/v2/proposicoes/2477014;INC;133.0;1939.0;2024;Sugere ao Ministério da Saúde a adoção de medidas emergenciais para mitigar o aumento dos casos de Síndrome Respiratória Aguda Grave (SRAG) no estado do Amazonas, em especial no município de Novo Aripuanã.;
;;;;;2025;;
2441274.0;https://dadosabertos.camara.leg.br/api/v2/proposicoes/2441274;REQ;294.0;7.0;2024;Convocação da Reunião Conjunta de Audiência Pública com a participação do senhor Roberto Campos Neto, presidente do Banco Central do Brasil, para demonstrar a avaliação do cumprimento dos objetivos e metas das políticas monetária, creditícia e cambial, evidenciando o impacto e o custo fiscal de suas operações e os resultados demonstrados nos balanços - referente ao 2º semestre do exercício de 2023.;
2424944.0;https://dadosabertos.camara.leg.br/api/v2/proposicoes/2424944;REQ;294.0;68.0;2024;Requer que seja realizada reunião de audiência pública para discutir a inclusão de pessoas diagnosticadas com Transtorno do Espectro Autista – TEA no mercado de trabalho.;
2455061.0;https://dadosabertos.camara.leg.br/api/v2/proposicoes/2455061;REQ;441.0;3355.0;2024;Requer Moção de Louvor e Regozijo ao Sr. Major Luiz Fernando Corrêa Aca pelos excelentes serviços ao estado do Rio de Janeiro.;
2402574.0;https://dadosabertos.camara.leg.br/api/v2/proposicoes/2402574;SLD;612.0;11.0;2023;11. Requer a implementação de ações de fomento à inovação, empreendedores, artesãos e empresas. Programa: 2801. Ação: 210E. Meta: Inclusão 1.;
2450664.0;https://dadosabertos.camara.leg.br/api/v2/proposicoes/2450664;RIC;148.0;2963.0;2024;Requer informações da Excelentíssima Ministra da Saúde, Senhora Nísia Trindade, a respeito do estudo e desenvolvimento de um tratamento para asma utilizando o veneno do peixe niquim (Thalassophryne nattereri).;
2433572.0;https://dadosabertos.camara.leg.br/api/v2/proposicoes/2433572;DOC;1003.0;475.0;2024;Of. nº  89/2024/PS-GSE, que encaminha ao Senado Federal o processado do PDL 224-2023, em revisão.;
2455855.0;https://dadosabertos.camara.leg.br/api/v2/proposicoes/2455855;PL;139.0;3365.0;2024;Esta Lei altera a Lei nº 9.605, de 12 de fevereiro de 1998 - Lei dos Crimes Ambientais, para aumentar as penas dos crimes de incêndio em floresta, mato, pasto, lavoura ou em demais formas de vegetação, e dá outras providências.;
2425150.0;https://dadosabertos.camara.leg.br/api/v2/proposicoes/2425150;PL;139.0;1140.0;2024;Reconhece os Festejos Farroupilha de Santana do Livramento, realizado no município de Santana do Livramento, Estado do Rio Grande do Sul, como manifestação da cultura nacional.;
2425989.0;https://dadosabertos.camara.leg.br/api/v2/proposicoes/2425989;PL;139.0;1223.0;2024;Modifica o Decreto-Lei nº 2.848, de 7 de dezembro de 1940 (Código Penal), a fim de tornar mais rigorosas as regras de aplicação da pena.;
;;;;;2025;;
2356689.0;https://dadosabertos.camara.leg.br/api/v2/proposicoes/2356689;REQ;294.0;22.0;2023;Requer que seja convidado representante do CONFEF para participar da Audiência Pública referente ao Requerimento nº 09/2023 já aprovado nesta Comissão para discutir sobre o tema da diferenciação entre Educação Física Escolar e Esporte Competitivo ou de Performance no ambiente da Educação Básica Nacional.;
2349660.0;https://dadosabertos.camara.leg.br/api/v2/proposicoes/2349660;PL;139.0;755.0;2023;Dispõe sobre o Combate ao Tráfico Ilícito de Pessoas, por meio da disponibilização de informações, para os passageiros dos meios de transportes (ônibus, barcos, aviões etc.), e o treinamento do pessoal de apoio das companhias transportadoras que, partindo do Brasil, em direção a outros países, possam estar conduzindo pessoas vítimas de tráfico humano e sexual.;
;;;;;2025;;
2473891.0;https://dadosabertos.camara.leg.br/api/v2/proposicoes/2473891;SOR;611.0;4.0;2024;"Apropriação; Área de governo: Ciência, tecnologia, inovação e comunicações; Modalidade de intervenção: 078 - apoio; Tipo de realização: inclusão digital; Acréscimos à programação: 41000 - Ministério das Comunicações; Função: 24 - Comunicações; Subfunção: 126 - Tecnologia da informação; Programa: 2305 - Comunicações para inclusão e transformação; Ação: 20V8 - Apoio a iniciativas e projetos de inclusão digital; Subtítulo: 0001 - Nacional; Qtd a alterar: 10.000; Acréscimo: 2.000.000.000; Cancelamento: 2.000.000.000";
2446544.0;https://dadosabertos.camara.leg.br/api/v2/proposicoes/2446544;REQ;304.0;2501.0;2024;Requer o apensamento da Proposta de Emenda à Constituição nº 6, de 2024, à Proposta de Emenda à Constituição nº 555, de 2006.;
;;;;;2025;;
2418216.0;https://dadosabertos.camara.leg.br/api/v2/proposicoes/2418216;PL;139.0;328.0;2024;Altera a Lei nº 8.080, de 19 de setembro de 1990, que dispõe sobre as condições para a promoção, proteção e recuperação da saúde, a organização e o funcionamento dos serviços correspondentes e dá outras providências, para regulamentar as referências no Sistema Único de Saúde – SUS.;
2371409.0;https://dadosabertos.camara.leg.br/api/v2/proposicoes/2371409;PL;139.0;3249.0;2023;Estabelece tabela progressiva mensal diferenciada e favorecida para efeito de determinação do imposto sobre a renda da pessoa física incidente sobre o resultado da atividade rural de que trata a Lei nº 8.023, de 12 de abril de 1990.;
2481683.0;https://dadosabertos.camara.leg.br/api/v2/proposicoes/2481683;RIC;148.0;4683.0;2024;Solicita informações ao Sr. Ministro da Secretaria de Comunicação Social da Presidência da República, a respeito da notícia que o Ministério da Verdade, através da Procuradoria Nacional da União de Defesa da Democracia (PNDD), enviou ofícios à Polícia Federal e à Comissão de Valores Mobiliários (CVM), para que sejam instaurados procedimentos policial e administrativo, respectivamente, para apuração de possíveis crimes contra o mercado de capitais.;
2423005.0;https://dadosabertos.camara.leg.br/api/v2/proposicoes/2423005;PDL;553.0;54.0;2024;Aprova o ato que autoriza a Fundação Francisca Elci Monteiro Pádua a executar, pelo prazo de dez anos, sem direito de exclusividade, serviço de radiodifusão comunitária no Município de Arneiroz, Estado do Ceará.;
2406242.0;https://dadosabertos.camara.leg.br/api/v2/proposicoes/2406242;PL;139.0;5670.0;2023;Dispõe sobre a oferta obrigatória pela União de cursos profissionalizantes para adolescentes e jovens em idade de serem aprendizes que se encontrem em acolhimento institucional e a busca ativa por parte das autoridades competentes para a oferta desse programa.;
2358818.0;https://dadosabertos.camara.leg.br/api/v2/proposicoes/2358818;RIC;148.0;1053.0;2023;Solicita informações ao Ministério da Saúde informações referentes ao funcionamento dos Hospitais Federais Localizados No Rio de Janeiro.;
2417548.0;https://dadosabertos.camara.leg.br/api/v2/proposicoes/2417548;RIC;148.0;89.0;2024;Requer informações ao Senhor Ministro de Estado do Desenvolvimento e Assistência Social, Família e Combate à Fome acerca do Programa Bolsa Família, no Estado de Pernambuco, no ano de 2023.;
2426545.0;https://dadosabertos.camara.leg.br/api/v2/proposicoes/2426545;PDL;553.0;124.0;2024;Aprova o ato que renova a autorização outorgada à Associação Comunitária de Voluntários e Casais de Jardinópolis - ACVOLCAJA para executar, pelo prazo de dez anos, sem direito de exclusividade, serviço de radiodifusão comunitária no Município de Jardinópolis, Estado de São Paulo.;
2348718.0;https://dadosabertos.camara.leg.br/api/v2/proposicoes/2348718;RIC;148.0;92.0;2023;Solicita informações ao Ministro das Comunicações, acerca dos programas Wi-Fi Brasil e Amazônia Conectada para o Município de Manaquiri, no Estado do Amazonas.;
;;;;;2025;;
2433304.0;https://dadosabertos.camara.leg.br/api/v2/proposicoes/2433304;REQ;392.0;1584.0;2024;"Requer a urgência, nos termos do art. 155 do Regimento Interno da Câmara dos Deputados, para apreciação do Projeto de Lei nº 980/2024, que “Acrescenta o art. 87-A à Lei nº 13.146, de 6 de julho de 2015 (Estatuto da Pessoa com Deficiência), para dispor sobre a inclusão de ""abordagens e atendimentos às pessoas com deficiência baseados nos direitos humanos"" nos cursos de formação e de aperfeiçoamento dos integrantes dos órgãos de segurança pública e defesa civil, previstos no art. 144 da Constituição Federal.”";
2400497.0;https://dadosabertos.camara.leg.br/api/v2/proposicoes/2400497;ATA;810.0;219.0;2023;TermoSolene219BeneditadaSilva;
2353636.0;https://dadosabertos.camara.leg.br/api/v2/proposicoes/2353636;REQ;294.0;19.0;2023;Requer, nos termos regimentais, realização de Audiência Pública nesta Comissão de Agricultura, Pecuária, Abastecimento e Desenvolvimento Rural- CAPADR, para discutir a situação do Assentamento de Tapurah/Itanhangá- MT.;
;;;;;2025;;
2424918.0;https://dadosabertos.camara.leg.br/api/v2/proposicoes/2424918;REQ;294.0;22.0;2024;Requer a realização de Reunião de Audiência Pública para debater o acesso da população idosa aos serviços de saúde.;
2469861.0;https://dadosabertos.camara.leg.br/api/v2/proposicoes/2469861;DOC;1028.0;1528.0;2024;Comunica remessa à sanção do PL 1.288 (Of. 1.288/2024/SF).;
2455427.0;https://dadosabertos.camara.leg.br/api/v2/proposicoes/2455427;DOC;1024.0;778.0;2024;;
2427365.0;https://dadosabertos.camara.leg.br/api/v2/proposicoes/2427365;RIC;148.0;1005.0;2024;Requer informações ao Ministério de Integração e do Desenvolvimento Regional a respeito da falta de políticas preventivas contra desastres climáticos nos municípios do Amazonas, e demais providências.;
2408247.0;https://dadosabertos.camara.leg.br/api/v2/proposicoes/2408247;PL;139.0;5782.0;2023;Institui o “Setembro em Flor”, campanha para conscientização sobre os tumores ginecológicos durante o mês de setembro.;
2464789.0;https://dadosabertos.camara.leg.br/api/v2/proposicoes/2464789;REQ;294.0;225.0;2024;"Requer a realização de audiência pública no âmbito desta Comissão para debater o tema ""Participação social nas instituições do sistema de justiça, a partir da experiência das ouvidorias externas de defensorias públicas""";
2403246.0;https://dadosabertos.camara.leg.br/api/v2/proposicoes/2403246;ATA;810.0;6.0;2023;ATA DA 24ª REUNIÃO EXTRAORDINÁRIA REALIZADA EM 8 DE NOVEMBRO DE 2023.;
2350190.0;https://dadosabertos.camara.leg.br/api/v2/proposicoes/2350190;INC;133.0;189.0;2023;Sugere ao Poder Executivo a criação de programa de capacitação dos atores do Sistema de Garantia e Deveres sobre a Lei Henry Borel, Lei 14.344, de 24 de março de 2022, especialmente no tocante ao reconhecimento de criança ou adolescente vítima de abuso.;
2365319.0;https://dadosabertos.camara.leg.br/api/v2/proposicoes/2365319;REQ;1029.0;36.0;2023;Requer seja REQUISITADA, em meio físico ou eletrônico, às empresas de auditoria KPMG e PwC todos os documentos, inclusive apresentações, notas técnicas, pareceres econômicos e jurídicos, demais papeis de trabalho da auditoria, e-mails, dentre outros, que ampararam os pareceres pela adequação das demonstrações contábeis da Americanas.;
2440921.0;https://dadosabertos.camara.leg.br/api/v2/proposicoes/2440921;EMC;130.0;16.0;2024;Acrescenta- se o §5º no art .28 da Medida Provisória (MPV) nº 2.228-1, de 06 de setembro de 2001, na forma do Substitutivo aprovado no Senado Federal ao Projeto de Lei nº 2.331, de 2022.;
2348958.0;https://dadosabertos.camara.leg.br/api/v2/proposicoes/2348958;PL;139.0;575.0;2023;Institui o dia 22 de março como “Dia nacional em homenagem aos trabalhadores que faleceram no combate à Covid-19 no Brasil”.;
2419920.0;https://dadosabertos.camara.leg.br/api/v2/proposicoes/2419920;DOC;1028.0;130.0;2024;Comunica remessa à sanção do PL 2975/2021 (Of 55/2024-SF).;
2453406.0;https://dadosabertos.camara.leg.br/api/v2/proposicoes/2453406;REQ;294.0;186.0;2024;Requer a realização de audiência pública para debater o PL 2062/2023 que dispensa o registro nos Conselhos Regionais de Educação Física;
2414486.0;https://dadosabertos.camara.leg.br/api/v2/proposicoes/2414486;PDL;557.0;486.0;2023;Susta a Nota Técnica n. 118/2023-CGICI/DPNI/SVSA/MS, que incorpora as vacinas contra a COVID-19 no Calendário Nacional de Vacinação Infantil, pelo Programa Nacional de Imunizações, para crianças de 6 meses a menores de 5 anos de idade, a partir de 01 de janeiro de 2024.;
2463653.0;https://dadosabertos.camara.leg.br/api/v2/proposicoes/2463653;PL;139.0;4036.0;2024;Acrescenta parágrafos ao art. 4º da Lei nº 9.394, de 1996, de diretrizes e bases da educação nacional, para assegurar a matrícula em escolas de educação infantil e ensino fundamental de rede pública de município vizinho ao de domicílio do estudante, quando aplicável o princípio legal de proximidade entre residência e escola.;
2350921.0;https://dadosabertos.camara.leg.br/api/v2/proposicoes/2350921;PL;139.0;1047.0;2023;Altera a Lei nº 8.078, de 11 de setembro de 1990, que “dispõe sobre a proteção do consumidor e dá outras providências”, para incluir dispositivo prevendo que, em se tratando de fornecimento de equipamentos elétricos e eletrônicos, o fornecedor fica obrigado a incluir carregador, fonte de alimentação, cabos e quaisquer outros componentes indispensáveis ao regular funcionamento do dispositivo.;
2374042.0;https://dadosabertos.camara.leg.br/api/v2/proposicoes/2374042;REQ;294.0;46.0;2023;Requer audiência para realizar escuta e debater propostas da Articulação Brasileira pela Economia de Francisco e Clara e sua agenda de garantia de direitos humanos, de cidadania, econômicos, sociais e da natureza para o desenvolvimento socioeconômico e ambiental do país.;
;;;;;2025;;
2445124.0;https://dadosabertos.camara.leg.br/api/v2/proposicoes/2445124;REQ;686.0;97.0;2024;Requer a realização de seminário em CONJUNTO com a Comissão de Segurança Pública e Combate ao Crime Organizado, na Cidade de Ferraz de Vasconcelos - SP, para discutir acerca da violência dos criminosos contra policiais.;
2381618.0;https://dadosabertos.camara.leg.br/api/v2/proposicoes/2381618;DOC;1003.0;755.0;2023;Of. nº 145/2023/PS-GSE, que encaminha ao Senado Federal o processado do PDL 1062/2021, em revisão.;
2362286.0;https://dadosabertos.camara.leg.br/api/v2/proposicoes/2362286;REQ;313.0;1533.0;2023;Requer a inclusão de minha assinatura ao PL nº 2485/2023, que “Altera a Lei no 10.406, de 10 de janeiro de 2002 (Código Civil) para dispor sobre a subcapitalização de pessoas jurídicas”.;
2431653.0;https://dadosabertos.camara.leg.br/api/v2/proposicoes/2431653;REQ;294.0;139.0;2024;Requer a realização de audiência pública, para debater o resultado da PNAD Contínua divulgado pelo IBGE em 19 de abril de 2024;
2467082.0;https://dadosabertos.camara.leg.br/api/v2/proposicoes/2467082;INC;133.0;1557.0;2024;Sugere a consolidação da rede de atenção integral e o estabelecimento de centros de referência no cuidado a pessoas com distonias no âmbito do SUS.;
2429666.0;https://dadosabertos.camara.leg.br/api/v2/proposicoes/2429666;DOC;1024.0;518.0;2024;;
2405156.0;https://dadosabertos.camara.leg.br/api/v2/proposicoes/2405156;SOR;611.0;11.0;2023;Apoio a Iniciativas e Projetos de Inclusão Digital;
;;;;;2025;;
2438777.0;https://dadosabertos.camara.leg.br/api/v2/proposicoes/2438777;REQ;448.0;42.0;2024;Requer a realização de Mesa Redonda na Assembleia Legislativa do Estado de São Paulo, para debater o PLP 12/2024, que trata da relação de trabalho intermediado por empresas operadoras de aplicativos de transporte remunerado privado individual de passageiros em veículos automotores e estabelece mecanismos de inclusão previdenciária e outros direitos para melhoria das condições de trabalho.;
2466509.0;https://dadosabertos.camara.leg.br/api/v2/proposicoes/2466509;PL;139.0;4229.0;2024;Reconhece como de Utilidade Pública o Instituto Permanecer para Sobreviver - Florescer, no município de Palmas – TO.;
;;;;;2025;;
2386985.0;https://dadosabertos.camara.leg.br/api/v2/proposicoes/2386985;REQ;354.0;2989.0;2023;Requer Moção de Louvor e Regozijo ao Sr. 2° Tenente BM Marcello Soares Lyrio, devido tornar-se destaque por sua destreza, bravura e profissionalismo aos excelentes serviços prestados como Bombeiro Militar do Estado do Rio de Janeiro.;
2447145.0;https://dadosabertos.camara.leg.br/api/v2/proposicoes/2447145;REQ;294.0;190.0;2024;Requer a realização de Audiência Pública na Comissão de Saúde da Câmara dos Deputados para debater sobre o tema “Parto prematuro no Brasil: avanços e desafios”.;
2348709.0;https://dadosabertos.camara.leg.br/api/v2/proposicoes/2348709;RIC;148.0;84.0;2023;Solicita informações ao Ministro das Comunicações, acerca dos programas Wi-Fi Brasil e Amazônia Conectada para o Município de Iranduba, no Estado do Amazonas.;
2428578.0;https://dadosabertos.camara.leg.br/api/v2/proposicoes/2428578;REQ;1017.0;110.0;2024;Requer ao Ministro da Educação, Camilo Santana, informações a respeito do andamento do acordo firmado com o Banco Mundial para investimento no Novo Ensino Médio.;
2400005.0;https://dadosabertos.camara.leg.br/api/v2/proposicoes/2400005;REQ;313.0;3716.0;2023;Requer a inclusão de coautoria no PL 4119/2023.;
;;;;;2025;;
;;;;;2025;;
2468452.0;https://dadosabertos.camara.leg.br/api/v2/proposicoes/2468452;ATA;810.0;171.0;2024;Termo Solene 171 de 2024.;
2459834.0;https://dadosabertos.camara.leg.br/api/v2/proposicoes/2459834;RIC;148.0;3550.0;2024;Solicita ao Sr. Geraldo Alckmin, Ministro do Desenvolvimento, Indústria, Comércio e Serviços (MDIC), no âmbito da Secretaria de Competitividade e Política Regulatória (SCPR), informações sobre a regulamentação de atestados médicos e a implementação da plataforma do Conselho Federal de Medicina (CFM), denominada “Atesta CFM”.;
2453802.0;https://dadosabertos.camara.leg.br/api/v2/proposicoes/2453802;DOC;1062.0;996.0;2024;Ofício de indicação de coordenação da frente parlamentar em defesa do Movimento Hip Hop;
2350173.0;https://dadosabertos.camara.leg.br/api/v2/proposicoes/2350173;INC;133.0;177.0;2023;Sugere a implantação de uma Unidade da Casa da Mulher Brasileira no município de Santarém, no Estado do Pará.;
2417145.0;https://dadosabertos.camara.leg.br/api/v2/proposicoes/2417145;REQ;311.0;125.0;2024;Requer nos termos do art. 104 do Regimento Interno da Câmara dos Deputados a retirada de tramitação do REQUERIMENTO DE INFORMAÇÃO Nº 3220/2023;
2437587.0;https://dadosabertos.camara.leg.br/api/v2/proposicoes/2437587;PL;139.0;2163.0;2024;Altera Lei nº 9.656, de 3 de junho de 1998, para obrigar as operadoras de planos privados de assistência à saúde a oferecer produtos que contemplem uma cobertura diferenciada para o tratamento do câncer.;
2428189.0;https://dadosabertos.camara.leg.br/api/v2/proposicoes/2428189;INC;133.0;311.0;2024;Sugere alterações na Lei n° 14.540, de 3 de abril de 2023, para estabelecer o direito de alteração do exercício, mediante remoção, redistribuição ou cessão, para as vítimas de assédio sexual e demais crimes contra a dignidade sexual e de todas as formas de violência sexual no âmbito da administração pública, direta e indireta, federal, estadual, distrital e municipal.;
2463513.0;https://dadosabertos.camara.leg.br/api/v2/proposicoes/2463513;INC;133.0;1352.0;2024;Sugere a implementação de Núcleo de Atenção à Criança e Adolescente com Transtorno do Espectro Autista (TEA) no Município de Itaituba, no Estado do Pará.;
;;;;;2025;;
2384816.0;https://dadosabertos.camara.leg.br/api/v2/proposicoes/2384816;REQ;523.0;279.0;2023;Requer a convocação do Ministro da Justiça e Segurança Pública, Sr. Flávio Dino, a fim de que preste esclarecimentos acerca de informações reveladas pela imprensa de que imagens das câmeras de segurança do Ministério da Justiça do dia 08 de janeiro teriam sido apagadas.;
2423063.0;https://dadosabertos.camara.leg.br/api/v2/proposicoes/2423063;RIC;148.0;638.0;2024;Requer ao Ministério dos Direitos Humanos e da Cidadania informações acerca dos recursos destinados ao Fundo da Criança e do Adolescente.;
2420557.0;https://dadosabertos.camara.leg.br/api/v2/proposicoes/2420557;RIC;148.0;513.0;2024;Solicita informações ao Ministério Saúde a respeito das ações estratégias de combate e enfrentamento à dengue no Estado do Mato Grosso.;
2442880.0;https://dadosabertos.camara.leg.br/api/v2/proposicoes/2442880;PEC;136.0;24.0;2024;Altera os §§ 4º, 4°-B e 7º do art. 40 da Constituição Federal e os artigos 5º, 10, 23, 24 e 26 da Emenda Constitucional nº 103, de 2019, acrescenta o art. 144-A a Constituição e dá outras providências.;
2381046.0;https://dadosabertos.camara.leg.br/api/v2/proposicoes/2381046;REQ;318.0;2686.0;2023;"“Solicita inclusão na Ordem do Dia do Projeto de Lei 1.949, de 2007, que ""Institui a Lei Geral da Polícia Civil e dá outras providências”.";
2352078.0;https://dadosabertos.camara.leg.br/api/v2/proposicoes/2352078;RIC;148.0;524.0;2023;Requer informações à Sra. Ministra da Cultura, sobre os projetos culturais aprovados em 2023 pela Agência Nacional do Cinema - ANCINE no âmbito da Lei nº 8.685, de 20 de julho de dezembro de 1993 - Lei do Audiovisual.;
;;;;;2025;;
2458433.0;https://dadosabertos.camara.leg.br/api/v2/proposicoes/2458433;DOC;1003.0;1147.0;2024;Of. nº 467/2024/PS-GSE, que encaminha ao Senado Federal o processado do PDL 50-2024, em revisão.;
2419995.0;https://dadosabertos.camara.leg.br/api/v2/proposicoes/2419995;REQ;448.0;7.0;2024;Requer de Vossa Excelência, nos termos do Regimento desta Câmara, ouvido o Plenário, que se faça o convite ao Ministro do Desenvolvimento Agrário e Agricultura Familiar, Deputado Paulo Teixeira, para apresentar os planos e programas do Ministério, para a agricultura familiar e reforma agrária, para o ano de 2024.;
2443879.0;https://dadosabertos.camara.leg.br/api/v2/proposicoes/2443879;REQ;354.0;2412.0;2024;Requer aprovação de Voto de Regozijo e Louvor ao Sr. CAP. QOC. LEONARDO DE ARAUJO PENNAFORT, pertencente ao efetivo do Corpo de Bombeiros Militar do Estado do Espírito Santo, em reconhecimento aos valorosos serviços prestados aos municípios da região sul capixaba, diante das fortes chuvas que atingiu a região no final do mês de março do presente ano.;
;;;;;2025;;
2349048.0;https://dadosabertos.camara.leg.br/api/v2/proposicoes/2349048;PL;139.0;611.0;2023;Altera a Lei nº 8.213, de 24 de julho de 1991, a fim de estabelecer o auxílio-acompanhante para as aposentadorias.;
2367048.0;https://dadosabertos.camara.leg.br/api/v2/proposicoes/2367048;DOC;1028.0;421.0;2023;Comunica remessa à sanção do PL 1177/2019 (Of 408/2023-SF).;
2352045.0;https://dadosabertos.camara.leg.br/api/v2/proposicoes/2352045;REQ;294.0;5.0;2023;Requer o comparecimento do presidente da Febraban à Comissão de previdência, assistência social, infância, adolescência e família para prestar esclarecimentos em audiência pública acerca da suspensão das linhas de crédito consignado para aposentados e pensionistas do INSS pelos bancos filiados à instituição.;
2425421.0;https://dadosabertos.camara.leg.br/api/v2/proposicoes/2425421;DOC;1024.0;420.0;2024;;
2367183.0;https://dadosabertos.camara.leg.br/api/v2/proposicoes/2367183;EMC;130.0;67.0;2023;Dá nova redação à MPV 1162/2023;
2356164.0;https://dadosabertos.camara.leg.br/api/v2/proposicoes/2356164;REQ;294.0;75.0;2023;Requer a realização de Reunião de Audiência Pública para debater o Projeto de Lei Complementar nº 235/2019, que institui o Sistema Nacional de Educação.;
2441120.0;https://dadosabertos.camara.leg.br/api/v2/proposicoes/2441120;RIC;148.0;1719.0;2024;Solicita informações ao Sr. Waldez Góes, Ministro da Integração e do Desenvolvimento Regional, sobre a segurança hídrica e as secas no município amazonense de Carauari.;
2352937.0;https://dadosabertos.camara.leg.br/api/v2/proposicoes/2352937;EMC;130.0;67.0;2023;Dá nova redação à MPV 1152/2022;
2404760.0;https://dadosabertos.camara.leg.br/api/v2/proposicoes/2404760;REQ;294.0;84.0;2023;Requer a realização de audiência pública para debater a prática floorball.;
;;;;;2025;;
2451626.0;https://dadosabertos.camara.leg.br/api/v2/proposicoes/2451626;RIC;148.0;3069.0;2024;Solicita informações ao Sr. Ministro de Estado Chefe da Casa Civil da Presidência da República a respeito dos gastos da Comitiva Brasileira para a Abertura dos Jogos Olímpicos de Paris 2024;
2376500.0;https://dadosabertos.camara.leg.br/api/v2/proposicoes/2376500;PDL;553.0;218.0;2023;Aprova o ato que renova a autorização outorgada à Associação Comunitária de Comunicação de Sapezal para executar, pelo prazo de dez anos, sem direito de exclusividade, serviço de radiodifusão comunitária no Município de Sapezal, Estado do Mato Grosso.;
2446358.0;https://dadosabertos.camara.leg.br/api/v2/proposicoes/2446358;REQ;305.0;2498.0;2024;Requer o desapensamento do Projeto de Lei Complementar nº 138 de 2022 do Projeto de Lei Complementar 174 de 2019;
2444044.0;https://dadosabertos.camara.leg.br/api/v2/proposicoes/2444044;DOC;1028.0;725.0;2024;Encaminha cópia de autógrafo do Decreto Legislativo nº 85, de 2024, promulgado - PDL 319/2021 (Of 609/2024-SF).;
2419370.0;https://dadosabertos.camara.leg.br/api/v2/proposicoes/2419370;RIC;148.0;388.0;2024;Requer informações ao Ministério do Meio Ambiente e Mudança do Clima acerca das medidas e providências adotadas para solucionar os problemas que resultaram na paralisação dos servidores do IBAMA e ICMBio, o que, por conseguinte, impacta diretamente as atividades essenciais para a preservação da integridade do meio ambiente no Brasil.;
2357593.0;https://dadosabertos.camara.leg.br/api/v2/proposicoes/2357593;PL;139.0;2044.0;2023;Dispõe sobre o prazo da prisão civil do alimentante, e dá outras providências.;
2444318.0;https://dadosabertos.camara.leg.br/api/v2/proposicoes/2444318;INC;133.0;953.0;2024;Solicito a Exma. Sra. Ministra de Estado da Saúde o envio de recursos financeiros com o objetivo de construir e equipar um Posto de Saúde da Família (PSF) no Bairro “Saco” no município de Magé, estado do Rio de Janeiro.;
2425339.0;https://dadosabertos.camara.leg.br/api/v2/proposicoes/2425339;INC;133.0;271.0;2024;Sugere ao Ministério da Integração e Desenvolvimento Regional a implementação de medidas urgentes para a prevenção e mitigação de desastres em áreas de risco em Manaus, Amazonas.;
2462264.0;https://dadosabertos.camara.leg.br/api/v2/proposicoes/2462264;PL;139.0;3928.0;2024;Cria o Dia de Conscientização sobre a Neuralgia do Trigêmeo.;
;;;;;2025;;
2419079.0;https://dadosabertos.camara.leg.br/api/v2/proposicoes/2419079;REQ;354.0;548.0;2024;Requer Voto de Regozijo e Louvor ao Sr. BRENO SAMPAIO PINTO – Superintendente de Relacionamento com Clientes Finalísticos do Serviço Federal de Processamento de Dados - SERPRO, pelo excelente trabalho prestado à entidade e à sociedade brasileira.;
2350113.0;https://dadosabertos.camara.leg.br/api/v2/proposicoes/2350113;REQ;294.0;12.0;2023;Requer inclusão de especialistas e entidades nas audiências já confirmadas, bem como a inclusão de novas audiências.;
2437202.0;https://dadosabertos.camara.leg.br/api/v2/proposicoes/2437202;PDL;557.0;295.0;2024;Susta a aplicação da PORTARIA MJSP nº 648, de 28 de maio de 2024, que estabelece diretrizes sobre o uso de câmeras corporais pelos órgãos de segurança pública.;
2366026.0;https://dadosabertos.camara.leg.br/api/v2/proposicoes/2366026;DOC;1028.0;405.0;2023;Comunica restituição de Projeto de Lei sancionado. (Of. 355-2023SF);
2382365.0;https://dadosabertos.camara.leg.br/api/v2/proposicoes/2382365;PL;139.0;4099.0;2023;Altera a Lei nº 12.974, de 15 de maio de 2014, para acrescentar as Agências de Turismo Receptivo entre as modalidades de Agências de Turismo.;
2427957.0;https://dadosabertos.camara.leg.br/api/v2/proposicoes/2427957;EMC;130.0;33.0;2024;Dá nova redação à MPV 1202/2023;
2451143.0;https://dadosabertos.camara.leg.br/api/v2/proposicoes/2451143;REQ;354.0;2866.0;2024;Requer Moção de Louvor e Regozijo ao Sub Tenente Mario Cesar Machado, pelos excelentes serviços prestados ao estado do Rio de Janeiro na área de segurança pública no 23º BPM.;
;;;;;2025;;
2352598.0;https://dadosabertos.camara.leg.br/api/v2/proposicoes/2352598;EMC;130.0;3.0;2023;Dá nova redação à MPV 1143/2022;
2362219.0;https://dadosabertos.camara.leg.br/api/v2/proposicoes/2362219;PL;139.0;2566.0;2023;Dispõe sobre o Programa Nacional de Incentivo à Pesquisa em Saúde e dá outras providências.;
;;;;;2025;;
2461298.0;https://dadosabertos.camara.leg.br/api/v2/proposicoes/2461298;REQ;354.0;4143.0;2024;Requer aprovação de Voto de Regozijo e Louvor ao Sr. ALDIRIO DA SILVA SCHLUCKEBIER, Aprendiz - Marinheiro da MARINHA DO BRASIL – Escola de Aprendizes – Marinheiros do Espírito Santo, em reconhecimento aos valorosos serviços prestados aos municípios da região sul capixaba, diante das fortes chuvas que atingiram a região no final do mês de março do presente ano.;
2449194.0;https://dadosabertos.camara.leg.br/api/v2/proposicoes/2449194;REQ;354.0;2628.0;2024;Requer Moção de Louvor e Regozijo ao Sr. Subtenente Wellington Machado da Silva, pelos excelentes serviços prestados ao estado do Rio de Janeiro na área de segurança pública no 22º BPM.;
2420233.0;https://dadosabertos.camara.leg.br/api/v2/proposicoes/2420233;DOC;1024.0;221.0;2024;;
2476066.0;https://dadosabertos.camara.leg.br/api/v2/proposicoes/2476066;PDL;553.0;505.0;2024;Aprova o ato que renova a concessão outorgada à Rádio Jornal de Goiás Ltda. para explorar serviço de radiodifusão sonora em onda média, posteriormente adaptado para o serviço de radiodifusão sonora em frequência modulada, no Município de Goiânia, Estado de Goiás.;
;;;;;2025;;
2372558.0;https://dadosabertos.camara.leg.br/api/v2/proposicoes/2372558;REQ;1018.0;299.0;2023;Requer a convocação do Sra.  Margarida Salomão, prefeita de Juiz de Fora - MG, convocada na condição de testemunha.;
2365803.0;https://dadosabertos.camara.leg.br/api/v2/proposicoes/2365803;RIC;148.0;1505.0;2023;Requer que sejam solicitadas ao Senhor Ministro da Defesa informações sobre os motivos que ensejaram a exoneração do Gen. de Brigada Combatente Marcelo Lorenzini Zucco do Comando do 1ª Brigada de Infantaria de Selva no Estado de Roraima.;
;;;;;2025;;
2445236.0;https://dadosabertos.camara.leg.br/api/v2/proposicoes/2445236;REQ;686.0;193.0;2024;Requer a realização de seminário em CONJUNTO com a Comissão de Segurança Pública e Combate ao Crime Organizado, na Cidade de Votorantim - SP, para discutir acerca da violência dos criminosos contra policiais.;
2434675.0;https://dadosabertos.camara.leg.br/api/v2/proposicoes/2434675;REQ;294.0;35.0;2024;Requer realização de Audiência Pública conjunta desta Comissão com a Comissão de Legislação Participativa para debater o tema “O Brasil não é mais um país jovem: novos e velhos desafios para o envelhecimento”.;
2447092.0;https://dadosabertos.camara.leg.br/api/v2/proposicoes/2447092;ESB;258.0;1.0;2024;Altera a Lei nº 7.565, de 1986, e a Lei nº 11.182, de 2005, para permitir que pessoas jurídicas sem sede administrativa no País operem o serviço aéreo de transporte doméstico em rotas aéreas com origem ou destino dentro da área da Amazônia Legal.;
2436530.0;https://dadosabertos.camara.leg.br/api/v2/proposicoes/2436530;REQ;294.0;83.0;2024;Requer a realização de Audiência Pública sobre a proposta de criação de um “Auxílio Calamidade, instrumento de garantia de renda para famílias em condição de vulnerabilidade social decorrente da calamidade pública no estado do Rio Grande do Sul (RS)”.;
;;;;;2025;;
2413630.0;https://dadosabertos.camara.leg.br/api/v2/proposicoes/2413630;RIC;148.0;3106.0;2023;"Requer informações ao Ministério da Justiça e Segurança Pública do Governo Federal acerca das medidas e estratégias adotadas para conter e prevenir as fraudes oriundas de loterias irregulares em todo o país, como no caso destacado por meio da ""Operação Bilhete Premiado"" deflagrada no estado do Amazonas.";
2355463.0;https://dadosabertos.camara.leg.br/api/v2/proposicoes/2355463;RIC;148.0;764.0;2023;Solicita informações ao Ministro da Educação, acerca do programa Plano de Ações Articuladas – PAR, cujo órgão responsável é o FNDE – Fundo Nacional do Desenvolvimento da Educação, para o Município de Carauari, no Estado do Amazonas.;
2459006.0;https://dadosabertos.camara.leg.br/api/v2/proposicoes/2459006;MSC;401.0;767.0;2024;Submete à apreciação do Congresso Nacional, acompanhado de Exposição de Motivos do Senhor Ministro de Estado das Comunicações, o ato constante da Portaria nº 11.021, de 10 de novembro de 2023, publicada no Diário Oficial da União de 24 de novembro de 2023, que renova, a partir de 28 de maio de 2020, a autorização outorgada à Associação Cultural de Desenvolvimento Artístico, para executar, pelo prazo de dez anos, sem direito de exclusividade, o serviço de radiodifusão comunitária, no Município de Luiziana, Estado do Paraná.    - TVR 471/2024 - Portaria nº 11.021, de 10 de novembro de 2023 - Associação Cultural de Desenvolvimento Artístico., no município de Luziânia - PR.;
2425343.0;https://dadosabertos.camara.leg.br/api/v2/proposicoes/2425343;INC;133.0;274.0;2024;Sugere desenvolver a capacitação de profissionais da educação e criar mecanismos de inclusão efetiva de alunos com Transtorno do Espectro Autista (TEA) nas escolas do Estado do Amazonas.;
2416751.0;https://dadosabertos.camara.leg.br/api/v2/proposicoes/2416751;DOC;1028.0;1701.0;2023;Comunica remessa à sanção do PL 2626/2023 (Of 1366/2023-SF).;
2386492.0;https://dadosabertos.camara.leg.br/api/v2/proposicoes/2386492;REQ;293.0;2949.0;2023;Requer a realização de sessão solene, no Plenário da Câmara dos Deputados, em Homenagem aos 60 anos da Federação das Associações Comerciais, Industriais, Empresariais e Agropecuárias do Estado de Goiás.;
;;;;;2025;;
2352340.0;https://dadosabertos.camara.leg.br/api/v2/proposicoes/2352340;REQ;392.0;826.0;2023;Requer, nos termos do artigo 155 do Regimento Interno da Câmara dos Deputados, urgência para apreciação do Projeto de Lei nº 968/2023, que “Estabelece protocolo único para a realização de exames ginecológicos, partos, ou qualquer procedimento envolvendo o corpo ou sistema reprodutor feminino, com ou sem sedação e altera Decreto-Lei nº 2.848, de 07 de dezembro de 1940 – Código Penal.”.;
2414492.0;https://dadosabertos.camara.leg.br/api/v2/proposicoes/2414492;REQ;441.0;69.0;2023;Requer moção de repúdio em face à atitude discriminatória e desrespeitosa da Academia Bodytech do Leblon, Zona Sul do Rio de Janeiro, contra a filha de seis anos do Sr. Marcio Lopes Cordeiro, criança com Trissomia do Cromossomo 21 - Síndrome de Down.;
2428397.0;https://dadosabertos.camara.leg.br/api/v2/proposicoes/2428397;DOC;1028.0;254.0;2024;Comunica remessa à sanção do PL 4222/2020 (Of 313/2024-SF).;
;;;;;2025;;" que """"Dispõe sobre a responsabilidade do Instituto Nacional de Colonização e Reforma Agrária (INCRA) pela execução e custeio do georreferenciamento dos imóveis rurais destinados à reforma agrária""""."";""Indefinida"";""https://www.camara.leg.br/proposicoesWeb/prop_mostrarintegra?codteor=2872459"""
2442241.0;https://dadosabertos.camara.leg.br/api/v2/proposicoes/2442241;PL;139.0;2488.0;2024;Altera o art. 4º da Lei nº 8.080, de 19 de setembro de 1990, para incluir as comunidades terapêuticas entre as ações e serviços de saúde que constituem o Sistema Único de Saúde;
2450981.0;https://dadosabertos.camara.leg.br/api/v2/proposicoes/2450981;RIC;148.0;3007.0;2024;Solicita informações ao Ministro de Estado da Casa Civil da Presidência da República, que providências a Casa Civil tem tomado acerca da estiagem no Estado do Amazonas, no Município de Eirunepé, no Estado do Amazonas.;
2463570.0;https://dadosabertos.camara.leg.br/api/v2/proposicoes/2463570;INC;133.0;1396.0;2024;Sugere a implementação de Núcleo de Atenção à Criança e Adolescente com Transtorno do Espectro Autista (TEA) no Município de Prainha, no Estado do Pará.;
2434455.0;https://dadosabertos.camara.leg.br/api/v2/proposicoes/2434455;REQ;294.0;30.0;2024;Requer o aditamento ao Requerimento nº 26/2024, para inclusão de palestrante em audiência pública na Comissão de Desenvolvimento Econômico.;
2454706.0;https://dadosabertos.camara.leg.br/api/v2/proposicoes/2454706;REQ;354.0;3246.0;2024;Requer Voto de Louvor e Regozijo ao Sr. CB Nilson da Silva de Morais pelos excelentes serviços prestados ao estado do Rio de Janeiro, junto ao CBMERJ.;
2425923.0;https://dadosabertos.camara.leg.br/api/v2/proposicoes/2425923;PL;139.0;1217.0;2024;Dispõe sobre a criação do Programa Nacional de Apoio à Educação Profissional - PRONEP, com a finalidade de captar e canalizar recursos para promoção e o apoio à educação profissional.;
2368459.0;https://dadosabertos.camara.leg.br/api/v2/proposicoes/2368459;REQ;294.0;144.0;2023;Requer a realização de audiência pública para debater sobre as perspectivas presentes e futuras da Agência de Desenvolvimento da Atenção Primária à Saúde – ADAPS.;
2363416.0;https://dadosabertos.camara.leg.br/api/v2/proposicoes/2363416;REQ;1018.0;5.0;2023;"Requer a convocação de um dos
líderes da Frente Nacional de Lutas
(FNL), Senhor Claudio Ribeiro
Passos, para esclarecer a atuação do
movimento e denúncias de
cometimento de crimes.";
2355009.0;https://dadosabertos.camara.leg.br/api/v2/proposicoes/2355009;PL;139.0;1618.0;2023;Altera a Lei n° 12.662, de 5 de junho de 2012, que assegura validade nacional à Declaração de Nascido Vivo – DNV, regula sua expedição, altera a Lei n° 6.015, de 31 de dezembro de 1973, e dá outras providências, para dispor sobre a utilização dos dados colhidos nas Declarações de Nascido Vivo para o dimensionamento da rede de atenção à saúde dos pacientes com anomalias ou más-formações congênitas.;
2481322.0;https://dadosabertos.camara.leg.br/api/v2/proposicoes/2481322;RIC;148.0;4677.0;2024;Requer que sejam prestadas, pela Exma. Sra. Ministra de Estado dos Direitos Humanos e da Cidadania, MACAÉ MARIA EVARISTO DOS SANTOS, informações acerca de minuta de resolução discutida pelo Conselho Nacional dos Direitos da Criança e do Adolescente (CONANDA), que trata do encaminhamento obrigatório de gestantes menores de 14 anos para programas de aborto.;
2415294.0;https://dadosabertos.camara.leg.br/api/v2/proposicoes/2415294;REQ;354.0;4388.0;2023;Requer Moção de Louvor e Regozijo ao Sr. 3º Sargento PM Luciano da Silva Gomes pelos excelentes serviços prestados à Sociedade Carioca e Fluminense.;
2359018.0;https://dadosabertos.camara.leg.br/api/v2/proposicoes/2359018;RIC;148.0;1063.0;2023;"Requer informações ao Ministro de Minas e Energia, acerca de solicitação do Ministério para a Petrobras auxiliar a Casa Civil em um novo ""Programa de Aceleração do Crescimento"".";
;;;;;2025;;
2350020.0;https://dadosabertos.camara.leg.br/api/v2/proposicoes/2350020;TVR;435.0;4.0;2023;Submete à apreciação do Congresso Nacional o ato constante do Decreto de nº 11.290, de 20 de dezembro de 2022, que renova a concessão outorgada à Globo Comunicação e Participações S.A. para explorar, pelo prazo de quinze anos, sem direito de exclusividade, serviço de radiodifusão de sons e imagens, no Município de São Paulo, Estado de São Paulo.;
2462502.0;https://dadosabertos.camara.leg.br/api/v2/proposicoes/2462502;DOC;1024.0;848.0;2024;;
;;;;;2025;;
2365348.0;https://dadosabertos.camara.leg.br/api/v2/proposicoes/2365348;RIC;148.0;1480.0;2023;Solicita informações a Ministra da Saúde, a Sra., Nísia Trindade, acerca do Sistema Nacional de Doação e Transplante de Órgãos.;
2347055.0;https://dadosabertos.camara.leg.br/api/v2/proposicoes/2347055;PL;139.0;257.0;2023;Cria o Programa de Combate à Fome nos períodos de férias escolares de crianças, de adolescentes e de jovens matriculados nas escolas da rede pública de ensino, e dá outras providências.;
;;;;;2025;;
2477084.0;https://dadosabertos.camara.leg.br/api/v2/proposicoes/2477084;INC;133.0;1985.0;2024;Sugere ao Ministério da Saúde a adoção de medidas emergenciais para mitigar o aumento dos casos de Síndrome Respiratória Aguda Grave (SRAG) no estado do Amazonas, em especial no município de Juruá.;
2369678.0;https://dadosabertos.camara.leg.br/api/v2/proposicoes/2369678;ESB;258.0;1.0;2023;Altera a Lei nº 1.060, de 5 de fevereiro de 1950, que “estabelece normas para a concessão de assistência judiciária aos necessitados”, para atribuir à Defensoria Pública a defesa dos agentes dos órgãos de segurança pública enumerados no art. 144 da Constituição Federal, em processos administrativos disciplinares e judiciais.;
2437497.0;https://dadosabertos.camara.leg.br/api/v2/proposicoes/2437497;RIC;148.0;1471.0;2024;Solicita informações ao Ministro das Comunicações sobre o Programa Wi-Fi Brasil para o município de São João de Pirabas, no Estado do Pará.;
2408888.0;https://dadosabertos.camara.leg.br/api/v2/proposicoes/2408888;DOC;1003.0;1478.0;2023;Of. nº 660/2023/PS-GSE que comunica ao Senado Federal o envio à sanção do PL 3954/2023.;
2421451.0;https://dadosabertos.camara.leg.br/api/v2/proposicoes/2421451;REQ;441.0;7.0;2024;Requer aprovação de Moção de Repúdio aos Ministros da 5ª turma do Superior Tribunal de Justiça - STJ em decisão proferida em julgamento no dia 12 de março do corrente ano, referente ao caso que não configura estupro de vulnerável o relacionamento sexual entre um homem de 20 anos e uma menina de 12 anos, que resultou em uma gravidez da menor.;
2409159.0;https://dadosabertos.camara.leg.br/api/v2/proposicoes/2409159;REQ;441.0;259.0;2023;Requer à Comissão de Educação, aprovação de MOÇÃO DE APOIO para que a fórmula de aporte pelas entidades mantenedoras ao Fundo Garantidor do Fundo de Financiamento Estudantil (FG-Fies) a partir do 6º ano de sua adesão seja a mesma fórmula aplicada do 1º ao 5º ano, respeitada a alteração do teto de 27,5% promovida pela Lei 14.719/2023.;
2459324.0;https://dadosabertos.camara.leg.br/api/v2/proposicoes/2459324;REQ;293.0;4014.0;2024;Requer a convocação de Sessão Solene para homenagear o aniversário de 129 anos do Clube de Regatas do Flamengo.;
2375364.0;https://dadosabertos.camara.leg.br/api/v2/proposicoes/2375364;PRC;141.0;101.0;2023;Institui o Grupo Parlamentar Brasil – Bósnia e Herzegovina.;
2349027.0;https://dadosabertos.camara.leg.br/api/v2/proposicoes/2349027;REQ;293.0;222.0;2023;Requer a convocação de Sessão Solene da Câmara dos Deputados, em comemoração ao aniversário da Polícia Militar do Estado de Pernambuco.;
;;;;;2025;;
2421925.0;https://dadosabertos.camara.leg.br/api/v2/proposicoes/2421925;REQ;354.0;773.0;2024;Requer Voto de Louvor em homenagem ao dia do aniversário do Sr. José Ferreira de Oliveira, o Passarão (In memoriam).;
2421866.0;https://dadosabertos.camara.leg.br/api/v2/proposicoes/2421866;REQ;686.0;17.0;2024;Requer que seja instituída Comissão Representativa destinada a acompanhar a 20ª Edição da AgroBalsas, a ser realizada no mês de maio de 2024.;
2444149.0;https://dadosabertos.camara.leg.br/api/v2/proposicoes/2444149;REQ;294.0;29.0;2024;Requer a realização de Audiência Pública, em conjunto com a Comissão de Trabalho, para debater a necessidade de regulamentação do uso de Inteligência Artificial no setor cultural da dublagem.;
;;;;;2025;;
2400657.0;https://dadosabertos.camara.leg.br/api/v2/proposicoes/2400657;DOC;1003.0;1244.0;2023;Of. nº 446/2023/PS-GSE que encaminha ao Senado Federal o processado do PDL 234/2022 em revisão.;
2363639.0;https://dadosabertos.camara.leg.br/api/v2/proposicoes/2363639;EMC;130.0;120.0;2023;Dá nova redação à MPV 1164/2023;
2458030.0;https://dadosabertos.camara.leg.br/api/v2/proposicoes/2458030;REQ;312.0;3632.0;2024;Requer a retirada de tramitação de proposição.;
2380746.0;https://dadosabertos.camara.leg.br/api/v2/proposicoes/2380746;REQ;293.0;2638.0;2023;Requer a realização de se Sessão Solene em homenagem ao Dia Nacional do Notário e do Registrador.;
2415098.0;https://dadosabertos.camara.leg.br/api/v2/proposicoes/2415098;RIC;148.0;3171.0;2023;Solicita informações ao Ministério Saúde a respeito das ações e do número de profissionais capacitados para atender pessoas com Transtorno do déficit de atenção com hiperatividade – TDAH no Estado do Pará.;
2432736.0;https://dadosabertos.camara.leg.br/api/v2/proposicoes/2432736;DOC;1033.0;389.0;2024;Comunica término de prazo integral de vigência da MPV 1196/2023 (Of 82/2024-CN).;
;;;;;2025;;
;;;;;2025;;
2388029.0;https://dadosabertos.camara.leg.br/api/v2/proposicoes/2388029;PEC;136.0;44.0;2023;"Adiciona-se parágrafo 9ºB ao artigo 166 da Constituição Federal para permitir o emendamento em reserva, de 5% para o uso em catástrofes e emergências naturais.


  NOVA EMENTA: Altera o art. 166 da Constituição Federal e acrescenta o art. 138 no Ato das Disposições Constitucionais Transitórias, para destinar parte dos recursos das emendas individuais e de bancadas estaduais e do orçamento da União a ações de prevenção, mitigação, preparação, resposta e recuperação de desastres.";
2420139.0;https://dadosabertos.camara.leg.br/api/v2/proposicoes/2420139;REQ;313.0;689.0;2024;Requer retirada de solicitação de coautoria do Projeto de Decreto Legislativo de Sustação de Atos Normativos do Poder Executivo nº 16 de 2024.;
2457335.0;https://dadosabertos.camara.leg.br/api/v2/proposicoes/2457335;PRC;444.0;52.0;2024;Acrescenta o art. 39-A ao Regimento Interno da Câmara dos Deputados para assegurar que a Comissão De Fiscalização Financeira e Controle seja presidida por Deputado integrante de representação partidária que expresse posição contrária ao Governo.;
2449111.0;https://dadosabertos.camara.leg.br/api/v2/proposicoes/2449111;REQ;311.0;2604.0;2024;Requer nos termos do art. 104, do Regimento Interno da Câmara dos Deputados, a retirada de tramitação do Requerimento de Informação nº 2215/2024.;
;;;;;2025;;
2466571.0;https://dadosabertos.camara.leg.br/api/v2/proposicoes/2466571;REQ;354.0;4398.0;2024;Requer Voto de Louvor ao Pastor Deusdete Septímio Ramos, pelo transcurso de 50 anos de ordenação pastoral e 48 anos de Pastor Presidente da Assembleia de Deus - CIADSETA, no município de Xinguara, em cujo exercício pastoral tem prestado relevantes serviços na propagação da fé e na defesa da causa evangélica.;
2443693.0;https://dadosabertos.camara.leg.br/api/v2/proposicoes/2443693;TVR;1058.0;20.0;2024;Submete à apreciação do Congresso Nacional o ato constante da Portaria nº 5.938, de 14 de junho de 2022, que renova concessão outorgada à Rádio Difusora Brasileira Ltda. para explorar, pelo prazo de dez anos, sem direito de exclusividade, serviço de radiodifusão sonora em onda média, posteriormente adaptado para serviço de radiodifusão sonora em frequência modulada, no Município de Uberlândia, Estado de Minas Gerais.;
;;;;;2025;;
;;;;;2025;;
2411821.0;https://dadosabertos.camara.leg.br/api/v2/proposicoes/2411821;REQ;448.0;215.0;2023;Requer autorização de despesa para a reprodução de relatórios de eventos e atividades da CDHMIR ocorridos nesta Sessão Legislativa;
2405131.0;https://dadosabertos.camara.leg.br/api/v2/proposicoes/2405131;SOR;611.0;42.0;2023;00VH - Apoio a Projetos para Desenvolvimento Regional - 600.000.000;
2470005.0;https://dadosabertos.camara.leg.br/api/v2/proposicoes/2470005;PL;139.0;4421.0;2024;Altera o Decreto-Lei n° 3.689, de 3 de outubro de 1941 (Código de Processo Penal), o Decreto-Lei n° 2.848, de 7 de dezembro de 1940 (Código Penal) e a Lei n° 6.001, de 19 de dezembro de 1973 (Estatuto do Índio), para disciplinar procedimentos aplicáveis às pessoas indígenas acusadas, rés, condenadas ou privadas de liberdade e instituir diretrizes para assegurar seus direitos no âmbito da justiça criminal.;
2389730.0;https://dadosabertos.camara.leg.br/api/v2/proposicoes/2389730;REQ;294.0;337.0;2023;Requer que seja convocada a Ministra de Estado da Gestão e da Inovação em Serviços Públicos, Sra. Esther Dweck, a fim de prestar esclarecimentos a esta Casa sobre declarações feitas em entrevista concedida ao Estadão em setembro deste ano.;
2367808.0;https://dadosabertos.camara.leg.br/api/v2/proposicoes/2367808;INC;133.0;792.0;2023;Requer o envio de Indicação ao Excelentíssimo Presidente da República, sugerindo a declaração de estado de emergência climática.;
;;;;;2025;;
;;;;;2025;;
2377375.0;https://dadosabertos.camara.leg.br/api/v2/proposicoes/2377375;REQ;311.0;2448.0;2023;Requer a retirada do Requerimento de Informação nº 2031/2023.;
2445185.0;https://dadosabertos.camara.leg.br/api/v2/proposicoes/2445185;REQ;686.0;154.0;2024;Requer a realização de seminário na Cidade de Paulínia - SP, para debater com autoridades competentes acerca da importância da proteção à vida.;
2459077.0;https://dadosabertos.camara.leg.br/api/v2/proposicoes/2459077;MSC;401.0;786.0;2024;Submete à apreciação do Congresso Nacional, acompanhado de Exposição de Motivos do Senhor Ministro de Estado das Comunicações, o ato constante da Portaria nº 11.429, de 5 de dezembro de 2023, publicada no Diário Oficial da União de 27 de dezembro de 2023, que renova, a partir de 5 de fevereiro de 2019, a permissão outorgada anteriormente conferida à Rede Metropolitana de Rádio e Televisão Ltda., para executar, pelo prazo de dez anos, sem direito de exclusividade, serviço de radiodifusão sonora em frequência modulada, no Município de Paço do Lumiar, Estado do Maranhão.    - TVR 489/2024 - Portaria nº 11.429, de 05 de dezembro de 2023 - Rede Metropolitana de Rádio e Televisão Ltda,, no município de Paço do Lumiar - MA.;
2389883.0;https://dadosabertos.camara.leg.br/api/v2/proposicoes/2389883;REQ;1030.0;202.0;2023;Requer a quebra de sigilo bancário e fiscal e a retenção do passaporte de Paulo Bau da RCX Group;
2481387.0;https://dadosabertos.camara.leg.br/api/v2/proposicoes/2481387;REQ;1016.0;283.0;2024;Requer o encaminhamento de indicação à Procuradoria-Geral da República para sugerir a adoção de providências necessárias para garantir o acesso universal ao medicamento Zolgensma no Sistema Único de Saúde (SUS), apurar possíveis atos de improbidade administrativa relacionados ao descumprimento de prazos legais e à má gestão dos recursos públicos destinados à sua aquisição.;
2473009.0;https://dadosabertos.camara.leg.br/api/v2/proposicoes/2473009;PL;139.0;1711.0;2024;Inscreve o nome de Alberto Martins Torres no Livro dos Heróis e Heroínas da Pátria.;
2425740.0;https://dadosabertos.camara.leg.br/api/v2/proposicoes/2425740;REQ;354.0;1097.0;2024;Requer Moção de Louvor e Regozijo ao Sr. Agente Social Fábio Agapito Ferreira, pelos excelentes serviços prestados à Sociedade Carioca e Fluminense.;
2362226.0;https://dadosabertos.camara.leg.br/api/v2/proposicoes/2362226;INC;133.0;635.0;2023;Sugere a inclusão no Programa de Aceleração do Crescimento (PAC) da obra de mobilidade referente à implantação do trem urbano desde a estação rodoferroviária do Distrito Federal até o Município de Luziânia, no entorno Sul do DF, além de sua integração com o metrô.;
2462990.0;https://dadosabertos.camara.leg.br/api/v2/proposicoes/2462990;REQ;147.0;17.0;2024;Requer a realização de audiência pública para a oitiva dos Procuradores CINTHIA PASSARI VON AMMON e HENRIQUE LIMA CORREIA, do Ministério Público do Trabalho em Ribeirão Preto/SP, que conduziram ou conduzem procedimentos relativos à empresa Voepass Linhas Aéreas (Passaredo Transportes Aéreos S.A.).;
2464825.0;https://dadosabertos.camara.leg.br/api/v2/proposicoes/2464825;DOC;1028.0;1475.0;2024;Comunica restituição de autógrafo do PL 2082/2019, sancionado (Of 1205/2024-SF).;
2468643.0;https://dadosabertos.camara.leg.br/api/v2/proposicoes/2468643;PL;139.0;4356.0;2024;Institui a Lei de Transparência em Plataformas Digitais de Comércio Eletrônico e dá outras providências.;
2419337.0;https://dadosabertos.camara.leg.br/api/v2/proposicoes/2419337;PL;139.0;574.0;2024;Cria a obrigatoriedade de assistência jurídica gratuita para a defesa dos agentes dos órgãos de segurança pública, enumerados no art. 144 da Constituição Federal, em processos administrativos disciplinares e judiciais relacionados exclusivamente ao exercício regular da função pública, bem como dispõe sobre a dedução do imposto de renda das pessoas físicas dos valores pagos a título de honorários advocatícios em face de serviços de assistência jurídica para a defesa dos agentes de segurança pública.;
2395833.0;https://dadosabertos.camara.leg.br/api/v2/proposicoes/2395833;REQ;294.0;147.0;2023;Requer a realização de Audiência Pública para debater as demandas e a apresentação de propostas de projetos de pesquisas a serem desenvolvidas pela EMBRAPA para aumentar a competitividade e a sustentabilidade da produção aquícola no Brasil de espécies nativas e da tilápia.;
2391859.0;https://dadosabertos.camara.leg.br/api/v2/proposicoes/2391859;OF;181.0;447.0;2023;Requer a quebra de sigilo fiscal do Sr.  Sergio de Moraes Filho.;
2403741.0;https://dadosabertos.camara.leg.br/api/v2/proposicoes/2403741;PDL;561.0;402.0;2023;Autoriza COBB VANTRESS BRASIL LTDA, empresa pessoa jurídica brasileira equiparada à estrangeira, a adquirir o imóvel rural que especifica.;
2355483.0;https://dadosabertos.camara.leg.br/api/v2/proposicoes/2355483;RIC;148.0;774.0;2023;Solicita informações ao Ministro da Educação, acerca do programa Plano de Ações Articuladas – PAR, cujo órgão responsável é o FNDE – Fundo Nacional do Desenvolvimento da Educação, para o Município de Presidente Figueiredo, no Estado do Amazonas.;
2439929.0;https://dadosabertos.camara.leg.br/api/v2/proposicoes/2439929;PL;139.0;2323.0;2024;Altera os artigos 316, 317 e 333 do Decreto-Lei nº 2.848, de 7 de dezembro de 1940 (Código Penal), a fim de aplicar as penas em dobro se os crimes de concussão, corrupção passiva e corrupção ativa forem praticados por ocasião de calamidade pública.;
2434000.0;https://dadosabertos.camara.leg.br/api/v2/proposicoes/2434000;INC;1025.0;439.0;2024;Sugere a elaboração de resolução que possibilite a contratação, pela Câmara dos Deputados, de estagiários e menores aprendizes para desempenhar atividades nos gabinetes parlamentares.;
2430988.0;https://dadosabertos.camara.leg.br/api/v2/proposicoes/2430988;REQ;1016.0;117.0;2024;Requer o envio de Indicação ao Poder Executivo para que seja avaliada a possibilidade de ampliar a alocação de recursos destinados à reestruturação do sistema educacional do Rio Grande do Sul;
2394507.0;https://dadosabertos.camara.leg.br/api/v2/proposicoes/2394507;REQ;294.0;161.0;2023;"Requer a realização de Audiência Pública, na Subcomissão Especial Hidrogênio Verde e Concessões de Distribuição, para debater e discutir a disponibilização de recursos financeiros para produção de Hidrogênio  
Verde no Brasil.";
2358487.0;https://dadosabertos.camara.leg.br/api/v2/proposicoes/2358487;PRC;444.0;61.0;2023;Acrescenta o art. 192-A ao Regimento Interno da Câmara dos Deputados, e dá outras providências.;
2456067.0;https://dadosabertos.camara.leg.br/api/v2/proposicoes/2456067;REQ;318.0;3393.0;2024;Requer a inclusão na Ordem do Dia do Plenário para votação do PL 2531/2021;
2391205.0;https://dadosabertos.camara.leg.br/api/v2/proposicoes/2391205;REQ;625.0;3313.0;2023;Requer a declaração de prejudicialidade dos PDCs nºs 644/2017 e 646/2017, que propõem sustar a vigência da Portaria Normativa nº 577, de 27 de abril de 2017, revogada pela Portaria nº 478, de 17 de março de 2023.;
2369380.0;https://dadosabertos.camara.leg.br/api/v2/proposicoes/2369380;PL;139.0;3089.0;2023;Dispõe sobre a implementação do “Programa Vini Jr. de Combate ao Racismo” nos estádios e nas arenas esportivas do Brasil.;
2380877.0;https://dadosabertos.camara.leg.br/api/v2/proposicoes/2380877;REQ;294.0;31.0;2023;Requer a realização de Audiência Pública para debater sobre as manifestações culturais do Congado e Reinado, bem como sobre o Projeto de Lei n° 2.379, de 2023, que “Institui o Dia Nacional dos Congados e Reinados”.;
2386435.0;https://dadosabertos.camara.leg.br/api/v2/proposicoes/2386435;PL;139.0;4375.0;2023;Dispõe sobre a Política Nacional de Atenção às Pessoas com Transtorno de Déficit de Atenção e Hiperatividade (TDAH) e dá outras providências.;
2476491.0;https://dadosabertos.camara.leg.br/api/v2/proposicoes/2476491;DOC;1003.0;1574.0;2024;Of. 605/2024/PS-GSE que encaminha a Mensagem n. 53/2024 de envio à sanção presidencial do PL 6606/2019.;
;;;;;2025;;
2419077.0;https://dadosabertos.camara.leg.br/api/v2/proposicoes/2419077;REQ;441.0;547.0;2024;Requer aprovação de Moção de Repúdio contra o indiciamento de policiais que atuaram em operação de combate à organização criminosa que praticaria o crime de “Domínio de Cidades”, em Varginha/MG.;
2413478.0;https://dadosabertos.camara.leg.br/api/v2/proposicoes/2413478;PL;139.0;6040.0;2023;Institui o Dia Nacional da Policial Rodoviária Federal Feminina e dá outras providências.;
;;;;;2025;;
2443209.0;https://dadosabertos.camara.leg.br/api/v2/proposicoes/2443209;INC;133.0;660.0;2024;Solicito ao Exmo. Sr. Ministro de Estado da Educação o envio de recursos federais destinados à construção e aparelhamento de uma creche no Bairro “Gramacho” no município de Duque de Caxias, estado do Rio de Janeiro.;
2468950.0;https://dadosabertos.camara.leg.br/api/v2/proposicoes/2468950;RIC;148.0;4150.0;2024;Requer que sejam solicitadas informações ao Ministério da Saúde, sobre o mapeamento e tratamento da Doença de Behçet no Brasil.;
2424956.0;https://dadosabertos.camara.leg.br/api/v2/proposicoes/2424956;RIC;148.0;889.0;2024;Requer informações ao Ministério da Saúde acerca das medidas e providências adotadas para combater o aumento de casos de dengue no Amazonas, em particular no Município de Urucurituba, assim como para reduzir os impactos na saúde pública.;
;;;;;2025;;
2450722.0;https://dadosabertos.camara.leg.br/api/v2/proposicoes/2450722;MSC;401.0;682.0;2024;Submete à apreciação do Congresso Nacional, acompanhado de Exposição de Motivos do Senhor Ministro de Estado das Comunicações, o ato constante da Portaria nº 12.026, de 18 de janeiro de 2024, publicada no Diário Oficial da União de 8 de fevereiro de 2024, que renova, a partir de 21 de fevereiro de 2014, a permissão outorgada anteriormente conferida ao Sistema Fernão Dias de Radiodifusão Ltda., atualmente denominada de Rádio Delta FM Ltda., para executar, pelo prazo de dez anos, sem direito de exclusividade, o serviço de radiodifusão sonora em frequência modulada, no Município de Atibaia, Estado de São Paulo.   - TVR 270/2024 - Portaria nº 12.026, de 18 de janeiro de 2024 - Sistema Fernão Dias de Radiodifusão Ltda,, no município de Atibaia - SP.;
2363573.0;https://dadosabertos.camara.leg.br/api/v2/proposicoes/2363573;EMC;130.0;59.0;2023;Dá nova redação à MPV 1164/2023;
2463483.0;https://dadosabertos.camara.leg.br/api/v2/proposicoes/2463483;RIC;148.0;3819.0;2024;Solicita informações ao Ministro da Defesa, acerca da pista de pouso e decolagem, e bem como o cronograma das obras, do aeroporto do município de Iranduba, no Estado do Amazonas.;
2380511.0;https://dadosabertos.camara.leg.br/api/v2/proposicoes/2380511;PL;139.0;3978.0;2023;Institui o Dia Nacional dos defensores dos animais.;
2446990.0;https://dadosabertos.camara.leg.br/api/v2/proposicoes/2446990;TVR;429.0;84.0;2024;Submete à apreciação do Congresso Nacional o ato constante da Portaria nº 12036, de 22 de janeiro de 2024, que renova a permissão outorgada à Fundação Universidade Regional de Blumenau para explorar, pelo prazo de dez anos, sem direito de exclusividade, serviço de radiodifusão sonora em frequência modulada, com fins exclusivamente educativos, no Município de Blumenau, Estado de Santa Catarina.;
2358121.0;https://dadosabertos.camara.leg.br/api/v2/proposicoes/2358121;INC;133.0;473.0;2023;Requer o envio de Indicação ao Ministério da Saúde, para a inclusão do Médico Veterinário no rol de profissões que integram a equipe multidisciplinar da Estratégia Saúde da Família (ESF), no Município de Belford Roxo, Estado do Rio de Janeiro.;
2420454.0;https://dadosabertos.camara.leg.br/api/v2/proposicoes/2420454;PL;139.0;712.0;2024;Institui o direito das mulheres parturientes de receberem atenção integral à saúde nos casos de perda gestacional espontânea, natimorto e perda neonatal ou que tenham sido submetidas à violência obstétrica e dá outras providências.;
2446545.0;https://dadosabertos.camara.leg.br/api/v2/proposicoes/2446545;TVR;422.0;69.0;2024;Submete à apreciação do Congresso Nacional o ato constante do Decreto nº 12.070, de 25 de junho de 2024, que outorga concessão ao Município de Araruama, para explorar, pelo prazo de quinze anos, sem direito de exclusividade, serviço de radiodifusão de sons e imagens em tecnologia digital, com fins exclusivamente educativos, no Município de Araruama, Estado do Rio de Janeiro.;
2359910.0;https://dadosabertos.camara.leg.br/api/v2/proposicoes/2359910;PL;139.0;2346.0;2023;Institui a Campanha de Conscientização sobre a FELV (Leucemia Viral Felina) e dá outras providências.;
2470971.0;https://dadosabertos.camara.leg.br/api/v2/proposicoes/2470971;PL;139.0;4487.0;2024;Extingue o Fundo Partidário e revoga dispositivos da Lei nº 9.096, de 19 de setembro de 1995.;
2382967.0;https://dadosabertos.camara.leg.br/api/v2/proposicoes/2382967;REQ;441.0;272.0;2023;Requer moção de aplausos ao Governador de São Paulo, Tarcísio de Freitas, e ao Secretário de Segurança Pública de São Paulo, Guilherme Muraro Derrite, pelo brilhante trabalho desenvolvido contra o crime organizado em São Paulo.;
2408046.0;https://dadosabertos.camara.leg.br/api/v2/proposicoes/2408046;DOC;1028.0;1433.0;2023;Comunica restituição de autógrafo do PL 432/2019, sancionado (Of 1236/2023-SF).;
2465466.0;https://dadosabertos.camara.leg.br/api/v2/proposicoes/2465466;INC;133.0;1476.0;2024;Sugere ao Excelentíssimo Ministro da Justiça e Segurança Pública, Sr. Ricardo Lewandowski, a criação de campanha informativa acerca dos serviços do poder público destinados para pessoas que fazem uso e abuso de drogas.;
2420479.0;https://dadosabertos.camara.leg.br/api/v2/proposicoes/2420479;REQ;294.0;4.0;2024;Requer realização de Audiência Pública com o tema “Dia  Mundial de Conscientização sobre o Autismo”.;
2353738.0;https://dadosabertos.camara.leg.br/api/v2/proposicoes/2353738;REQ;294.0;27.0;2023;Requer a realização de audiência pública nessa Comissão para debater sobre as condições, direitos e e garantias dos trabalhadores metroviários após a privatização do serviço de transporte metroviário nas cidades de Belo Horizonte e Contagem assinada pelo Grupo Comporte em 23 de março de 2023.;
2455514.0;https://dadosabertos.camara.leg.br/api/v2/proposicoes/2455514;TVR;492.0;361.0;2024;Submete à apreciação do Congresso Nacional o ato constante da Portaria nº 4.745, de 8 de novembro de 2018, que outorga autorização à Associação Comunitária Unidos Venceremos, para executar, pelo prazo de dez anos, sem direito de exclusividade, serviço de radiodifusão comunitária no Município de Belém, Estado do Pará.;
2364150.0;https://dadosabertos.camara.leg.br/api/v2/proposicoes/2364150;REQ;1018.0;83.0;2023;Requer a convocação, de Camila Silva da Motta, esposa e parceira de Bruno Lopes no esquema de manipulação de apostas em jugos de futebol para prestar esclarecimentos nesta presente CPI. De igual modo seja convocado o líder do esquema criminoso de manipulação, aliciamento de jogadores e apostas em jogos de futebol brasileiro, Sr. Bruno Lopes.;
;;;;;2025;;
2404103.0;https://dadosabertos.camara.leg.br/api/v2/proposicoes/2404103;PDL;557.0;415.0;2023;Susta, nos termos do inciso V do art. 49 da Constituição Federal, a Portaria nº 3.665, de 13 de Novembro de 2023, do Ministério do Trabalho e Emprego, que revoga os subitens 1, 2, 4, 5, 6, 17, 18, 19, 23, 25, 27 e 28, do item II - Comércio, do Anexo IV, bem como altera o subitem 14, do item II - Comércio, do Anexo IV, da Portaria/MTP nº 671, de 8 de novembro de 2021.;
;;;;;2025;;
2386561.0;https://dadosabertos.camara.leg.br/api/v2/proposicoes/2386561;REQ;294.0;320.0;2023;Requer a realização de audiência pública para debater os efeitos do fracking (fraturamento hidráulico) para extração de gás de xisto.;
2368002.0;https://dadosabertos.camara.leg.br/api/v2/proposicoes/2368002;EMC;130.0;136.0;2023;Dá nova redação à MPV 1165/2023;
2397398.0;https://dadosabertos.camara.leg.br/api/v2/proposicoes/2397398;REQ;392.0;3591.0;2023;Requer, nos termos do art. 155 do RICD, urgência para o Projeto de Lei nº 4.943/2023 que “Institui o Dia Nacional do Rosário da Virgem Maria”.;
2477136.0;https://dadosabertos.camara.leg.br/api/v2/proposicoes/2477136;PDL;553.0;588.0;2024;Aprova o ato que renova a permissão outorgada à Rádio Galiléia FM de Porangatu Ltda. para executar serviço de radiodifusão sonora em frequência modulada, no Município de Porangatu, Estado de Goiás.;
2445186.0;https://dadosabertos.camara.leg.br/api/v2/proposicoes/2445186;REQ;686.0;155.0;2024;Requer a realização de seminário em CONJUNTO com a Comissão de Segurança Pública e Combate ao Crime Organizado, na Cidade de Cotia - SP, para discutir acerca da violência dos criminosos contra policiais.;
2443771.0;https://dadosabertos.camara.leg.br/api/v2/proposicoes/2443771;RIC;148.0;1993.0;2024;Requer informações ao Ministério da Saúde as serem obtidas junto à Agência Nacional de Saúde Suplementar – ANS, sobre cancelamentos unilaterais de planos de saúde de pessoas idosas.;
2447872.0;https://dadosabertos.camara.leg.br/api/v2/proposicoes/2447872;DOC;1003.0;874.0;2024;Of. nº 345/2024/PS-GSE, que encaminha ao Senado Federal o processado do PDL 175-2024, em revisão.;
;;;;;2025;;
2461698.0;https://dadosabertos.camara.leg.br/api/v2/proposicoes/2461698;REQ;304.0;4167.0;2024;Requer o apensamento da Proposta de Emenda à Constituição nº 6, de 2024, à Proposta de Emenda à Constituição nº 555, de 2006;
2440589.0;https://dadosabertos.camara.leg.br/api/v2/proposicoes/2440589;EMC;130.0;8.0;2024;Dê-se a seguinte redação ao inciso XIII do art. 2º do Projeto de Lei nº 2.331, de 2022:;
;;;;;2025;;
2394689.0;https://dadosabertos.camara.leg.br/api/v2/proposicoes/2394689;REQ;311.0;3472.0;2023;Requer a retirada de tramitação de proposição apresentada, nos termos do art. 104, do Regimento Interno da Câmara dos Deputados;
2369147.0;https://dadosabertos.camara.leg.br/api/v2/proposicoes/2369147;REQ;355.0;1941.0;2023;Requer moção de pesar pelo falecimento da Senhora Democrata Cecília Bandeira, mãe do Desembargador Cezar Luiz Bandiera e sogra da Desembargadora Maria das Graças Pessôa Figueiredo.;
2450392.0;https://dadosabertos.camara.leg.br/api/v2/proposicoes/2450392;DOC;1033.0;950.0;2024;De ordem, comunica o calendário de tramitação da Medida Provisória nº 1245 de 2024 (Of 148/2024/SGM-CN).;
2417759.0;https://dadosabertos.camara.leg.br/api/v2/proposicoes/2417759;REQ;293.0;219.0;2024;Requer convocação de Sessão Solene, no Plenário desta Casa, em alusão ao Dia dos Povos Indígenas.;
2418708.0;https://dadosabertos.camara.leg.br/api/v2/proposicoes/2418708;RIC;148.0;282.0;2024;Requeremos ao Ministério da Defesa informações sobre arsenal de armas e pólvora localizados em residência de militar reformado e que foram causa de explosão seguida de incêndio em edifício residencial localizado na cidade de Campinas - SP.;
2413658.0;https://dadosabertos.camara.leg.br/api/v2/proposicoes/2413658;PL;139.0;6061.0;2023;"Altera a Lei nº 14.751, de 12 de dezembro de 2023, para assegurar aos policiais militares e bombeiros militares mudanças substanciais na Lei Orgânica Nacional das Polícias Militares e dos Corpos de Bombeiros Militares dos Estados, do Distrito Federal e dos Territórios, nos termos do inciso XXI do caput do art. 22 da Constituição Federal; altera a Lei n 13.675, de 11 de junho de 2018; a Lei nº 14.751, de 12 de dezembro de 2023, revoga dispositivos do Decreto-Lei n 667, de 2 de julho de 1969; e dá outras providências.";
2448873.0;https://dadosabertos.camara.leg.br/api/v2/proposicoes/2448873;EMC;130.0;2.0;2024;Institui a obrigatoriedade de vigilantes do sexo feminino nos estabelecimentos de prestação de serviços financeiros e dá outras providências.;
2428898.0;https://dadosabertos.camara.leg.br/api/v2/proposicoes/2428898;PL;139.0;1386.0;2024;Amplia a participação máxima de criadores de tecnologia em Instituições Científicas e Tecnológicas (ICTs) de 1/3 para ½ dos ganhos econômicos auferidos pela ICT.;
2427785.0;https://dadosabertos.camara.leg.br/api/v2/proposicoes/2427785;RIC;148.0;1044.0;2024;Requer informações ao Ministério de Integração e do Desenvolvimento Regional a respeito da falta de políticas preventivas contra desastres climáticos nos municípios do Amazonas, e demais providências.;
2358849.0;https://dadosabertos.camara.leg.br/api/v2/proposicoes/2358849;INC;133.0;528.0;2023;Sugere a inclusão do município de Água Azul do Norte, no Estado do Pará, no Programa Nacional de Segurança nas Escolas.;
2461363.0;https://dadosabertos.camara.leg.br/api/v2/proposicoes/2461363;PL;139.0;3838.0;2024;Institui exigências de compensação de pegada de carbono para produtos e serviços provenientes da União Europeia, com base na Cédula de Produto Rural Verde (CPR Verde), e dá outras providências.;
;;;;;2025;;
2372556.0;https://dadosabertos.camara.leg.br/api/v2/proposicoes/2372556;RIC;148.0;1818.0;2023;Requer informações à Exma. Sra. Ministra da Saúde, Nísia Trindade, sobre a situação de todas as emendas individuais, de bancada e de relator, inclusive as não cadastradas, que foram destinadas para as cidades de Betim, Belo Horizonte, Contagem, Lagoa Santa e Nova Lima, em Minas Gerais, nos anos de 2020 a 2023.;
2382644.0;https://dadosabertos.camara.leg.br/api/v2/proposicoes/2382644;PL;139.0;4128.0;2023;Dispõe sobre a proibição de criação e execução de políticas públicas fundamentadas em critérios discriminatórios baseados na cor da pele ou em características fenotípicas para acesso, seleção ou benefício de indivíduos ou grupos.;
2419787.0;https://dadosabertos.camara.leg.br/api/v2/proposicoes/2419787;REQ;354.0;660.0;2024;Requer aprovação de Moção de Aplausos pela atuação exemplar da Sargento BM Paula Freire dos Santos, integrante do 9° Batalhão de Bombeiros Militar (9° BBM) em Juazeiro/BA.;
2364836.0;https://dadosabertos.camara.leg.br/api/v2/proposicoes/2364836;REQ;294.0;14.0;2023;Requer Requer o aditamento ao requerimento nº 6/2023, para inclusão de convidado na realização de audiência pública.;
2419257.0;https://dadosabertos.camara.leg.br/api/v2/proposicoes/2419257;ATA;810.0;8.0;2024;TermoSolene008GilbertoNascimento;
2444741.0;https://dadosabertos.camara.leg.br/api/v2/proposicoes/2444741;REL;292.0;2.0;2024;Relatório Temático: Brumadinho;
2350940.0;https://dadosabertos.camara.leg.br/api/v2/proposicoes/2350940;REQ;354.0;595.0;2023;Requer Moção de Louvor e Regozijo ao Exmo. Sr. CB FABIO PIRES, efetivo da 3ª Companhia do 38º Batalhão de Polícia Militar, em Três Rios, RJ, devido tornar-se destaque por sua destreza, bravura e profissionalismo aos excelentes serviços prestados como agente da segurança pública, nas fileiras da corporação, lotado no 38º Batalhão de Polícia Militar, em Três Rios, Estado do Rio de Janeiro, RJ.;
2418495.0;https://dadosabertos.camara.leg.br/api/v2/proposicoes/2418495;INC;133.0;104.0;2024;Sugere ao Exmo. Ministro da Fazenda a extensão dos prazos de entrega de obrigações acessórias devidas por empresas à Receita Federal, em virtude da baixa de pessoal sentida nas regiões afetadas pelas epidemias de dengue e Chikungunya.;
2349533.0;https://dadosabertos.camara.leg.br/api/v2/proposicoes/2349533;INC;133.0;124.0;2023;Sugere a reestruturação da carreira de Especialista em Meio Ambiente, que passa a ser típica de Estado, entre outras providências.;
2417985.0;https://dadosabertos.camara.leg.br/api/v2/proposicoes/2417985;RIC;148.0;186.0;2024;Requer informações ao Exmo. Sr. Ministro da Justiça e da Segurança Pública, Ricardo Lewandowski, acerca das estatísticas referentes às fugas de penitenciárias no Brasil.;
;;;;;2025;;
;;;;;2025;;
;;;;;2025;;
2390583.0;https://dadosabertos.camara.leg.br/api/v2/proposicoes/2390583;RIC;148.0;2397.0;2023;Requer informações à Excelentíssima Senhora Ministra de Estado de Saúde acerca da criação de centros de terapia assistida no SUS.;
2454545.0;https://dadosabertos.camara.leg.br/api/v2/proposicoes/2454545;REQ;354.0;3125.0;2024;Requer aprovação de Voto de Regozijo e Louvor ao Sr. CB. THIAGO BERILLI BATISTA, pertencente ao efetivo do Corpo de Bombeiros Militar do Estado do Espírito Santo, em reconhecimento aos valorosos serviços prestados aos municípios da região sul capixaba, diante das fortes chuvas que atingiram a região no final do mês de março do presente ano.;
;;;;;2025;;
2475061.0;https://dadosabertos.camara.leg.br/api/v2/proposicoes/2475061;MSC;401.0;1546.0;2024;Submete à apreciação do Congresso Nacional o do ato constante da Portaria nº 14.322, de 26 de agosto de 2024, publicada no Diário Oficial da União de 9 de setembro de 2024, que renova, a partir de 5 de maio de 2021, a permissão outorgada anteriormente conferida à Rádio Transoeste Ltda., para executar,  pelo prazo de dez anos, sem direito de exclusividade, o serviço de radiodifusão sonora em frequência modulada, no Município de Joaçaba, Estado de Santa Catarina.;
2350107.0;https://dadosabertos.camara.leg.br/api/v2/proposicoes/2350107;PLP;140.0;37.0;2023;Altera a Lei Complementar n° 123, de 14 de dezembro de 2006, para facultar à microempresa ou à empresa de pequeno porte que se autorregularizar após o prazo legal a opção pelo Simples Nacional relativamente ao restante do ano-calendário.;
2417875.0;https://dadosabertos.camara.leg.br/api/v2/proposicoes/2417875;DOC;1033.0;75.0;2024;Comunica restituição de autógrafo da parte vetada do PL 1403/2019, promulgada (Of 24/2024-CN).;
;;;;;2025;;
2419881.0;https://dadosabertos.camara.leg.br/api/v2/proposicoes/2419881;REQ;294.0;4.0;2024;Nos termos do art. 58 § 2º, II, da Constituição Federal, e dos arts. 24, III, 255 a 258. Do Regimento Interno da Câmara dos Deputados, requeiro a Vossa Excelência que, ouvida a Comissão, seja realizada reunião de audiência pública na Comissão de Finanças e Tributação, para debater “Fechamento das Agências da Receita Federal no Brasil”.;
2374105.0;https://dadosabertos.camara.leg.br/api/v2/proposicoes/2374105;OF;181.0;48.0;2023;Convite para audiência pública - Sr. Roberto Eiji Sakaguti - TCU - Req. 276/2023.;
2448398.0;https://dadosabertos.camara.leg.br/api/v2/proposicoes/2448398;DOC;1062.0;880.0;2024;Informa transição de cargo da Presidência da Frente Parlamentar Mista Pela Inovação na Bioeconomia.;
2467940.0;https://dadosabertos.camara.leg.br/api/v2/proposicoes/2467940;PL;139.0;4326.0;2024;Institui o Direito à Assistência Tecnológica Personalizada para Pessoas com Deficiência e dá outras providências.;
2387945.0;https://dadosabertos.camara.leg.br/api/v2/proposicoes/2387945;MSC;411.0;444.0;2023;“Acordo de Cooperação entre o Governo da República Federativa do Brasil e o Governo da República do Benin em Matéria Militar”, assinado no Rio de Janeiro, em 12 de abril de 2023.;
2467324.0;https://dadosabertos.camara.leg.br/api/v2/proposicoes/2467324;MSC;401.0;1309.0;2024;Submete à apreciação do Congresso Nacional o ato constante da Portaria nº 6.361, de 8 de agosto de 2022, publicada no Diário Oficial da União de 29 de setembro de 2022, que OUTORGA autorização à Associação Comunitária Artes e Cultura Tabuleirense - ATT, para executar, pelo prazo de dez anos, sem direito de exclusividade, o serviço de radiodifusão COMUNITÁRIA, no Município de Tabuleiro, Estado de Minas Gerais.;
2387610.0;https://dadosabertos.camara.leg.br/api/v2/proposicoes/2387610;REQ;354.0;3014.0;2023;Requer Moção de Louvor e Regozijo ao. Sr. Mario Bastos Couto, devido tornar-se destaque pelos excelentes serviços prestados como engenheiro civil.;
2405062.0;https://dadosabertos.camara.leg.br/api/v2/proposicoes/2405062;SOR;611.0;16.0;2023;"Governança e Regularização Fundiária Nacional. (Programa 5136; Ação: 21G7; Nacional; APROPRIAÇÃO;  Valor: 100.000.000).";
2426831.0;https://dadosabertos.camara.leg.br/api/v2/proposicoes/2426831;REQ;294.0;81.0;2024;Requer a realização de audiência pública, no âmbito desta Comissão de Saúde, para discutir “O atraso na disponibilização de medicamentos necessários ao tratamento de cânceres (em especial os carcinomas de mama) no Sistema Único de Saúde – SUS”.;
2450151.0;https://dadosabertos.camara.leg.br/api/v2/proposicoes/2450151;RIC;148.0;2824.0;2024;Requer informações ao Ministério do Desenvolvimento e Assistência Social, Família e Combate à Fome acerca das medidas adotadas para combater a insegurança alimentar no Amazonas, mais precisamente em Boca do Acre, assim como outras providências.;
2370534.0;https://dadosabertos.camara.leg.br/api/v2/proposicoes/2370534;RIC;148.0;1739.0;2023;Solicita informações ao ministro da Educação acerca do Programa Banda Larga nas Escolas no município de Ourilândia do Norte, no Estado do Pará.;
2376473.0;https://dadosabertos.camara.leg.br/api/v2/proposicoes/2376473;RIC;148.0;2014.0;2023;Solicita informações ao Ministro das Comunicações referente ao prazo para instalação e funcionamento do sinal 5G no município de Igarapé-Açu, no Estado do Pará.;
2418230.0;https://dadosabertos.camara.leg.br/api/v2/proposicoes/2418230;INC;133.0;73.0;2024;Sugere a implantação de uma Unidade da Casa da Mulher Brasileira no município de Conceição do Araguaia, no Estado do Pará.;
2400916.0;https://dadosabertos.camara.leg.br/api/v2/proposicoes/2400916;PL;139.0;5302.0;2023;Altera a Lei nº 9.883, de 07 de dezembro de 1999, para estabelecer regras para o Plano Nacional de Inteligência, diretivas anuais para a Agência Brasileira de Inteligência (ABIN) e aprimorar o controle externo do Poder Legislativo, e dá outras providências.;
2424353.0;https://dadosabertos.camara.leg.br/api/v2/proposicoes/2424353;REQ;354.0;916.0;2024;Requer Moção de Louvor e Regozijo ao Sr. 1º Sargento ANDRE LUIS MONTEIRO COSTA, pelos excelentes serviços prestados à Sociedade Carioca e Fluminense.;
2420875.0;https://dadosabertos.camara.leg.br/api/v2/proposicoes/2420875;RIC;148.0;541.0;2024;Requer informações ao Ministério de Minas e Energia acerca da Compensação Financeira pela Exploração Mineral (CFEM).;
;;;;;2025;;
2383790.0;https://dadosabertos.camara.leg.br/api/v2/proposicoes/2383790;OF;181.0;160.0;2023;Requer quebra de sigilo bancário nos termos que especifica.;
2365258.0;https://dadosabertos.camara.leg.br/api/v2/proposicoes/2365258;REQ;441.0;154.0;2023;Requer Moção de Aplausos aos Policiais do Departamento de Operações de Fronteira – DOF, frente à celebração dos seus 36 anos como uma das principais unidades do país em policiamento de fronteira.;
2471352.0;https://dadosabertos.camara.leg.br/api/v2/proposicoes/2471352;PL;139.0;4507.0;2024;Institui, para as empresas de grande porte, prazo de 30 (trinta) dias de pagamento para o fornecimento de produtos ou serviços de microempresas e empresas de pequeno e de médio porte, e dá outras providências.;
2389655.0;https://dadosabertos.camara.leg.br/api/v2/proposicoes/2389655;EMC;130.0;1.0;2023;"Dispõe sobre o processo e o julgamento das ações de controle concentrado de constitucionalidade perante o Supremo Tribunal Federal; e altera a Lei nº 13.105, de 16 de março de 2015 (Código de Processo Civil).";
2449239.0;https://dadosabertos.camara.leg.br/api/v2/proposicoes/2449239;REQ;313.0;2640.0;2024;Requer inclusão na co-autoria ao PL 2254/2023.;
2454621.0;https://dadosabertos.camara.leg.br/api/v2/proposicoes/2454621;REQ;354.0;3183.0;2024;Requer Voto de Louvor e Regozijo ao Sr. CB Laelson Tavares de Brito pelos excelentes serviços prestados ao estado do Rio de Janeiro, junto ao CBMERJ.;
;;;;;2025;;
2404133.0;https://dadosabertos.camara.leg.br/api/v2/proposicoes/2404133;SLD;612.0;7.0;2023;"Estatais; Emenda ao Texto";
2372170.0;https://dadosabertos.camara.leg.br/api/v2/proposicoes/2372170;REQ;392.0;2153.0;2023;“Requer a urgência, nos termos do art. 155, do Regimento Interno da Câmara dos Deputados, para apreciação do PL 375/2022”.;
2419621.0;https://dadosabertos.camara.leg.br/api/v2/proposicoes/2419621;PL;139.0;610.0;2024;Cria o Dia Nacional do Agente de Polícia do Ministério Público;
2353949.0;https://dadosabertos.camara.leg.br/api/v2/proposicoes/2353949;REQ;625.0;15.0;2023;"Requer, nos termos regimentais, a declaração de Prejudicialidade das proposições relacionadas à COVID-19 em tramitação na Comissão de Finanças e 
Tributação.";
;;;;;2025;;
2368532.0;https://dadosabertos.camara.leg.br/api/v2/proposicoes/2368532;REQ;1029.0;218.0;2023;Requer que seja submetido à deliberação do Plenário desta Comissão Parlamentar de Inquérito o pedido ora formulado de REQUISIÇÃO, ao Comandante da Aeronáutica, dos manifestos de passageiros relacionando todos integrantes da comitiva do Presidente da República na recente viagem à República Popular da China.;
2434536.0;https://dadosabertos.camara.leg.br/api/v2/proposicoes/2434536;RIC;148.0;1359.0;2024;Requer que sejam prestadas, pelo Exmo. Sr. Ministro das Relações Exteriores, Mauro Luiz Lecker Vieira, informações sobre situação de vulnerabilidade dos indígenas Yanomami.;
2474924.0;https://dadosabertos.camara.leg.br/api/v2/proposicoes/2474924;DOC;1035.0;1573.0;2024;Comunicação da Eleição da Nova Presidência da Frente Parlamentar da Agropecuária (FPA) para o Biênio 2025/2026 -Atualização de Documentos da Frente Parlamentar da Agropecuária (FPA);
2378947.0;https://dadosabertos.camara.leg.br/api/v2/proposicoes/2378947;REQ;686.0;168.0;2023;Requer que seja autorizada pela Comissão de Educação a realização de “Seminário no Estado de São Paulo” para debater os resultados da Consulta Pública para Avaliação e Reestruturação da Política Nacional de Ensino Médio.;
2446530.0;https://dadosabertos.camara.leg.br/api/v2/proposicoes/2446530;REQ;448.0;119.0;2024;Requer o aditamento ao REQ 94/2024 – CPADR para inclusão de convidados em Mesa Redonda.;
2436345.0;https://dadosabertos.camara.leg.br/api/v2/proposicoes/2436345;PL;139.0;2037.0;2024;Altera a Lei nº 6.938, de 31 de agosto de 1981, para dispor acerca do licenciamento ambiental simplificado para a implantação ou ampliação de rodovias, gasodutos de transporte de gás natural, de redes de telecomunicação e redes de transmissão de energia elétrica nas faixas de domínio e de servidão da União, dos Estados e Municípios.;
2360705.0;https://dadosabertos.camara.leg.br/api/v2/proposicoes/2360705;REQ;448.0;195.0;2023;Requer a realização de Auditoria, com o auxílio do Tribunal de Contas da União, com o objetivo de avaliar a regularidade dos contratos da Codevasf com a empreiteira Engefort.;
2405454.0;https://dadosabertos.camara.leg.br/api/v2/proposicoes/2405454;SOR;611.0;61.0;2023;Dep. Carmen Zanotto - Apropriação (inclusão) - Subfunção 302 (Assistência Hospitalar e Ambulatorial) - Programa 5118 (Atenção Especializada à Saúde) - Ação 2E90 (Incremento Temporário ao Custeio dos Serviços de Assistência Hospitalar e Ambulatorial para Cumprimento de Metas) - Valor 5.000.000.000.;
2363276.0;https://dadosabertos.camara.leg.br/api/v2/proposicoes/2363276;EMC;130.0;4.0;2023;Altera a Lei nº 4.502, de 30 de novembro de 1964, a Lei nº 8.383, de 30 de dezembro de 1991, a Lei nº 10.865 de 30 de abril de 2004 e o Decreto-Lei nº 37, de 18 de novembro de 1966, para incluir nas hipóteses de isenção do IPI, PIS/PASEP, COFINS e de importações nas operações de crédito de aquisição de veículos automotores nacionais e/ou importados, para os Servidores Públicos da Segurança Pública, e dá outras providências.;
2420969.0;https://dadosabertos.camara.leg.br/api/v2/proposicoes/2420969;PL;139.0;750.0;2024;Altera a Lei nº 5.655, de 20 de maio de 1971, para destinar parcela dos recursos da Reserva Global de Reversão (RGR) para a modernização dos sistemas de iluminação públicas municipais.;
2380776.0;https://dadosabertos.camara.leg.br/api/v2/proposicoes/2380776;DOC;1028.0;724.0;2023;Encaminha cópia do autógrafo do Decreto Legislativo nº 77, de 2023, promulgado (Of 717/2023-SF).;
;;;;;2025;;
2458921.0;https://dadosabertos.camara.leg.br/api/v2/proposicoes/2458921;PL;139.0;3659.0;2024;Altera o art. 250 do Decreto-Lei n° 2.848, de 7 de dezembro de 1940 (Código Penal), a fim de dispor sobre aumento de pena nos casos de incêndio criminoso, e dá outras providências.;
2417997.0;https://dadosabertos.camara.leg.br/api/v2/proposicoes/2417997;RIC;148.0;188.0;2024;Requer que sejam solicitadas informações ao Ministério da Justiça e Segurança Pública sobre a fuga de dois presos da Penitenciária Federal de Mossoró no Rio Grande do Norte, considerada como penitenciária de segurança máxima.;
2356495.0;https://dadosabertos.camara.leg.br/api/v2/proposicoes/2356495;PL;139.0;1913.0;2023;Altera o Decreto-Lei nª 2.848, de 07 de dezembro de 1940 – Código Penal, para dispor sobre a divulgação de conteúdos que atentam contra a cidadania digital.;
2354467.0;https://dadosabertos.camara.leg.br/api/v2/proposicoes/2354467;REQ;294.0;34.0;2023;Requer a inclusão de coautoria no Requerimento nº 14/2023 CDHMIR e indicação de nomes para a audiência pública. Realizada em 16/05/23;
;;;;;2025;;
2463777.0;https://dadosabertos.camara.leg.br/api/v2/proposicoes/2463777;RIC;148.0;3896.0;2024;Solicita informações ao Ministério da Educação acerca do Programa Banda Larga nas Escolas no Distrito Federal.;
2354391.0;https://dadosabertos.camara.leg.br/api/v2/proposicoes/2354391;REQ;354.0;1001.0;2023;Requer a aprovação de Moção de Regozijo e Louvor ao senhor Abraão Azevedo, pela trajetória vitoriosa como atleta de mountan bike ao longo de mais de 30 anos;
2417650.0;https://dadosabertos.camara.leg.br/api/v2/proposicoes/2417650;REQ;293.0;214.0;2024;Requer a realização de Sessão Solene em homenagem à Nossa Senhora de Nazaré.;
2370152.0;https://dadosabertos.camara.leg.br/api/v2/proposicoes/2370152;PL;139.0;3142.0;2023;Altera o Código Penal, para dispor sobre a tipificação do crime de permissão de ingresso de ditador em território nacional.;
2451310.0;https://dadosabertos.camara.leg.br/api/v2/proposicoes/2451310;REQ;441.0;62.0;2024;Requer Moção de Aplauso e Louvor em favor das atletas REBECA ANDRADE e SGT BIA SOUZA pela conquista das medalhas de ouro bem como aos demais atletas medalhistas nos jogos olímpicos de Paris em 2024, assim reconhecemos o papel fundamental das Forças Armadas Brasileiras na promoção do esporte entre seus militares.;
2407413.0;https://dadosabertos.camara.leg.br/api/v2/proposicoes/2407413;PL;139.0;5747.0;2023;Altera o art. 394-A do Decreto-Lei nº 3.689, de 3 de outubro de 1941 (Código de Processo Penal), para assegurar prioridade na tramitação dos processos decorrentes da prática de crime contra criança ou adolescente.;
2424333.0;https://dadosabertos.camara.leg.br/api/v2/proposicoes/2424333;ATA;810.0;42.0;2023;Ata da 42ª Reunião Extraordinária de Audiência Pública;
2426838.0;https://dadosabertos.camara.leg.br/api/v2/proposicoes/2426838;REQ;1017.0;100.0;2024;Solicita ao Ministério da Educação esclarecimentos sobre a situação das 3.783 obras paralisadas na educação básica em todo o país.;
2470064.0;https://dadosabertos.camara.leg.br/api/v2/proposicoes/2470064;INC;133.0;1664.0;2024;Sugere ao Ministério de Portos e Aeroportos a implementação de um sistema de alerta rápido para informar autoridades aeroportuárias e companhias aéreas sobre a iminência de incêndios ou condições de baixa visibilidade.;
2475048.0;https://dadosabertos.camara.leg.br/api/v2/proposicoes/2475048;SOR;611.0;12.0;2024;Departamento de Polícia Federal (DPF) na função de Segurança Pública e subfunção de Policiamento, no âmbito do programa Segurança Pública com Cidadania - DPF AÇÃO 2726.;
2416921.0;https://dadosabertos.camara.leg.br/api/v2/proposicoes/2416921;PL;139.0;48.0;2024;Denomina Trevo Joédis Marques Ferreira o entroncamento entre as BRs 153 e 365, localizado no Município de Monte Alegre de Minas, Estado de Minas Gerais.;
;;;;;2025;;
2438238.0;https://dadosabertos.camara.leg.br/api/v2/proposicoes/2438238;RIC;148.0;1507.0;2024;Solicita informações ao Sr. Ministro da Educação, a respeito do relato de mais um caso de violência e bullying, na Escola Estadual Júlio Pardo Couto, localizada em Praia Grande, litoral Paulista.;
2414100.0;https://dadosabertos.camara.leg.br/api/v2/proposicoes/2414100;EMC;130.0;91.0;2023;Dá nova redação à MPV 1185/2023;
2408660.0;https://dadosabertos.camara.leg.br/api/v2/proposicoes/2408660;REQ;448.0;107.0;2023;Requer inclusão de convidado  em Audiência Pública- aditamento  ao  requerimento n.º 106/2023.;
;;;;;2025;;
2443833.0;https://dadosabertos.camara.leg.br/api/v2/proposicoes/2443833;REQ;354.0;2395.0;2024;Requer aprovação de Voto de Regozijo e Louvor ao Sr. 2°TEN. QOA. ALEX SANDRO FERREIRA BERNARDES, pertencente ao efetivo do Corpo de Bombeiros Militar do Estado do Espírito Santo, em reconhecimento aos valorosos serviços prestados aos municípios da região sul capixaba, diante das fortes chuvas que atingiu a região no final do mês de março do presente ano.;
2407502.0;https://dadosabertos.camara.leg.br/api/v2/proposicoes/2407502;PL;139.0;5758.0;2023;Altera a Lei nº 13.105 de 16 de março de 2015 para introduzir modificações no Código de Processo Civil.;
2392075.0;https://dadosabertos.camara.leg.br/api/v2/proposicoes/2392075;REQ;293.0;3351.0;2023;Requeiro a Vossa Excelência, com base no artigo 68 do Regimento interno, e ouvido o Plenário, a convocação de sessão Solene em Homenagem à Campanha Internacional do Outubro Rosa, a ser realizada no dia 03 de outubro de 2023 – terça-feira – 10h.;
2394259.0;https://dadosabertos.camara.leg.br/api/v2/proposicoes/2394259;REQ;609.0;3440.0;2023;Requer nos termos regimentais, o registro da  Frente Parlamentar Mista em Apoio ao Acolhimento de Migrantes Transnacionais e Refugiados.;
;;;;;2025;;
2476986.0;https://dadosabertos.camara.leg.br/api/v2/proposicoes/2476986;INC;133.0;1925.0;2024;Sugere ao Ministério da Justiça e Segurança Pública a implementação de políticas urgentes para combater a violência no Amazonas, com foco na redução das taxas de homicídios e outros crimes, especialmente no município de Anamã.;
2349754.0;https://dadosabertos.camara.leg.br/api/v2/proposicoes/2349754;PL;139.0;775.0;2023;“Altera a Lei nº 7.474, de 8 de maio de 1986, que dispõe sobre medidas de segurança aos ex-Presidentes da República, para limitar o uso das prerrogativas, quando exercida no exterior e em interesse privado.;
2462144.0;https://dadosabertos.camara.leg.br/api/v2/proposicoes/2462144;PL;139.0;3919.0;2024;Acrescenta o Art. 428-A ao Decreto-lei n.º 5.452, de 1º de maio de 1943, para permitir que as empresas públicas, sociedades de economia mista e entes da Administração Pública federal, estadual e municipal celebrem contratos de capacitação profissional com jovens aprendizes de 14 a 24 anos, que estejam regularmente matriculados em instituições de ensino médio ou superior.;
2451798.0;https://dadosabertos.camara.leg.br/api/v2/proposicoes/2451798;REQ;294.0;79.0;2024;Requerem a realização de Audiência Pública nessa Comissão para discutir o Ordenamento Territorial e a mobilidade Urbana, no âmbito do Setor Ferroviário brasileiro.;
;;;;;2025;;
2355167.0;https://dadosabertos.camara.leg.br/api/v2/proposicoes/2355167;PL;139.0;1694.0;2023;Inclui a Síndrome de Klippel Trenaunay no rol de doenças graves e raras e dá outras providências.;
2439389.0;https://dadosabertos.camara.leg.br/api/v2/proposicoes/2439389;INC;133.0;583.0;2024;Indicação à Ministra do Meio Ambiente e Mudança do Clima, solicitando medidas urgentes relacionadas ao garimpo ilegal que está acontecendo no município de Barcelos –Amazonas.;
2416884.0;https://dadosabertos.camara.leg.br/api/v2/proposicoes/2416884;PL;139.0;28.0;2024;Altera a Lei nº 7.960, de 21 de dezembro de 1989, para ampliar o rol dos delitos passíveis de prisão temporária, e dá outras providências.;
2407304.0;https://dadosabertos.camara.leg.br/api/v2/proposicoes/2407304;PL;139.0;5743.0;2023;Cria o Dia Nacional do Numismata.;
2419605.0;https://dadosabertos.camara.leg.br/api/v2/proposicoes/2419605;REQ;392.0;650.0;2024;Requer, nos termos do artigo 155 do Regimento Interno da Câmara dos Deputados, que seja incluído automaticamente na Ordem do Dia o Projeto de Lei nº 5257/2023, que altera o art. 244 do Decreto-Lei nº 3.689, de 3 de outubro de 1941 (Código de Processo Penal), para incluir a denúncia anônima como justa causa e legitimar a busca pessoal e veicular efetuada pela autoridade policial.;
2474184.0;https://dadosabertos.camara.leg.br/api/v2/proposicoes/2474184;REQ;294.0;260.0;2024;Requer o aditamento do requerimento nº 249/2024, para inclusão de convidado em Audiência Pública na Comissão de Saúde.;
2463332.0;https://dadosabertos.camara.leg.br/api/v2/proposicoes/2463332;REQ;294.0;222.0;2024;Requer a realização de audiência pública para discutir o tema: Angola é Aqui, com o objetivo de discutir a influência histórica, cultural e social de Angola na formação do povo brasileiro.;
;;;;;2025;;
2482837.0;https://dadosabertos.camara.leg.br/api/v2/proposicoes/2482837;ATA;810.0;233.0;2024;Ata da Sessão 233 de 2024;
2369539.0;https://dadosabertos.camara.leg.br/api/v2/proposicoes/2369539;REQ;1018.0;239.0;2023;Requer seja submetido à deliberação do Plenário desta Comissão Parlamentar de Inquérito o pedido ora formulado de CONVOCAÇÃO de Júlio Cesar Dal Magro.;
2428086.0;https://dadosabertos.camara.leg.br/api/v2/proposicoes/2428086;EMC;130.0;162.0;2024;Dá nova redação à MPV 1202/2023;
2466136.0;https://dadosabertos.camara.leg.br/api/v2/proposicoes/2466136;DOC;1028.0;1495.0;2024;Comunica restituição de autógrafo do PL 7544/2017, sancionado (Of 1246/2024-SF);
2429963.0;https://dadosabertos.camara.leg.br/api/v2/proposicoes/2429963;REQ;354.0;1362.0;2024;Requer Moção de Louvor e Regozijo ao Sr. 2º Sargento PM Flávio Teixeira Garcia, pelos excelentes serviços prestados ao Estado do Rio de Janeiro.;
2454593.0;https://dadosabertos.camara.leg.br/api/v2/proposicoes/2454593;REQ;354.0;3156.0;2024;Requer Voto de Louvor e Regozijo ao Sr. 3º SGT Jean de Oliveira Sanson, pelos excelentes serviços prestados ao estado do Rio de Janeiro, junto ao CBMERJ.;
2365786.0;https://dadosabertos.camara.leg.br/api/v2/proposicoes/2365786;REQ;294.0;15.0;2023;Requer a inclusão de convidado ao Requerimento n° 7/2023, que requer a realização de audiências públicas para debater a transformação digital da administração pública brasileira. Convidado: - Representante da ANFIP (Associação Nacional dos Auditores Fiscais da Receita Federal do Brasil).;
2450169.0;https://dadosabertos.camara.leg.br/api/v2/proposicoes/2450169;RIC;148.0;2842.0;2024;Requer informações ao Ministério do Desenvolvimento e Assistência Social, Família e Combate à Fome acerca das medidas adotadas para combater a insegurança alimentar no Amazonas, mais precisamente em Itamarati, assim como outras providências.;
2351373.0;https://dadosabertos.camara.leg.br/api/v2/proposicoes/2351373;REQ;293.0;681.0;2023;Requer a realização de Sessão Solene em homenagem aos 108 anos de fundação do município de Santa Rosa no Rio Grande do Sul.;
2451376.0;https://dadosabertos.camara.leg.br/api/v2/proposicoes/2451376;REQ;354.0;2939.0;2024;Requer aprovação de Voto de Regozijo e Louvor à Sra. 3ºSGT. CAROLINA ANTUNES DE OLIVEIRA MATOS, pertencente ao efetivo do Corpo de Bombeiros Militar do Estado do Espírito Santo, em reconhecimento aos valorosos serviços prestados aos municípios da região sul capixaba, diante das fortes chuvas que atingiram a região no final do mês de março do presente ano.;
2443233.0;https://dadosabertos.camara.leg.br/api/v2/proposicoes/2443233;REQ;392.0;2332.0;2024;Requer, nos termos do art. 155 do Regimento Interno da Câmara dos Deputados, regime de URGÊNCIA para a tramitação do Projeto de Lei nº 1.222 de 2024 de autoria da Deputada Laura Carneiro que “Altera o art. 173 do Decreto-Lei nº 2.848, de 7 de dezembro de 1940 (Código Penal), para estabelecer uma causa de aumento de pena no crime de abuso de incapazes quando cometido por ascendente ou responsável legal da vítima, prevalecendo-se dessa condição”.;
2414488.0;https://dadosabertos.camara.leg.br/api/v2/proposicoes/2414488;PL;139.0;6072.0;2023;Altera a Lei nº 12.764, de 27 de dezembro de 2012, que institui a Política Nacional de Proteção dos Direitos da Pessoa com Transtorno do Espectro Autista, e estabelece pena de multa a gestor escolar ou autoridade competente que expulsar criança com autismo.;
2398506.0;https://dadosabertos.camara.leg.br/api/v2/proposicoes/2398506;REQ;294.0;54.0;2023;Requer a realização de audiência pública para debater a Política Industrial no audiovisual.;
2454431.0;https://dadosabertos.camara.leg.br/api/v2/proposicoes/2454431;MSC;401.0;848.0;2024;Submete à apreciação do Congresso Nacional, acompanhado de Exposição de Motivos do Senhor Ministro de Estado das Comunicações, o ato constante da Portaria nº 12.601, de 18 de março de 2024, publicada no Diário Oficial da União de 4 de abril de 2024, que renova, a partir de 2 de maio de 2022, a permissão outorgada anteriormente conferida à Rádio FM Norte do Paraná Ltda., para executar, pelo prazo de dez anos, sem direito de exclusividade, o serviço de radiodifusão sonora em frequência modulada, no Município de Rolândia, Estado do Paraná.   - TVR 340/2024 - Portaria nº 12.601, de 18 de março de 2024 - Rádio FM Norte do Paraná Ltda,, no município de Rolândia - PR.;
;;;;;2025;;
2394239.0;https://dadosabertos.camara.leg.br/api/v2/proposicoes/2394239;DOC;1033.0;1123.0;2023;Comunica término de prazo para edição de decreto legislativo - MPV 1169/2023 (Of 254/2023-CN).;
2355340.0;https://dadosabertos.camara.leg.br/api/v2/proposicoes/2355340;REQ;294.0;7.0;2023;Requer a realização de audiências públicas para debater a transformação digital da administração pública brasileira.;
2392201.0;https://dadosabertos.camara.leg.br/api/v2/proposicoes/2392201;RIC;148.0;2438.0;2023;Solicita à Exma. Ministra do Ministério da Saúde, Sra. Nísia Trindade Lima, informações a cerca do contrato com dispensa de licitação firmado pelo Ministério no valor de R$ 87.000.000,00 (oitenta e sete milhões de reais).;
;;;;;2025;;
2419315.0;https://dadosabertos.camara.leg.br/api/v2/proposicoes/2419315;REQ;293.0;620.0;2024;Requer a realização de Sessão Solene da Câmara dos Deputados, em 02 de junho de 2024, em homenagem ao 66.º Aniversário da Cidade Satélite de Taguatinga - DF.;
2362962.0;https://dadosabertos.camara.leg.br/api/v2/proposicoes/2362962;REQ;313.0;1594.0;2023;Requer coautoria do Projeto de Lei nº 1974/2023.;
2424289.0;https://dadosabertos.camara.leg.br/api/v2/proposicoes/2424289;REQ;448.0;31.0;2024;Requer o aditamento do Requerimento nº 010/2024 CLP para inclusão dos (as) convidados (as) da audiência Pública, no âmbito desta Comissão, a fim de discutir o tema “A prevenção e posvenção do suicídio nos espaços educacionais”.;
2360858.0;https://dadosabertos.camara.leg.br/api/v2/proposicoes/2360858;REQ;686.0;18.0;2023;Requer a realização do I Seminário Internacional Sistema e Política de Cuidados no Brasil, conjunto com a Comissão de Defesa das Pessoa com Deficiência e Comissão de Previdência, Assistência Social, Infância, Adolescência e Família, para debater a criação do sistema e política de cuidado no Brasil.;
;;;;;2025;;
2475814.0;https://dadosabertos.camara.leg.br/api/v2/proposicoes/2475814;INC;133.0;1810.0;2024;Sugere ao Ministério do Meio Ambiente e Mudança do Clima o estabelecimento de metas estaduais de redução de emissões, vinculadas aos compromissos assumidos no Acordo de Paris.;
2355134.0;https://dadosabertos.camara.leg.br/api/v2/proposicoes/2355134;REQ;293.0;1074.0;2023;Requer a realização de Sessão Solene no Plenário da Câmara dos Deputados em Homenagem ao Dia Nacional do Pecuarista (15 de julho), Dia do Produtor Rural (25 de julho) e Dia do Agricultor (28 de julho);
2449952.0;https://dadosabertos.camara.leg.br/api/v2/proposicoes/2449952;TVR;1058.0;147.0;2024;Submete à apreciação do Congresso Nacional o ato constante da Portaria nº 9.725, de 12 de junho de 2023, que renova concessão outorgada à Rádio e TV Difusora do Maranhão Ltda., para executar, pelo prazo de dez anos, sem direito de exclusividade, o serviço de radiodifusão sonora em onda média, posteriormente adaptado para o serviço de radiodifusão sonora em frequência modulada, no Município de São Luís, Estado do Maranhão.;
2363568.0;https://dadosabertos.camara.leg.br/api/v2/proposicoes/2363568;EMC;130.0;54.0;2023;Dá nova redação à MPV 1164/2023;
2364444.0;https://dadosabertos.camara.leg.br/api/v2/proposicoes/2364444;REQ;294.0;120.0;2023;Requer seja convidado o ex-deputado Marcelo Ramos, o representante do Conselho Nacional de Saúde - CNS, o representante da Associação Brasileira de Saúde Coletiva - ABRASCO e o representante nacional das Santas Casas de Saúde e Hospitais Filantrópicos e realizada a troca de convidados entre a Sra. Ana Paula Pinho, que representará os Hospitais de Excelência do PROADI-SUS, excluindo-se, portanto, os convidados dos itens 3 a 8 do Requerimento n° 117/2023.;
2416213.0;https://dadosabertos.camara.leg.br/api/v2/proposicoes/2416213;DOC;1003.0;1606.0;2023;Of. nº 747/2023/PS-GSE que encaminha ao Senado Federal o processado do PL 93/2023, em revisão.;
2363716.0;https://dadosabertos.camara.leg.br/api/v2/proposicoes/2363716;EMC;130.0;195.0;2023;Dá nova redação à MPV 1164/2023;
2355408.0;https://dadosabertos.camara.leg.br/api/v2/proposicoes/2355408;RIC;148.0;731.0;2023;Solicita informações ao Ministro da Educação, acerca do programa Plano de Ações Articuladas – PAR, cujo órgão responsável é o FNDE – Fundo Nacional do Desenvolvimento da Educação, para o Município de Itapiranga, no Estado do Amazonas.;
2444866.0;https://dadosabertos.camara.leg.br/api/v2/proposicoes/2444866;RIC;148.0;2085.0;2024;Requerimento de informação à ministra do Meio Ambiente e Mudança do Clima, Sra. Marina Silva, sobre incêndios na região do pantanal sul mato-grossense.;
2460022.0;https://dadosabertos.camara.leg.br/api/v2/proposicoes/2460022;DOC;1028.0;1287.0;2024;Comunica promulgação de Decreto Legislativo nº 215/2024. (PDL nº 817/2021).(Of. 1079/2024-SF).;
2459981.0;https://dadosabertos.camara.leg.br/api/v2/proposicoes/2459981;DOC;1028.0;1253.0;2024;Comunica promulgação de Decreto Legislativo nº 181/2024. (PDL nº 503/2021).(Of. 1045/2024-SF).;
2466452.0;https://dadosabertos.camara.leg.br/api/v2/proposicoes/2466452;MSC;401.0;1259.0;2024;Submete à apreciação do Congresso Nacional o ato constante da Portaria nº 13.811, de 8 de julho de 2024, publicada no Diário Oficial da União de 31 de julho de 2024, que outorga autorização à Associação Comunitária Criativa de Uruaçu - ACCU, para executar, pelo prazo de dez anos, sem direito de exclusividade, o serviço de radiodifusão comunitária, no Município de Uruaçu, Estado de Goiás.;
2351625.0;https://dadosabertos.camara.leg.br/api/v2/proposicoes/2351625;REQ;311.0;711.0;2023;Requer, nos termos regimentais, a retirada de tramitação e o arquivamento do Projeto de Resolução nº 44/2023.;
2421465.0;https://dadosabertos.camara.leg.br/api/v2/proposicoes/2421465;ATA;810.0;1.0;2024;ATA DA 1ª REUNIÃO REALIZADA EM 6 DE MARÇO DE 2024.;
2433030.0;https://dadosabertos.camara.leg.br/api/v2/proposicoes/2433030;PL;139.0;1780.0;2024;DISPÕE SOBRE OFERTA DE MATERIAL ESCOLAR DE USO PESSOAL ADAPTADO ÀS ESPECIFICIDADES DOS ESTUDANTES COM DEFICIÊNCIA.;
2365232.0;https://dadosabertos.camara.leg.br/api/v2/proposicoes/2365232;REQ;441.0;1751.0;2023;Requer Moção de Aplausos aos Policiais do Departamento de Operações de Fronteira – DOF, frente à celebração dos seus 36 anos como uma das principais unidades do país em policiamento de fronteira.;
2366280.0;https://dadosabertos.camara.leg.br/api/v2/proposicoes/2366280;PL;139.0;2863.0;2023;Altera o Código de Processo Penal, para determinar a destinação de parcela dos recursos obtidos com a venda de bens apreendidos para as finalidades que especifica.;
2428304.0;https://dadosabertos.camara.leg.br/api/v2/proposicoes/2428304;PDL;553.0;185.0;2024;Aprova o ato que autoriza a Associação Comunitária Ipiranguense a executar, pelo prazo de dez anos, sem direito de exclusividade, serviço de radiodifusão comunitária no Município de Ipiranga do Norte, Estado do Mato Grosso.;
2425847.0;https://dadosabertos.camara.leg.br/api/v2/proposicoes/2425847;REQ;354.0;1112.0;2024;Requer Moção de Louvor e Regozijo ao Sra. Pastora Jennifer de Oliveira Machado, líder eclesiástica, pelos excelentes serviços prestados à Sociedade Carioca e Fluminense.;
2404291.0;https://dadosabertos.camara.leg.br/api/v2/proposicoes/2404291;REQ;294.0;14.0;2023;Requer que o envio de convite ao Sr. Ministro da Educação, Camilo Sobreira de Santana, para apresentar à Comissão Especial sobre Prevenção e Auxílio a Desastres Naturais as ações da pasta, no que concerne ao objeto desta Comissão.;
2458917.0;https://dadosabertos.camara.leg.br/api/v2/proposicoes/2458917;REQ;354.0;3919.0;2024;Requer Voto de Louvor e Regozijo ao Sr. Ten. Cel. Marcelo Tadeu Barros da Fonseca pelos excelentes serviços prestados ao estado do Rio de Janeiro, junto ao CBMERJ.;
2481576.0;https://dadosabertos.camara.leg.br/api/v2/proposicoes/2481576;INC;133.0;2498.0;2024;Sugere ao Ministério da Ciência, Tecnologia e Inovação o desenvolvimento de políticas, projetos e incentivos para a aplicação de inteligência artificial no monitoramento da biodiversidade e dos ecossistemas em regiões isoladas e de difícil acesso no estado do Amazonas, com ênfase no município de Apuí;
2413618.0;https://dadosabertos.camara.leg.br/api/v2/proposicoes/2413618;PL;139.0;6045.0;2023;Institui a Campanha de Conscientização sobre Crianças Portadoras de Alergias Alimentares.;
2375755.0;https://dadosabertos.camara.leg.br/api/v2/proposicoes/2375755;DOC;1033.0;563.0;2023;Comunica término de prazo da MPV 1168/2023, em 31 de julho de 2023 (Of 222/2023-CN).;
2366119.0;https://dadosabertos.camara.leg.br/api/v2/proposicoes/2366119;REQ;313.0;1788.0;2023;Requer a inclusão de coautoria do Projeto de Lei nº 1.292, de 2019, que dispõe sobre a inclusão do símbolo mundial da conscientização sobre o autismo ao lado do símbolo internacional de acesso (Pessoa com Deficiência).;
2350956.0;https://dadosabertos.camara.leg.br/api/v2/proposicoes/2350956;PL;139.0;1050.0;2023;Dispões sobre a proibição de construção de Usinas Hidrelétricas e Pequenas Centrais Hidrelétricas no Rio Pardo.;
2475694.0;https://dadosabertos.camara.leg.br/api/v2/proposicoes/2475694;PL;139.0;4685.0;2024;Institui o Estatuto do Estudante da Educação Básica Pública.;
2449142.0;https://dadosabertos.camara.leg.br/api/v2/proposicoes/2449142;DOC;1028.0;921.0;2024;Comunica remessa à sanção do PL 147/2024 (Of 705/2024-SF).;
2350875.0;https://dadosabertos.camara.leg.br/api/v2/proposicoes/2350875;PL;139.0;1037.0;2023;Altera a Lei nº 8.036, de 11 de maio de 1990, para permitir a movimentação da conta vinculada do trabalhador no FGTS para custear a manutenção, reparos, reforma, ampliação, conclusão e/ou melhoria em imóvel habitacional, comercial ou misto, prioritariamente, pertencente a trabalhadora responsável pelo grupo familiar e/ou responsável por família monoparental feminina, e/ou esteja em situação de vulnerabilidade, assim como, autorizar o saque do saldo do FGTS para a trabalhadora que for responsável pelo grupo familiar, pela família monoparental feminina, responsável legal ou que possua dependente com deficiência ou doença grave, gestante, parturiente, ou vítima de violência doméstica.;
2438183.0;https://dadosabertos.camara.leg.br/api/v2/proposicoes/2438183;DOC;1033.0;563.0;2024;Comunica restituição de autógrafo das partes vetadas do PL 2788/2019, promulgadas (Of 165/2024-CN).;
;;;;;2025;;
2401944.0;https://dadosabertos.camara.leg.br/api/v2/proposicoes/2401944;REQ;354.0;3865.0;2023;Requer Moção de Louvor e Regozijo ao Sr. Major PM Carlos Eduardo Panza Nunes pelos excelentes serviços prestados à Sociedade Carioca e Fluminense.;
;;;;;2025;;
2458267.0;https://dadosabertos.camara.leg.br/api/v2/proposicoes/2458267;REQ;354.0;3733.0;2024;Requer Moção de Louvor e Regozijo ao Sr. José Ricardo Silva, pelos excelentes serviços prestados ao estado do Rio de Janeiro como lanterneiro da garagem da Bonfim.;
2460013.0;https://dadosabertos.camara.leg.br/api/v2/proposicoes/2460013;DOC;1028.0;1278.0;2024;Comunica promulgação de Decreto Legislativo nº 206/2024. (PDL nº 758/2021).(Of. 1070/2024-SF).;
2428474.0;https://dadosabertos.camara.leg.br/api/v2/proposicoes/2428474;REQ;441.0;107.0;2024;Requer a aprovação da Moção de Aplauso ao Governo do Distrito Federal que prevê a nomeação, ainda esse ano, de 1,8mil Policiais Militares e Civis.;
2456723.0;https://dadosabertos.camara.leg.br/api/v2/proposicoes/2456723;PL;139.0;3465.0;2024;Acrescenta inciso ao caput e parágrafo único ao art. 13 da Lei nº 9.394, de 1996, para reconhecer, como incumbência dos docentes, o acompanhamento e orientação de estágio curricular relativo aos cursos de formação de profissionais do magistério, bem como explicitar, como incumbências dos demais profissionais do magistério, aquelas listadas no caput desse artigo que não sejam específicas da docência.;
2457620.0;https://dadosabertos.camara.leg.br/api/v2/proposicoes/2457620;DOC;1028.0;1106.0;2024;Comunica restituição de autógrafo do PL nº 3605/2023, sancionado (Of 969/2024-SF).;
2351931.0;https://dadosabertos.camara.leg.br/api/v2/proposicoes/2351931;RIC;148.0;509.0;2023;Requer da Excelentíssima Ministra da Saúde, Sra. Nísia Trindade, informações acerca dos valores referentes à Tabela de Procedimentos, Medicamentos, Órteses/Próteses e Materiais Especiais - OPM do Sistema Único de Saúde (SIGTAP/Tabela SUS).;
;;;;;2025;;
2345681.0;https://dadosabertos.camara.leg.br/api/v2/proposicoes/2345681;PDL;557.0;4.0;2023;Susta os efeitos dos dispositivos do Decreto nº 11.328, de 1º de janeiro de 2023, que instituem a Procuradoria Nacional da União de Defesa da Democracia, na estrutura organizacional da Advocacia-Geral da União.;
2424529.0;https://dadosabertos.camara.leg.br/api/v2/proposicoes/2424529;REQ;147.0;77.0;2024;"Requer a realização de uma auditoria de auditoria pelo Tribunal de Contas da União (TCU) para apurar os recorrentes apagões no centro de São Paulo, sob a concessão da Enel 
Distribuição São Paulo.";
2470855.0;https://dadosabertos.camara.leg.br/api/v2/proposicoes/2470855;DOC;1003.0;1549.0;2024;Of. nº 591/2024/PS-GSE, que comunica ao Senado Federal a restituição do PL nº. PL 2012-2019, sancionado.;
2346981.0;https://dadosabertos.camara.leg.br/api/v2/proposicoes/2346981;INC;133.0;12.0;2023;Sugere a implementação da Farmácia Popular Online, por meio do lançamento de um aplicativo que terá por função proporcionar ao cidadão localizar farmácias populares e preços de medicamentos praticados em farmácias próximas de sua região, em tempo real.;
2439265.0;https://dadosabertos.camara.leg.br/api/v2/proposicoes/2439265;REQ;354.0;2047.0;2024;"Requer Moção de Louvor e Regozijo ao Sr. Capelão Israel Batista de Moura, autoridade eclesiástica, pelos excelentes serviços prestados ao estado do Rio de Janeiro.
.";
2383799.0;https://dadosabertos.camara.leg.br/api/v2/proposicoes/2383799;OF;181.0;163.0;2023;Requer quebra de sigilo bancário nos termos que especifica.;
;;;;;2025;;
2480256.0;https://dadosabertos.camara.leg.br/api/v2/proposicoes/2480256;INC;133.0;2359.0;2024;Sugere ao Ministério do Desenvolvimento e Assistência Social, Família e Combate à Fome a revisão e implementação de políticas públicas mais eficazes para reduzir os altos índices de desigualdade no Amazonas, conforme dados do IBGE, em especial no município de Coari;
2434928.0;https://dadosabertos.camara.leg.br/api/v2/proposicoes/2434928;DOC;1033.0;511.0;2024;Comunica que foi mantido o veto parcial aposto ao PL6379/2019 (Of 113/2024-CN).;
2401134.0;https://dadosabertos.camara.leg.br/api/v2/proposicoes/2401134;PL;139.0;5325.0;2023;Altera a alíneaa do inciso III do § 1º do art. 15 da Lei nº 9.249, de 26 de dezembro de 1995, para dispor que não se sujeitam à alíquota de 32% (trinta e dois por cento) de presunção de lucro para efeito de determinação do Imposto de Renda das Pessoas Jurídicas os serviços de clínicas médicas, ainda que constituídas sob a forma de sociedades simples, que nelas atuem sócios que detenham habilitação em diferentes áreas da medicina, bem como que atendam às normas da Agência Nacional de Vigilância Sanitária - Anvisa.;
2351564.0;https://dadosabertos.camara.leg.br/api/v2/proposicoes/2351564;PDL;557.0;75.0;2023;Susta o Decreto nº 11.417/2023, que “Altera o Decreto nº 99.274, de 6 de junho de 1990, para dispor sobre a composição e o funcionamento do Conselho Nacional do Meio Ambiente - Conama.”;
2474660.0;https://dadosabertos.camara.leg.br/api/v2/proposicoes/2474660;INC;133.0;1781.0;2024;Sugere ao Ministério da Saúde a criação de campanhas informativas acerca dos direitos dos pacientes com câncer no Brasil;
2375859.0;https://dadosabertos.camara.leg.br/api/v2/proposicoes/2375859;DOC;1028.0;580.0;2023;Comunica restituição de autógrafo do PL 2920/2023, sancionado (Of 631/2023-SF).;
2352006.0;https://dadosabertos.camara.leg.br/api/v2/proposicoes/2352006;PL;139.0;1250.0;2023;Altera a Lei nº 8.666, de 21 de junho de 1993, que regulamenta o art. 37, inciso XXI, da Constituição Federal, que institui normas para licitações e contratos da Administração Pública, e dá outras providências.;
2432632.0;https://dadosabertos.camara.leg.br/api/v2/proposicoes/2432632;DOC;1003.0;363.0;2024;Of. nº 156/2024/PS-GSE, que encaminha ao Senado Federal o processado do PL 5407/2019, em revisão.;
2351934.0;https://dadosabertos.camara.leg.br/api/v2/proposicoes/2351934;REQ;294.0;6.0;2023;Requer a realização de Audiência Pública com a presença dos expositores nominados, para discussão sobre a situação atual de conservação e uso sustentável do Bioma Caatinga, como parte das comemorações do Dia Nacional da Caatinga.;
2454519.0;https://dadosabertos.camara.leg.br/api/v2/proposicoes/2454519;RIC;148.0;3215.0;2024;Requer do Excelentíssimo Ministro de Minas e Energia, Senhor Alexandre Silveira de Oliveira, informações sobre o prejuízo de R$ 2,6 bilhões da Petrobrás, no 2º trimestre.;
;;;;;2025;;
2447364.0;https://dadosabertos.camara.leg.br/api/v2/proposicoes/2447364;RIC;148.0;2217.0;2024;Requer do Ministro de Estado de Minas e Energia, Senhor Alexandre Silveira, informações a respeito das ações adotadas sobre o fornecimento de energia elétrica para o Município de Itapiranga no Estado do Amazonas, durante o período de estiagem.;
2415308.0;https://dadosabertos.camara.leg.br/api/v2/proposicoes/2415308;REQ;354.0;4399.0;2023;Requer Moção de Louvor e Regozijo ao Sr. Subtenente PM Jorge Luiz Baptista de Souza pelos excelentes serviços prestados à Sociedade Carioca e Fluminense.;
2461966.0;https://dadosabertos.camara.leg.br/api/v2/proposicoes/2461966;RIC;148.0;3610.0;2024;Solicita informações ao Ministro de Estado da Fazenda sobre a estimativa de impacto orçamentário e financeiro decorrente da aprovação do Projeto de Lei nº 1.609, de 2019, bem como dos respectivos apensados (Apensados: PL nº 2.477/2019 e PL nº 3.923/2019).;
2361402.0;https://dadosabertos.camara.leg.br/api/v2/proposicoes/2361402;RIC;148.0;1300.0;2023;Requer ao Ministro de Estado de Educação, Sr. Camilo Santana, informações acerca da contratação de obra para a construção de Escola na Comunidade do Mari-Mari, no município de Tonantins/AM, proveniente de recursos federais, com identificação de origem nº 1016118, estimada no valor de R$ 1.018.066,61 (um milhão e dezoito mil e sessenta e seis reais e sessenta e um centavos),  que encontra-se em status de paralisada/inacabada pelo Painel Informativo de Acompanhamento de Obras Paralisadas do Tribunal de Contas da União.;
2443922.0;https://dadosabertos.camara.leg.br/api/v2/proposicoes/2443922;RIC;148.0;1999.0;2024;Requer sejam solicitadas informações à Sra. Ministra do Planejamento e Orçamento (MPO), no sentido de esclarecer esta Casa, a partir de informações colhidas junto ao Instituto Brasileiro de Geografia e Estatística (IBGE), acerca de erros contidos na 9ª versão do Atlas Geográfico Escolar, editado por aquela instituição, com uma sequência de incorreções em mapas e informações.;
2463274.0;https://dadosabertos.camara.leg.br/api/v2/proposicoes/2463274;REQ;448.0;103.0;2024;Requer o aditamento do Requerimento n° 84, de 2024/CME, que requer a realização de Audiência Pública para debater o PL 1.923/2024.;
2468983.0;https://dadosabertos.camara.leg.br/api/v2/proposicoes/2468983;PL;139.0;4367.0;2024;Estabelece normas para o reembolso e indenização de passageiros em casos de cancelamento de voos por parte das companhias aéreas no Brasil.;
2407430.0;https://dadosabertos.camara.leg.br/api/v2/proposicoes/2407430;REQ;354.0;4092.0;2023;Requer Moção de Louvor e Regozijo ao Sr. Cabo PM Neilson Duarte Gomes pelos excelentes serviços prestados à Sociedade Carioca e Fluminense.;
2371627.0;https://dadosabertos.camara.leg.br/api/v2/proposicoes/2371627;RIC;148.0;1776.0;2023;Solicita ao Ministro de Estado da Justiça e Segurança Pública, Flávio Dino, informações sobre a coleta e gestão de dados sobre crimes de LGBTfobia.;
2371632.0;https://dadosabertos.camara.leg.br/api/v2/proposicoes/2371632;PL;139.0;3279.0;2023;Dispõe sobre diretrizes para o registro de boletim de ocorrência de crimes resultantes de discriminação ou preconceito.;
2426134.0;https://dadosabertos.camara.leg.br/api/v2/proposicoes/2426134;PL;139.0;6103.0;2023;Institui o Dia Nacional de Defesa da Democracia.;
2416720.0;https://dadosabertos.camara.leg.br/api/v2/proposicoes/2416720;DOC;1033.0;1683.0;2023;Comunica manutenção do veto aposto ao PLV 12/2022 - MPV 1090/2021 (Of 378/2023-CN).;
2458478.0;https://dadosabertos.camara.leg.br/api/v2/proposicoes/2458478;DOC;1003.0;1190.0;2024;Of. nº 421/2024/PS-GSE, que encaminha ao Senado Federal o processado do PDL 45-2024- , em revisão.;
2480200.0;https://dadosabertos.camara.leg.br/api/v2/proposicoes/2480200;INC;133.0;2308.0;2024;Sugere ao Ministério das Cidades a adoção de políticas públicas específicas e investimentos para universalizar o saneamento básico em regiões cujos índices estão abaixo da média nacional, como no Amazonas, com ênfase no município de Envira.;
2374184.0;https://dadosabertos.camara.leg.br/api/v2/proposicoes/2374184;RIC;148.0;1914.0;2023;Solicita informações ao Ministro das Comunicações referente ao prazo para instalação e funcionamento do sinal 5G no município de Baião no Estado do Pará.;
2419031.0;https://dadosabertos.camara.leg.br/api/v2/proposicoes/2419031;DOC;1024.0;11.0;2024;;
2348951.0;https://dadosabertos.camara.leg.br/api/v2/proposicoes/2348951;RIC;148.0;146.0;2023;Solicita informações ao Ministro da Educação, acerca do Programa de Internet nas Escolas no Município de Barcelos, no Estado do Amazonas.;
2458341.0;https://dadosabertos.camara.leg.br/api/v2/proposicoes/2458341;REQ;354.0;3755.0;2024;Requer Voto de Louvor e Regozijo ao Sr. 1º SGT Joao Luiz de Oliveira Moura pelos excelentes serviços prestados ao estado do Rio de Janeiro, junto ao CBMERJ.;
2399614.0;https://dadosabertos.camara.leg.br/api/v2/proposicoes/2399614;REQ;305.0;3695.0;2023;Requer a desapensação do Projeto de Lei nº 3.837, de 2023, do PL 3.798, de 2023.;
2416963.0;https://dadosabertos.camara.leg.br/api/v2/proposicoes/2416963;REQ;293.0;48.0;2024;Requer a realização de Sessão Solene no Plenário da Câmara dos Deputados, em homenagem ao dia Mundial da Optometria.;
2375695.0;https://dadosabertos.camara.leg.br/api/v2/proposicoes/2375695;OF;181.0;87.0;2023;Solicita designação de servidor do Ministério Público Federal para assessorar os trabalhos da CPI;
2416088.0;https://dadosabertos.camara.leg.br/api/v2/proposicoes/2416088;REQ;313.0;4447.0;2023;Requer, nos termos regimentais, a inclusão como coautora do Projeto de Lei nº 317, de 2023;
2349021.0;https://dadosabertos.camara.leg.br/api/v2/proposicoes/2349021;PL;139.0;597.0;2023;Introduz modificações na Lei 12.977, de 20 de maio de 2014, que regula e disciplina a atividade de desmontagem de veículos automotores terrestres, intensificando as normas de fiscalização e enrijecendo as penalidades aplicadas aos desmontes que cometerem infrações. Inclui o inciso VI do artigo 54 da lei 9.605, de 12 de fevereiro de 1998.;
2406629.0;https://dadosabertos.camara.leg.br/api/v2/proposicoes/2406629;PDL;553.0;463.0;2023;Aprova o ato que autoriza o Instituto de Comunicação e Cultura de Estrela do Norte a executar, pelo prazo de dez anos, sem direito de exclusividade, serviço de radiodifusão comunitária no Município de Estrela do Norte, Estado de Goiás.;
2419306.0;https://dadosabertos.camara.leg.br/api/v2/proposicoes/2419306;RIC;148.0;366.0;2024;Solicita informações ao Ministério da Justiça e Segurança Pública quanto às ações de invasão em zonas rurais promovidas pelo Movimento dos Sem Terra – MST e outros.;
2353645.0;https://dadosabertos.camara.leg.br/api/v2/proposicoes/2353645;PL;139.0;1442.0;2023;Altera o art. 6º da Lei nº 7.713, de 22 de dezembro de 1988, para incluir a doença de Alzheimer entre as doenças contempladas com a isenção do Imposto de Renda das Pessoas Físicas (IRPF).;
2461111.0;https://dadosabertos.camara.leg.br/api/v2/proposicoes/2461111;DOC;1028.0;1333.0;2024;Comunica promulgação de decreto legislativo nº 260/2024. (PDL nº 428/2022 .(Of 1124/2024-SF);
2353406.0;https://dadosabertos.camara.leg.br/api/v2/proposicoes/2353406;REQ;294.0;11.0;2023;Requer a realização de Audiência Pública na Comissão de Comunicação, para o Presidente da Agência Nacional de Telecomunicações apresentar o cronograma de instalação do 5G e explanar sobre a destinação dos recursos do leilão do 5G.;
2401205.0;https://dadosabertos.camara.leg.br/api/v2/proposicoes/2401205;PL;139.0;5348.0;2023;Institui o Dia Nacional do Aeromodelismo, a ser comemorado, anualmente, em 20 de julho.;
2477992.0;https://dadosabertos.camara.leg.br/api/v2/proposicoes/2477992;DOC;1003.0;1598.0;2024;Of. nº 586/2024/PS-GSE, que encaminha ao Senado Federal o processado do  PL 4609-2020, em revisão.;
2372235.0;https://dadosabertos.camara.leg.br/api/v2/proposicoes/2372235;REQ;441.0;2155.0;2023;Requer seja consignado o repúdio desta Casa ao Pastor André Valadão, que praticou discurso de cunho LGBTfóbico e ataques à população pessoas LGBTQIA+ em suas redes sociais.;
2434833.0;https://dadosabertos.camara.leg.br/api/v2/proposicoes/2434833;PL;139.0;1940.0;2024;Institui o ressarcimento aos produtores rurais por perdas de produtos perecíveis decorrentes da falta de energia elétrica, e dá outras providências.;
2440403.0;https://dadosabertos.camara.leg.br/api/v2/proposicoes/2440403;PFC;138.0;19.0;2024;"Propõe-se que a Comissão de Desenvolvimento Econômico (CDE) realize, diretamente, um ato de fiscalização e controle com o objetivo de verificar a gestão contábil, financeira e patrimonial da Empresa Brasileira de Correios e Telégrafos (CORREIOS). Isso se faz necessário, visto que a empresa registrou um prejuízo líquido aproximado de R$ 800 milhões no primeiro trimestre de 2024; e da possível falta de caixa já a partir de junho deste ano de 2024.";
;;;;;2025;;
2454904.0;https://dadosabertos.camara.leg.br/api/v2/proposicoes/2454904;RIC;148.0;3235.0;2024;Solicita informações ao Ministério da Saúde sobre as políticas públicas de prevenção à gravidez na adolescência implementadas no município de Palestina do Pará, no Estado do Pará.;
2444173.0;https://dadosabertos.camara.leg.br/api/v2/proposicoes/2444173;REQ;686.0;34.0;2024;Requer o aditamento ao requerimento nº 17/2024 CCTI, para inclusão de convidados para o Debate Público;
2427967.0;https://dadosabertos.camara.leg.br/api/v2/proposicoes/2427967;EMC;130.0;43.0;2024;Dá nova redação à MPV 1202/2023;
2405089.0;https://dadosabertos.camara.leg.br/api/v2/proposicoes/2405089;SOR;611.0;31.0;2023;00T7 - Apoio à Implantação da Adutora do Agreste - 100.000.000;
2349664.0;https://dadosabertos.camara.leg.br/api/v2/proposicoes/2349664;PDL;560.0;54.0;2023;Altera o Regimento Interno da Câmara dos Deputados, para assegurar direitos às Deputadas Federais gestantes.;
2428514.0;https://dadosabertos.camara.leg.br/api/v2/proposicoes/2428514;REQ;354.0;1294.0;2024;Requer Moção de Louvor e Regozijo ao Sr. 3º Sgt. Carlos Osman da Silva Junior pelos excelentes serviços prestados ao Estado do Rio de Janeiro.;
2441831.0;https://dadosabertos.camara.leg.br/api/v2/proposicoes/2441831;RPD;329.0;39.0;2024;Requerimento de adiamento de discussão na CCJC.;
2450943.0;https://dadosabertos.camara.leg.br/api/v2/proposicoes/2450943;TVR;428.0;282.0;2024;Submete à apreciação do Congresso Nacional o ato constante da Portaria nº 12.433, de 5 de março de 2024, que renova permissão outorgada à Rádio Ituporanga Ltda., para executar, pelo prazo de dez anos, sem direito de exclusividade, serviço de radiodifusão sonora em frequência modulada, no Município de Ituporanga, Estado de Santa Catarina.;
2450978.0;https://dadosabertos.camara.leg.br/api/v2/proposicoes/2450978;RIC;148.0;3005.0;2024;Solicita informações ao Ministro de Estado da Casa Civil da Presidência da República, que providências a Casa Civil tem tomado acerca da estiagem no Estado do Amazonas, no Município de Coari, no Estado do Amazonas.;
2455971.0;https://dadosabertos.camara.leg.br/api/v2/proposicoes/2455971;REQ;441.0;3384.0;2024;Requer aprovação de Moção de Repúdio ao Instituto Sou da Paz, devido a sua manipulação reiterada de dados e distorção de informações nas pesquisas de opinião que conduzem sobre o aumento de registros de caçadores, atiradores e colecionadores e a suposta facilitação do acesso a armas e munições por organizações criminosas.;
;;;;;2025;;
2367097.0;https://dadosabertos.camara.leg.br/api/v2/proposicoes/2367097;REQ;294.0;175.0;2023;Requer a realização de audiência pública, com representantes da Federação Nacional dos Atletas Profissionais de Futebol (Fenapaf), do Sindicato Nacional dos Atletas Profissionais (SINDATLETASPRO), e do Sindicato dos Atletas Profissionais do Estado de Goiás (Sinapego), no âmbito da Comissão Parlamentar de Inquérito destinada a investigar esquemas de manipulação de resultados em partidas de futebol profissional no Brasil.;
2449633.0;https://dadosabertos.camara.leg.br/api/v2/proposicoes/2449633;REQ;354.0;2690.0;2024;Requer aprovação de Voto de Regozijo e Louvor à Sra. 2ºSGT. AGATHA BOLZAN PASETTI, pertencente ao efetivo do Corpo de Bombeiros Militar do Estado do Espírito Santo, em reconhecimento aos valorosos serviços prestados aos municípios da região sul capixaba, diante das fortes chuvas que atingiram a região no final do mês de março do presente ano.;
2417963.0;https://dadosabertos.camara.leg.br/api/v2/proposicoes/2417963;REQ;293.0;255.0;2024;Requer a convocação de sessão solene da Câmara dos Deputados em homenagem ao Dia do Professor.;
2417308.0;https://dadosabertos.camara.leg.br/api/v2/proposicoes/2417308;PL;139.0;158.0;2024;Inclui o inciso XII no artigo 6º da Lei nº 10.826 de 2003, para conceder o porte de arma aos vigilantes e dá outras providências.;
2367392.0;https://dadosabertos.camara.leg.br/api/v2/proposicoes/2367392;EMC;130.0;276.0;2023;Dá nova redação à MPV 1162/2023;
2410494.0;https://dadosabertos.camara.leg.br/api/v2/proposicoes/2410494;DOC;1024.0;99.0;2023;;
2427981.0;https://dadosabertos.camara.leg.br/api/v2/proposicoes/2427981;EMC;130.0;57.0;2024;Dá nova redação à MPV 1202/2023;
;;;;;2025;;
2441074.0;https://dadosabertos.camara.leg.br/api/v2/proposicoes/2441074;REQ;308.0;2236.0;2024;Requer, nos termos regimentais, a revisão do despacho ao Projeto de Lei nº 2.408/2023, que “Altera a Lei nº 14.133, de 1 de abril de 2021, para incluir no Portal Nacional de Contratações Públicas (PNCP) informações que permitam a identificação da origem dos recursos utilizados nas contratações”.;
2414104.0;https://dadosabertos.camara.leg.br/api/v2/proposicoes/2414104;EMC;130.0;87.0;2023;Dá nova redação à MPV 1185/2023;
2348852.0;https://dadosabertos.camara.leg.br/api/v2/proposicoes/2348852;REQ;313.0;180.0;2023;Requer inclusão de coautoria ao Requerimento n° 40/2023.;
2471449.0;https://dadosabertos.camara.leg.br/api/v2/proposicoes/2471449;REQ;294.0;62.0;2024;Requer que seja submetido à deliberação do Plenário desta Comissão, nos termos regimentais, o convite à Senhora Jordana Gleise de Jesus Menezes, mais conhecida como Jojo Todynho, para que possamos ouvi-la sobre a oferta de 1,5 milhão proposta pela equipe de campanha do Lula.;
2456604.0;https://dadosabertos.camara.leg.br/api/v2/proposicoes/2456604;PL;139.0;3451.0;2024;Altera a Lei nº 7.210, de 11 de julho de 1984 (Lei de Execução Penal), para acrescentar parágrafo único ao Art. 61, incluir o Capítulo X ao Título III e os artigos 81-C e 81-D, a fim de definir expressamente os órgãos de segurança pública como órgãos de apoio à execução penal, assim como a necessidade de compartilhamento de dados e informações relacionadas aos direitos e deveres dos condenados e internados, além das providências imediatas necessárias à preservação dos direitos e garantias fundamentais destes e da sociedade.;
2478285.0;https://dadosabertos.camara.leg.br/api/v2/proposicoes/2478285;REQ;311.0;4870.0;2024;Requeiro, com base no art. 104 do Regimento Interno da Câmara dos Deputados, a retirada do PDL 615/2024, de minha autoria, de tramitação.;
2376922.0;https://dadosabertos.camara.leg.br/api/v2/proposicoes/2376922;PL;139.0;3823.0;2023;Altera a Lei nº 7.102, de 20 de junho de 1983, para dispor sobre o exercício da profissão dos agentes de segurança privada.;
2388460.0;https://dadosabertos.camara.leg.br/api/v2/proposicoes/2388460;DOC;1035.0;1045.0;2023;Requer a inclusão de assinatura de adesão à Frente Parlamentar de Enfrentamento à Pedofilia.;
2374211.0;https://dadosabertos.camara.leg.br/api/v2/proposicoes/2374211;DOC;1033.0;544.0;2023;Comunica remessa à sanção do PL 2209/2021 (Of 614/2023-SF).;
2365409.0;https://dadosabertos.camara.leg.br/api/v2/proposicoes/2365409;EMC;130.0;16.0;2023;Dá nova redação à MPV 1154/2023;
2479914.0;https://dadosabertos.camara.leg.br/api/v2/proposicoes/2479914;DOC;1003.0;1661.0;2024;Of. nº 560/2024/PS-GSE, que encaminha ao Senado Federal o processado do PDL 77-2024 -, em revisão.;
2419727.0;https://dadosabertos.camara.leg.br/api/v2/proposicoes/2419727;RIC;148.0;463.0;2024;Requer informações ao Ministro da Defesa, Sr. José Mucio Monteiro Filho, sobre o Exército ter liberado armas para 5,2 mil condenados por tráfico de drogas e outros crimes.;
2363271.0;https://dadosabertos.camara.leg.br/api/v2/proposicoes/2363271;EMC;130.0;2.0;2023;Altera a Lei nº 4.502, de 30 de novembro de 1964, a Lei nº 8.383, de 30 de dezembro de 1991, a Lei nº 10.865 de 30 de abril de 2004 e o Decreto-Lei nº 37, de 18 de novembro de 1966, para incluir nas hipóteses de isenção do IPI, PIS/PASEP, COFINS e de importações nas operações de crédito de aquisição de veículos automotores nacionais e/ou importados, para os Servidores Públicos da Segurança Pública, e dá outras providências.;
2456731.0;https://dadosabertos.camara.leg.br/api/v2/proposicoes/2456731;PL;139.0;3469.0;2024;Altera a Lei nº 7.565, de 19 de dezembro de 1986 – Código Brasileiro de Aeronáutica, e a Lei nº 7.957, de 20 de dezembro de 1989, para dispor sobre medidas de aumento da capacidade de resposta do Poder Público frente às ocorrências de incêndios florestais e demais hipóteses que especifica.;
;;;;;2025;;
2469550.0;https://dadosabertos.camara.leg.br/api/v2/proposicoes/2469550;RIC;148.0;4166.0;2024;Requer do Ministério de Minas e Energia informações acerca da Itaipu Binacional.;
2435927.0;https://dadosabertos.camara.leg.br/api/v2/proposicoes/2435927;MSC;410.0;203.0;2024;Nos termos do art. 11 do Regimento Interno dessa Casa do Congresso Nacional indico os Senhores Deputados MAURO BENEVIDES e MARRECA FILHO, para exercerem a função de Vice- Líderes do Governo na Câmara dos Deputados.;
2425828.0;https://dadosabertos.camara.leg.br/api/v2/proposicoes/2425828;PL;139.0;1203.0;2024;Dispõe sobre a realização de exames laboratoriais e de imagem para diagnóstico e acompanhamento de pessoas com doenças raras de causa genética gratuitamente via Sistema Único de Saúde (SUS).;
2368825.0;https://dadosabertos.camara.leg.br/api/v2/proposicoes/2368825;REQ;304.0;1934.0;2023;Requer o apensamento do Projeto de Lei nº 877, de 2022, ao Projeto de Lei nº 1565, de 2019, por tratarem de matérias correlatas.;
2429991.0;https://dadosabertos.camara.leg.br/api/v2/proposicoes/2429991;DOC;1024.0;524.0;2024;;
2413050.0;https://dadosabertos.camara.leg.br/api/v2/proposicoes/2413050;PL;139.0;6000.0;2023;Acrescenta inciso ao art. 1.348 da Lei n° 10.406, de 2002, Código Civil, para dispor expressamente sobre o dever do síndico de apurar se a obra oferece risco ao edifício.;
2349374.0;https://dadosabertos.camara.leg.br/api/v2/proposicoes/2349374;REQ;293.0;282.0;2023;Requer a realização de Sessão Solene no dia 21 de março de 2023 em homenagem ao Dia Internacional da Síndrome de Down.;
2449138.0;https://dadosabertos.camara.leg.br/api/v2/proposicoes/2449138;DOC;1028.0;917.0;2024;Comunica remessa à sanção do PL 2229/2021 (Of 694/2024-SF).;
2365782.0;https://dadosabertos.camara.leg.br/api/v2/proposicoes/2365782;REQ;294.0;14.0;2023;"Requer a realização de reunião de audiência pública para debater o combate à pirataria e produtos ilícitos e a responsabilização de plataformas digitais. Convidados: Representante do BPG (Brand Protection Group) – Grupo de Proteção à Marca;  Luciana Hachmann, representante da Shopee;  Representante do Mercado Livre;  Andrey Corrêa, Secretário Executivo do CNCP (Conselho Nacional de Combate à Pirataria);  Representante da ANVISA (Agência Nacional de Vigilância Sanitária) no CNCP (Conselho Nacional de Combate à Pirataria);  e Andrea Macera, Secretária de Competitividade e Política Regulatória do Ministério do Desenvolvimento, Indústria, Comércio e Serviços.";
2420000.0;https://dadosabertos.camara.leg.br/api/v2/proposicoes/2420000;PL;139.0;668.0;2024;Altera a Lei nº 12.732, de 22 de novembro de 2012, que dispõe sobre o primeiro tratamento de paciente com neoplasia maligna, para garantir o tratamento cirúrgico do câncer no prazo de sessenta dias após o diagnóstico.;
2356331.0;https://dadosabertos.camara.leg.br/api/v2/proposicoes/2356331;AVN;641.0;5.0;2023;Encaminha o Acórdão n. 2538/2022 - TCU/Plénario, nos autos do TC-010.370/2016-1, que trata Auditoria “realizada com foco nas obras de ampliação de capacidade da BR-290/RS, executadas a partir do 13º Termo Aditivo do Contrato de Concessão PG016/97-00”.;
2346761.0;https://dadosabertos.camara.leg.br/api/v2/proposicoes/2346761;PL;139.0;94.0;2023;Dispõe sobre a obrigatoriedade de órgãos e entidades públicas federais transmitirem as sessões colegiadas por meio audiovisual, em tempo real e pela internet.;
2450256.0;https://dadosabertos.camara.leg.br/api/v2/proposicoes/2450256;MSC;401.0;568.0;2024;Submete à apreciação do Congresso Nacional, acompanhado de Exposição de Motivos do Senhor Ministro de Estado das Comunicações, o ato constante da Portaria no 5.230, de 28 de setembro de 2017, publicada no Diário Oficial da União de 1º de novembro de 2017, que renova, a partir de 23 de junho de 2015, a autorização outorgada à Associação Cultural e Beneficente de Marapanim, para executar, pelo prazo de dez anos, sem direito de exclusividade, o serviço de radiodifusão comunitária, no Município de Marapanim, Estado do Pará.   - TVR 185/2024 - Portaria nº 5.230, de 28 de setembro de 2017 - Associação Cultural e Beneficente de Marapanim, no município de Marapanim - PA.;
2380406.0;https://dadosabertos.camara.leg.br/api/v2/proposicoes/2380406;DOC;1003.0;705.0;2023;Of. nº 191/2023/PS-GSE, que encaminha ao Senado Federal o processado do PL 2762/2019, em revisão.;
2399883.0;https://dadosabertos.camara.leg.br/api/v2/proposicoes/2399883;ESB;258.0;1.0;2023;Dispõe sobre a consulta prévia, livre e informada às comunidades indígenas e quilombolas necessária para emissão de licença ambiental para atividades ou empreendimentos utilizadores de recursos ambientais, efetiva ou potencialmente poluidores ou capazes, sob qualquer forma, de causar degradação ambiental.;
2364017.0;https://dadosabertos.camara.leg.br/api/v2/proposicoes/2364017;REQ;294.0;22.0;2023;Requer a realização de audiência pública para apresentação da plataforma ObrasGov e o mapeamento das obras inacabadas ou paralisadas no país.;
2425450.0;https://dadosabertos.camara.leg.br/api/v2/proposicoes/2425450;REQ;354.0;1060.0;2024;Requer Moção de Louvor e Regozijo ao Sr. Pastor Carlos Alberto Macedo da Silva, líder eclesiástico, pelos excelentes serviços prestados à Sociedade Carioca e Fluminense.;
2353139.0;https://dadosabertos.camara.leg.br/api/v2/proposicoes/2353139;EMC;130.0;7.0;2023;Dá nova redação à MPV 1153/2022;
2360027.0;https://dadosabertos.camara.leg.br/api/v2/proposicoes/2360027;RIC;148.0;1105.0;2023;Requer informações ao Exmo. Sr. Ministro das Comunicações, Juscelino Filho, sobre as atuais relações do Ministério das Comunicações com a China em relação a acordos, termos de cooperação e demais projetos no âmbito tecnológico.;
;;;;;2025;;
2360395.0;https://dadosabertos.camara.leg.br/api/v2/proposicoes/2360395;INC;133.0;577.0;2023;Requer o envio de Indica ao Excelentíssimo Ministro da Justiça e Segurança Pública, Senhor Flávio Dino,  para que seja encaminhada política de reserva de vagas em colégios militares e escolas técnicas estaduais para os filhos dos profissionais de segurança pública do Brasil.;
2481363.0;https://dadosabertos.camara.leg.br/api/v2/proposicoes/2481363;DOC;1003.0;1711.0;2024;Of. nº 629/2024/PS-GSE, que encaminha ao Senado Federal o processado do  PL 2387-2023, em revisão.;
2388753.0;https://dadosabertos.camara.leg.br/api/v2/proposicoes/2388753;REQ;441.0;326.0;2023;Requer a aprovação de Moção de Repúdio à recente fala do Ministro do STF o Excelentíssimo Sr. Gilmar Mendes, o qual através do X (novo Twitter), alega que a existência da Polícia Rodoviária Federal - PRF, deveria ser repensada.;
2345652.0;https://dadosabertos.camara.leg.br/api/v2/proposicoes/2345652;PRC;141.0;2.0;2023;Cria o Grupo Parlamentar Brasil-Malta.;
2427789.0;https://dadosabertos.camara.leg.br/api/v2/proposicoes/2427789;INC;133.0;308.0;2024;Requer o envio de Indicação ao Ministério da Saúde, em nome desta Comissão de Saúde, sugerindo sejam adotadas ações e medidas urgentes, inclusive em coordenação e diálogo mais efetivos com os estados e municípios contemplados, para melhorar a apuração/atualização dos dados acerca da imunização contra a dengue no âmbito do Sistema Único de Saúde (SUS), bem como para evitar desperdício do imunizante correlato destinado a crianças e adolescentes de 10 a 14 anos.;
2440751.0;https://dadosabertos.camara.leg.br/api/v2/proposicoes/2440751;EMS;132.0;1564.0;2024;Emendas do Senado ao Projeto de Lei nº 1.564, de 2024, que “Dispõe sobre medidas emergenciais destinadas aos setores de turismo e de cultura do Estado do Rio Grande do Sul”.;
2418012.0;https://dadosabertos.camara.leg.br/api/v2/proposicoes/2418012;DOC;1035.0;94.0;2024;Inclusão de membro na Frente Parlamentar em Defesa do Esporte Escolar e Universitário;
2474893.0;https://dadosabertos.camara.leg.br/api/v2/proposicoes/2474893;RIC;148.0;4456.0;2024;Solicita informações ao Ministério do Desenvolvimento e Assistência Social, Família e Combate à Fome, acerca das ações para enfrentamento da estiagem que ainda assola o Amazonas, principalmente no Município de Caapiranga.;
2444119.0;https://dadosabertos.camara.leg.br/api/v2/proposicoes/2444119;REQ;354.0;2435.0;2024;Requer Moção de Louvor e Regozijo ao Sr. Subtenente Paulo César de Jesus pelos excelentes serviços prestados ao Estado do Rio de Janeiro, junto ao CBMERJ e como diretor administrativo da Fundação Galeria de Heróis.;
2442775.0;https://dadosabertos.camara.leg.br/api/v2/proposicoes/2442775;INC;133.0;649.0;2024;Sugere flexibilização da Portaria MJSP N.º 685/2024, a fim de otimizar a execução dos recursos financeiros destinados aos Estados, por meio do Fundo Nacional de Segurança Pública, bem como a flexibilização da interpretação da Portaria Conjunta MGI/MF/CGU Nº 33/2024, a fim de permitir a pactuação de convênios para modernização do sistema de segurança pública dos Estados e do Distrito Federal.;
2427393.0;https://dadosabertos.camara.leg.br/api/v2/proposicoes/2427393;REQ;392.0;1232.0;2024;Requer a tramitação, em regime de urgência, do Projeto de Lei no PL 3514/2019 que “Regulamenta a profissão de Agente Indígena de Saúde (AIS) e Agente Indígena de Saneamento (AISAN), no âmbito do Subsistema de Atenção à Saúde Indígena (SasiSUS), e dá outras providências.”;
2352886.0;https://dadosabertos.camara.leg.br/api/v2/proposicoes/2352886;EMC;130.0;17.0;2023;Dá nova redação à MPV 1152/2022;
;;;;;2025;;
2364003.0;https://dadosabertos.camara.leg.br/api/v2/proposicoes/2364003;RIC;148.0;1412.0;2023;Requer informações ao Senhor Ministro de Estado do Desenvolvimento Agrário e Agricultura Familiar relacionadas aos eventuais repasses realizados pelo Instituto Nacional de Colonização e Reforma Agrária ao Movimento dos Trabalhadores Sem Terra (MST), para a realização da IV Feira Nacional da Reforma Agrária, entre os dias 11 e 14 de maio do corrente ano, na cidade de São Paulo/SP.;
2413436.0;https://dadosabertos.camara.leg.br/api/v2/proposicoes/2413436;DOC;1003.0;1540.0;2023;Of. nº 666/2023/PS-GSE que comunica ao Senado Federal o envio à sanção do PL 5868/2019.;
2404733.0;https://dadosabertos.camara.leg.br/api/v2/proposicoes/2404733;SOR;611.0;3.0;2023;20VR - Conservação e Recuperação de Bacias Hidrográficas - 150.000.000;
2466382.0;https://dadosabertos.camara.leg.br/api/v2/proposicoes/2466382;RIC;148.0;4064.0;2024;Requer informações à Ministra de Estado do Meio Ambiente e Mudança do Clima, senhora Marina Silva, com o auxílio do Presidente do IBAMA, Sr. Rodrigo Agostinho, atinentes a quantidade de licenças ambientais solicitadas pelo setor energético no período de 2019 a 2024.;
2415798.0;https://dadosabertos.camara.leg.br/api/v2/proposicoes/2415798;PL;139.0;6145.0;2023;Altera a Lei nº 7.498, de 25 de junho de 1986, que dispõe sobre a regulamentação do exercício da enfermagem, e dá outras providências, para assegurar a implementação do piso salarial nacional do Enfermeiro, do Técnico de Enfermagem, do Auxiliar de Enfermagem e da Parteira.;
2424966.0;https://dadosabertos.camara.leg.br/api/v2/proposicoes/2424966;REQ;313.0;999.0;2024;Requer a inclusão de coautoria no PL 1045/2024.;
2424448.0;https://dadosabertos.camara.leg.br/api/v2/proposicoes/2424448;RIC;148.0;816.0;2024;Requer informações ao Ministério da Saúde acerca das medidas e providências adotadas para combater o aumento de casos de dengue no Amazonas, em particular no Município de Itamarati, assim como para reduzir os impactos na saúde pública.;
2463412.0;https://dadosabertos.camara.leg.br/api/v2/proposicoes/2463412;INC;133.0;1334.0;2024;Sugere a implementação de Núcleo de Atenção à Criança e Adolescente com Transtorno do Espectro Autista (TEA) no Município de Curuá, no Estado do Pará.;
2432293.0;https://dadosabertos.camara.leg.br/api/v2/proposicoes/2432293;RIC;148.0;1294.0;2024;Requer informações Sr. Embaixador Mauro Vieira, Ministro das Relações Exteriores, esclarecimentos sobre a doação de 150 purificadores de água à população da Faixa de Gaza pelo governo brasileiro.;
2429610.0;https://dadosabertos.camara.leg.br/api/v2/proposicoes/2429610;PL;139.0;1410.0;2024;Altera a Lei nº 10.257, de 10 de julho de 2001, para possibilitar a associação entre municípios limítrofes para realizações de obras de melhorias em seus territórios.;
2350605.0;https://dadosabertos.camara.leg.br/api/v2/proposicoes/2350605;REQ;294.0;25.0;2023;Solicita audiência pública com o Grupo de Trabalho da REFORMA TRIBUTÁRIA para a oitiva de representantes da Indústria Farmacêutica – Grupo FarmaBrasil que detém empresas instaladas no Zona Franca de Manaus, do Ministério da Saúde e da ANVISA – Agência de Vigilância Sanitária.;
2371412.0;https://dadosabertos.camara.leg.br/api/v2/proposicoes/2371412;REQ;1018.0;221.0;2023;Requer a convocação, para prestar depoimento, na condição de testemunha, na presente CPI, o Diretor da Pixpay Net, o Sr. Marcelo Cesar Gonsalves Albernaz.;
;;;;;2025;;
2444336.0;https://dadosabertos.camara.leg.br/api/v2/proposicoes/2444336;INC;133.0;969.0;2024;Solicito ao Exmo. Sr. Ministro de Estado da Educação o envio de recursos federais destinados à construção e aparelhamento de uma creche no Bairro “Magemirim” no município de Magé, estado do Rio de Janeiro.;
2359751.0;https://dadosabertos.camara.leg.br/api/v2/proposicoes/2359751;PL;139.0;2324.0;2023;Altera a Lei nº 8.989, de 1995, para conceder isenção de IPI na aquisição de veículo por condutores autônomos de transporte escolar.;
;;;;;2025;;
2469874.0;https://dadosabertos.camara.leg.br/api/v2/proposicoes/2469874;DOC;1035.0;1531.0;2024;Registro do Deputado Augusto Coutinho como Presidente da Frente Parlamentar Mista das Micro e Pequenas Empresas no sítio eletrônico da Câmara dos Deputados.;
2463385.0;https://dadosabertos.camara.leg.br/api/v2/proposicoes/2463385;INC;133.0;1309.0;2024;Sugere a implementação de Núcleo de Atenção à Criança e Adolescente com Transtorno do Espectro Autista (TEA) no Município de Belterra, no Estado do Pará.;
2433882.0;https://dadosabertos.camara.leg.br/api/v2/proposicoes/2433882;REQ;304.0;1632.0;2024;Requer o apensamento do Projeto de Lei Complementar nº 48, de 2024 ao Projeto de Lei Complementar nº 29, de 2024, por se tratarem de matérias correlatas.;
2463604.0;https://dadosabertos.camara.leg.br/api/v2/proposicoes/2463604;INC;133.0;1421.0;2024;Sugere a implementação de Núcleo de Atenção à Criança e Adolescente com Transtorno do Espectro Autista (TEA) no Município de São João da Ponta, no Estado do Pará.;
2454544.0;https://dadosabertos.camara.leg.br/api/v2/proposicoes/2454544;REQ;354.0;3124.0;2024;Requer aprovação de Voto de Regozijo e Louvor ao Sr. CB. RAFAEL FREIRE NEIRA, pertencente ao efetivo do Corpo de Bombeiros Militar do Estado do Espírito Santo, em reconhecimento aos valorosos serviços prestados aos municípios da região sul capixaba, diante das fortes chuvas que atingiram a região no final do mês de março do presente ano.;
2384700.0;https://dadosabertos.camara.leg.br/api/v2/proposicoes/2384700;PLN;657.0;27.0;2023;Abre ao Orçamento Fiscal da União, em favor do Ministério da Educação e de Encargos Financeiros da União, crédito especial no valor de R$ 185.200.000,00, para os fins que especifica (alteração proposta pela Mensagem Presidencial nº 672/2023).;
2434705.0;https://dadosabertos.camara.leg.br/api/v2/proposicoes/2434705;REQ;294.0;47.0;2024;Requer a realização de audiência pública na Comissão de Direito Humanos, Minorias e Igualdade Racial com o objetivo de discutir a eficácia, os desafios e as implicações das bancas de heteroidentificação no sistema de cotas raciais.;
2433609.0;https://dadosabertos.camara.leg.br/api/v2/proposicoes/2433609;DOC;1003.0;493.0;2024;Of. nº 63 /2024/PS-GSE, que encaminha ao Senado Federal o processado do PDL 364/2023 da CD ao SF, em revisão.;
2374299.0;https://dadosabertos.camara.leg.br/api/v2/proposicoes/2374299;RIC;148.0;1941.0;2023;Solicita informações ao Ministro das Comunicações referente ao prazo para instalação e funcionamento do sinal 5G no município de Concórdia do Pará, no Estado do Pará.;
2424899.0;https://dadosabertos.camara.leg.br/api/v2/proposicoes/2424899;DOC;1024.0;403.0;2024;;
2352461.0;https://dadosabertos.camara.leg.br/api/v2/proposicoes/2352461;REQ;294.0;39.0;2023;Requer a realização de audiência pública para debater o Dia Nacional do Policial Penal a ser comemorado no dia 04 de dezembro de cada ano.;
2459860.0;https://dadosabertos.camara.leg.br/api/v2/proposicoes/2459860;RIC;148.0;3556.0;2024;Solicita informações a Sr.ª Ministra da Saúde, a respeito da notícia de possíveis irregularidades na contratação para assistência à saúde dos indígenas em todo o país, realizada pela pasta.;
2407021.0;https://dadosabertos.camara.leg.br/api/v2/proposicoes/2407021;REQ;354.0;4074.0;2023;Requer Moção de Louvor e Regozijo ao Sr. 3º Sargento PM Rafael Mendes Gonçalves Silva pelos excelentes serviços prestados à Sociedade Carioca e Fluminense.;
;;;;;2025;;
2420008.0;https://dadosabertos.camara.leg.br/api/v2/proposicoes/2420008;REQ;294.0;4.0;2024;Requer a realização de audiência pública para debater o “Envelhecimento Populacional e políticas de cuidado.;
2439343.0;https://dadosabertos.camara.leg.br/api/v2/proposicoes/2439343;REQ;308.0;2072.0;2024;Requer a redistribuição do PL 909 de 2024 para análise de mérito na Comissão de Agricultura, Pecuária, Abastecimento e Desenvolvimento Rural – CAPADR.;
2420756.0;https://dadosabertos.camara.leg.br/api/v2/proposicoes/2420756;EMC;130.0;2.0;2024;"PROJETO DE LEI Nº 5.718, de 2023

Dispõe sobre a obrigatoriedade de baixa automática e eletrônica de gravames por instituições credoras após o cumprimento das obrigações por parte do devedor.";
2434937.0;https://dadosabertos.camara.leg.br/api/v2/proposicoes/2434937;DOC;1033.0;513.0;2024;Comunica que foi mantido o veto parcial aposto ao PL 9474/2018 (Of 124/2024-CN).;
2450969.0;https://dadosabertos.camara.leg.br/api/v2/proposicoes/2450969;TVR;428.0;288.0;2024;Submete à apreciação do Congresso Nacional o ato constante da Portaria nº 12.642, de 19 de março de 2024, que renova permissão outorgada originariamente à Rádio Cultura de Maringá Ltda., posteriormente transferida à Rádio Cultura de Marialva Ltda., atualmente denominada Rádio Cultura Ltda., para executar, pelo prazo de dez anos, sem direito de exclusividade, serviço de radiodifusão sonora em frequência modulada, no Município de Marialva, Estado do Paraná.;
2369418.0;https://dadosabertos.camara.leg.br/api/v2/proposicoes/2369418;REQ;392.0;1955.0;2023;Requer, nos termos do artigo 155 do Regimento Interno, tramitação sob o regime urgência do Projeto de Lei nº 2840/23.;
2469787.0;https://dadosabertos.camara.leg.br/api/v2/proposicoes/2469787;REQ;441.0;4530.0;2024;Requer aprovação de Moção de Aplausos ao Senhor Ex-Deputado Federal Elcival Ramos Caiado.;
;;;;;2025;;
2361177.0;https://dadosabertos.camara.leg.br/api/v2/proposicoes/2361177;RIC;148.0;1258.0;2023;Requer informações ao Ministério da Educação da Presidência da República acerca da contratação da obra com a identificação de origem de nº 25460, para a construção do PAC 2 - CRECHE / PRÉ-ESCOLA MCMV1, no município de Itacoatiara, localizado no Estado do Amazonas,  proveniente de recursos federais, estimada no valor de R$ 1.449.597,16 (um milhão e quatrocentos e quarenta e nove mil e quinhentos e noventa e sete reais e dezesseis centavos)  que encontra-se paralisada/inacabada.;
2406582.0;https://dadosabertos.camara.leg.br/api/v2/proposicoes/2406582;PDL;553.0;432.0;2023;Aprova o ato que autoriza a Associação Comunitária, Artística e Educativa de Inhacorá - ACAEI a executar, pelo prazo de dez anos, sem direito de exclusividade, serviço de radiodifusão comunitária no Município de Inhacorá, Estado do Rio Grande do Sul.;
2449738.0;https://dadosabertos.camara.leg.br/api/v2/proposicoes/2449738;PL;139.0;2941.0;2024;Altera a Lei nº 9.074, de 7 de julho de 1995, para definir regras para instalação e funcionamento de Usinas Termelétricas;
2374195.0;https://dadosabertos.camara.leg.br/api/v2/proposicoes/2374195;DOC;1033.0;539.0;2023;Comunica apreciação, pelo Congresso Nacional, de Veto aposto ao PLV 9/2023 - MPV 1147/2022  (Of 181/2023-CN).;
2443782.0;https://dadosabertos.camara.leg.br/api/v2/proposicoes/2443782;REQ;294.0;34.0;2024;Requer a realização de audiência pública com representantes do Ministério da Casa Civil e Ministério dos Povos Indígenas, no intuito de obter dados e informações acerca das políticas e ações de combate à crise humanitária do território do Povo Yanomami e Yekuana.;
;;;;;2025;;
2366232.0;https://dadosabertos.camara.leg.br/api/v2/proposicoes/2366232;RIC;148.0;1557.0;2023;Solicita informações ao ministro da Educação acerca do Programa Banda Larga nas Escolas no município de Breu Branco, no Estado do Pará.;
2417130.0;https://dadosabertos.camara.leg.br/api/v2/proposicoes/2417130;PL;139.0;114.0;2024;Regulamenta as atividades dos profissionais de nível técnico da área farmacêutica.;
;;;;;2025;;
2351879.0;https://dadosabertos.camara.leg.br/api/v2/proposicoes/2351879;PL;139.0;1235.0;2023;Acrescenta parágrafo ao art. 52 da Lei n.º 8.078, de 11 de setembro 1990, que “dispõe sobre a proteção do consumidor e dá outras providências”, para estabelecer condições específicas nas operações de crédito celebradas com idosos.;
2416951.0;https://dadosabertos.camara.leg.br/api/v2/proposicoes/2416951;REQ;293.0;39.0;2024;Requer a realização de Sessão Solene para celebrar o Dia Internacional das Pessoas com Deficiência.;
2349305.0;https://dadosabertos.camara.leg.br/api/v2/proposicoes/2349305;PL;139.0;657.0;2023;Acrescenta parágrafos aos arts. 121, 157 e 158 do Decreto-Lei nº 2.848, de 7 de dezembro de 1940 - Código Penal, estipulando que no homicídio doloso, no feminicídio, no latrocínio e na extorsão mediante sequestro de que resulte a morte, praticados mediante mais de uma ação, as penas privativas de liberdade serão aplicadas cumulativamente, ainda que cometidos em continuação decorrente das condições de tempo, lugar, maneira de execução e outras semelhantes.;
2409645.0;https://dadosabertos.camara.leg.br/api/v2/proposicoes/2409645;PL;139.0;5872.0;2023;Acrescenta novo parágrafo ao art. 129, do Decreto-Lei nº 2.848, de 7 de dezembro de 1940 (Código Penal), para estabelecer pena especifica no caso de lesão corporal praticada contra pessoa com deficiência ou doença que implique o aumento de sua vulnerabilidade.;
2441619.0;https://dadosabertos.camara.leg.br/api/v2/proposicoes/2441619;ATA;810.0;108.0;2024;Termo Solene nº 108;
2370841.0;https://dadosabertos.camara.leg.br/api/v2/proposicoes/2370841;REQ;294.0;134.0;2023;Requer a realização de audiência pública para debater estratégias para uma ampla campanha de desarmamento com foco na promoção da paz nas escolas.;
2384710.0;https://dadosabertos.camara.leg.br/api/v2/proposicoes/2384710;PLN;661.0;28.0;2023;Institui o Plano Plurianual da União para o período de 2024 a 2027 - PPA 2024-2027, em cumprimento ao disposto no § 1º do art. 165 da Constituição.;
;;;;;2025;;
2400778.0;https://dadosabertos.camara.leg.br/api/v2/proposicoes/2400778;RIC;148.0;2661.0;2023;Solicita ao Excelentíssimo Ministro da Defesa, Sr. José Lúcio Monteiro Filho, informações a respeito da autorização de transporte de alimentos adquiridos do MST para a Faixa de Gaza, realizado pela Força Aérea Brasileira.;
2459724.0;https://dadosabertos.camara.leg.br/api/v2/proposicoes/2459724;TVR;428.0;575.0;2024;Submete à apreciação do Congresso Nacional o ato constante da Portaria nº 10.768, de 18 de outubro de 2023, que renova a permissão outorgada originariamente  à  Difusora Stéreo Cândido Mota Ltda, atualmente denominada Rádio Integração do Vale Ltda., para executar, pelo prazo de dez anos, sem direito de exclusividade, o serviço de radiodifusão sonora em frequência modulada, no Município de Cândido Mota, Estado de São Paulo.;
2373198.0;https://dadosabertos.camara.leg.br/api/v2/proposicoes/2373198;DOC;1028.0;515.0;2023;Comunica restituição do PL 3765/2020 sancionado (Of 565/2023-SF).;
;;;;;2025;;
;;;;;2025;;
2369934.0;https://dadosabertos.camara.leg.br/api/v2/proposicoes/2369934;PL;139.0;3120.0;2023;Define como crime contra a economia popular a venda de ingressos de competições esportivas, audições musicais, apresentações teatrais ou quaisquer outros eventos de diversão e lazer por preços superiores aos fixados pelas entidades promotoras do evento.;
2371990.0;https://dadosabertos.camara.leg.br/api/v2/proposicoes/2371990;PL;139.0;3309.0;2023;Altera a Lei 14.300/2022 para permitir a cessão de crédito de energia elétrica para entidades beneficentes, hospitais públicos e hospitais filantrópicos.;
2368430.0;https://dadosabertos.camara.leg.br/api/v2/proposicoes/2368430;PROC;720.0;304.0;2023;INSTALAÇÃO DO GRUPO PARLAMENTAR DE AMIZADE BRASIL-ARGÉLIA;
2404420.0;https://dadosabertos.camara.leg.br/api/v2/proposicoes/2404420;INC;133.0;1528.0;2023;Sugere a implantação da Patrulha Maria da Penha no município de  Alenquer, no Estado do Pará.;
2367150.0;https://dadosabertos.camara.leg.br/api/v2/proposicoes/2367150;EMC;130.0;34.0;2023;Dá nova redação à MPV 1162/2023;
;;;;;2025;;
2354806.0;https://dadosabertos.camara.leg.br/api/v2/proposicoes/2354806;REQ;294.0;17.0;2023;Requer a inclusão de participante em audiência pública no âmbito da Comissão de Finanças e Tributação, com objetivo de debater a Política de Juros dos cartões de crédito e crédito rotativo.;
2450824.0;https://dadosabertos.camara.leg.br/api/v2/proposicoes/2450824;REQ;318.0;2781.0;2024;Requer nos termos do Art. 114, inciso XIV do Regimento Interno, a inclusão na Ordem do Dia, do Projeto de Lei n.º 4703, de 2012.;
2401468.0;https://dadosabertos.camara.leg.br/api/v2/proposicoes/2401468;RIC;148.0;2681.0;2023;Requer informações ao Sr. Ministro do Esporte sobre execução de emendas parlamentares;
2425217.0;https://dadosabertos.camara.leg.br/api/v2/proposicoes/2425217;REQ;294.0;70.0;2024;Em aditamento ao REQ 67/2024–CSAUDE, requer a inclusão de convidados na audiência pública que irá debater o PL 2583/2020.;
2395754.0;https://dadosabertos.camara.leg.br/api/v2/proposicoes/2395754;PL;139.0;4971.0;2023;Dispõe sobre mecanismos de facilitação do crédito a microempreendedores individuais, microempresas e empresas de pequeno porte controladas e administradas por pessoas com deficiência e altera a Lei nº 13.483, de 21 de setembro de 2017, e a Lei nº 13.999, de 18 de maio de 2020;
2460096.0;https://dadosabertos.camara.leg.br/api/v2/proposicoes/2460096;REQ;294.0;91.0;2024;Requer que seja realizada  audiência pública na Comissão de Relações Exteriores e de Defesa Nacional sobre a falta de orçamento nas embaixadas brasileiras.;
2480904.0;https://dadosabertos.camara.leg.br/api/v2/proposicoes/2480904;PL;139.0;4944.0;2024;Dispõe sobre medidas cautelares aplicáveis a indivíduos investigados ou acusados pela prática de crimes sexuais praticados contra crianças, adolescentes, pessoas vulneráveis ou adultos, e violência doméstica e familiar contra a mulher, com vistas à proteção das vítimas e à garantia da ordem pública.;
2398427.0;https://dadosabertos.camara.leg.br/api/v2/proposicoes/2398427;EMC;130.0;2.0;2023;Dispõe sobre a confirmação facial no comércio de bens e serviços pela internet.;
2373910.0;https://dadosabertos.camara.leg.br/api/v2/proposicoes/2373910;REQ;313.0;2252.0;2023;Requer inclusão, como coautores do PL 2809/2023, os deputados e deputadas signatários deste requerimento.;
;;;;;2025;;
2354897.0;https://dadosabertos.camara.leg.br/api/v2/proposicoes/2354897;INC;133.0;352.0;2023;Sugere a inclusão de trecho rodoviário (RR-319) na relação descritiva das rodovias pertencentes ao Subsistema Rodoviário Federal.;
2386576.0;https://dadosabertos.camara.leg.br/api/v2/proposicoes/2386576;REQ;392.0;2973.0;2023;Requer a inclusão na Ordem do Dia do Projeto de Lei 4434 de 2008, Dispõe sobre o reajuste dos benefícios mantidos pelo regime geral de previdência social e o índice de correção previdenciária.;
2419808.0;https://dadosabertos.camara.leg.br/api/v2/proposicoes/2419808;PL;139.0;632.0;2024;Altera a Lei Geral de Telecomunicações e a Lei do Fust para dispor sobre a criação do código único nacional para atendimento de serviços de emergência.;
;;;;;2025;;" que """"Dispõe sobre a criação do Programa Nacional de Incentivo à Educação Continuada para Mães Solo e dá outras providências""""."";""Indefinida"";""https://www.camara.leg.br/proposicoesWeb/prop_mostrarintegra?codteor=2864034"""
2355643.0;https://dadosabertos.camara.leg.br/api/v2/proposicoes/2355643;REQ;294.0;16.0;2023;Requer a inclusão dos representantes das entidades Instituto Brasileiro de Defesa do Consumidor - IDEC e Coalizão Direitos na Rede - CDR. Inclusão de convidados, como palestrantes, no Requerimento 11/2023.;
2458864.0;https://dadosabertos.camara.leg.br/api/v2/proposicoes/2458864;REQ;354.0;3894.0;2024;Requer aprovação de Voto de Regozijo e Louvor ao Sr. SD. CARLOS ALBERTO BIMBATO JUNIOR, pertencente ao efetivo do Corpo de Bombeiros Militar do Estado do Espírito Santo, em reconhecimento aos valorosos serviços prestados aos municípios da região sul capixaba, diante das fortes chuvas que atingiram a região no final do mês de março do presente ano.;
2454709.0;https://dadosabertos.camara.leg.br/api/v2/proposicoes/2454709;REQ;354.0;3248.0;2024;Requer Voto de Louvor e Regozijo ao Sr. SD Roni Eduardo Lage Silva pelos excelentes serviços prestados ao estado do Rio de Janeiro, junto ao CBMERJ.;
;;;;;2025;;
2420164.0;https://dadosabertos.camara.leg.br/api/v2/proposicoes/2420164;DOC;1024.0;202.0;2024;;
2350347.0;https://dadosabertos.camara.leg.br/api/v2/proposicoes/2350347;TVR;424.0;67.0;2023;Submete à apreciação do Congresso Nacional o ato constante da Portaria nº 4.416, de 28 de setembro de 2018, que outorga permissão ao Instituto Federal de Educação, Ciência e Tecnologia Catarinense para explorar, pelo prazo de dez anos, sem direito de exclusividade, serviço de radiodifusão sonora em frequência modulada, com fins exclusivamente educativos, no Município de Videira, Estado de Santa Catarina.;
2401028.0;https://dadosabertos.camara.leg.br/api/v2/proposicoes/2401028;DOC;1003.0;1264.0;2023;Of. nº 492/2023/PS-GSE que encaminha ao Senado Federal o processado do PL 1262/2022 em revisão.;
2361993.0;https://dadosabertos.camara.leg.br/api/v2/proposicoes/2361993;RIC;148.0;1379.0;2023;Requer informações ao Ministro da Agricultura e Pecuária, Sr. Carlos Fávaro, sobre a atuação das instâncias de governança corporativa da Empresa Brasileira de Pesquisa Agropecuária (Embrapa).;
2475516.0;https://dadosabertos.camara.leg.br/api/v2/proposicoes/2475516;DOC;1024.0;938.0;2024;;
2357774.0;https://dadosabertos.camara.leg.br/api/v2/proposicoes/2357774;PROC;720.0;94.0;2023;Requer a inclusão do nome do Deputado Welter como membro da FPAF.;
2409620.0;https://dadosabertos.camara.leg.br/api/v2/proposicoes/2409620;DOC;1028.0;1507.0;2023;Comunica restituição de autógrafo do PL 5310/2020, sancionado (Of 1258/2023-SF).;
2355274.0;https://dadosabertos.camara.leg.br/api/v2/proposicoes/2355274;INC;133.0;364.0;2023;Sugere a Exma. Ministra da Saúde, Senhora Nísia Trindade, a distribuição do cordão de fita com desenhos de girassóis para a identificação de pessoas com deficiências ocultas pelo Sistema Único de Saúde (SUS).;
2419684.0;https://dadosabertos.camara.leg.br/api/v2/proposicoes/2419684;DOC;1024.0;96.0;2024;;
2449415.0;https://dadosabertos.camara.leg.br/api/v2/proposicoes/2449415;REQ;354.0;2674.0;2024;Requer Moção de Louvor e Regozijo ao Sr. Cabo Michael Gomes dos Santos Fernandes, pelos excelentes serviços prestados ao estado do Rio de Janeiro na área de segurança pública no 22º BPM no bairro presente de Higienópolis.;
;;;;;2025;;
2437499.0;https://dadosabertos.camara.leg.br/api/v2/proposicoes/2437499;RIC;148.0;1472.0;2024;Solicita informações ao Excelentíssimo ministro da Integração e do Desenvolvimento Regional, Waldez Góes, sobre a construção de novo trecho do Canal do Sertão em Alagoas.;
2412114.0;https://dadosabertos.camara.leg.br/api/v2/proposicoes/2412114;REQ;523.0;189.0;2023;Solicita que seja convocado o Excelentíssimo Ministro de Estado de Minas e Energia, Alexandre Silveira, para prestar esclarecimentos acerca da decisão do Lula que permite à empresa de Joesley adquirir energia da Venezuela, bem como as implicações dessa medida para o custo da energia no Brasil.;
2406825.0;https://dadosabertos.camara.leg.br/api/v2/proposicoes/2406825;DOC;1024.0;53.0;2023;;
2431256.0;https://dadosabertos.camara.leg.br/api/v2/proposicoes/2431256;REQ;294.0;71.0;2024;Requer a realização de Audiência Pública, no dia 28/5/2024, às 13:30h, para discutir os privilégios do Sistema da Dívida, os graves riscos do esquema de Securitização de Créditos Públicos e a importância das mobilizações do funcionalismo público.;
2474426.0;https://dadosabertos.camara.leg.br/api/v2/proposicoes/2474426;PL;139.0;4643.0;2024;Institui crédito do Plano SAFRA 2024/2025 para pescadores artesanais e aquicultores familiares na aquisição de equipamentos e insumos para a produção.;
2361487.0;https://dadosabertos.camara.leg.br/api/v2/proposicoes/2361487;INC;133.0;621.0;2023;Sugere ao Ministério da Educação e ao Ministério do Trabalho e Previdência a adoção de políticas públicas voltadas a estimular o desenvolvimento de programas de capacitação em tecnologias digitais e o desenvolvimento de aplicativos, plataformas de comércio eletrônico e Internet das Coisas.;
2430136.0;https://dadosabertos.camara.leg.br/api/v2/proposicoes/2430136;PL;139.0;1448.0;2024;Altera a Lei nº 1.046 de 1950 e a Lei nº 10.820 de 2003 para determinar que as autorizações para desconto de prestação de empréstimo em folha sejam feitas de forma presencial e por escrito no caso de contratantes maiores de 60 ( sessenta) anos.;
;;;;;2025;;
;;;;;2025;;
2435913.0;https://dadosabertos.camara.leg.br/api/v2/proposicoes/2435913;REQ;310.0;1758.0;2024;Requer a retirada de assinatura do Requerimento – REQ n.º 1722/2024, que requer a realização de Sessão Solene da Câmara dos Deputados para celebrar o centenário da Coluna Prestes.;
2475896.0;https://dadosabertos.camara.leg.br/api/v2/proposicoes/2475896;PL;139.0;4695.0;2024;Cria a Política Nacional de Enfrentamento à Violência contra a Mulher nas Regiões Rurais.;
2404449.0;https://dadosabertos.camara.leg.br/api/v2/proposicoes/2404449;RIC;148.0;2808.0;2023;Solicita informações ao Ministro da Educação, Senhor Camilo Santana, acerca de ato de exposição realizado na Universidade Federal do Rio Grande (FURG) que estaria, supostamente, fazendo apologia ao crime de aborto.;
2463117.0;https://dadosabertos.camara.leg.br/api/v2/proposicoes/2463117;REQ;318.0;4269.0;2024;Requer a inclusão da PEC 518/2010 6.064/2023, que “Dá nova redação ao caput do art. 19 do Ato das Disposições Constitucionais Transitórias e revoga o º 2º do dispositivo”, na Ordem do dia.;
;;;;;2025;;
2363330.0;https://dadosabertos.camara.leg.br/api/v2/proposicoes/2363330;REQ;150.0;1621.0;2023;Requer seja convidado o Senhor Roberto de Oliveira Campos Neto, Presidente do Banco Central para prestar esclarecimentos perante o Plenário desta Casa, acerca da condução da política monetária no Brasil.;
2405085.0;https://dadosabertos.camara.leg.br/api/v2/proposicoes/2405085;SOR;611.0;4.0;2023;Requer o aporte de recursos para o PROGRAMA 2303 - Pesquisa e Inovação Agropecuária. AÇÃO: 20Y6 - Pesquisa, Desenvolvimento e Transferência de Tecnologias para a Agropecuária, VALOR: 100.000.000(emenda de apropriação).;
2425147.0;https://dadosabertos.camara.leg.br/api/v2/proposicoes/2425147;DOC;1035.0;206.0;2024;Requer inclusão de assinatura de adesão à Frente Parlamentar Mista do Biodiesel-FPBio.;
2372841.0;https://dadosabertos.camara.leg.br/api/v2/proposicoes/2372841;RIC;148.0;1855.0;2023;Solicita informações ao ministro da Educação acerca do Programa Banda Larga nas Escolas no município de Tomé-Açu, no Estado do Pará.;
2383184.0;https://dadosabertos.camara.leg.br/api/v2/proposicoes/2383184;PLN;658.0;26.0;2023;Abre ao Orçamento Fiscal da União, em favor do Ministério da Defesa, crédito suplementar no valor de R$ 39.700.000,00, para reforço de dotações constantes da Lei Orçamentária vigente.;
2406043.0;https://dadosabertos.camara.leg.br/api/v2/proposicoes/2406043;INC;133.0;1609.0;2023;Sugere ao Poder Executivo Federal, por intermédio do Ministério da Saúde, a inclusão da Pregabalina no rol de medicamentos disponibilizados pelo SUS, para portadores de fibromialgia.;
2465545.0;https://dadosabertos.camara.leg.br/api/v2/proposicoes/2465545;PL;139.0;4142.0;2024;Dispõe sobre a suspensão de pagamento de financiamentos relacionados à atividade agropecuária em virtude da seca e dos incêndios no Estado de Roraima.;
2353521.0;https://dadosabertos.camara.leg.br/api/v2/proposicoes/2353521;PL;139.0;1416.0;2023;Altera a Lei nº 9.503, de 23 de setembro de 1997, que institui o Código de Trânsito Brasileiro, para tipificar a pena de homicídio doloso na direção de veículo automotor ao motorista que esteja sob a influência de álcool ou de qualquer outra substância psicoativa que determine dependência.;
2360376.0;https://dadosabertos.camara.leg.br/api/v2/proposicoes/2360376;RIC;148.0;1153.0;2023;Requer informações ao Ministério dos Transportes acerca da obra de recuperação e requalificação do “Porto de Manaus”, que encontra-se paralisada/inacabada.;
2392027.0;https://dadosabertos.camara.leg.br/api/v2/proposicoes/2392027;DOC;1003.0;1102.0;2023;Of. nº 402/2023/PS-GSE que comunica ao Senado Federal a restituição de autógrafos do PL 3896/2021 sancionado.;
2458919.0;https://dadosabertos.camara.leg.br/api/v2/proposicoes/2458919;REQ;354.0;3921.0;2024;Requer Voto de Louvor e Regozijo ao Sr. Capitão BM Filipe Evangelista Fernandes Rodrigues pelos excelentes serviços prestados ao estado do Rio de Janeiro, junto ao CBMERJ.;
2385958.0;https://dadosabertos.camara.leg.br/api/v2/proposicoes/2385958;INC;133.0;1244.0;2023;Sugere que o Campus Piripiri, do Instituto Federal do Piauí, passe a ser denominado Campus Professor Omar Rezende.;
2403652.0;https://dadosabertos.camara.leg.br/api/v2/proposicoes/2403652;DOC;1003.0;1336.0;2023;Of. nº 527/2023/PS-GSE que encaminha ao Senado Federal o processado do PDL 2352022 em revisão.;
2388195.0;https://dadosabertos.camara.leg.br/api/v2/proposicoes/2388195;PDL;557.0;325.0;2023;Susta o Decreto nº 11.702, de 12 de setembro de 2023, que institui o Comitê Interministerial de Desintrusão de Terras Indígenas.;
;;;;;2025;;
2458472.0;https://dadosabertos.camara.leg.br/api/v2/proposicoes/2458472;DOC;1003.0;1184.0;2024;Of. nº 445/2024/PS-GSE, que encaminha ao Senado Federal o processado do PDL 215-2024, em revisão.;
2394791.0;https://dadosabertos.camara.leg.br/api/v2/proposicoes/2394791;REQ;313.0;3476.0;2023;Requer a coautoria do PL 4812/2023, de autoria do deputado Sargento Portugal (PODE/RJ), que desonera rações e suplementos para alimentação de cães e gatos do pagamento do Imposto sobre Produtos Industrializados (IPI), da Contribuição para os Programas de Integração Social e de Formação do Patrimônio do Servidor Público (PIS/PASEP) e da Contribuição para o financiamento da Seguridade Social (COFINS), nos termos em que especifica.;
2364506.0;https://dadosabertos.camara.leg.br/api/v2/proposicoes/2364506;PL;139.0;2762.0;2023;Institui a Campanha de Conscientização sobre a Gestão do Risco e Desastres.;
2404661.0;https://dadosabertos.camara.leg.br/api/v2/proposicoes/2404661;PL;139.0;5576.0;2023;"Acrescenta dispositivo à Lei nº 12.764, de 27 de dezembro de 2012 - que institui a Política Nacional de Proteção dos Direitos da Pessoa com Transtorno do Espectro Autista; e altera o § 3º do art. 98 da Lei nº 8.112, de 11 de dezembro de 1990, proibindo a aplicação de qualquer sanção em condomínios decorrentes de perturbação do sossego envolvendo pessoas diagnosticadas com o transtorno de espectro autista.";
2397842.0;https://dadosabertos.camara.leg.br/api/v2/proposicoes/2397842;INC;133.0;1426.0;2023;Sugere a alteração do art. 2º da Instrução Normativa RFB nº 2.134, de 2023, para aumentar a faixa de isenção do Imposto de Renda da Pessoa Física dos produtores rurais de R$ 142.798,50 por ano para R$ 350.000,00 por ano.;
2437283.0;https://dadosabertos.camara.leg.br/api/v2/proposicoes/2437283;REQ;523.0;171.0;2024;Requer a convocação do Excelentíssimo Ministro da Justiça e Segurança Pública, Sr. Ricardo Lewandowski, para prestar esclarecimentos sobre a Portaria do Ministro N.º 648/MJSP/2024, que “estabelece diretrizes sobre o uso de câmeras corporais pelos órgãos de segurança pública”.;
2365508.0;https://dadosabertos.camara.leg.br/api/v2/proposicoes/2365508;EMC;130.0;110.0;2023;Dá nova redação à MPV 1154/2023;
2429642.0;https://dadosabertos.camara.leg.br/api/v2/proposicoes/2429642;REQ;686.0;1.0;2024;Requer a realização de Seminário em Rio Branco/AC, no âmbito da Comissão de Meio Ambiente e Desenvolvimento Sustentável, para discutir a dualidade da crise hídrica no estado do Acre, enfocando tanto a escassez extrema de água quanto as inundações devastadoras.;
2464817.0;https://dadosabertos.camara.leg.br/api/v2/proposicoes/2464817;RIC;148.0;4034.0;2024;"Requer informações quanto à regulamentação da Lei nº 14.758, de 19 de dezembro de 2023, que ""institui a Política Nacional de Prevenção e Controle do Câncer no âmbito do Sistema Único de Saúde (SUS) e o Programa Nacional de Navegação da Pessoa com Diagnóstico de Câncer; e altera a Lei nº 8.080, de 19 de setembro de 1990 (Lei Orgânica da Saúde)"".";
2382835.0;https://dadosabertos.camara.leg.br/api/v2/proposicoes/2382835;REQ;609.0;2798.0;2023;Requer a criação da Frente Parlamentar Mista em Defesa dos Institutos Federais de Educação, Ciência e Tecnologia.;
2433125.0;https://dadosabertos.camara.leg.br/api/v2/proposicoes/2433125;REQ;441.0;58.0;2024;Requer Moção de Aplausos em virtude do Dia Nacional do Café, celebrado em 24 de maio.;
2419380.0;https://dadosabertos.camara.leg.br/api/v2/proposicoes/2419380;RIC;148.0;395.0;2024;Requer informações ao Ministério da Saúde acerca das medidas e providências adotadas para combater o aumento de casos de dengue no Brasil, assim como para reduzir os impactos na saúde pública.;
2425754.0;https://dadosabertos.camara.leg.br/api/v2/proposicoes/2425754;REQ;354.0;1104.0;2024;Requer Moção de Louvor e Regozijo a Sra. Agente Social Marinete Lossano Barreto Barbosa, pelos excelentes serviços prestados à Sociedade Carioca e Fluminense.;
2415826.0;https://dadosabertos.camara.leg.br/api/v2/proposicoes/2415826;REQ;293.0;4425.0;2023;Requer a convocação de Sessão Solene da Câmara dos Deputados, em comemoração ao Dia do Bombeiro Brasileiro.;
2353629.0;https://dadosabertos.camara.leg.br/api/v2/proposicoes/2353629;RIC;148.0;562.0;2023;Requer informações ao Senhor Flavio Dino, Ministro da Justiça e Segurança Pública, sobre as operações da Polícia Federal contra a caça ilegal de felinos da fauna nativa brasileira.;
2439421.0;https://dadosabertos.camara.leg.br/api/v2/proposicoes/2439421;REQ;147.0;56.0;2024;Solicita informações ao Ministro de Minas e Energia, Sr. Alexandre Silveira, para que requeira à Agência Nacional de Energia Elétrica – ANEEL, informações acerca dos pedidos de novas conexões relativos à Distribuidora CEMIG-D e CEMIG SIM, no  Estado de Minas Gerais.;
2418461.0;https://dadosabertos.camara.leg.br/api/v2/proposicoes/2418461;PL;139.0;387.0;2024;Altera a Lei nº 9.250, de 1995, para permitir a dedução, no âmbito do imposto de renda das pessoas físicas, de despesas com o tratamento de animais de estimação.;
2421552.0;https://dadosabertos.camara.leg.br/api/v2/proposicoes/2421552;REQ;294.0;12.0;2024;Requer a realização de Audiência Pública para debater a aquisição de insulina análoga de ação rápida pelo Ministério da Saúde.;
2375844.0;https://dadosabertos.camara.leg.br/api/v2/proposicoes/2375844;OF;181.0;40.0;2023;solicita o envio por escrito as respostas de todas as perguntas feitas a Vossa Senhoria pelo Relator, Deputado Carlos Chiodini, na Audiência Pública de 13/06/23.;
2377443.0;https://dadosabertos.camara.leg.br/api/v2/proposicoes/2377443;INC;133.0;1142.0;2023;Sugere ao Exmo. Ministro de Estado da Educação, Senhor Camilo Santana, que promova as devidas articulações e esforços na criação da Universidade Federal do Alto Solimões (UFAS) e/ou a Universidade da Pan Amazônia.;
2458940.0;https://dadosabertos.camara.leg.br/api/v2/proposicoes/2458940;MSC;401.0;758.0;2024;"Submete à apreciação do Congresso Nacional, acompanhado de Exposição de Motivos do Senhor Ministro de Estado das Comunicações, o ato constante da Portaria nº 9.942, de 10 de julho de 2023, publicada no Diário Oficial da União de 24 de julho de 2023, que renova, a partir de 30 de novembro de 2019, a concessão outorgada ao Sistema Plug de Comunicações Ltda., para executar, pelo prazo de dez anos, sem direito de exclusividade, serviço de radiodifusão sonora em onda média, posteriormente adaptado para o serviço de radiodifusão sonora em frequência modulada, no Município de Bom Retiro do Sul, Estado do Rio Grande do
Sul.   - TVR 462/2024 - Portaria nº 9.942, de 10 de julho de 2023 - Sistema Plug de Cominicações Ltda,, no município de Bom Retiro do Sul - RS.";
2370410.0;https://dadosabertos.camara.leg.br/api/v2/proposicoes/2370410;REQ;311.0;2020.0;2023;Requer a retirada de tramitação do Requerimento de Informação 1078/2023 que “Requer, nos termos constitucionais e regimentais, que sejam prestadas informações pelo Excelentíssimo Senhor Rui Costa, Ministro da Casa Civil, a fim de esclarecer o pronunciamento do presidente Lula sobre a criação de Israel”.;
2449195.0;https://dadosabertos.camara.leg.br/api/v2/proposicoes/2449195;REQ;354.0;2629.0;2024;Requer Moção de Louvor e Regozijo ao Sr. Subtenente Roberto Bradulim da Silva, pelos excelentes serviços prestados ao estado do Rio de Janeiro na área de segurança pública no 22º BPM.;
2480072.0;https://dadosabertos.camara.leg.br/api/v2/proposicoes/2480072;INC;133.0;2189.0;2024;Sugere ao Ministério do Meio Ambiente e Mudança do Clima o combate aos lixões a céu aberto, por meio de investimentos na implementação de centrais modulares de tratamento de resíduos sólidos, especialmente no estado do Amazonas, com ênfase no município de Tonantins.;
2458707.0;https://dadosabertos.camara.leg.br/api/v2/proposicoes/2458707;REQ;294.0;87.0;2024;Requer a realização de audiência pública para tratar do bloqueio da plataforma X (ex-Twitter) no Brasil, com a participação de membros da Câmara dos Representantes dos EUA.;
2440740.0;https://dadosabertos.camara.leg.br/api/v2/proposicoes/2440740;PL;139.0;2385.0;2024;Altera a Lei nº 12.764/2012 para determinar que os exames da educação e profissionais sejam adaptados às pessoas com TEA - Transtorno do Espectro Autista.;
2350012.0;https://dadosabertos.camara.leg.br/api/v2/proposicoes/2350012;RIC;148.0;387.0;2023;Requer informações ao Ministro da Fazenda, Sr. Fernando Haddad, para elucidar a influência do conhecimento da tentativa de golpe de Estado em decisões tributárias.;
;;;;;2025;;
2449593.0;https://dadosabertos.camara.leg.br/api/v2/proposicoes/2449593;RIC;148.0;2538.0;2024;Requer informações ao  Ministério da Educação acerca das respostas fornecidas ao RIC n° 1304/2023, por meio do Ofício Nº 2105/2023/ASPAR/GM/GM-MEC, referente à paralisação da construção de quadra coberta com vestiário, na Escola Municipal Professora Juraci Fernandes, no município de Itamarati/AM, proveniente de recursos federais, com identificação de origem nº 1107034, considerando a necessidade de maiores esclarecimentos.;
2475873.0;https://dadosabertos.camara.leg.br/api/v2/proposicoes/2475873;REQ;304.0;4743.0;2024;Requer o apensamento da Proposta de Emenda à Constituição nº 6, de 2024, à Proposta de Emenda à Constituição nº 555, de 2006.;
2372916.0;https://dadosabertos.camara.leg.br/api/v2/proposicoes/2372916;REQ;305.0;2205.0;2023;Requer o desapensamento do Projeto de Lei nº 21, de 2023 e seus apensados, do Projeto de Lei .;
2400122.0;https://dadosabertos.camara.leg.br/api/v2/proposicoes/2400122;REQ;609.0;3727.0;2023;Instituição da Frente Parlamentar Mista da Participação Social.;
2364110.0;https://dadosabertos.camara.leg.br/api/v2/proposicoes/2364110;PROC;720.0;208.0;2023;Solicita a inclusão da assinatura do Deputado Federal Odair Cunha (PT/MG) à Frente Parlamentar Mista para o Desenvolvimento da Indústria Têxtil e de Confecção, registrada nos termos do REQ 1260/2023.;
2481707.0;https://dadosabertos.camara.leg.br/api/v2/proposicoes/2481707;PL;139.0;5027.0;2024;Altera a Lei nº 13.146, de 6 de julho de 2015, que “Institui a Lei Brasileira de Inclusão da Pessoa com Deficiência (Estatuto da Pessoa com Deficiência)”, para determinar que as salas de cinema disponibilizem sessões inclusivas e gratuitas semestrais para crianças com deficiência visual ou auditiva.;
2463623.0;https://dadosabertos.camara.leg.br/api/v2/proposicoes/2463623;INC;133.0;1440.0;2024;Sugere a implementação de Núcleo de Atenção à Criança e Adolescente com Transtorno do Espectro Autista (TEA) no Município de 	Viseu, no Estado do Pará.;
2404756.0;https://dadosabertos.camara.leg.br/api/v2/proposicoes/2404756;PL;139.0;5585.0;2023;Altera o § 1º do art. 12 da Lei nº 8.212, de 24 de julho de 1991, e o § 1º do art. 11 da Lei nº 8.213, de 24 de julho de 1991, para dispor sobre a qualificação do produtor rural como segurado especial independentemente do valor auferido com a comercialização da sua produção.;
2367738.0;https://dadosabertos.camara.leg.br/api/v2/proposicoes/2367738;INC;133.0;776.0;2023;Sugere a implantação da Patrulha Maria da Penha no município de Marabá, no Estado do Pará.;
2397726.0;https://dadosabertos.camara.leg.br/api/v2/proposicoes/2397726;PL;139.0;5059.0;2023;Cria o Programa Nacional de Recuperação de Crédito dos Pequenos Agricultores – Desenrola Rural, cujo objetivo é resgatar a capacidade de produção das famílias da agricultura familiar e de pequenas propriedades rurais, e dá outras providências.;
2354641.0;https://dadosabertos.camara.leg.br/api/v2/proposicoes/2354641;RIC;148.0;619.0;2023;Solicita informações ao Ministro das Minas e Energia, acerca do programa Mais Luz para a Amazônia para o Município de Novo Aripuanã, no Estado do Amazonas.;
;;;;;2025;;
2395739.0;https://dadosabertos.camara.leg.br/api/v2/proposicoes/2395739;RIC;148.0;2523.0;2023;Solicita informações ao Ministro da Fazenda, Senhor Fernando Haddad, referentes à possibilidade de não pagamento do piso mínimo para gastos com Saúde em 2023.;
2443344.0;https://dadosabertos.camara.leg.br/api/v2/proposicoes/2443344;REQ;318.0;2338.0;2024;"Requer a inclusão na Pauta do Plenário do Projeto do PL 7.473, de 2017 que ""Obriga os estacionamentos privados de shopping centers, centros comerciais ou estabelecimentos semelhantes a concederem o dobro do período de tolerância para saída a idosos, pessoas com deficiência e seus acompanhantes.""";
2441886.0;https://dadosabertos.camara.leg.br/api/v2/proposicoes/2441886;PL;139.0;2471.0;2024;Altera a Lei nº 14.254, de 30 de novembro de 2021, a fim de ampliar os cuidados aos educandos com dislexia ou Transtorno do Déficit de Atenção com Hiperatividade (TDAH) ou outro transtorno de aprendizagem.;
2374668.0;https://dadosabertos.camara.leg.br/api/v2/proposicoes/2374668;REQ;294.0;186.0;2023;Requer a realização de Audiência Pública para debater o corte de aproximadamente R$ 452 milhões no orçamento da Saúde de 2023.;
2454479.0;https://dadosabertos.camara.leg.br/api/v2/proposicoes/2454479;REQ;304.0;3111.0;2024;Requer a apensação do PL 4056/2023, do Sr. Prof. Reginaldo Veras, ao PL 2271/2019, do Sr. Lafayette de Andrada, por tratarem de matérias correlatas e se encontrarem em fase em que se permite apensação, nos termos regimentais.;
;;;;;2025;;
2356641.0;https://dadosabertos.camara.leg.br/api/v2/proposicoes/2356641;INC;133.0;421.0;2023;Requer ao Exmo. Ministro da Educação a criação e implantação do Programa Escola Mais Segura, no Município de Valença, Estado do Rio de Janeiro.;
2428404.0;https://dadosabertos.camara.leg.br/api/v2/proposicoes/2428404;REQ;294.0;36.0;2024;Requer a realização de audiência pública conjunta na Comissão do Esporte e na Comissão de Defesa dos Direitos da Mulher para discutir o papel dos clubes de futebol na formação de seus atletas, sob a perspectiva de atuação no combate e prevenção da violência contra a mulher.;
2396129.0;https://dadosabertos.camara.leg.br/api/v2/proposicoes/2396129;RIC;148.0;2529.0;2023;Requer do Ministro de Estado da Educação, Senhor Camilo Santana, informações a respeito do bloqueio de R$ 116 milhões do orçamento da Capes - Coordenação de Aperfeiçoamento de Pessoal de Nível Superior.;
2446952.0;https://dadosabertos.camara.leg.br/api/v2/proposicoes/2446952;REQ;308.0;2509.0;2024;Requer a revisão do despacho aposto ao Projeto de Lei nº 988/2015, que acrescenta dispositivo à Lei n.° 8.856, de 1° de março de 1.994, a fim de dispor sobre o piso salarial dos profissionais fisioterapeutas e terapeutas ocupacionais e demais apensos, para incluir a análise de mérito da Comissão de Administração e Serviço Público.;
2455124.0;https://dadosabertos.camara.leg.br/api/v2/proposicoes/2455124;MSC;401.0;882.0;2024;Submete à apreciação do Congresso Nacional, acompanhado de Exposição de Motivos do Senhor Ministro de Estado das Comunicações, o ato constante da Portaria nº 11.302, de 30 de novembro de 2023, publicada no Diário Oficial da União de 22 de dezembro de 2023, que renova, a partir de 23 de novembro de 2020, a permissão outorgada à Fundação Sara Nossa Terra, para executar, pelo prazo de dez anos, sem direito de exclusividade, o serviço de radiodifusão sonora em frequência modulada, com fins exclusivamente educativos, no Município de Araucária, Estado do Paraná.   - TVR 367/2024 - Portaria nº 11.302, de 30 de novembro de 2023 - Fundação Sara Nossa Terra,, no município de Araúcaria - PR.;
2451845.0;https://dadosabertos.camara.leg.br/api/v2/proposicoes/2451845;REQ;294.0;129.0;2024;Requer a realização de audiência pública nesta Comissão de Agricultura, Pecuária, Abastecimento e Desenvolvimento Rural (CAPADR) a fim de avaliar as metas e resultados efetivos das ações de regularização fundiária no país, bem como discutir sobre as ações do governo para solucionar os conflitos no campo.;
2371929.0;https://dadosabertos.camara.leg.br/api/v2/proposicoes/2371929;OF;181.0;23.0;2023;Of. 23-2023-Pres. Req. 10-23 Inf. SBT;
2352419.0;https://dadosabertos.camara.leg.br/api/v2/proposicoes/2352419;REQ;294.0;1.0;2023;Requer a realização de Audiência Pública para discutir o Novo Arcabouço Fiscal.;
2466794.0;https://dadosabertos.camara.leg.br/api/v2/proposicoes/2466794;TVR;429.0;705.0;2024;Submete à apreciação do Congresso Nacional o ato constante da Portaria nº 13.678, de 26 de junho de 2024, publicada no Diário Oficial da União de 4 de julho de 2024, que RENOVA, a partir de 30 de novembro de 2020, a permissão outorgada anteriormente conferida à Fundação Dom Bosco, para executar, pelo prazo de dez anos, o serviço de radiodifusão sonora, em frequência modulada, com Fins Exclusivamente Educativos, no Município de Campo Grande, Estado do Mato Grosso do Sul.;
2384909.0;https://dadosabertos.camara.leg.br/api/v2/proposicoes/2384909;REQ;448.0;64.0;2023;Requer o envio de Indicação ao Ministério da Fazenda para que seja realizado Curso de Formação Profissional, em etapa única, para os candidatos aprovados na primeira fase de provas objetivas e discursivas do Concurso Público da Receita Federal do Brasil para os cargos de Auditor-Fiscal e Analista-Tributário.;
2432633.0;https://dadosabertos.camara.leg.br/api/v2/proposicoes/2432633;ATA;810.0;50.0;2024;Ata da 50ª sessão.;
2442731.0;https://dadosabertos.camara.leg.br/api/v2/proposicoes/2442731;PRC;141.0;35.0;2024;Denomina “Deputada Amália Barros” ao Plenário da Comissão de Defesa dos Direitos das pessoas com Deficiência.;
;;;;;2025;;
2479020.0;https://dadosabertos.camara.leg.br/api/v2/proposicoes/2479020;DOC;1033.0;1616.0;2024;Comunica término de prazo para edição de decreto legislativo - MPV 1229/2024 (Of 350/2024-CN);
2456064.0;https://dadosabertos.camara.leg.br/api/v2/proposicoes/2456064;REQ;147.0;3391.0;2024;Solicita a instalação da CPI, com a finalidade de investigar a violação de direitos e garantias fundamentais, a prática de condutas arbitrárias sem a observância do devido processo legal, inclusive a adoção de censura e atos de abuso de autoridade, por membros do Tribunal Superior Eleitoral e do Supremo Tribunal Federal.;
2380568.0;https://dadosabertos.camara.leg.br/api/v2/proposicoes/2380568;EMC;130.0;8.0;2023;Dá nova redação à MPV 1174/2023;
2418897.0;https://dadosabertos.camara.leg.br/api/v2/proposicoes/2418897;RIC;148.0;294.0;2024;Solicita informações ao Senhor Ministro das Cidades, Jader Fontenelle Barbalho, acerca de suposta precariedade na infraestrutura de condomínios construídos com recursos do Programa “Minha Casa, Minha Vida” no município de Magé/RJ.;
2435125.0;https://dadosabertos.camara.leg.br/api/v2/proposicoes/2435125;DOC;1024.0;612.0;2024;;
2423498.0;https://dadosabertos.camara.leg.br/api/v2/proposicoes/2423498;PL;139.0;971.0;2024;Enquadra a violação de dispositivo de monitoração eletrônica imposta por medida cautelar ou nos casos previstos na Lei no 7.210, de 11 de julho de 1984, como dano qualificado.;
2419441.0;https://dadosabertos.camara.leg.br/api/v2/proposicoes/2419441;PL;139.0;581.0;2024;Altera a Lei nº 12.711, de 2012, dispondo sobre a reserva de vagas para pessoas com deficiência no total de vagas de ampla concorrência para ingresso nas instituições federais de ensino.;
2374330.0;https://dadosabertos.camara.leg.br/api/v2/proposicoes/2374330;REQ;293.0;2274.0;2023;Requer a realização de Sessão Solene em homenagem aos 70 anos da criação do Ministério da Saúde.;
2473668.0;https://dadosabertos.camara.leg.br/api/v2/proposicoes/2473668;SLD;612.0;7.0;2024;Emenda 7 (TEXTO) - Referência: Corpo da Lei, Cap IX, Art 130.;
2388008.0;https://dadosabertos.camara.leg.br/api/v2/proposicoes/2388008;DOC;1035.0;1025.0;2023;Solicita adesão de novo membro à Frente Parlamentar Mista pelo Livre Mercado - FPLM.;
2352556.0;https://dadosabertos.camara.leg.br/api/v2/proposicoes/2352556;REQ;609.0;862.0;2023;Requer o registro da Frente Parlamentar Mista da Educação.;
2370023.0;https://dadosabertos.camara.leg.br/api/v2/proposicoes/2370023;PL;139.0;3130.0;2023;MODIFICA CÓDIGO DE PROCESSO CIVIL - LEI N° 13.105, DE 13 DE MARÇO DE 2015, DE MODO A ASSEGURAR À ADVOGADA A SUSPENSÃO DOS PROCESSOS POR 120 (CENTO E VINTE) DIAS EM RAZÃO DE PARTO OU DE ADOÇÃO.;
2435148.0;https://dadosabertos.camara.leg.br/api/v2/proposicoes/2435148;RIC;148.0;1392.0;2024;Requer envio de expediente ao Ministro de Estado da Secrataria de Comunicação Social da Presidência da República.;
;;;;;2025;;
2440778.0;https://dadosabertos.camara.leg.br/api/v2/proposicoes/2440778;PL;139.0;2387.0;2024;Altera a Lei nº 9.656, de 3 de junho de 1998, e a Lei nº 9.961, de 28 de janeiro de 2000, para dispor sobre o índice de reajuste de planos privados de assistência à saúde de contratação coletiva.;
2354468.0;https://dadosabertos.camara.leg.br/api/v2/proposicoes/2354468;REQ;441.0;35.0;2023;Requer a aprovação de MOÇÃO DE REPÚDIO ao golpe militar de 01 de abril de 1964, em razão das graves violações de direitos humanos cometidas pelos agentes de Estado.;
2417311.0;https://dadosabertos.camara.leg.br/api/v2/proposicoes/2417311;REQ;521.0;181.0;2024;Requer a constituição de Comissão Especial para analisar o PL nº 5.016/2005, que “Estabelece penalidades para o trabalho escravo, altera dispositivos do Decreto-Lei nº 2.848, de 7 de dezembro de 1940 (Código Penal), e da Lei nº 5.889, de 8 de junho de 1973, que regula o trabalho rural, e dá outras providências”.;
2402062.0;https://dadosabertos.camara.leg.br/api/v2/proposicoes/2402062;SLD;612.0;3.0;2023;"Apoio a iniciativas e projetos de inclusão digital. (Ação 20V8; Programa: 2305 Comunicações para inclusão e transformação; Acréscimos: 100)";
2415752.0;https://dadosabertos.camara.leg.br/api/v2/proposicoes/2415752;DOC;1003.0;1586.0;2023;Ofício nº 679/2023/PS-GSE que encaminha a Mensagem n. 52/2023 de envio à sanção presidencial do PL 4071/2015.;
2351216.0;https://dadosabertos.camara.leg.br/api/v2/proposicoes/2351216;REQ;293.0;635.0;2023;Requer a realização de Sessão Solene, no Plenário desta Casa, em homenagem aos 41 anos do Conselho Nacional de Secretários de Saúde – CONASS.;
2469599.0;https://dadosabertos.camara.leg.br/api/v2/proposicoes/2469599;PL;139.0;4405.0;2024;Dispõe sobre a proibição de participação de invasores de terras em sociedades organizadas e cria o cadastro nacional de invasores.;
2426821.0;https://dadosabertos.camara.leg.br/api/v2/proposicoes/2426821;REQ;294.0;80.0;2024;Aditamento do Requerimento nº 55/2024 (CSaúde) que requer a realização de Audiência Pública para debater a instituição da Semana Nacional de Atenção à Saúde Domiciliar.;
2442181.0;https://dadosabertos.camara.leg.br/api/v2/proposicoes/2442181;RIC;148.0;1832.0;2024;Requer informações ao Ministério dos Transportes acerca da disposição orçamentária e execução da construção do Porto (IP4) de Envira/AM.;
2459695.0;https://dadosabertos.camara.leg.br/api/v2/proposicoes/2459695;REQ;354.0;4073.0;2024;Requer aprovação de Voto de Regozijo e Louvor ao Sr. Terceiro Sargento ITALO OLIVEIRA BARONE, pertencente ao efetivo da MARINHA DO BRASIL - Capitania dos Portos do Espírito Santo, em reconhecimento aos valorosos serviços prestados aos municípios da região sul capixaba, diante das fortes chuvas que atingiram a região no final do mês de março do presente ano.;
2348730.0;https://dadosabertos.camara.leg.br/api/v2/proposicoes/2348730;RIC;148.0;104.0;2023;Solicita informações ao Ministro das Comunicações, acerca dos programas Wi-Fi Brasil e Amazônia Conectada para o Município de Rio Preto da Eva, no Estado do Amazonas.;
2458686.0;https://dadosabertos.camara.leg.br/api/v2/proposicoes/2458686;REQ;354.0;3838.0;2024;Requer aprovação de Voto de Regozijo e Louvor ao Sr. SD. LUAN FERREIRA LEAL MORAES, pertencente ao efetivo do Corpo de Bombeiros Militar do Estado do Espírito Santo, em reconhecimento aos valorosos serviços prestados aos municípios da região sul capixaba, diante das fortes chuvas que atingiram a região no final do mês de março do presente ano.;
2435248.0;https://dadosabertos.camara.leg.br/api/v2/proposicoes/2435248;REQ;312.0;1710.0;2024;Requeiro, nos termos do Artigo 104, § 2º do Regimento Interno, a retirada de minha assinatura aposta à emenda nº 15 apresentada ao PL 1.213/2024.;
2469943.0;https://dadosabertos.camara.leg.br/api/v2/proposicoes/2469943;RIC;148.0;4185.0;2024;Requer informações ao Senhor Ministro de Estado da Educação, acerca da interrupção da disponibilização no Avamec do curso Famílias Fortes, ofertado pela extinta Secretaria Nacional da Família do Ministério da Mulher, da Família e dos Direitos Humanos.;
2377695.0;https://dadosabertos.camara.leg.br/api/v2/proposicoes/2377695;RIC;148.0;2057.0;2023;Requer, nos termos constitucionais e regimentais, o encaminhamento, por meio da Mesa Diretora desta Casa, de pedido de informações ao Ministro de Estado das Relações Exteriores, Embaixador Mauro Vieira, relacionadas à doação de medicamentos para a República de Cuba;
2410373.0;https://dadosabertos.camara.leg.br/api/v2/proposicoes/2410373;DOC;1024.0;98.0;2023;;
;;;;;2025;;
2409052.0;https://dadosabertos.camara.leg.br/api/v2/proposicoes/2409052;REQ;294.0;88.0;2023;Requer a participação da Comissão do Esporte no Prêmio Brasil Olímpico 2023 (PBO), evento a ser realizado na Cidade das Artes, no Rio de Janeiro.;
2380585.0;https://dadosabertos.camara.leg.br/api/v2/proposicoes/2380585;EMC;130.0;25.0;2023;Dá nova redação à MPV 1174/2023;
2363733.0;https://dadosabertos.camara.leg.br/api/v2/proposicoes/2363733;EMC;130.0;212.0;2023;Dá nova redação à MPV 1164/2023;
2359503.0;https://dadosabertos.camara.leg.br/api/v2/proposicoes/2359503;PROC;720.0;118.0;2023;Formalização da adesão de membros ao Grupo Parlamentar de Amizade Brasil e Índia.;
;;;;;2025;;
2399537.0;https://dadosabertos.camara.leg.br/api/v2/proposicoes/2399537;REQ;448.0;226.0;2023;Requer seja formada comitiva para representar este colegiado em missão oficial na 28ª Conferência das Nações Unidas sobre Mudanças Climáticas, que será realizada na cidade de Dubai, do dia 30 de novembro ao dia 12 de dezembro de 2023.;
2456492.0;https://dadosabertos.camara.leg.br/api/v2/proposicoes/2456492;INC;133.0;1178.0;2024;Sugere a Excelentíssima Ministra da Saúde, Senhora Nísia Trindade, a inserção do diagnóstico da AME, no rol de exames realizado nos recém-nascidos, em todos os estados brasileiros.;
;;;;;2025;;
2363788.0;https://dadosabertos.camara.leg.br/api/v2/proposicoes/2363788;REQ;441.0;1634.0;2023;Requeremos, nos termos do Regimento Interno da Câmara dos Deputados, a emissão de MOÇÃO DE APLAUSOS à Polícia Militar do Tocantins, em reconhecimento ao sucesso da Operação Cangussu, realizada em parceria com as Polícias Militares dos Estados de Mato Grosso,Pará, Goiás  e Minas Gerais.;
;;;;;2025;;
2389909.0;https://dadosabertos.camara.leg.br/api/v2/proposicoes/2389909;REQ;294.0;114.0;2023;Requer, em aditamento ao requerimento REQ 107/2023 - CVT, a inclusão de convidados em audiência pública.;
2364841.0;https://dadosabertos.camara.leg.br/api/v2/proposicoes/2364841;PL;139.0;2778.0;2023;Altera a redação do Art. 149 do Decreto-Lei nº 2.848, de 7 de dezembro de 1940 (Código Penal), que trata do crime de redução de pessoa a condição análoga a de escravo.;
2477115.0;https://dadosabertos.camara.leg.br/api/v2/proposicoes/2477115;PDL;553.0;568.0;2024;Aprova o ato que renova a permissão outorgada à Rádio Club de Palmas Ltda. para explorar serviço de radiodifusão sonora em onda média, posteriormente adaptado para o serviço de radiodifusão sonora em frequência modulada, no Município de Palmas, Estado do Paraná.;
2354757.0;https://dadosabertos.camara.leg.br/api/v2/proposicoes/2354757;REQ;441.0;1033.0;2023;Requer a aprovação de Moção de Aplauso à Sra. Elsie Harumi Fujinaka, Servidora Pública responsável por importantes obras no município de Dourados-MS.;
2419365.0;https://dadosabertos.camara.leg.br/api/v2/proposicoes/2419365;PDL;557.0;32.0;2024;Susta os efeitos dos dispositivos da Portaria MTE. n° 3872 de 21 de dezembro de 2023, que dispõe sobre a aprendizagem profissional, o Cadastro Nacional de Aprendizagem Profissional e o Catálogo Nacional da Aprendizagem Profissional.;
2427962.0;https://dadosabertos.camara.leg.br/api/v2/proposicoes/2427962;EMC;130.0;38.0;2024;Dá nova redação à MPV 1202/2023;
2395278.0;https://dadosabertos.camara.leg.br/api/v2/proposicoes/2395278;DOC;1003.0;1147.0;2023;Ofício nº 430/2023/PS-GSE  que encaminha a Mensagem 26/2023 de envio à sanção presidencial do PL 3009/2021.;
2417041.0;https://dadosabertos.camara.leg.br/api/v2/proposicoes/2417041;PL;139.0;88.0;2024;Acrescenta o art. 15-A a Lei nº 8.080, de 19 de setembro de 1990, para incluir a oferta de teste de trombofilia a pessoas com mais de 60 anos e gestantes;
2403373.0;https://dadosabertos.camara.leg.br/api/v2/proposicoes/2403373;INC;133.0;1506.0;2023;Sugere ao Poder Executivo medidas a serem adotas em relação à empresa ENGIE, especificamente quanto à Usina Hidrelétrica Salto Osório, localizada no município de São Jorge d‘Oeste (PR), em decorrência da mortandade de peixes no Rio Iguaçu.;
2456720.0;https://dadosabertos.camara.leg.br/api/v2/proposicoes/2456720;REQ;294.0;214.0;2024;Requer a realização de Audiência Pública sobre as ações do Ministério da Saúde para o enfrentamento da dengue e demais arboviroses.;
2453558.0;https://dadosabertos.camara.leg.br/api/v2/proposicoes/2453558;REQ;354.0;3060.0;2024;Requer aprovação de Voto de Regozijo e Louvor ao Sr. 3ºSGT. PHELLIPE LISBOA SANTOS TEIXEIRA, pertencente ao efetivo do Corpo de Bombeiros Militar do Estado do Espírito Santo, em reconhecimento aos valorosos serviços prestados aos municípios da região sul capixaba, diante das fortes chuvas que atingiram a região no final do mês de março do presente ano.;
;;;;;2025;;
2372941.0;https://dadosabertos.camara.leg.br/api/v2/proposicoes/2372941;REQ;392.0;2207.0;2023;Requer regime de urgência urgentíssima para apreciação do Projeto de Lei nº 6.524 de 2019, de autoria das Deputadas: Deputada Leandre, Deputada Carmen Zanotto, Deputada Aline Gurgel e Deputada Daniela do Waguinho que “Institui o Sistema Nacional de Informações da Primeira Infância (Snipi)”.;
2439181.0;https://dadosabertos.camara.leg.br/api/v2/proposicoes/2439181;REQ;354.0;2002.0;2024;"Requer Moção de Louvor e Regozijo ao Sr. Capelão Dídimo Ferreira Homem, líder eclesiástico, pelos excelentes serviços prestados à Sociedade Carioca e Fluminense.
.";
2401269.0;https://dadosabertos.camara.leg.br/api/v2/proposicoes/2401269;REQ;294.0;78.0;2023;Requer que seja convidado o Diretor Presidente da ENEL no Brasil e o responsável técnico pela distribuição de energia em São Paulo, para prestarem esclarecimentos sobre a adoção de medidas urgentes e necessárias sobre a falta de energia no estado de São Paulo.;
2442865.0;https://dadosabertos.camara.leg.br/api/v2/proposicoes/2442865;PL;139.0;2535.0;2024;Concede ao município de Tangará o título de maior produtor de papel e embalagens recicláveis de Santa Catarina.;
2439406.0;https://dadosabertos.camara.leg.br/api/v2/proposicoes/2439406;REQ;293.0;2103.0;2024;Requer a realização de Sessão Solene em homenagem aos 80 anos da criação da Fundação Getúlio Vargas – FGV.;
2449181.0;https://dadosabertos.camara.leg.br/api/v2/proposicoes/2449181;DOC;861.0;924.0;2024;Requer inclusão do Deputado Federal Helio Lopes (PL-RJ) no Grupo Parlamentar Brasil - Guiana;
2409166.0;https://dadosabertos.camara.leg.br/api/v2/proposicoes/2409166;REQ;308.0;4183.0;2023;Requer revisão de despacho para o Projeto de Lei nº 3.044/2021.;
2461105.0;https://dadosabertos.camara.leg.br/api/v2/proposicoes/2461105;REQ;441.0;159.0;2024;Requer a aprovação de Moção de Aplauso ao Ministério Público do Trabalho pela instituição de cotas para pessoas trans e minorias etnicorraciais na contratação de terceirizados e estagiários.;
2370317.0;https://dadosabertos.camara.leg.br/api/v2/proposicoes/2370317;INC;133.0;880.0;2023;Sugere ao Exmo. Ministro dos Transportes, por intermédio do Diretor Geral do DNIT, Senhor Fabrício Galvão, esta Indicação, como sugestão para aproveitar o período de vazante, para construir pontes temporárias de madeira, na BR 319/AM.;
2356210.0;https://dadosabertos.camara.leg.br/api/v2/proposicoes/2356210;DOC;1028.0;268.0;2023;Comunica remessa de autógrafo do Decreto Legislativo 15/2023 promulgado - PDL 190/2019 (Of 185/2023 SF).;
2436953.0;https://dadosabertos.camara.leg.br/api/v2/proposicoes/2436953;RIC;148.0;1449.0;2024;Requer do Exmo. Ministro da Previdência Social, Senhor Carlos Luppi, informações a respeito de descontos sem autorização na folha de pagamento dos aposentados.;
2465927.0;https://dadosabertos.camara.leg.br/api/v2/proposicoes/2465927;REQ;308.0;4363.0;2024;Requer a revisão do despacho de distribuição do Projeto de Lei nº 2229, de 2024, de autoria do Dep. Ricardo Ayres (Republicanos-TO), a fim de que Comissão de Desenvolvimento Econômico (CDE) e Comissão de Indústria, Comércio e Serviços (CICS) analisem o mérito da matéria.;
2458900.0;https://dadosabertos.camara.leg.br/api/v2/proposicoes/2458900;REQ;354.0;3903.0;2024;Requer Voto de Louvor e Regozijo ao Sr. 2º Tenente Antônio Marcos de Sousa Messias pelos excelentes serviços prestados ao estado do Rio de Janeiro, junto ao CBMERJ.;
;;;;;2025;;
;;;;;2025;;
2385187.0;https://dadosabertos.camara.leg.br/api/v2/proposicoes/2385187;DOC;1003.0;941.0;2023;Of. nº 296/2023/PS-GSE, que encaminha ao Senado Federal o processado do PDL 797/2021, em revisão.;
2364169.0;https://dadosabertos.camara.leg.br/api/v2/proposicoes/2364169;RIC;148.0;1417.0;2023;Requer informações ao Ministro do Trabalho e Emprego (MTE), Sr. Luiz Marinho, sobre a atuação do Governo Federal em face de constatações de disparidades salariais entre homens e mulheres.;
2441011.0;https://dadosabertos.camara.leg.br/api/v2/proposicoes/2441011;REQ;441.0;199.0;2024;Requer Voto de Pesar em face das mortes, vítimas de ataque criminoso, dos Sargentos da Polícia Militar do Rio de Janeiro (PMERJ) Jorge Henrique Galdino Cruz e  Rafael Wolfgramm Dias, ambos do Batalhão de Operações Especiais (BOPE).;
2481699.0;https://dadosabertos.camara.leg.br/api/v2/proposicoes/2481699;PL;139.0;5025.0;2024;Dispõe sobre a obrigatoriedade de estabelecimentos de saúde afixarem, em locais visíveis, os números de telefone para denúncia de assédio e outras violações de direitos, e dá outras providências.;
2477260.0;https://dadosabertos.camara.leg.br/api/v2/proposicoes/2477260;REQ;392.0;4827.0;2024;Requer, nos termos do artigo 155 do Regimento Interno da Câmara dos Deputados, que seja incluído automaticamente na Ordem do Dia o Projeto de Lei nº 2548/2024, que “Altera a redação do artigo 112, da Lei n. 7.210/84 (Lei de Execução Penal)”.;
;;;;;2025;;
2351848.0;https://dadosabertos.camara.leg.br/api/v2/proposicoes/2351848;REQ;448.0;9.0;2023;Requer a criação de Subcomissão Especial de Portos e Vias Navegáveis.;
2442974.0;https://dadosabertos.camara.leg.br/api/v2/proposicoes/2442974;PL;139.0;2547.0;2024;Acrescenta novo art. 31-A à Lei nº 8.078, de 11 de setembro de 1990, para dispor sobre o direito do consumidor de examinar o produto no momento da compra.;
2456651.0;https://dadosabertos.camara.leg.br/api/v2/proposicoes/2456651;PL;139.0;3458.0;2024;Altera a Lei nº 13.105, de 16 de março de 2015 (Código de Processo Civil), para dispor sobre a regularização do vício de representação processual na fase recursal.;
2401522.0;https://dadosabertos.camara.leg.br/api/v2/proposicoes/2401522;PDL;557.0;395.0;2023;Susta os Decretos nºs 9.847, de 25 de junho de 2019, 10.630, de 12 de fevereiro de 2021, 11.615, de 21 de julho de 2023, que dispõem sobre regras e procedimentos relativos à aquisição, ao registro, à posse, ao porte, ao cadastro e à comercialização nacional de armas de fogo, munições e acessórios, disciplinar as atividades de caça excepcional, de caça de subsistência, de tiro desportivo e de colecionamento de armas de fogo, munições e acessórios, disciplinar o funcionamento das entidades de tiro desportivo e dispor sobre a estruturação do Sistema Nacional de Armas - Sinarm.;
2469572.0;https://dadosabertos.camara.leg.br/api/v2/proposicoes/2469572;PDL;550.0;386.0;2024;Dispõe sobre o percentual máximo de juros de mora incidentes sobre créditos tributários estaduais, distritais e municipais e sobre a conversão em pagamento definitivo de depósitos em dinheiro referentes a processos judiciais ou administrativos tributários.;
2398425.0;https://dadosabertos.camara.leg.br/api/v2/proposicoes/2398425;REQ;294.0;269.0;2023;Requer a realização de Audiência Pública para debater as ações de modernização do Protocolo Clínico e Diretrizes Terapêuticas (PCDT) da Endometriose e as diferenças na abordagem no SUS e na rede privada.;
2374354.0;https://dadosabertos.camara.leg.br/api/v2/proposicoes/2374354;REQ;313.0;2279.0;2023;"Requer a adição de coautoria ao Projeto de Decreto Legislativo nº 189, de 2023, de autoria do Deputado Paulo Bilynskyj - PL/SP, que ""Susta o Decreto nº 11.615, de 21 de julho de 2023, que regulamenta a Lei nº 10.826, de 22 de dezembro de 2003, para estabelecer regras e procedimentos relativos à aquisição, ao registro, à posse, ao porte, ao cadastro e à comercialização nacional de armas de fogo, munições e acessórios, disciplinar as atividades de caça excepcional, de caça de subsistência, de tiro desportivo e de colecionamento de armas de fogo, munições e acessórios, disciplinar o funcionamento das entidades de tiro desportivo e dispor sobre a estruturação do Sistema Nacional de Armas – Sinarm”";
2451206.0;https://dadosabertos.camara.leg.br/api/v2/proposicoes/2451206;REQ;354.0;2894.0;2024;Requer Moção de Louvor e Regozijo ao 3º SGT Alessandra da Silva Correa Passos, pelos excelentes serviços prestados ao estado do Rio de Janeiro na área de segurança pública no 23º BPM.;
2352418.0;https://dadosabertos.camara.leg.br/api/v2/proposicoes/2352418;PRC;141.0;47.0;2023;Institui o Grupo Parlamentar Brasil-Hungria;
2455863.0;https://dadosabertos.camara.leg.br/api/v2/proposicoes/2455863;TVR;1058.0;382.0;2024;Submete à apreciação do Congresso Nacional o ato constante da Portaria nº 11.319, de 1º de dezembro de 2023, que renova, a partir de 1º de maio de 2014, concessão outorgada à Rádio Jornal de Inhumas Ltda, para executar, pelo prazo de dez anos, sem direito de exclusividade, serviço de radiodifusão sonora em onda média posteriormente adaptado para o serviço de radiodifusão sonora em frequência modulada no Município de Inhumas, Estado de Goiás.;
2450276.0;https://dadosabertos.camara.leg.br/api/v2/proposicoes/2450276;MSC;401.0;585.0;2024;Submete à apreciação do Congresso Nacional, acompanhado de Exposição de Motivos do Senhor Ministro de Estado das Comunicações, o ato constante da Portaria nº 9.792, de 22 de junho de 2023, publicada no Diário Oficial da União de 24 de julho de 2023, que renova, a partir de 24 de junho de 2016, a permissão outorgada à Rádio e TV Difusora do Maranhão Ltda., para executar, pelo prazo de dez anos, sem direito de exclusividade, o serviço de radiodifusão sonora em frequência modulada, no Município de São Luís, Estado do Maranhão.   - TVR 202/2024 - Portaria nº 9.792, de 22 de junho de 2023 - Rádio e TV Difusora do Maranhão Ltda., no município de São Luís - MA.;
;;;;;2025;;
2443966.0;https://dadosabertos.camara.leg.br/api/v2/proposicoes/2443966;INC;133.0;763.0;2024;Solicito a Exma. Sra. Ministra de Estado da Saúde o envio de recursos financeiros com o objetivo de implantar o Programa Academia da Saúde (PAS) no Bairro “Doutor Laureano” no município de Duque de Caxias, estado do Rio de Janeiro.;
2476506.0;https://dadosabertos.camara.leg.br/api/v2/proposicoes/2476506;REQ;448.0;55.0;2024;Requer a realização de audiência pública com objetivo de debater a regulamentação da nova lei do Programa Emergencial de Retomada do Setor de Eventos – PERSE.;
2419675.0;https://dadosabertos.camara.leg.br/api/v2/proposicoes/2419675;DOC;1024.0;88.0;2024;;
2395787.0;https://dadosabertos.camara.leg.br/api/v2/proposicoes/2395787;PL;139.0;4981.0;2023;"Dispõe sobre a ""Catraquinha Nacional Livre"" no dia 12 de outubro, em homenagem ao Dia das Crianças, para proporcionar o acesso gratuito ao transporte público urbano tanto para as crianças com idade de até 12 (doze) anos incompletos quanto para os seus pais ou representante legal que esteja acompanhando.";
2455765.0;https://dadosabertos.camara.leg.br/api/v2/proposicoes/2455765;INC;133.0;1160.0;2024;Sugere ao Ministério do Meio Ambiente e Mudança do Clima a criação do Dia Nacional do Plantio de Mudas no Brasil.;
2474686.0;https://dadosabertos.camara.leg.br/api/v2/proposicoes/2474686;SOR;611.0;25.0;2024;"""Requer o aporte de recurso para UNIDADE ORÇAMENTÁRIA 56101 - Ministério das Cidades - Administração Direta, PROGRAMA 2320 - Moradia Digna,  AÇÃO 00CW - Subvenção econômica destinada à ampliação do acesso ao financiamento habitacional,  VALOR - R$ 600.000.000,00"".";
2352312.0;https://dadosabertos.camara.leg.br/api/v2/proposicoes/2352312;REQ;294.0;17.0;2023;Requer realização de audiência pública para tratar da atual situação da Agência Nacional de Mineração – ANM, bem como das diretrizes de sua atuação para o presente ano.;
2375630.0;https://dadosabertos.camara.leg.br/api/v2/proposicoes/2375630;REQ;392.0;2380.0;2023;Requer regime de urgência para a apreciação do Projeto de Lei Complementar nº 221, de 2016, que Inclui como objetivo do Fundo de Combate e Erradicação da Pobreza a aplicação de recursos na superação das desigualdades raciais.;
2391999.0;https://dadosabertos.camara.leg.br/api/v2/proposicoes/2391999;INC;133.0;1326.0;2023;Indicação ao Ministério do Meio ambiente e Mudança do Clima solicitando ações urgentes de fiscalização e controle das queimadas no estado do Amazonas.;
2418644.0;https://dadosabertos.camara.leg.br/api/v2/proposicoes/2418644;INC;133.0;111.0;2024;Sugere a instituição da disciplina Direito Sanitário no currículo dos cursos de graduação em Direito.;
;;;;;2025;;
2396443.0;https://dadosabertos.camara.leg.br/api/v2/proposicoes/2396443;REQ;354.0;3579.0;2023;Requer Moção de Louvor e Regozijo ao Sr. 1º Sargento PM Brasil, pelos excelentes serviços prestados à Sociedade Carioca e Fluminense.;
2352901.0;https://dadosabertos.camara.leg.br/api/v2/proposicoes/2352901;EMC;130.0;32.0;2023;Dá nova redação à MPV 1152/2022;
2391524.0;https://dadosabertos.camara.leg.br/api/v2/proposicoes/2391524;REQ;294.0;244.0;2023;Solicita a realização de audiência pública para debater os reflexos sanitários e ambientais das mudanças climáticas e das ondas de calor que atingem o país.;
2443584.0;https://dadosabertos.camara.leg.br/api/v2/proposicoes/2443584;REQ;354.0;2373.0;2024;Requer aprovação de Voto de Regozijo e Louvor ao Sr. CAP. QOC. SANDERSON DIAS BRAGANCA, pertencente ao efetivo do Corpo de Bombeiros Militar do Estado do Espírito Santo, em reconhecimento aos valorosos serviços prestados aos municípios da região sul capixaba, diante das fortes chuvas que atingiu a região no final do mês de março do presente ano.;
2450600.0;https://dadosabertos.camara.leg.br/api/v2/proposicoes/2450600;MSC;401.0;635.0;2024;Submete à apreciação de Congresso Nacional, acompanhado de Exposição de Motivos do Senhor Ministro de Estado das Comunicações, o ato constante da Portaria nº 1.574, de 22 de março de 2018, publicada no Diário Oficial da União de 5 de abril de 2018, que renova, a partir de 3 de maio de 2016, a permissão outorgada à Lopes e Rosemberg Ltda., para executar, pelo prazo de dez anos, sem direito de exclusividade, o serviço de radiodifusão sonora em frequência modulada, no Município de Santo Antônio da Barra, Estado de Goiás.   - TVR 228/2024 - Portaria nº 1574, de 22 de março de 2018 - Lopes e Rosemberg Ltda, no município de Santo Antônio da Barra - GO.;
2351329.0;https://dadosabertos.camara.leg.br/api/v2/proposicoes/2351329;REQ;313.0;670.0;2023;Requer inclusão na coautoria do PL 953 /2023.;
2362753.0;https://dadosabertos.camara.leg.br/api/v2/proposicoes/2362753;PL;139.0;2621.0;2023;Altera a Lei nº 13.146, de 6 de julho de 2015, para tornar obrigatória a distribuição do cordão de fita com desenhos de girassóis para a identificação de pessoas com deficiências ocultas pelo Sistema Único de Saúde (SUS).;
2420236.0;https://dadosabertos.camara.leg.br/api/v2/proposicoes/2420236;RIC;148.0;498.0;2024;Requer esclarecimentos acerca da efetiva implementação, pelos sistemas de ensino e pelas universidades, da diretriz contida na Lei Maria da Penha relativa à promoção de programas educacionais que disseminem valores éticos de irrestrito respeito à dignidade da pessoa humana com a perspectiva de gênero e de raça ou etnia.;
2389324.0;https://dadosabertos.camara.leg.br/api/v2/proposicoes/2389324;INC;133.0;1289.0;2023;Sugere discutir no âmbito da Organização Mundial da Saúde a atualização periódica da Classificação Internacional de Doenças e Problemas Relacionados à Saúde a fim de contemplar as doenças raras.;
;;;;;2025;;
2428154.0;https://dadosabertos.camara.leg.br/api/v2/proposicoes/2428154;PL;139.0;1335.0;2024;Altera a Lei nº 7.210, de 11 de julho de 1984, Lei de Execução Penal – LEP e o Decreto-Lei 2.848, de 1940, Código Penal, para prever o pagamento do monitoramento eletrônico pelo condenado.;
2351392.0;https://dadosabertos.camara.leg.br/api/v2/proposicoes/2351392;RIC;148.0;478.0;2023;Requer informações à Excelentíssima Senhora Ministra da Saúde a respeito do Programa de Proteção e Promoção da Saúde Menstrual.;
2441206.0;https://dadosabertos.camara.leg.br/api/v2/proposicoes/2441206;INC;133.0;609.0;2024;Requer o envio de Indicação a Ministra da Saúde, Nísia Trindade, que sugere celeridade na avaliação das habilitações no Estado de Santa Catarina.;
2388067.0;https://dadosabertos.camara.leg.br/api/v2/proposicoes/2388067;PL;139.0;4498.0;2023;Altera a Lei nº 13.787, de 27 de dezembro de 2018, para tratar da segurança das informações relativas a prontuário de paciente.;
2444118.0;https://dadosabertos.camara.leg.br/api/v2/proposicoes/2444118;INC;133.0;839.0;2024;Solicito a Exma. Sra. Ministra de Estado da Saúde o envio de recursos financeiros com o objetivo de implantar o Programa Academia da Saúde (PAS) no Bairro “Beira-Linha” no município de Magé, estado do Rio de Janeiro.;
2437300.0;https://dadosabertos.camara.leg.br/api/v2/proposicoes/2437300;RIC;148.0;1454.0;2024;Solicita informações ao Senhor Ministro da Integração e do Desenvolvimento Regional, Waldez Góes, a respeito das ações do Ministério em apoio à retomada de atividades no estado do Rio Grande do Sul, gravemente afetado pelas catastróficas enchentes.;
2455821.0;https://dadosabertos.camara.leg.br/api/v2/proposicoes/2455821;TVR;427.0;374.0;2024;Submete à apreciação do Congresso Nacional o ato constante da Portaria nº 12.883, de 10 de abril de 2024, que renova autorização outorgada à Associação de Difusão Cultural e Comunitária Nossa Senhora do Caravagio, para executar, pelo prazo de dez anos, sem direito de exclusividade, serviço de radiodifusão comunitária no Município de Anta Gorda, Estado do Rio Grande do Sul.;
2348819.0;https://dadosabertos.camara.leg.br/api/v2/proposicoes/2348819;PL;139.0;529.0;2023;Altera a Lei nº 8.742, de 7 de dezembro de 1993 (Lei Orgânica da Assistência Social), para ampliar o acesso ao Benefício de Prestação Continuada.;
2471348.0;https://dadosabertos.camara.leg.br/api/v2/proposicoes/2471348;REQ;356.0;4602.0;2024;Solicita que seja convocado o Excelentíssimo Ministro das Relações Exteriores, Sr. Mauro Vieira, para prestar esclarecimentos sobre o posicionamento do Governo diante da decisão do GRUPO CARREFOUR de suspender a compra de carne do MERCOSUL em suas operações na França.;
;;;;;2025;;
2385636.0;https://dadosabertos.camara.leg.br/api/v2/proposicoes/2385636;OF;181.0;286.0;2023;Solicita envia de informações quebra de sigilo de dados de MSK à Bitso;
2449781.0;https://dadosabertos.camara.leg.br/api/v2/proposicoes/2449781;REQ;294.0;34.0;2024;Requer a realização de Audiência Pública para discutir a criação do Dia Nacional da Marchinha para Jesus.;
2414472.0;https://dadosabertos.camara.leg.br/api/v2/proposicoes/2414472;REQ;359.0;4315.0;2023;Requer a criação de Comissão Especial para apreciação da Proposta de Emenda à Constituição n.º 47, de 2023.;
2345732.0;https://dadosabertos.camara.leg.br/api/v2/proposicoes/2345732;PL;139.0;58.0;2023;Proíbe a fabricação, venda e utilização de andador infantil em todo o território nacional.;
2439869.0;https://dadosabertos.camara.leg.br/api/v2/proposicoes/2439869;ATA;810.0;92.0;2024;Termo Solene nº 92;
2451260.0;https://dadosabertos.camara.leg.br/api/v2/proposicoes/2451260;TVR;1058.0;305.0;2024;Submete à apreciação do Congresso Nacional o ato constante da Portaria nº 8.568, de 2 de março de 2023, que renova concessão outorgada à Rádio Difusora Boas Novas Ltda., para executar, pelo prazo de dez anos, sem direito de exclusividade, o serviço de radiodifusão sonora em onda média, adaptado para o serviço de radiodifusão sonora em frequência modulada no Município de Petrópolis, Estado do Rio de Janeiro.;
2371354.0;https://dadosabertos.camara.leg.br/api/v2/proposicoes/2371354;REQ;441.0;201.0;2023;Requer aprovação de Moção de Repúdio pela decisão da juíza da 1ª Vara Criminal da Comarca de Rio Grande - RS, Dra. Paula Cardoso Esteves quando revogou a prisão preventiva do réu Anderson Fernandes Lemos, sendo que o mesmo após abordagem policial no cumprimento de mandado de busca e apreensão, efetuou disparo com arma de fogo  contra vários policiais, atigindo a policial Laline Almeida Larratea com intenção de matá-la, com isso causando lhe várias sequelas emocionais graves e físicas que a deixou incapacitada para o trabalho.;
2476619.0;https://dadosabertos.camara.leg.br/api/v2/proposicoes/2476619;RIC;148.0;4541.0;2024;Solicita informações ao Ministério do Desenvolvimento e Assistência Social, Família e Combate à Fome acerca das ações para enfrentamento da estiagem que ainda assola o Amazonas, principalmente no Município de Urucará.;
;;;;;2025;;
2373291.0;https://dadosabertos.camara.leg.br/api/v2/proposicoes/2373291;REQ;294.0;143.0;2023;Requer a realização de Audiência Pública sobre a efetivação da reforma agrária na Usina Cambahyba, já desapropriada para este fim.;
2454801.0;https://dadosabertos.camara.leg.br/api/v2/proposicoes/2454801;REQ;354.0;3322.0;2024;Requer Moção de Louvor e Regozijo ao Pastor Marcelo Silva Santos, pelos excelentes serviços prestados ao estado do Rio de Janeiro e como líder de varões da Igreja Deus Proverá.;
2466428.0;https://dadosabertos.camara.leg.br/api/v2/proposicoes/2466428;REQ;294.0;45.0;2024;Requer a realização de Audiência Pública para discutir a expansão da tecnologia 5G nas áreas rurais, bem como o cronograma e os compromissos assumidos no Leilão do 5G para a ampliação da conectividade e da telefonia móvel nestas regiões, especialmente nos municípios do Estado do Espírito Santo.;
2450913.0;https://dadosabertos.camara.leg.br/api/v2/proposicoes/2450913;RIC;148.0;2997.0;2024;Requer do Excelentíssimo Ministro do Desenvolvimento, Indústria, Comércio e Serviços, Senhor Geraldo Alckmin, por intermédio da Superintendência da Zona Franca de Manaus - Suframa, informações sobre o montante de R$ 130 milhões em captação de recursos de empresas do Polo Industrial de Manaus, no Programa Prioritário de Bioeconomia (PPBio).;
2450995.0;https://dadosabertos.camara.leg.br/api/v2/proposicoes/2450995;RIC;148.0;3016.0;2024;Solicita informações ao Ministro de Estado da Casa Civil da Presidência da República, que providências a Casa Civil tem tomado acerca da estiagem no Estado do Amazonas, no Município de Itapiranga, no Estado do Amazonas.;
2421160.0;https://dadosabertos.camara.leg.br/api/v2/proposicoes/2421160;RIC;148.0;551.0;2024;Requer informações ao Ministro da Justiça e Segurança Pública, Senhor Ricardo Lewandowski a respeito da existência ou não de projetos ou estudos, sobretudo de cunho legislativo, no âmbito de qualquer estrutura de sua pasta, relacionados a questões de política de encarceramento.;
2387700.0;https://dadosabertos.camara.leg.br/api/v2/proposicoes/2387700;RIC;148.0;2341.0;2023;Solicita ao Sr. Flávio Dino, Ministro da Justiça e Segurança Pública, informações acerca da contradição entre as manifestações enviadas pela Pasta ao STF sobre o acordo de leniência da Odebrecht no âmbito da operação Lava Jato.;
2475861.0;https://dadosabertos.camara.leg.br/api/v2/proposicoes/2475861;INC;133.0;1834.0;2024;Sugere ao Ministério da Justiça e Segurança Pública, em parceria com outras instituições, a ampliação de campanhas de conscientização voltadas para o público geral, destacando medidas preventivas contra golpes envolvendo o PIX.;
2376945.0;https://dadosabertos.camara.leg.br/api/v2/proposicoes/2376945;PL;139.0;3827.0;2023;Altera a Lei nº 10.048, de 8 de novembro de 2000, que dá prioridade de atendimento às pessoas que especifica, para garantir esse direito às pessoas convalescentes em pós-operatório de cirurgias de grande porte.;
2357939.0;https://dadosabertos.camara.leg.br/api/v2/proposicoes/2357939;REQ;294.0;93.0;2023;Requer a realização de Audiência Pública na Comissão de Saúde para debater sobre a importância de credenciar as entidades filantrópicas que cuidam de idosos, pessoas com deficiência e dependentes químicos junto ao Ministério da Saúde.;
;;;;;2025;;
2400765.0;https://dadosabertos.camara.leg.br/api/v2/proposicoes/2400765;EMC;130.0;25.0;2023;Dispõe sobre a produção, a importação, o registro, a comercialização, o uso, a inspeção e fiscalização, a pesquisa e experimentação e os incentivos à produção e ao uso de bioinsumos para a agricultura e a silvicultura e dá outras providências.;
2462411.0;https://dadosabertos.camara.leg.br/api/v2/proposicoes/2462411;PL;139.0;3940.0;2024;Dispõe sobre a criação do Sistema Nacional de Certificação de Empresas de Pesquisa Eleitoral (SNC-EPE), estabelece requisitos para a realização e divulgação de pesquisas eleitorais, e dá outras providências.;
;;;;;2025;;
2472848.0;https://dadosabertos.camara.leg.br/api/v2/proposicoes/2472848;PL;139.0;4569.0;2024;Revoga a alínea “c”, do inciso V e acrescenta o inciso IX, ambos do art. 73, da Lei nº 9.504 de 30 de setembro de 1997 (Lei Geral das Eleições).;
2386659.0;https://dadosabertos.camara.leg.br/api/v2/proposicoes/2386659;EMC;130.0;2.0;2023;Dispõe sobre a emissão e circulação de títulos de crédito em formato exclusivamente digital;
;;;;;2025;;
2431951.0;https://dadosabertos.camara.leg.br/api/v2/proposicoes/2431951;REQ;448.0;16.0;2024;Requer a declaração de prejudicialidade do Projeto de Lei nº 2.063, de 2011, que altera a Lei nº 10.406, de 10 de janeiro de 2002 – Código Civil Brasileiro, para adequá-la às disposições do art. 12 da Convenção sobre os Direitos da Pessoa com Deficiência.;
;;;;;2025;;
2355810.0;https://dadosabertos.camara.leg.br/api/v2/proposicoes/2355810;RIC;148.0;806.0;2023;Requer informações acerca de políticas públicas de emprego e educação que atendam aos jovens de 18 a 24 anos.;
2419283.0;https://dadosabertos.camara.leg.br/api/v2/proposicoes/2419283;RIC;148.0;362.0;2024;Requer informações complementares ao Ministro da Fazenda, Sr. Fernando Haddad, sobre a destinação dos recursos disponibilizados pela MP 1.200/2023.;
2354398.0;https://dadosabertos.camara.leg.br/api/v2/proposicoes/2354398;REQ;294.0;87.0;2023;Solicita que seja convocado o Senhor Ministro de Estado da Justiça e Segurança Pública, Sr. Flávio Dino, para prestar esclarecimento sobre o motivo da retirada dos carros blindados do Ex-Presidente Jair Bolsonaro quatro (4) dias antes de seu regresso ao Brasil.;
2474534.0;https://dadosabertos.camara.leg.br/api/v2/proposicoes/2474534;PL;139.0;4645.0;2024;Altera a Lei nº 9.870, de 23 de novembro de 1999, para dispor sobre a obrigatoriedade de seguro a ser incluído no valor de anuidades ou semestralidades de instituições de ensino superior privadas.;
2444107.0;https://dadosabertos.camara.leg.br/api/v2/proposicoes/2444107;INC;133.0;831.0;2024;Solicito a Exma. Sra. Ministra de Estado da Saúde o envio de recursos financeiros com o objetivo de implantar o Programa Academia da Saúde (PAS) no Bairro “Garapa” no município de Magé, estado do Rio de Janeiro.;
;;;;;2025;;" Estado do Espírito Santo."";"""";"""";""2025-03-19T11:45:32"";""https://dadosabertos.camara.leg.br/api/v2/orgaos/180"";"""";"""";"""";""https://www.camara.leg.br/proposicoesWeb/prop_mostrarintegra?codteor=2869354"";"""";""2025-03-19T16:01:59"";""7"";"""";""100001"";""SECAP(SGM)"";""https://dadosabertos.camara.leg.br/api/v2/orgaos/100001"";"""";""Publicação de TVR"";""1520"";""Aguardando Chancela e Publicação do Despacho"";""1210"";""Ofício"";""Indefinida"";""https://www.camara.leg.br/proposicoesWeb/prop_mostrarintegra?codteor=2869362"""
2419477.0;https://dadosabertos.camara.leg.br/api/v2/proposicoes/2419477;DOC;1024.0;32.0;2024;;
2417239.0;https://dadosabertos.camara.leg.br/api/v2/proposicoes/2417239;RIC;148.0;46.0;2024;Requer informações à Senhora Ministra de Estado da Cultura acerca dos Projeto relativos aos programas Cultura Viva, Cultura do Trabalhador, Mais Cultura e Cultura Digital no Distrito Federal aprovados para captação via Política Nacional de Cultura, no ano de 2023.;
2380483.0;https://dadosabertos.camara.leg.br/api/v2/proposicoes/2380483;PL;139.0;3973.0;2023;Acrescenta artigo à Lei 9.504/1997 para regulamentar o § 8º do art. 17 da Constituição Federal, sobre o financiamento de campanhas femininas e negras.;
2377101.0;https://dadosabertos.camara.leg.br/api/v2/proposicoes/2377101;DOC;1003.0;630.0;2023;Of. nº 169/2023/PS-GSE que comunica ao Senado Federal o envio à sanção do PL 213/2022.;
2354577.0;https://dadosabertos.camara.leg.br/api/v2/proposicoes/2354577;REQ;686.0;53.0;2023;Requer que seja autorizada pela Comissão de Educação a realização de “Seminário no Estado do Rio de Janeiro para debater o Novo Ensino Médio”.;
2459492.0;https://dadosabertos.camara.leg.br/api/v2/proposicoes/2459492;REQ;308.0;4035.0;2024;Requer a redistribuição do Projeto de Lei n.º 9937, de 2018, para a análise de mérito na Comissão de Administração e Serviço Público;
2444084.0;https://dadosabertos.camara.leg.br/api/v2/proposicoes/2444084;INC;133.0;808.0;2024;Solicito a Exma. Sra. Ministra de Estado da Saúde o envio de recursos financeiros com o objetivo de implantar o Programa Academia da Saúde (PAS) no Bairro “Vila Inca” no município de Magé, estado do Rio de Janeiro.;
2468530.0;https://dadosabertos.camara.leg.br/api/v2/proposicoes/2468530;PL;139.0;4348.0;2024;Altera a Lei nº 9.472, de 16 de julho de 1997, que dispõe sobre a organização dos serviços de telecomunicações, a criação e funcionamento de um órgão regulador e outros aspectos institucionais, nos termos da Emenda Constitucional nº 8, de 1995, para proibir a fixação de valor mínimo de recarga e dispor sobre prazos de validade, condições de recarga e transparência nos serviços de telecomunicações pré-pagos.;
;;;;;2025;;
;;;;;2025;;
2463415.0;https://dadosabertos.camara.leg.br/api/v2/proposicoes/2463415;INC;133.0;1337.0;2024;Sugere a implementação de Núcleo de Atenção à Criança e Adolescente com Transtorno do Espectro Autista (TEA) no Município de 	Eldorado do Carajás, no Estado do Pará.;
2353362.0;https://dadosabertos.camara.leg.br/api/v2/proposicoes/2353362;REQ;294.0;5.0;2023;Requer a realização de audiência pública destinada a debater a proposta de adesão do estado de Minas Gerais ao Regime de Recuperação Fiscal;
2351324.0;https://dadosabertos.camara.leg.br/api/v2/proposicoes/2351324;PDL;557.0;72.0;2023;Susta os efeitos dos dispositivos do Decreto nº 11.328, de 1º de janeiro de 2023, que instituem a Procuradoria Nacional da União de Defesa da Democracia, na estrutura organizacional da Advocacia-Geral da União (AGU).;
;;;;;2025;;
2418763.0;https://dadosabertos.camara.leg.br/api/v2/proposicoes/2418763;REQ;293.0;476.0;2024;Requer a realização de Sessão Solene da Câmara dos Deputados em homenagem aos 25 anos da Agência Nacional de Vigilância Sanitária – Anvisa;
2456190.0;https://dadosabertos.camara.leg.br/api/v2/proposicoes/2456190;RIC;148.0;3310.0;2024;Solicita informações ao Ministério da Saúde sobre as políticas públicas de prevenção à gravidez na adolescência implementadas no município de Santa Maria das Barreiras, no Estado do Pará.;
2415254.0;https://dadosabertos.camara.leg.br/api/v2/proposicoes/2415254;DOC;1003.0;1578.0;2023;Of. nº 710/2023/PS-GSE que encaminha ao Senado Federal o processado do PDL 331/2023, em revisão.;
2385585.0;https://dadosabertos.camara.leg.br/api/v2/proposicoes/2385585;PLP;140.0;185.0;2023;Altera o artigo 1º da Lei Complementar n.º 64, de 18 de maio de 1990, para excluir da incidência de inelegibilidade a existência de processo administrativo disciplinar pendente de decisão.;
2425003.0;https://dadosabertos.camara.leg.br/api/v2/proposicoes/2425003;REQ;354.0;1009.0;2024;Requer Moção de Louvor e Regozijo ao Sra. Pastora Mariza Silva, líder eclesiástica, pelos excelentes serviços prestados à Sociedade Carioca e Fluminense.;
2457192.0;https://dadosabertos.camara.leg.br/api/v2/proposicoes/2457192;REQ;318.0;3460.0;2024;"Requer a inclusão na Ordem do Dia do Plenário da Câmara dos Deputados do Projeto de Lei nº 2531/2021, que ""Institui o piso salarial profissional nacional para os profissionais dos quadros de pessoal técnico administrativo da educação básica.”";
2460053.0;https://dadosabertos.camara.leg.br/api/v2/proposicoes/2460053;DOC;1028.0;1298.0;2024;Comunica promulgação de Decreto Legislativo nº 226/2024. (PDL nº 875/2021).(Of. 1090/2024-SF).;
2406828.0;https://dadosabertos.camara.leg.br/api/v2/proposicoes/2406828;PL;139.0;5718.0;2023;Dispõe sobre a obrigatoriedade de baixa automática e eletrônica de gravames por instituições credoras após o cumprimento das obrigações por parte do devedor.;
2363479.0;https://dadosabertos.camara.leg.br/api/v2/proposicoes/2363479;REQ;147.0;31.0;2023;Requer a realização de audiência pública para discutir as políticas de combate ao trabalho escravo no estado do Rio de Janeiro.;
2368764.0;https://dadosabertos.camara.leg.br/api/v2/proposicoes/2368764;PL;139.0;3038.0;2023;Revoga o inciso IV do art. 31 da Lei 5.700 de 1971, para permitir a reprodução da bandeira nacional em rótulos ou invólucros de produtos expostos à venda.;
2457667.0;https://dadosabertos.camara.leg.br/api/v2/proposicoes/2457667;EMC;130.0;1.0;2024;Dá nova redação à MPV 1246/2024;
;;;;;2025;;
2362025.0;https://dadosabertos.camara.leg.br/api/v2/proposicoes/2362025;RIC;148.0;1382.0;2023;Requer informações ao Ministro da Agricultura e Pecuária, Sr. Carlos Fávaro, sobre a invasão das propriedades do Embrapa Semiárido   por representantes do Movimento dos Trabalhadores Rurais Sem Terra (MST).;
2439120.0;https://dadosabertos.camara.leg.br/api/v2/proposicoes/2439120;INC;133.0;555.0;2024;Sugere a implementação e manutenção de sistemas de alerta precoce para desastres naturais com cooperação da Secretaria Nacional de Proteção e Defesa Civil.;
2346865.0;https://dadosabertos.camara.leg.br/api/v2/proposicoes/2346865;PL;139.0;155.0;2023;Dispõe sobre a compensação ambiental da geração de energia elétrica e a certificação de créditos de carbono para empreendimentos de geração por fontes alternativas.;
2358809.0;https://dadosabertos.camara.leg.br/api/v2/proposicoes/2358809;REQ;448.0;15.0;2023;Convida a Exma. Sra. Ministra do Turismo Daniela Carneiro e os Membros dessa Comissão em uma visita a cidade de Juazeiro do Norte para conhecer o turismo religioso na Cidade e  Estado do Ceará.;
2432919.0;https://dadosabertos.camara.leg.br/api/v2/proposicoes/2432919;DOC;1003.0;412.0;2024;Of. nº 85 /2024/PS-GSE, que encaminha ao Senado Federal o processado do PDL 670-2021 , em revisão.;
2359359.0;https://dadosabertos.camara.leg.br/api/v2/proposicoes/2359359;REL;292.0;1.0;2023;Susta a PORTARIA Nº 916, de 9 de setembro de 2015 do Gabinete do Ministro do Ministério da Educação.;
2348762.0;https://dadosabertos.camara.leg.br/api/v2/proposicoes/2348762;RIC;148.0;119.0;2023;Requer informações adicionais ao Ministro do Trabalho e Emprego sobre a nomeação do Secretário Nacional de Economia Popular e Solidária da pasta.;
2357053.0;https://dadosabertos.camara.leg.br/api/v2/proposicoes/2357053;PLP;140.0;93.0;2023;"Institui regime fiscal sustentável para garantir a estabilidade macroeconômica do País e criar as condições adequadas ao crescimento socioeconômico, nos termos do disposto no art. 6º da Emenda à Constituição nº 126, de 21 de dezembro de 2022.  NOVA EMENTA: Institui regime fiscal sustentável para garantir a estabilidade macroeconômica do País e criar as condições adequadas ao crescimento socioeconômico, com fundamento no art. 6º da Emenda Constitucional nº 126, de 21 de dezembro de 2022, e no inciso VIII do caput e no parágrafo único do art. 163 da Constituição Federal; e altera a Lei Complementar nº 101, de 4 de maio de 2000 (Lei de Responsabilidade Fiscal).";
2354243.0;https://dadosabertos.camara.leg.br/api/v2/proposicoes/2354243;PL;139.0;1526.0;2023;Determina o estabelecimento de convênios entre Estados e Municípios com a União para a criação de Postos Humanizados de atenção à Mulher.;
2449186.0;https://dadosabertos.camara.leg.br/api/v2/proposicoes/2449186;REQ;354.0;2622.0;2024;Requer Moção de Louvor e Regozijo ao Sr. 3º SGT Clayton Santos Nepomuceno, pelos excelentes serviços prestados ao estado do Rio de Janeiro na área de segurança pública no 22º BPM no GAT A.;
2397870.0;https://dadosabertos.camara.leg.br/api/v2/proposicoes/2397870;RIC;148.0;2554.0;2023;Requer informações ao Ministro da Casa Civil, Sr. Rui Costa, sobre o processo de  implementação da Comissão Binacional de Contas (Itaipu), cuja proposta de criação foi formalizada pela assinatura da Nota Reversal DAM II/DAI nº 1/2021, de 05/11/21, com vistas a possibilitar o cumprimento do disposto no inciso V do art. 71 da Constituição Federal de 1988.;
2419425.0;https://dadosabertos.camara.leg.br/api/v2/proposicoes/2419425;INC;133.0;141.0;2024;Sugere  à Ministra do Meio Ambiente, Marina Silva, a revogação da Portaria 445/2017.;
2400662.0;https://dadosabertos.camara.leg.br/api/v2/proposicoes/2400662;REQ;354.0;3767.0;2023;Requer Moção de Louvor e Regozijo ao Sr. Marcos Antônio Miranda Bittencourt, Psicólogo, pelos excelentes serviços prestados à sociedade brasileira.;
2380275.0;https://dadosabertos.camara.leg.br/api/v2/proposicoes/2380275;REQ;354.0;2596.0;2023;Requer Moção de Louvor e Regozijo ao Sr. Capitão PM Paulo Fernandes da Silva Junior, pelos excelentes serviços prestados à Sociedade Carioca e Fluminense.;
2387726.0;https://dadosabertos.camara.leg.br/api/v2/proposicoes/2387726;REQ;318.0;3054.0;2023;Requer a inclusão na Ordem do Dia do Projeto de Lei nº 5827 de 2013, que “dispõe sobre as custas devidas União, na Justiça Federal de primeiro e segundo graus, e dá outras providências”.;
2467181.0;https://dadosabertos.camara.leg.br/api/v2/proposicoes/2467181;REQ;294.0;60.0;2024;Requer a realização de audiência pública para debater os impactos da mudança do regime de concessão do Serviço Telefônico Fixo Comutado (STFC) para o regime de autorização da Oi S/A - Em Recuperação Judicial.;
2457176.0;https://dadosabertos.camara.leg.br/api/v2/proposicoes/2457176;INC;133.0;1184.0;2024;Indicação ao Exmo. Senhor Camilo Santana, Ministro da Educação, com vistas à criação do curso de Medicina pela UFPR, na cidade de Cascavel - PR;
2361766.0;https://dadosabertos.camara.leg.br/api/v2/proposicoes/2361766;REQ;304.0;1482.0;2023;Requer o apensamento do Projeto de Lei nº 824, de 2023 ao Projeto de Lei nº 490, de 2007 por tratarem de matérias correlatas.;
2466602.0;https://dadosabertos.camara.leg.br/api/v2/proposicoes/2466602;REQ;311.0;4400.0;2024;Requer a retirada de tramitação do Projeto de Lei n.º 3989/2024 que altera o art. 41-A da Lei nº 8.213, de 24 de julho de 1991, que dispõe sobre os Planos de Benefícios da Previdência Social para alterar o prazo para concessão dos benefícios.;
2477145.0;https://dadosabertos.camara.leg.br/api/v2/proposicoes/2477145;PDL;553.0;597.0;2024;Aprova o ato que renova a concessão outorgada à Rádio Videira Ltda., para explorar serviço de radiodifusão sonora em onda média, posteriormente adaptado para o serviço de radiodifusão sonora em frequência modulada, no Município de Videira, Estado de Santa Catarina.;
2463347.0;https://dadosabertos.camara.leg.br/api/v2/proposicoes/2463347;RIC;148.0;3787.0;2024;"Solicita informações à Senhora Ministra dos Direitos Humanos e da Cidadania sobre a participação de crianças ""influenciadoras digitais"" em campanhas de publicidade de apostas online (bets), com possível incentivo à prática de jogos de azar por menores de idade.";
2433417.0;https://dadosabertos.camara.leg.br/api/v2/proposicoes/2433417;REQ;354.0;1605.0;2024;Requer Moção de Louvor e Regozijo ao Sr. 2º SGT CRISTIANO FERREIRA DO NASCIMENTO, pelos excelentes serviços prestados ao Estado do Rio de Janeiro.;
;;;;;2025;;
2470058.0;https://dadosabertos.camara.leg.br/api/v2/proposicoes/2470058;INC;133.0;1658.0;2024;Sugere à Casa Civil o fomento à pesquisa científica sobre manejo do fogo, incluindo estudos sobre os impactos ambientais, sociais e econômicos das práticas de queima controlada.;
2439472.0;https://dadosabertos.camara.leg.br/api/v2/proposicoes/2439472;REQ;354.0;2140.0;2024;Requer Moção de Louvor e Regozijo ao Sr. Capelão Renee Pereira dos Santos, autoridade eclesiástica, pelos excelentes serviços prestados ao Estado do Rio de Janeiro.;
;;;;;2025;;
2365789.0;https://dadosabertos.camara.leg.br/api/v2/proposicoes/2365789;REQ;1029.0;142.0;2023;Solicita sejam requisitadas informações ao Senhor Secretário de Segurança Pública do Estado de Mato Grosso sobre os Boletins de Ocorrência (BO) registrados e consequentes inquéritos em decorrência de invasão de propriedades no estado desde 01/01/2023.;
2372466.0;https://dadosabertos.camara.leg.br/api/v2/proposicoes/2372466;REQ;293.0;2170.0;2023;Requer a realização de Sessão Solene da Câmara dos Deputados em homenagem “A Igreja de Jesus Cristo dos Santos dos Últimos Dias”.;
2466726.0;https://dadosabertos.camara.leg.br/api/v2/proposicoes/2466726;MSC;401.0;1325.0;2024;Submete à apreciação do Congresso Nacional o ato constante da Portaria nº 13.580, de 17 de junho de 2024, publicada no Diário Oficial da União de 1º de julho de 2024, que RENOVA, a partir de 20 de setembro de 2018, a permissão outorgada anteriormente conferida ao Sistema Sul de Radiodifusão Ltda., para executar, pelo prazo de dez anos, sem direito de exclusividade, o serviço de radiodifusão sonora em Frequência Modulada, no Município de Avaré, Estado de São Paulo.;
2348597.0;https://dadosabertos.camara.leg.br/api/v2/proposicoes/2348597;REQ;354.0;140.0;2023;Requer moção de louvor que visa celebrar os 100 anos de história da Associação Hospitalar Beneficente Misericórdia de Vila Itoupava/SC.;
2421657.0;https://dadosabertos.camara.leg.br/api/v2/proposicoes/2421657;PL;139.0;823.0;2024;Altera a Lei nº 10.674, de 16 de maio de 2003, para definir parâmetros quantitativos para a rotulagem relacionada à presença ou ausência de glúten nos alimentos.;
;;;;;2025;;
2359307.0;https://dadosabertos.camara.leg.br/api/v2/proposicoes/2359307;REQ;523.0;186.0;2023;Solicita que seja convocado o Excelentíssimo ministro da Secretaria de Comunicação da Presidência, Paulo Pimenta, para prestar esclarecimentos sobre a retirada pelo Banco do Brasil do patrocínio da Agrishow.;
2366910.0;https://dadosabertos.camara.leg.br/api/v2/proposicoes/2366910;RIC;148.0;1588.0;2023;Requer ao Ministério da Defesa informações acerca da filiação religiosa dos capelães militares das Forças Armadas e a ausência de representantes de religiões não-cristãs.;
2463372.0;https://dadosabertos.camara.leg.br/api/v2/proposicoes/2463372;INC;133.0;1297.0;2024;Sugere a implementação de Núcleo de Atenção à Criança e Adolescente com Transtorno do Espectro Autista (TEA) no Município de Almeirim, no Estado do Pará.;
2354779.0;https://dadosabertos.camara.leg.br/api/v2/proposicoes/2354779;REQ;294.0;56.0;2023;Solicita realização de Audiência Pública para discussão do tema: “O cenário de incidência da dengue no Brasil, impactos e medidas de combate à doença”.;
2474283.0;https://dadosabertos.camara.leg.br/api/v2/proposicoes/2474283;PEC;136.0;45.0;2024;Altera os art. 37, art. 163, art. 203, art. 212-A e art. 239 da Constituição e o art. 76 do Ato das Disposições Constitucionais Transitórias - ADCT e acresce os art. 138 e art. 139 ao ADCT.;
2454396.0;https://dadosabertos.camara.leg.br/api/v2/proposicoes/2454396;REQ;354.0;3103.0;2024;Requer aprovação de Voto de Regozijo e Louvor à Sra. 3ºSGT. CARLA DE SOUZA VELTEN SANTIAGO, pertencente ao efetivo do Corpo de Bombeiros Militar do Estado do Espírito Santo, em reconhecimento aos valorosos serviços prestados aos municípios da região sul capixaba, diante das fortes chuvas que atingiram a região no final do mês de março do presente ano.;
;;;;;2025;;
2350116.0;https://dadosabertos.camara.leg.br/api/v2/proposicoes/2350116;REQ;294.0;14.0;2023;Requer a realização de Audiência Pública para debater os impactos da proposta de Rodoanel como decorrência do acordo da Vale S.A com o governo de Minas Gerais.;
2424766.0;https://dadosabertos.camara.leg.br/api/v2/proposicoes/2424766;REQ;441.0;64.0;2024;Requer aprovação de Moção de Repúdio contra as reprováveis declarações do jornalista José Carlos Magdalena, da Rádio Morada do Sol de Araraquara – SP, proferidas com o intuito de macular a honra e moral da Polícia Militar do Estado de São Paulo – PMESP e de seus nobres policiais, bem como do Secretário de Segurança Pública do Estado de São Paulo, Sr. Guilherme Derrite.;
2469880.0;https://dadosabertos.camara.leg.br/api/v2/proposicoes/2469880;MSC;401.0;1420.0;2024;Submete à apreciação do Congresso Nacional o do ato constante da Portaria nº 13.584, de 17 de junho de 2024, publicada no Diário Oficial da União de 1º de julho de 2024, que renova, a partir de 5 de novembro de 2019, a autorização outorgada ao Instituto de Educação e Pesquisa Ambiental Planeta Verde, para executar, pelo prazo de dez anos, sem direito de exclusividade, o serviço de radiodifusão comunitária, no Município de Taquaritinga, Estado de São Paulo.;
2346751.0;https://dadosabertos.camara.leg.br/api/v2/proposicoes/2346751;DOC;1026.0;51.0;2023;Reinstalação do Grupo Parlamentar Brasil / Romênia para o exercício da 57ª Legislatura;
2351129.0;https://dadosabertos.camara.leg.br/api/v2/proposicoes/2351129;INC;133.0;242.0;2023;Sugere a liberação de recursos orçamentários para aquisição de equipamento e material permanente para atenção especializada em saúde para a Fundação Hospital São Lucas (Hospital São Lucas) no Município de Cascavel no Estado do Paraná.;
2365732.0;https://dadosabertos.camara.leg.br/api/v2/proposicoes/2365732;DOC;1028.0;390.0;2023;Comunica restituição de Projeto de Lei sancionado.( Of. 309-23SF).;
2450966.0;https://dadosabertos.camara.leg.br/api/v2/proposicoes/2450966;REQ;441.0;74.0;2024;Requer seja consignado a Moção de Louvor a atleta Larissa Cincinato Pimenta, mais conhecida como Larissa Pimenta, pelo desempenho e conquistas nos Jogos Olímpicos de Paris 2024.;
2467133.0;https://dadosabertos.camara.leg.br/api/v2/proposicoes/2467133;RIC;148.0;4097.0;2024;Requer que sejam solicitadas informações ao Ministério dos Transportes, acerca da atual condição e administração da BR-324, localizada entre Salvador e Feira de Santana, e da BR-116, localizada entre Feira de Santana até a divisa com o estado de Minas Gerais.;
2399529.0;https://dadosabertos.camara.leg.br/api/v2/proposicoes/2399529;RIC;148.0;2606.0;2023;Solicita ao Ministro-chefe de Estado da Secretaria de Comunicação Social da Presidência da República, Paulo Pimenta, informações acerca de contratos de publicidades patrocinadas pela SECOM junto a Rede Globo de Televisão e suas afiliadas no Brasil, em aditamento à resposta do Ofício nº 198/2023/GAB/SECOM/PR.;
;;;;;2025;;
2374960.0;https://dadosabertos.camara.leg.br/api/v2/proposicoes/2374960;PL;139.0;3677.0;2023;Dispõe sobre a retirada de invasores de propriedade privada.;
2418266.0;https://dadosabertos.camara.leg.br/api/v2/proposicoes/2418266;PL;139.0;335.0;2024;Obriga o poder público a publicizar as filas de espera no âmbito do SUS.;
2363730.0;https://dadosabertos.camara.leg.br/api/v2/proposicoes/2363730;EMC;130.0;209.0;2023;Dá nova redação à MPV 1164/2023;
2386361.0;https://dadosabertos.camara.leg.br/api/v2/proposicoes/2386361;REQ;294.0;70.0;2023;Requer a realização de Audiência Pública para discutir a ampliação do Parque Nacional do Viruá, no município de Caracaraí, no estado de Roraima e a situação de famílias de agricultores que vivem nos limites da área estabelecida.;
2394368.0;https://dadosabertos.camara.leg.br/api/v2/proposicoes/2394368;PROC;720.0;49.0;2023;Requer que esta Comissão, juntamente com o Tribunal de Contas da União (TCU), realize atos de fiscalização e controle sobre o Grupo de Acompanhamento do Custeio a Projetos de Conectividade de Escolas (GAPE), a Entidade Administradora da Conectividade de Escolas (EACE) e a Rede Nacional de Ensino e Pesquisa (RNP), com objetivo de apurar eventuais irregularidades relacionadas a implementação, operacionalização e fiscalização de programas de conectividade de escolas do governo federal, em especial com relação a má utilização de recursos públicos, falta de transparência e de prestação de contas.;
2454785.0;https://dadosabertos.camara.leg.br/api/v2/proposicoes/2454785;REQ;354.0;3315.0;2024;Requer Moção de Louvor e Regozijo ao Sr. Adriano Araújo de Aguilar pelos excelentes serviços prestados ao Estado do Rio de Janeiro.;
2418536.0;https://dadosabertos.camara.leg.br/api/v2/proposicoes/2418536;REQ;313.0;379.0;2024;Requer inclusão de coautoria ao PL 109/2024.;
2367201.0;https://dadosabertos.camara.leg.br/api/v2/proposicoes/2367201;EMC;130.0;85.0;2023;Dá nova redação à MPV 1162/2023;
;;;;;2025;;
2403612.0;https://dadosabertos.camara.leg.br/api/v2/proposicoes/2403612;SOR;611.0;1.0;2023;Acrescenta na AÇÃO 2E87 - Implementação da Agenda Nacional de Proteção, Defesa, Bem-Estar e Direitos Animais (Programa: 6114) - o valor de 45.000.000 para ações que visem o auxílio à redução de superpopulações de animais domésticos, promoção do bem-estar animal e posse responsável, em especial de cães e gatos. (Tipo: Apropriação);
2401044.0;https://dadosabertos.camara.leg.br/api/v2/proposicoes/2401044;DOC;1003.0;1278.0;2023;Ofício nº 463/2023/PS-GSE  que encaminha a Mensagem 31/2019 de envio à sanção presidencial do PL 3638/2019.;
2471756.0;https://dadosabertos.camara.leg.br/api/v2/proposicoes/2471756;PL;139.0;4514.0;2024;Institui o Programa Nacional de Ronda Escolar para Pessoas com Deficiência (PCD) e dá outras providências.;
2354403.0;https://dadosabertos.camara.leg.br/api/v2/proposicoes/2354403;PL;139.0;1537.0;2023;Dispõe sobre a regulamentação do uso de acessórios para montarias em cavalos, na modalidade Cutiano.;
2419125.0;https://dadosabertos.camara.leg.br/api/v2/proposicoes/2419125;PDL;557.0;25.0;2024;Susta a aplicação da Resolução-TSE nº 23.732, de 27 de fevereiro de 2024, que altera a Resolução-TSE nº 23.610, de 18 de dezembro de 2019, dispondo sobre a propaganda eleitoral;
2409696.0;https://dadosabertos.camara.leg.br/api/v2/proposicoes/2409696;INC;133.0;1666.0;2023;"Sugere à Excelentíssima Senhora Esther Dweck, Ministra da Gestão e da Inovação em Serviços Públicos, envio de mensagem ao Congresso Nacional, visando correção normativa do auxílio moradia, previsto na Lei nº 10.846, de 4 de julho de 2002, art. 3º, XIV, e Tabela constante do Anexo IV, Tabela III – Auxílio Moradia, em face de decisão do Tribunal de Contas da União, por ser medida necessária para se evitar transtornos financeiros
insuportáveis aos Policiais Militares do Distrito Federal.";
2437274.0;https://dadosabertos.camara.leg.br/api/v2/proposicoes/2437274;EMC;130.0;1.0;2024;Cria a política de atendimento a brasileiras emigrantes “Espaço da Mulher Brasileira – EMuB”.;
2371694.0;https://dadosabertos.camara.leg.br/api/v2/proposicoes/2371694;PL;139.0;3286.0;2023;Altera a Lei nº 1.079, de 10 de julho de 1950, que define os crimes de responsabilidade e regula o respectivo processo de julgamento, para prever a possibilidade de interposição de recurso contra decisão que determinar o arquivamento da acusação nos processos de impeachment, e dá outras providências.;
2415198.0;https://dadosabertos.camara.leg.br/api/v2/proposicoes/2415198;REQ;354.0;4346.0;2023;Requer Moção de Louvor e Regozijo ao Sr. Ten Cel PM Jacques Santos Rodrigues pelos excelentes serviços prestados à Sociedade Carioca e Fluminense.;
2358114.0;https://dadosabertos.camara.leg.br/api/v2/proposicoes/2358114;INC;133.0;469.0;2023;Requer o envio de Indicação ao Ministério da Saúde, para a inclusão do Médico Veterinário no rol de profissões que integram a equipe multidisciplinar da Estratégia Saúde da Família (ESF), no Município de Cabo Frio, Estado do Rio de Janeiro.;
2424419.0;https://dadosabertos.camara.leg.br/api/v2/proposicoes/2424419;RIC;148.0;798.0;2024;Requer informações ao Ministério da Saúde acerca das medidas e providências adotadas para combater o aumento de casos de dengue no Amazonas, em particular no Município de Fonte Boa, assim como para reduzir os impactos na saúde pública.;
2352341.0;https://dadosabertos.camara.leg.br/api/v2/proposicoes/2352341;PDL;557.0;81.0;2023;Susta a aplicação da Resolução nº 487, de 15 de fevereiro de 2023 do Conselho Nacional de Justiça –CNJ.;
2367875.0;https://dadosabertos.camara.leg.br/api/v2/proposicoes/2367875;EMC;130.0;11.0;2023;Dá nova redação à MPV 1165/2023;
2363664.0;https://dadosabertos.camara.leg.br/api/v2/proposicoes/2363664;EMC;130.0;144.0;2023;Dá nova redação à MPV 1164/2023;
2435132.0;https://dadosabertos.camara.leg.br/api/v2/proposicoes/2435132;PLP;140.0;96.0;2024;Altera a Lei Complementar n.º 207, de 17 de maio de 2024, que dispõe sobre o Seguro Obrigatório para Proteção de Vítimas de Acidentes de Trânsito (SPVAT), para que a sua contratação seja de caráter opcional para os proprietários de veículos automotores.;
2367044.0;https://dadosabertos.camara.leg.br/api/v2/proposicoes/2367044;PL;139.0;2916.0;2023;Proíbe a cobrança de valores adicionais ou taxas para acesso prioritário à fila de entrada de aviões em território nacional.;
2454574.0;https://dadosabertos.camara.leg.br/api/v2/proposicoes/2454574;REQ;354.0;3139.0;2024;Requer Voto de Louvor e Regozijo ao Sr. Subtenente Anderson Alves do Nascimento pelos excelentes serviços prestados ao estado do Rio de Janeiro, junto ao CBMERJ.;
2433690.0;https://dadosabertos.camara.leg.br/api/v2/proposicoes/2433690;REC;375.0;8.0;2024;Requeiro, nos termos regimentais, recurso contra a apreciação com parecer terminativo as emendas de plenário apresentadas ao PLP 85/2024.;
2389548.0;https://dadosabertos.camara.leg.br/api/v2/proposicoes/2389548;REQ;354.0;3244.0;2023;Requer Moção de Louvor e Regozijo ao Sr. 1º Sargento PM Iran Jorge Machado Vieira, pelos excelentes serviços prestados à Sociedade Carioca e Fluminense.;
;;;;;2025;;
2453547.0;https://dadosabertos.camara.leg.br/api/v2/proposicoes/2453547;REQ;304.0;3055.0;2024;Requer a apensação da Proposta de Emenda à Constituição nº 6 de 2024 à Proposta de Emenda à Constituição nº  555 de 2006.;
2439714.0;https://dadosabertos.camara.leg.br/api/v2/proposicoes/2439714;PL;139.0;2298.0;2024;Concede ao Município de Toledo, localizado no Estado do Paraná, o título de Capital Nacional da Proteína Animal.;
2462398.0;https://dadosabertos.camara.leg.br/api/v2/proposicoes/2462398;DOC;1003.0;1443.0;2024;Of. nº 494/2024/PS-GSE, que encaminha ao Senado Federal o processado do PL 5121-2023, em revisão.;
2431610.0;https://dadosabertos.camara.leg.br/api/v2/proposicoes/2431610;DOC;1003.0;283.0;2024;Of. nº 175/2024/PS-GSE que comunica ao Senado Federal o envio à sanção do PL 7611/2017.;
2445251.0;https://dadosabertos.camara.leg.br/api/v2/proposicoes/2445251;REQ;686.0;205.0;2024;Requer a realização de seminário em CONJUNTO com a Comissão de Segurança Pública e Combate ao Crime Organizado, na Cidade de Guaratinguetá - SP, para discutir acerca da violência dos criminosos contra policiais.;
2417029.0;https://dadosabertos.camara.leg.br/api/v2/proposicoes/2417029;REQ;293.0;74.0;2024;Requer convocação de Sessão Solene da Câmara dos Deputados aos 35 anos do Instituto Brasileiro do Meio Ambiente e Recursos Naturais Renováveis (IBAMA).;
2354847.0;https://dadosabertos.camara.leg.br/api/v2/proposicoes/2354847;RIC;148.0;677.0;2023;Solicita informações ao Ministro das Minas e Energia, acerca do programa Mais Luz para a Amazônia para o Município de Tabatinga, no Estado do Amazonas.;
2380110.0;https://dadosabertos.camara.leg.br/api/v2/proposicoes/2380110;DOC;1003.0;673.0;2023;Of. nº 92/2023/PS-GSE que encaminha ao Senado Federal o processado do PDL 221/2022, em revisão.;
;;;;;2025;;
2467848.0;https://dadosabertos.camara.leg.br/api/v2/proposicoes/2467848;RIC;148.0;4128.0;2024;Solicita informações a Sr.ª Ministra da Saúde, a respeito da notícia que pelo menos 11 estados e o Distrito Federal, enfrentam o desabastecimento de vacinas contra várias doenças.;
2434491.0;https://dadosabertos.camara.leg.br/api/v2/proposicoes/2434491;REQ;686.0;79.0;2024;Requer que seja autorizada pela Comissão de Legislação Participativa a realização de “Seminário de Lançamento da Pesquisa de Opinião Pública - Justiça Energética”, no dia 11/06/2024, em horário e local a ser definido.;
2453872.0;https://dadosabertos.camara.leg.br/api/v2/proposicoes/2453872;DOC;1028.0;999.0;2024;Comunica remessa à sanção do PL 10671/2018 (Of 793/2024-SF).;
2387467.0;https://dadosabertos.camara.leg.br/api/v2/proposicoes/2387467;PROC;720.0;470.0;2023;Troca da Presidência da Frente Parlamentar Mista pela Transparência Pública.;
2419726.0;https://dadosabertos.camara.leg.br/api/v2/proposicoes/2419726;REQ;448.0;2.0;2024;Requer, nos termos regimentais, a realização de audiência pública, com a presença do Excelentíssimo Ministro de Estado das Relações Exteriores, para apresentar as prioridades da pasta para o ano em curso. Reunião de comparecimento realizada em 19/06/2024.;
2474884.0;https://dadosabertos.camara.leg.br/api/v2/proposicoes/2474884;RIC;148.0;4453.0;2024;Solicita informações ao Ministério do Desenvolvimento e Assistência Social, Família e Combate à Fome acerca das ações para enfrentamento da estiagem que ainda assola o Amazonas, principalmente no Município de Boa Vista do Ramos.;
2404505.0;https://dadosabertos.camara.leg.br/api/v2/proposicoes/2404505;SOR;611.0;2.0;2023;Requer o aporte de recursos para UNIDADE ORÇAMENTÁRIA 30101 - Ministério da Justiça e Segurança Pública, AÇÃO 21BM - Desenvolvimento de Políticas de Segurança Pública, Prevenção e Enfrentamento à Criminalidade, PROGRAMA 5116 - Segurança Pública com Cidadania, VALOR - R$ 200.000.000,00 (emenda de apropriação).;
2364210.0;https://dadosabertos.camara.leg.br/api/v2/proposicoes/2364210;REQ;294.0;88.0;2023;Requer que seja convidado o Secretário Nacional do Consumidor, sr. Wadih Damous, para prestar esclarecimentos a esta comissão.;
2432323.0;https://dadosabertos.camara.leg.br/api/v2/proposicoes/2432323;DOC;1024.0;569.0;2024;;
2382559.0;https://dadosabertos.camara.leg.br/api/v2/proposicoes/2382559;INC;133.0;1190.0;2023;Sugere alterações na Lei nº 8.112, de 1990, para instituir o direito de remoção, a pedido, dos servidores que sofrerem assédio moral ou sexual no ambiente de trabalho.;
2349697.0;https://dadosabertos.camara.leg.br/api/v2/proposicoes/2349697;INC;133.0;131.0;2023;Sugere ao Ministério da Fazenda que haja mudança no CONVÊNIO ICMS 161/2021 (CONFAZ), de 01 de outubro de 2021, concedendo isenção de ICMS e IPI nas vendas de veículos novos de até R$ 250.000 (duzentos e cinquenta mil reais), destinados às pessoas com deficiência física, visual, mental severa ou profunda, síndrome de Down ou autistas e Doenças raras.;
2361493.0;https://dadosabertos.camara.leg.br/api/v2/proposicoes/2361493;REQ;294.0;74.0;2023;Requer que seja convidado o Sr. Jorge Luiz Cruz Monteiro, presidente da REFIT, antiga Refinaria de Petróleos de Manguinhos S.A, para prestar esclarecimento sobre a gravíssima situação tributária da companhia.;
2459578.0;https://dadosabertos.camara.leg.br/api/v2/proposicoes/2459578;REQ;305.0;4058.0;2024;Requer a desapensação do Projeto de Lei 1019/2024, que tramita conjuntamente com o Projeto de Lei 721/2024.;
;;;;;2025;;
2439391.0;https://dadosabertos.camara.leg.br/api/v2/proposicoes/2439391;REQ;354.0;2090.0;2024;Requer Moção de Louvor e Regozijo ao Sra. Capelã Marcia Regina de Mendonça Lima, autoridade eclesiástica, pelos excelentes serviços prestados ao Estado do Rio de Janeiro.;
2360384.0;https://dadosabertos.camara.leg.br/api/v2/proposicoes/2360384;REQ;294.0;13.0;2023;"Requer a realização de Audiência Pública para discutir o conceito de violência obstétrica e morte materna e a busca de alternativas para assistência hospitalar de qualidade na hora do parto no Brasil  com os seguintes convidados: - Dr. Agnaldo Lopes da Silva Filho – Presidente da FEBRASGO ; Federação Brasileira das Associações de ginecologia e obstetrícia;  Representante do Conselho Federal de Medicina; Representante da Enfermagem Obstétrica;  Representante de Mulheres Vítimas de Violência Obstétrica.";
2403551.0;https://dadosabertos.camara.leg.br/api/v2/proposicoes/2403551;REQ;441.0;432.0;2023;Requer MOÇÃO DE REPÚDIO à fala do Presidente da República, Sr. Luiz Inácio Lula da Silva, que, em uma entrevista, acusou Israel de matar milhões de palestinos.;
2443205.0;https://dadosabertos.camara.leg.br/api/v2/proposicoes/2443205;RIC;148.0;1952.0;2024;Requer informações ao  Ministério da Justiça e Segurança Pública acerca das medidas adotadas para prevenir e combater a prática de fraudes em cartórios extrajudiciais no Brasil, especialmente em regiões remotas do estado do Amazonas.;
2415988.0;https://dadosabertos.camara.leg.br/api/v2/proposicoes/2415988;DOC;1024.0;157.0;2023;;
2466092.0;https://dadosabertos.camara.leg.br/api/v2/proposicoes/2466092;PL;139.0;4180.0;2024;Dispõe sobre a isenção do pagamento de taxas para confecção e emissão de segunda via de documentos de identificação pessoal roubados ou furtados, cuja expedição seja de responsabilidade de órgão ou ente público.;
2469274.0;https://dadosabertos.camara.leg.br/api/v2/proposicoes/2469274;PL;139.0;4373.0;2024;Aumenta a pena dos crimes de falsificação de mercadorias e de produtos alimentícios, na hipótese de utilização de marca ilicitamente reproduzida ou imitada.;
2469754.0;https://dadosabertos.camara.leg.br/api/v2/proposicoes/2469754;TVR;428.0;769.0;2024;Submete à apreciação do Congresso Nacional o do ato constante da Portaria nº 13.793, de 4 de julho de 2024, publicada no Diário Oficial da União de 12 de julho de 2024, que renova, a partir de 11 de maio de 2021, a permissão anteriormente conferida ao Sistema Radiodifusão de Sertãozinho Ltda., atualmente denominado Sistema Radiodifusão de Bebedouro Ltda., para executar, pelo prazo de dez anos, sem direito de exclusividade, o serviço de radiodifusão sonora em frequência modulada, no Município de Medeiros, Estado de Minas Gerais;
2457331.0;https://dadosabertos.camara.leg.br/api/v2/proposicoes/2457331;DOC;1024.0;793.0;2024;;
2462146.0;https://dadosabertos.camara.leg.br/api/v2/proposicoes/2462146;PL;139.0;3921.0;2024;Altera a Lei nº 12.842, de 10 de julho de 2013, que “dispõe sobre o exercício da Medicina”, para dispor sobre a ventilação mecânica não invasiva.;
2454386.0;https://dadosabertos.camara.leg.br/api/v2/proposicoes/2454386;REQ;354.0;3093.0;2024;Requer aprovação de Voto de Regozijo e Louvor ao Sr. CB. GABRIEL OLIVEIRA DA SILVA, pertencente ao efetivo do Corpo de Bombeiros Militar do Estado do Espírito Santo, em reconhecimento aos valorosos serviços prestados aos municípios da região sul capixaba, diante das fortes chuvas que atingiram a região no final do mês de março do presente ano.;
2447765.0;https://dadosabertos.camara.leg.br/api/v2/proposicoes/2447765;REQ;312.0;2531.0;2024;Requer a retirada da emenda n. 68 apresentada ao Projeto de Lei Complementar n. 68/2024.;
2349522.0;https://dadosabertos.camara.leg.br/api/v2/proposicoes/2349522;PL;139.0;723.0;2023;Institui anualmente a data de 1º de outubro como o Dia Nacional de Combate ao Etarismo.;
;;;;;2025;;
2395772.0;https://dadosabertos.camara.leg.br/api/v2/proposicoes/2395772;REQ;294.0;80.0;2023;Requer a realização de audiência pública conjunta com a Comissão de Minas e Energia e Comissão da Amazônia e dos Povos Originários e Tradicionais, para debater o tema “energia e suas tarifas” e o consequente agravamento da situação socioeconômica do povo do Amapá e de outros estados geradores de energia.;
2423896.0;https://dadosabertos.camara.leg.br/api/v2/proposicoes/2423896;REP;146.0;3.0;2024;Representação de autoria do Partido Socialismo e  Liberdade (PSOL) em desfavor do Senhor Deputado DELEGADO DA CUNHA, protocolizada em 18/03/2024. Alegação de quebra de decoro parlamentar.;
2369256.0;https://dadosabertos.camara.leg.br/api/v2/proposicoes/2369256;RIC;148.0;1666.0;2023;Solicita informações ao ministro da Educação acerca do Programa Banda Larga nas Escolas no município de Medicilândia, no Estado do Pará.;
2398052.0;https://dadosabertos.camara.leg.br/api/v2/proposicoes/2398052;RIC;148.0;2574.0;2023;Requer informações a Ministra da Saúde, Nísia Trindade, sobre a realização do 1º Encontro de Mobilização da Promoção da Saúde no Brasil.;
2406906.0;https://dadosabertos.camara.leg.br/api/v2/proposicoes/2406906;PL;139.0;5731.0;2023;Acrescenta o art. 24-D à Lei nº 8.742, de 7 de dezembro de 1993, para instituir o Serviço de Apoio Especializado para Atividades da Vida Diária, destinado a pessoas em situação de dependência para o exercício de atividades básicas da vida diária.;
2357623.0;https://dadosabertos.camara.leg.br/api/v2/proposicoes/2357623;PL;139.0;2048.0;2023;Proíbe a divulgação de notícias de caráter sensacionalista sobre crimes contra a integridade física, cometidos em estabelecimentos de ensino.;
2348294.0;https://dadosabertos.camara.leg.br/api/v2/proposicoes/2348294;PL;139.0;414.0;2023;Altera as Leis n° 8.212 e n° 8.213. de 24 de julho de 1991, para incluir o catador de material reciclável como segurado especial da Previdência Social.;
2377161.0;https://dadosabertos.camara.leg.br/api/v2/proposicoes/2377161;PL;139.0;3837.0;2023;Altera a redação do art. 3º da Lei nº 7.678, de 8 de novembro de 1988, que dispõe sobre a produção, circulação e comercialização do vinho e derivados da uva e do vinho, e dá outras providências.;
2456628.0;https://dadosabertos.camara.leg.br/api/v2/proposicoes/2456628;MSC;401.0;958.0;2024;Submete à apreciação do Congresso Nacional, acompanhado de Exposição de Motivos do Senhor Ministro de Estado das Comunicações, o ato constante da Portaria nº 5.682, de 1º de novembro de 2018, publicada no Diário Oficial da União de 6 de novembro de 2018, que renova, a partir de 4 de outubro de 2018, a permissão outorgada à Rádio Alvorada Frequência Modulada Ltda., para executar, pelo prazo de dez anos, sem direito de exclusividade, o serviço de radiodifusão sonora em frequência modulada, no Município de Cubatão, Estado de São Paulo.   - TVR 431/2024 - Portaria nº 5.682, de 01 de novembro de 2018 - Rádio Alvorada Frequência Modulada Ltda,, no município de Cubatão - SP.;
2436527.0;https://dadosabertos.camara.leg.br/api/v2/proposicoes/2436527;REQ;294.0;82.0;2024;Requer a realização de Audiência Pública para debater a redução da jornada de trabalho e o fim da jornada 6x1, junto ao Movimento Vida Além do Trabalho.;
2470801.0;https://dadosabertos.camara.leg.br/api/v2/proposicoes/2470801;RIC;148.0;4213.0;2024;Solicita informações ao Ministério da Fazenda, a respeito da utilização dos benefícios do programa emergencial de retomada do setor de eventos – PERSE, por plataformas de influenciadores digitais.;
2380822.0;https://dadosabertos.camara.leg.br/api/v2/proposicoes/2380822;REQ;294.0;53.0;2023;Requer a realização de reunião de Audiência Pública para discutir a conduta da empresa 123milhas no que se refere à suspensão de emissão de passagens aéreas com embarque previsto para o período de setembro a dezembro de 2023.;
2426550.0;https://dadosabertos.camara.leg.br/api/v2/proposicoes/2426550;PDL;553.0;129.0;2024;Aprova o ato que renova a autorização outorgada à Associação Comunitária para o Desenvolvimento Artístico e Cultural de Monte Verde para executar, pelo prazo de dez anos, sem direito de exclusividade, serviço de radiodifusão comunitária no Município de Camanducaia, Estado de Minas Gerais.;
;;;;;2025;;
2391715.0;https://dadosabertos.camara.leg.br/api/v2/proposicoes/2391715;INC;133.0;1324.0;2023;Sugere à Ministra da Saúde que promova o fornecimento universal das Cadernetas da Gestantes e das Cadernetas da Criança em formato impresso, bem como ofereça incentivos às secretarias de saúde das unidades federadas para a ampliação do horário de realização de consultas e exames do pré-natal e para o cadastramento de mães solo já no início da gestação.;
2358789.0;https://dadosabertos.camara.leg.br/api/v2/proposicoes/2358789;PL;139.0;2217.0;2023;Estabelece gratificação de periculosidade aos trabalhadores e servidores públicos em geral com atuação junto ao sistema prisional brasileiro.;
2360044.0;https://dadosabertos.camara.leg.br/api/v2/proposicoes/2360044;REQ;294.0;127.0;2023;Requer a realização de Audiência Pública desta Comissão para debater sobre Segurança Pública e Primeira Infância (análise da implementação da Lei nº 13.257/2016 pelo Sistema de Segurança Pública).;
;;;;;2025;;
2426538.0;https://dadosabertos.camara.leg.br/api/v2/proposicoes/2426538;PDL;553.0;117.0;2024;Aprova o ato que renova a autorização outorgada à Associação Comunitária Caxambuense de Radiodifusão para executar, pelo prazo de dez anos, sem direito de exclusividade, serviço de radiodifusão comunitária no Município de Caxambu, Estado de Minas Gerais.;
2402924.0;https://dadosabertos.camara.leg.br/api/v2/proposicoes/2402924;REQ;354.0;3902.0;2023;Requer Moção de Louvor e Regozijo ao Sr. Inspetor de Polícia Civil Jorge Barros do Souto, pelos excelentes serviços prestados à Sociedade Carioca.;
2473550.0;https://dadosabertos.camara.leg.br/api/v2/proposicoes/2473550;SOR;611.0;4.0;2024;SOR 4/2024 - Dep. Amom Mandel - Apropriação (inclusão) - Subfunção 302 (Assistência Hospitalar e Ambulatorial) - Programa 5118 (Atenção Especializada à Saúde) - Ação 2E90 (Incremento Temporário ao Custeio dos Serviços de Assistência Hospitalar e Ambulatorial para Cumprimento de Metas) - Valor 800.000.000;
2351150.0;https://dadosabertos.camara.leg.br/api/v2/proposicoes/2351150;RIC;148.0;458.0;2023;Solicita informações ao Sr. Ministro da Fazenda a respeito do aumento de tributos sobre os combustíveis.;
;;;;;2025;;
2351492.0;https://dadosabertos.camara.leg.br/api/v2/proposicoes/2351492;REQ;294.0;2.0;2023;Requer a realização de audiência pública destinada a debater práticas antisindicais em Minas Gerais.;
2417820.0;https://dadosabertos.camara.leg.br/api/v2/proposicoes/2417820;DOC;1003.0;30.0;2024;Of. nº 14/2024/PS-GSE que comunica ao Senado Federal a restiruição dos autógrafos do PL 5503/2019, sancionado.;
;;;;;2025;;
2405001.0;https://dadosabertos.camara.leg.br/api/v2/proposicoes/2405001;SOR;611.0;10.0;2023;Evolução e Expansão dos Serviços de Radiodifusão;
2377301.0;https://dadosabertos.camara.leg.br/api/v2/proposicoes/2377301;PL;139.0;3852.0;2023;Dá nova redação ao art. 7º da Lei Complementar nº 8, de 3 dezembro de 1970, para disciplinar a imprescritibilidade e a impossibilidade de transferência dos recursos que compõem os Programas de Formação do Patrimônio do Servidor Público e do Programa de Integração Social.;
2469672.0;https://dadosabertos.camara.leg.br/api/v2/proposicoes/2469672;REQ;354.0;4510.0;2024;Requer Moção de Louvor e Regozijo ao Sr. Subtenente BM Vladimir de Almeida Pessoa pelos excelentes serviços prestados ao Estado do Rio de Janeiro, junto ao CBMERJ.;
2442109.0;https://dadosabertos.camara.leg.br/api/v2/proposicoes/2442109;PL;139.0;2480.0;2024;Altera a Lei nº 10.741, de 1 de outubro de 2003, para dispor sobre a prioridade ao idoso em Serviço de Atendimento ao Consumidor - SAC por telefone, no âmbito dos fornecedores de serviços regulados pelo Poder Público federal.;
2384856.0;https://dadosabertos.camara.leg.br/api/v2/proposicoes/2384856;PDL;553.0;283.0;2023;Aprova o ato que outorga permissão à Fundação Brito Júnior de Rádio e TV Educativa para executar serviço de radiodifusão sonora em frequência modulada, com fins exclusivamente educativos, no Município Garça, Estado de São Paulo.;
2420208.0;https://dadosabertos.camara.leg.br/api/v2/proposicoes/2420208;ATA;810.0;87.0;2023;Ata de AP conjunta CLP CE 07/12/2023;
2420220.0;https://dadosabertos.camara.leg.br/api/v2/proposicoes/2420220;REQ;294.0;6.0;2024;"Requer a realização de Audiência Pública sobre o "" Projeto de Lei Complementar 12/24, que regulamenta o trabalho de motorista de aplicativo para transporte de passageiro"".";
2467594.0;https://dadosabertos.camara.leg.br/api/v2/proposicoes/2467594;DOC;1028.0;1516.0;2024;Comunica remessa à sanção do PL 2750/2024 (Of 1261/2024-SF);
2437490.0;https://dadosabertos.camara.leg.br/api/v2/proposicoes/2437490;INC;133.0;509.0;2024;Solicito a Exma. Sra. Ministra de Estado da Saúde o envio de recursos financeiros destinados à aquisição de atendimento pré-hospitalar móvel (motolâncias) para o Serviço de Atendimento Móvel de Urgência (SAMU) no município de Duque de Caxias, estado do Rio de Janeiro.;
2481864.0;https://dadosabertos.camara.leg.br/api/v2/proposicoes/2481864;DOC;1028.0;1774.0;2024;Comunica remessa à sanção do PL 3337/2024 (Of 1603/2024-SF).;
;;;;;2025;;
2466515.0;https://dadosabertos.camara.leg.br/api/v2/proposicoes/2466515;REQ;293.0;4396.0;2024;Requer a realização de Sessão Solene no Plenário da Câmara dos Deputados, para homenagear o movimento Legendários Brasil;
2351428.0;https://dadosabertos.camara.leg.br/api/v2/proposicoes/2351428;REQ;441.0;691.0;2023;Requer a aprovação de Moção de Repúdio a CCR Via MS, empresa responsável por gerir a BR-163 no trecho em que atravessa o estado do Mato Grosso do Sul - MS, e que abandonou os investimentos os quais se obrigou a cumprir.;
2476521.0;https://dadosabertos.camara.leg.br/api/v2/proposicoes/2476521;INC;133.0;1844.0;2024;Sugere ao Ministério da Justiça e Segurança Pública a intensificação de ações de monitoramento do índice de pessoas desaparecidas no Brasil.;
2464084.0;https://dadosabertos.camara.leg.br/api/v2/proposicoes/2464084;EMC;130.0;1.0;2024;Cria o Fundo Nacional de Prevenção e Enfrentamento ao Estelionato e Outras Fraudes no Sistema Bancário, e dá outras providências.;
;;;;;2025;;
2461114.0;https://dadosabertos.camara.leg.br/api/v2/proposicoes/2461114;DOC;1028.0;1334.0;2024;Comunica promulgação de decreto legislativo nº 261/2024. (PDL nº 429/2022 .(Of 1125/2024-SF);
2446781.0;https://dadosabertos.camara.leg.br/api/v2/proposicoes/2446781;DOC;1003.0;752.0;2024;Of. nº 301/2024/PS-GSE, que encaminha ao Senado Federal o processado do PDL 521-2023, em revisão.;
2355313.0;https://dadosabertos.camara.leg.br/api/v2/proposicoes/2355313;INC;133.0;367.0;2023;Sugere ao Ministério da Justiça e Segurança Pública o encaminhamento ao Poder Legislativo de proposta visando a Regulamentação e Estruturação da Polícia Penal Federal, nos termos da Emenda Constitucional n° 104 de 2019.;
2480007.0;https://dadosabertos.camara.leg.br/api/v2/proposicoes/2480007;INC;133.0;2143.0;2024;Sugere ao Ministério da Educação que desenvolva medidas de gerenciamento mais célere nos casos de obras paralisadas, canceladas ou em atraso financiadas com recursos do FNDE (Fundo Nacional de Desenvolvimento da Educação) no estado do Amazonas, com ênfase no município de Itacoatiara.;
2407412.0;https://dadosabertos.camara.leg.br/api/v2/proposicoes/2407412;INC;133.0;1629.0;2023;Sugere a Ministra de Estado da Gestão e da Inovação em Serviços Público, Sra. Esther Dweck, que sejam envidados esforços para apoiar o Projeto de Reestruturação da Carreira dos Policiais Rodoviários Federais.;
2461439.0;https://dadosabertos.camara.leg.br/api/v2/proposicoes/2461439;REQ;392.0;4163.0;2024;Requer regime de urgência na apreciação do Projeto de Lei n° 3758/2024, que “Altera a Lei n° 13.240, de 30 de dezembro de 2015, para incluir hipóteses de destinação não onerosa de imóveis não operacionais do Fundo do Regime Geral de Previdência Social, geridos pela Secretaria do Patrimônio da União”.;
2467241.0;https://dadosabertos.camara.leg.br/api/v2/proposicoes/2467241;INC;133.0;1594.0;2024;Sugere ao Ministério da Integração e do Desenvolvimento Regional a implementação do “Projeto Amanhã” pela Codevasf, no Município de Piçarra, no Estado do Pará.;
2444061.0;https://dadosabertos.camara.leg.br/api/v2/proposicoes/2444061;REQ;294.0;63.0;2024;Requer a realização de audiência pública com a finalidade de discutir as perspectivas para a prorrogação da concessão de distribuição de energia elétrica no estado da Bahia.;
2464813.0;https://dadosabertos.camara.leg.br/api/v2/proposicoes/2464813;REQ;305.0;4338.0;2024;Requer a desapensação do Projeto de Lei n° 259, de 2023 do Projeto de Lei n° 4.593/2020, apensado ao Projeto de Lei nº 479, de 2015.;
;;;;;2025;;
2420171.0;https://dadosabertos.camara.leg.br/api/v2/proposicoes/2420171;DOC;1024.0;207.0;2024;;
2350186.0;https://dadosabertos.camara.leg.br/api/v2/proposicoes/2350186;INC;133.0;187.0;2023;Sugere a implantação da Patrulha Maria da Penha no município de Igarapé-Miri, no Estado do Pará.;
2446552.0;https://dadosabertos.camara.leg.br/api/v2/proposicoes/2446552;TVR;423.0;71.0;2024;Submete à apreciação do Congresso Nacional o ato constante do Decreto nº 12.072, de 25 de junho de 2024, que outorga concessão ao Município de João Pessoa para explorar, pelo prazo de quinze anos, sem direito de exclusividade, serviço de radiodifusão de sons e imagens em tecnologia digital, com fins exclusivamente educativos, no Município de João Pessoa, Estado da Paraíba.;
2451327.0;https://dadosabertos.camara.leg.br/api/v2/proposicoes/2451327;PL;139.0;3083.0;2024;Veda o recebimento de quaisquer auxílios, benefícios e programas sociais do Governo Federal aos condenados pela prática dos crimes previstos na Lei de Drogas (Lei nº 11.343, de 23 de agosto de 2006) e dá outras providências.;
2366040.0;https://dadosabertos.camara.leg.br/api/v2/proposicoes/2366040;REQ;294.0;173.0;2023;Requer que seja convidado o Sr. Gilberto Cattani, Deputado Estadual de Mato Grosso, para que seja ouvido por esta Comissão Parlamentar de Inquérito, a fim de enriquecer as discussões com sua experiência e conhecimento sobre a questão fundiária;
;;;;;2025;;
2347285.0;https://dadosabertos.camara.leg.br/api/v2/proposicoes/2347285;DOC;1026.0;92.0;2023;Reinstalação do Grupo Parlamentar de Amizade Brasil­ Moçambique;
2419884.0;https://dadosabertos.camara.leg.br/api/v2/proposicoes/2419884;REQ;294.0;2.0;2024;Requer a realização de Audiência Pública para discutir a implementação do piso salarial dos profissionais da educação.;
2347050.0;https://dadosabertos.camara.leg.br/api/v2/proposicoes/2347050;INC;133.0;21.0;2023;Indicação ao Excelentíssimo Senhor Presidente da República, para sugerir a criação, pelo Governo Federal, de um serviço voltado especificamente para o aprimoramento do atendimento Pré-Hospitalar às vítimas de acidentes de trânsito nas rodovias federais.;
;;;;;2025;;
;;;;;2025;;
2350267.0;https://dadosabertos.camara.leg.br/api/v2/proposicoes/2350267;RIC;148.0;400.0;2023;Solicita informações ao Excelentíssimo Ministro de Estado Chefe da Casa Civil da Presidência da República, Senhor Rui Costa dos Santos, sobre determinação do Supremo Tribunal Federal (STF) para  que a União transfira recursos ao Estado de Roraima relativos ao ressarcimento de metade dos gastos com a prestação de serviços públicos aos imigrantes oriundos da Venezuela,  constante da Ação Cível Originária (ACO) 3121.;
2364112.0;https://dadosabertos.camara.leg.br/api/v2/proposicoes/2364112;PL;139.0;2723.0;2023;Acresce o art. 41 A à Lei nº 8.078, de 11 de setembro de 1990 (Código de Defesa do Consumidor),  para dispor sobre prática abusiva em programas de fidelidade de empresas de transporte de passageiros, e dá outras providências.;
;;;;;2025;;
2410601.0;https://dadosabertos.camara.leg.br/api/v2/proposicoes/2410601;PDL;554.0;478.0;2023;Aprova o texto atualizado da Convenção Internacional sobre Padrões de Instrução, Certificação e Serviço de Quarto para Marítimos (STCW-1978), incluindo o Anexo e a Parte A do seu respectivo código, em conformidade com as “Emendas de Manila”, adotadas em 2010, no âmbito da Organização Marítima Internacional (OMI).;
2417278.0;https://dadosabertos.camara.leg.br/api/v2/proposicoes/2417278;REQ;441.0;170.0;2024;Requer Moção de Aplausos aos 80 anos de criação do Distrito de Vila Itoupava, localizado no Município de Blumenau/SC.;
2443967.0;https://dadosabertos.camara.leg.br/api/v2/proposicoes/2443967;INC;133.0;764.0;2024;Solicito a Exma. Sra. Ministra de Estado da Saúde o envio de recursos financeiros com o objetivo de implantar o Programa Academia da Saúde (PAS) no Bairro “Gramacho” no município de Duque de Caxias, estado do Rio de Janeiro.;
;;;;;2025;;" RICD)"";""Publicação de Proposição"";""604"";""Aguardando Designação de Relator(a)"";""907"";""Encaminhada à publicação. Publicação Inicial em avulso e no DCD 14/02/2025 PÁG 179."";""Proposição Sujeita à Apreciação Conclusiva pelas Comissões - Art. 24 II"";""https://www.camara.leg.br/proposicoesWeb/prop_mostrarintegra?codteor=2861490"""
2363577.0;https://dadosabertos.camara.leg.br/api/v2/proposicoes/2363577;EMC;130.0;63.0;2023;Dá nova redação à MPV 1164/2023;
2382619.0;https://dadosabertos.camara.leg.br/api/v2/proposicoes/2382619;PL;139.0;4114.0;2023;Altera a Lei nº 9.296, de 24 de julho de 1996, para dispor sobre a interceptação de comunicações telefônicas nos casos de investigação dos crimes hediondos e equiparados.;
2481152.0;https://dadosabertos.camara.leg.br/api/v2/proposicoes/2481152;MSC;401.0;1649.0;2024;Submete à apreciação do Congresso Nacional o ato constante da Portaria nº 11.093, de 16 de novembro de 2023, publicada no Diário Oficial da União de 24 de novembro de 2023, que transfere a permissão outorgada à TV Pioneira Ltda. (anteriormente denominada TV Pioneira de Mogi das Cruzes Ltda.), para a Rádio 91 FM Itaperuna Ltda., para executar, sem direito de exclusividade, serviço de radiodifusão sonora, em frequência modulada, no Município de Itaperuna, Estado do Rio de Janeiro.;
2426530.0;https://dadosabertos.camara.leg.br/api/v2/proposicoes/2426530;MSC;404.0;132.0;2024;Cancelamento da urgência pedida para o Projeto de Lei nº 493, de 2024, que “Revoga o benefício fiscal de que tratam os art. 7º a art. 10 da Lei nº 12.546, de 14 de dezembro de 2011, desonera parcialmente a contribuição previdenciária sobre a folha de pagamento e dá outras providências.”.;
2472081.0;https://dadosabertos.camara.leg.br/api/v2/proposicoes/2472081;RIC;148.0;4297.0;2024;Requer que sejam solicitadas informações ao Ministério da Saúde, acerca da solicitação de inclusão da Síndrome de Tourette (ST) nos Protocolos Clínicos e Diretrizes Terapêuticas do SUS.;
;;;;;2025;;
2480209.0;https://dadosabertos.camara.leg.br/api/v2/proposicoes/2480209;INC;133.0;2317.0;2024;Sugere ao Ministério das Cidades a adoção de políticas públicas específicas e investimentos para universalizar o saneamento básico em regiões cujos índices estão abaixo da média nacional, como no estado do Amazonas, com ênfase no município de Japurá.;
;;;;;2025;;
2348649.0;https://dadosabertos.camara.leg.br/api/v2/proposicoes/2348649;REQ;293.0;156.0;2023;Requer a realização de Sessão Solene no dia 17 de março de 2023, no Plenário desta Casa, em homenagem ao Dia Internacional do Contador de Histórias.;
2477073.0;https://dadosabertos.camara.leg.br/api/v2/proposicoes/2477073;INC;133.0;1976.0;2024;Sugere ao Ministério da Saúde a adoção de medidas emergenciais para mitigar o aumento dos casos de Síndrome Respiratória Aguda Grave (SRAG), no estado do Amazonas, em especial no município de Fonte Boa.;
2451792.0;https://dadosabertos.camara.leg.br/api/v2/proposicoes/2451792;REQ;523.0;238.0;2024;Requer a convocação do Excelentíssimo Ministro da Justiça e Segurança Pública, Dr. Ricardo Lewandowski,  para  prestar esclarecimentos sobre a falta de atuação da Força Nacional de Segurança, no que tange à proteção da propriedade privada e minimizar  os conflitos agrários causados por invasores.;
2437786.0;https://dadosabertos.camara.leg.br/api/v2/proposicoes/2437786;RIC;148.0;1487.0;2024;Requer do Excelentíssimo Ministro da Justiça e Segurança Pública, Senhor Ricardo Lewandowski, informações acerca da segurança nas escolas.;
;;;;;2025;;
2366231.0;https://dadosabertos.camara.leg.br/api/v2/proposicoes/2366231;REQ;313.0;1809.0;2023;Requer a inclusão de coautoria do Projeto de Lei nº 1.645, de 2023, que altera a Lei nº 9.394, de 20 de dezembro de 1996 (Lei de Diretrizes e Bases de Educação – LDB), para criar o Programa de Prevenção à Violência nas Escolas e dispor sobre medidas de segurança para alunos e funcionários das instituições de ensino.;
2366024.0;https://dadosabertos.camara.leg.br/api/v2/proposicoes/2366024;REQ;686.0;42.0;2023;Requer, ouvido o plenário dessa Comissão a realização de “Visita Técnica no Instituto Nacional de Câncer com o objetivo de discutir o PL 2952/2022 que “Institui a Política Nacional de Prevenção e Controle do Câncer no âmbito do Sistema Único de Saúde (SUS)”.;
2400585.0;https://dadosabertos.camara.leg.br/api/v2/proposicoes/2400585;REQ;354.0;3753.0;2023;Requer Moção de Louvor e Regozijo ao Sr. Marcos Sandro Lopes de Melo, Assessor Parlamentar da Câmara dos Deputados, pelos excelentes serviços prestados à Sociedade Carioca.;
2423066.0;https://dadosabertos.camara.leg.br/api/v2/proposicoes/2423066;PL;139.0;933.0;2024;Dispõe sobre a inclusão digital e acessibilidade na telemedicina e dá outras providências.;
2445340.0;https://dadosabertos.camara.leg.br/api/v2/proposicoes/2445340;TVR;1058.0;49.0;2024;Submete à apreciação do Congresso Nacional o ato constante da portaria nº 11.584 de 14 de dezembro de 2023, que renova a concessão outorgada à Rádio Cultura de Uberlândia Ltda. para explorar, pelo prazo de dez anos, sem direito de exclusividade, serviço de radiodifusão sonora em onda média, posteriormente adaptado para o serviço de radiodifusão sonora em frequência modulada no Município de Uberlândia, Estado de Minas Gerais.;
2474079.0;https://dadosabertos.camara.leg.br/api/v2/proposicoes/2474079;PDL;553.0;406.0;2024;Aprova o ato que renova a concessão outorgada à Rádio Princesa Ltda. para explorar serviço de radiodifusão sonora em onda média, posteriormente adaptado para o serviço de radiodifusão sonora em frequência modulada, no Município de Lages, Estado de Santa Catarina.;
2406369.0;https://dadosabertos.camara.leg.br/api/v2/proposicoes/2406369;DOC;1024.0;48.0;2023;;
;;;;;2025;;
2415274.0;https://dadosabertos.camara.leg.br/api/v2/proposicoes/2415274;REQ;354.0;4381.0;2023;Requer Moção de Louvor e Regozijo ao Sr. 2º Sargento PM Renato Pacheco Machado pelos excelentes serviços prestados à Sociedade Carioca e Fluminense.;
2404546.0;https://dadosabertos.camara.leg.br/api/v2/proposicoes/2404546;INC;133.0;1589.0;2023;Sugere a implantação de uma Unidade da Casa da Mulher Brasileira no município de Tucumã, no Estado do Pará.;
2467613.0;https://dadosabertos.camara.leg.br/api/v2/proposicoes/2467613;TVR;492.0;736.0;2024;Submete à apreciação do Congresso Nacional o mensagem do Senhor Presidente da República, na qual submete à apreciação do Congresso Nacional o ato constante da Portaria nº 13.104, de 6 de maio de 2024, publicada no Diário Oficial da União de 14 de maio de 2024, que outorga autorização  à Associação Rádio Comunitária Missão FM, para executar, pelo prazo de dez anos, sem direito de exclusividade, o serviço de radiodifusão COMUNITÁRIA, no Município de Itapicuru, Estado da Bahia.;
2362126.0;https://dadosabertos.camara.leg.br/api/v2/proposicoes/2362126;REQ;441.0;144.0;2023;Requer Moção de Aplauso e Louvor ao ex-deputado federal David Miranda, falecido em 09 de maio de 2023.;
2359241.0;https://dadosabertos.camara.leg.br/api/v2/proposicoes/2359241;INC;133.0;539.0;2023;Requer o envio de Indicação ao Poder Executivo, por meio do Ministério dos Transportes, com objetivo de sugerir a disponibilização do serviço on-line de emissão do cartão de estacionamento para pessoas com deficiência.;
2414513.0;https://dadosabertos.camara.leg.br/api/v2/proposicoes/2414513;ATA;810.0;16.0;2023;Ata 47;
2369377.0;https://dadosabertos.camara.leg.br/api/v2/proposicoes/2369377;REQ;1018.0;92.0;2023;Requeremos que seja convocado o Sr. Milton Maluhy Filho, Diretor Presidente do Itaú Unibanco, para prestar depoimento nesta Comissão Parlamentar de Inquérito com o objetivo de prestar esclarecimentos acerca da relação do banco com a Americanas S.A. e eventual responsabilidade na fraude perpetrada na empresa.;
2417834.0;https://dadosabertos.camara.leg.br/api/v2/proposicoes/2417834;ATA;810.0;26.0;2024;Ata 17ª Reunião CE 05/06/2023;
2417977.0;https://dadosabertos.camara.leg.br/api/v2/proposicoes/2417977;PL;139.0;288.0;2024;Altera a Lei nº 8.989, de 1995, para atualizar o limite do valor do veículo beneficiado com isenção do Imposto sobre Produtos Industrializados (IPI), quando adquirido por pessoas com deficiência.;
2458132.0;https://dadosabertos.camara.leg.br/api/v2/proposicoes/2458132;REQ;294.0;93.0;2024;Requer aditamento de convidados à audiência pública objeto do REQ 84/2024 CASP, a fim de subsidiar as discussões referentes à PEC 66/2023, que institui limite para o pagamento de precatórios pelos Municípios, abre novo prazo de parcelamento especial de débitos dos Municípios com seus regimes próprios de previdência social e com o Regime Geral de Previdência Social e dá outras providências.;
2353043.0;https://dadosabertos.camara.leg.br/api/v2/proposicoes/2353043;REQ;609.0;881.0;2023;Requer o registro, perante à Mesa da Câmara dos Deputados, da Frente Parlamentar de Apoio ao Empreendedorismo do Jovem Aprendiz.;
2365397.0;https://dadosabertos.camara.leg.br/api/v2/proposicoes/2365397;EMC;130.0;4.0;2023;Dá nova redação à MPV 1154/2023;
2375425.0;https://dadosabertos.camara.leg.br/api/v2/proposicoes/2375425;PL;139.0;3710.0;2023;Tipifica o crime de violência à gestante e violência obstétrica.;
2423381.0;https://dadosabertos.camara.leg.br/api/v2/proposicoes/2423381;REQ;523.0;50.0;2024;Solicita que seja convocado o Excelentíssimo Senhor Fernando Haddad, Ministro da Fazenda, para esclarecer o caso do contador de Lulinha que ganhou 250 vezes na loteria e trabalhou para o PCC.;
2350282.0;https://dadosabertos.camara.leg.br/api/v2/proposicoes/2350282;REQ;293.0;464.0;2023;Requer a realização de Sessão Solene em homenagem a Leonel de Moura Brizola, que completa 19 anos de falecimento em 21 de junho do decorrente ano.;
2371759.0;https://dadosabertos.camara.leg.br/api/v2/proposicoes/2371759;REQ;441.0;143.0;2023;Requer aprovação de moção de solidariedade à comunidade escolar da EMEI Monteiro Lobato, no bairro Higienópolis, em São Paulo/SP.;
2450118.0;https://dadosabertos.camara.leg.br/api/v2/proposicoes/2450118;RIC;148.0;2799.0;2024;Solicita informações ao Ministério dos Transportes acerca da disposição orçamentária e execução da recuperação do Porto (IP4) de Pauini no Estado do Amazonas.;
2416590.0;https://dadosabertos.camara.leg.br/api/v2/proposicoes/2416590;DOC;1003.0;1646.0;2023;Of. nº 761/2023/PS-GSE que comunica ao Senado Federal a restituição dos autógrafos do PLP 205/2023, sancionado.;
2470718.0;https://dadosabertos.camara.leg.br/api/v2/proposicoes/2470718;REQ;305.0;4570.0;2024;Requer a retirada de tramitação do Requerimento de Desapensação nº 4551/2024.;
2424991.0;https://dadosabertos.camara.leg.br/api/v2/proposicoes/2424991;REQ;392.0;1005.0;2024;Desobriga o advogado de pagar custas em execução de honorários.;
2440203.0;https://dadosabertos.camara.leg.br/api/v2/proposicoes/2440203;DOC;1024.0;667.0;2024;;
2433448.0;https://dadosabertos.camara.leg.br/api/v2/proposicoes/2433448;REQ;311.0;1610.0;2024;Requeremos a Vossa Excelência, a retirada do PRC 19 de 2024, apresentado a Mesa Diretora da Câmara dos Deputados.;
2423050.0;https://dadosabertos.camara.leg.br/api/v2/proposicoes/2423050;PDL;553.0;97.0;2024;Aprova o ato que renova a concessão outorgada à Rádio Centro-América LTDA, para explorar serviço de radiodifusão sonora em onda média, no Município de São José do Rio Preto, Estado de São Paulo.;
2383119.0;https://dadosabertos.camara.leg.br/api/v2/proposicoes/2383119;RIC;148.0;2202.0;2023;Solicita informações ao Ministro das Comunicações referente ao prazo para instalação e funcionamento do sinal 5G no município de São Domingos do Araguaia, no Estado do Pará.;
2465179.0;https://dadosabertos.camara.leg.br/api/v2/proposicoes/2465179;TVR;1058.0;652.0;2024;Submete à apreciação do Congresso Nacional o ato constante da Portaria nº 13.226, de 17 de maio de 2024, publicada no Diário Oficial da União de 3 de junho de 2024, que renova, a partir de 1º de novembro de 2023, a concessão outorgada anteriormente conferida à Rádio Difusora Boas Novas Ltda., para executar, pelo prazo de dez anos, sem direito de exclusividade, o serviço de radiodifusão sonora em onda média, posteriormente adaptado para o serviço de radiodifusão sonora em frequência modulada, no Município de Petrópolis, Estado do Rio de Janeiro.;
2389656.0;https://dadosabertos.camara.leg.br/api/v2/proposicoes/2389656;EMC;130.0;2.0;2023;"Dispõe sobre o processo e o julgamento das ações de controle concentrado de constitucionalidade perante o Supremo Tribunal Federal; e altera a Lei nº 13.105, de 16 de março de 2015 (Código de Processo Civil).";
2365549.0;https://dadosabertos.camara.leg.br/api/v2/proposicoes/2365549;EMC;130.0;149.0;2023;Dá nova redação à MPV 1154/2023;
2459373.0;https://dadosabertos.camara.leg.br/api/v2/proposicoes/2459373;RIC;148.0;3510.0;2024;Solicita informações ao Excelentíssimo Senhor Ministro da Fazenda, Fernando Haddad, sobre a criação de regime especial de tributação familiar do Imposto de Renda das Pessoas Físicas.;
2355193.0;https://dadosabertos.camara.leg.br/api/v2/proposicoes/2355193;INC;133.0;362.0;2023;Pede à Ministra do Meio Ambiente e Mudança do Clima para prorrogar prazo para aplicação de multas e embargos nas propriedades da região amazônica por parte do Instituto Brasileiro do Meio Ambiente e dos Recursos Naturais Renováveis (IBAMA).;
2347223.0;https://dadosabertos.camara.leg.br/api/v2/proposicoes/2347223;RIC;148.0;24.0;2023;Requer do Ministro do Trabalho e Emprego, Senhor Luiz Marinho, informações sobre a suspensão do Saque-aniversário do FGTS.;
2348671.0;https://dadosabertos.camara.leg.br/api/v2/proposicoes/2348671;PL;139.0;498.0;2023;Autoriza o Poder Executivo Federal a criar o Memorial da Democracia 08 de janeiro, e dá outras providências.;
2439182.0;https://dadosabertos.camara.leg.br/api/v2/proposicoes/2439182;REQ;354.0;2003.0;2024;Requer Moção de Louvor e Regozijo ao Sr. Capelão Diego Lima Ferreira da Silva, líder eclesiástico, pelos excelentes serviços prestados à Sociedade Carioca e Fluminense.;
;;;;;2025;;
2430320.0;https://dadosabertos.camara.leg.br/api/v2/proposicoes/2430320;RIC;148.0;1178.0;2024;Solicita informações à Senhora Ministra da Saúde, Nísia Teixeira, a respeito da alocação de recursos públicos para a cidade de Cabo Frio, no Estado do Rio de Janeiro.;
2458758.0;https://dadosabertos.camara.leg.br/api/v2/proposicoes/2458758;RIC;148.0;3461.0;2024;Solicita informações ao Excelentíssimo Ministro de Justiça e Segurança Pública, Ricardo Lewandowski, acerca da atuação da Força Nacional frente aos ataques aos povos indígenas, principalmente no que diz respeito à morte do jovem Guarani Kaiowá no dia 18/09/2024 na T.I. Nhanderu Marangatu.;
2480098.0;https://dadosabertos.camara.leg.br/api/v2/proposicoes/2480098;PL;139.0;4904.0;2024;Institui a Política Nacional de Prevenção e Combate aos Golpes Financeiros Praticados Contra Idosos.;
2419711.0;https://dadosabertos.camara.leg.br/api/v2/proposicoes/2419711;PL;139.0;617.0;2024;Dispõe sobre a prática de tiro desportivo por menor de idade.;
2456647.0;https://dadosabertos.camara.leg.br/api/v2/proposicoes/2456647;MSC;401.0;974.0;2024;Submete à apreciação do Congresso Nacional, acompanhado de Exposição de Motivos do Senhor Ministro de Estado das Comunicações, o ato constante da Portaria nº 11.932, de 11 de janeiro de 2024, publicada no Diário Oficial da União de 29 de janeiro de 2024, que renova, a partir de 28 de junho de 2014, a permissão outorgada anteriormente conferida à Rádio Bel Ltda., para executar, pelo prazo de dez anos, sem direito de exclusividade, o serviço de radiodifusão sonora em frequência modulada, no Município de Brumadinho, Estado de Minas Gerais.   - TVR 447/2024 - Portaria nº 11.932, de 11 de janeiro de 2024 - Rádio Bel Ltda,, no município de Brumadinho - MG.;
2465484.0;https://dadosabertos.camara.leg.br/api/v2/proposicoes/2465484;INC;133.0;1482.0;2024;Sugere ao Excelentíssimo Ministro da Justiça e Segurança Pública, Senhor Ricardo Lewandowski, a realização de parcerias com os demais entes federativos, com o objetivo de agilizar o procedimento de regularização fundiária de núcleos urbanos informais, assim como a desjudicialização e a regularização rural.;
2425218.0;https://dadosabertos.camara.leg.br/api/v2/proposicoes/2425218;REQ;867.0;1040.0;2024;Requer a inclusão na Ordem do Dia, do PLP nº 143/2020, que “altera a Lei Complementar nº 173, de 27 de maio de 2020, que estabelece o  Programa Federativo de Enfrentamento ao Coronavírus SARSCoV-2 (Covid-19), altera a Lei Complementar nº 101, de 4 de maio de 2000, e dá outras  providências, para ressalvar os servidores da educação pública das restrições contidas na lei.”;
2383093.0;https://dadosabertos.camara.leg.br/api/v2/proposicoes/2383093;RIC;148.0;2193.0;2023;Requer informações a respeito da disponibilidade e execução orçamentárias e da existência de projetos ou programas para a atenção à saúde mental dos Policiais Federais da PF, PRF e PPF .;
2369455.0;https://dadosabertos.camara.leg.br/api/v2/proposicoes/2369455;REQ;294.0;8.0;2023;Requer que seja convidado o sr. João Pedro Nascimento, presidente da Comissão de Valores Mobiliários (CVM), para prestar esclarecimentos acerca da regulamentação do mercado de criptomoedas e da atuação das entidades frente às recorrentes fraudes envolvendo criptoativos.;
2350063.0;https://dadosabertos.camara.leg.br/api/v2/proposicoes/2350063;REQ;311.0;408.0;2023;Requer arquivamento proposição em duplicidade.;
2455455.0;https://dadosabertos.camara.leg.br/api/v2/proposicoes/2455455;TVR;428.0;358.0;2024;Submete à apreciação do Congresso Nacional o ato constante da Portaria nº 10.676, de 4 de outubro de 2023, que renova, a partir de 30 de dezembro de 2014, a permissão outorgada à Rádio e Televisão Libertas Ltda, para executar, pelo prazo de dez anos, sem direito de exclusividade, serviço de radiodifusão sonora em frequência modulada, no Município de Jaboticatubas, Estado de Minas Gerais.;
2445803.0;https://dadosabertos.camara.leg.br/api/v2/proposicoes/2445803;PL;139.0;2719.0;2024;Institui a Carteira Nacional de Identificação da Pessoa com Epilepsia.;
2362846.0;https://dadosabertos.camara.leg.br/api/v2/proposicoes/2362846;PL;139.0;2627.0;2023;Inscreve o nome de Maria Ortiz no Livro dos Heróis e Heroínas da Pátria.;
2449403.0;https://dadosabertos.camara.leg.br/api/v2/proposicoes/2449403;DOC;1003.0;926.0;2024;Of. nº 360/2024/PS-GSE, que encaminha a Mensagem n. 30 de envio à sanção presidencial do  PL 858-2024.;
;;;;;2025;;
2392013.0;https://dadosabertos.camara.leg.br/api/v2/proposicoes/2392013;REQ;294.0;357.0;2023;Solicita-se que a Excelentíssima Senhora Nísia Trindade, Ministra da Saúde, seja convocada para prestar esclarecimentos sobre a contratação de uma empresa, com dispensa de licitação, para fornecer 90 mil frascos de imunoglobulina humana pelo valor de R$ 87 milhões, visto que ainda não foram recebidas quaisquer unidades do medicamento;
2351325.0;https://dadosabertos.camara.leg.br/api/v2/proposicoes/2351325;PL;139.0;1133.0;2023;Altera o Decreto-Lei nº 2.848, de 7 de dezembro de 1940 – Código Penal -, para agravar a pena de crime quando cometido durante saída temporária, liberdade condicional ou prisão domiciliar ou em situação de evadido do sistema prisional.;
2383205.0;https://dadosabertos.camara.leg.br/api/v2/proposicoes/2383205;DOC;1028.0;796.0;2023;Encaminha cópia de autógrafo  do Decreto Legislativo nº 80, de 2023 - PDL 409/2021 (Of 741/2023-SF).;
;;;;;2025;;
;;;;;2025;;
;;;;;2025;;
2351249.0;https://dadosabertos.camara.leg.br/api/v2/proposicoes/2351249;PL;139.0;1106.0;2023;Reconhece a Robótica como esporte de competição e de relevância educacional, na forma que especifica.;
2450104.0;https://dadosabertos.camara.leg.br/api/v2/proposicoes/2450104;RIC;148.0;2785.0;2024;Solicita informações ao Ministério dos Transportes acerca da disposição orçamentária e execução da recuperação do Porto (IP4) de Juruá no Estado do Amazonas.;
2423034.0;https://dadosabertos.camara.leg.br/api/v2/proposicoes/2423034;PDL;553.0;82.0;2024;Aprova o ato que renova a autorização outorgada à Associação de Amigos Moradores do Bairro Centro - AMICENTRO para executar, pelo prazo de dez anos, sem direito de exclusividade, serviço de radiodifusão comunitária no Município de Salto do Jacuí, Estado do Rio Grande do Sul.;
2374217.0;https://dadosabertos.camara.leg.br/api/v2/proposicoes/2374217;MSC;411.0;323.0;2023;Convenção Internacional sobre Padrões de Instrução, Certificação e Serviço de Quarto para Marítimos (STCW-1978), incluindo o Anexo e a Parte A do seu respectivo código, em conformidade com as “Emendas de Manila”, adotadas em 2010, no âmbito da Organização Marítima Internacional (IMO).;
2384785.0;https://dadosabertos.camara.leg.br/api/v2/proposicoes/2384785;ESB;258.0;1.0;2023;"COMISSÃO DE DEFESA DO CONSUMIDOR


SUBSTITUTIVO DO RELATOR AO PROJETO DE LEI Nº 2.982, DE 2021

Estabelece regras para as instituições financeiras para crimes de extorsão.

EMENDA MODIFICATIVA";
2404255.0;https://dadosabertos.camara.leg.br/api/v2/proposicoes/2404255;SOR;611.0;15.0;2023;Dep. Jandira Feghali - Apropriação (acréscimo) - Subfunção 303 (Suporte Profilático e Terapêutico) - Programa 5117 (Qualificação da Assistência Farmacêutica no Sistema Único de Saúde) - Ação 4368 (Promoção da Assistência Farmacêutica por Meio da Disponibilização de Medicamentos e Insumos em Saúde do Componente Estratégico) - Valor 255.000.000.;
;;;;;2025;;
2417726.0;https://dadosabertos.camara.leg.br/api/v2/proposicoes/2417726;RIC;148.0;131.0;2024;Requer informações ao Senhor Ministro da Casa Civil acerca das obras em andamento no âmbito do NOVO PAC – Eixo Minha Casa, Minha Vida -  no Estado do Rio de Janeiro.;
;;;;;2025;;
2418482.0;https://dadosabertos.camara.leg.br/api/v2/proposicoes/2418482;RIC;148.0;244.0;2024;"Solicita a Ministra da Cultura, Margareth Menezes, informações acerca da autorização de captação de, no mínimo, R$ 2,1 milhões pela escola de samba paulista ""Vai-Vai"" por meio da Lei Rouanet.";
2450596.0;https://dadosabertos.camara.leg.br/api/v2/proposicoes/2450596;TVR;1058.0;226.0;2024;Submete à apreciação do Congresso Nacional o ato constante da Portaria nº 7111, de 10 de outubro de 2022, que renova concessão outorgada à Rádio Clube de Mococa Ltda, para executar, pelo prazo de dez anos, sem direito de exclusividade, o serviço de radiodifusão sonora em onda média posteriormente adaptado para frequência modulada na cidade de Mococa, Estado de São Paulo.;
2422725.0;https://dadosabertos.camara.leg.br/api/v2/proposicoes/2422725;REQ;294.0;11.0;2024;Requerimento de audiência pública Segurança nas Ferrovias Federais - aditamento;
2449755.0;https://dadosabertos.camara.leg.br/api/v2/proposicoes/2449755;MSC;401.0;513.0;2024;Submete à apreciação do Congresso Nacional, acompanhado de Exposição de Motivos do Senhor Ministro de Estado das Comunicações, o ato constante da Portaria nº 1.090, de 7 de junho de 2017, publicada no Diário Oficial da União de 26 de junho de 2017, que renova, a partir de 18 de novembro de 2014, a autorização outorgada à Associação Comunitária Taperoaense, para executar, pelo prazo de dez anos, sem direito de exclusividade, o serviço de radiodifusão comunitária, no Município de Taperoá, Estado da Paraíba.   - TVR 135/2024 - Portaria nº 1.090, de 07 de junho de 2017 - Associação Comunitária Taperoaense, no município de Taperoá - PB.;
2434479.0;https://dadosabertos.camara.leg.br/api/v2/proposicoes/2434479;REQ;294.0;9.0;2024;Requer a realização de Audiência Pública para discutir a implantação do Veículo Leve sobre Trilhos (VLT) que ligará as cidades de Brasília e Luziânia, no estado de Goiás.;
2385006.0;https://dadosabertos.camara.leg.br/api/v2/proposicoes/2385006;RIC;148.0;2269.0;2023;Requer informações à Ministra do Planejamento e Orçamento, Sra. Simone Tebet, sobre o cronograma de divulgação dos resultados integrais e definitivos do Censo IBGE 2022.;
2403897.0;https://dadosabertos.camara.leg.br/api/v2/proposicoes/2403897;REQ;1017.0;504.0;2023;Requer informações à Casa da Moeda do Brasil sobre a impressão de pesos argentinos.;
2360689.0;https://dadosabertos.camara.leg.br/api/v2/proposicoes/2360689;RIC;148.0;1196.0;2023;Requer ao Ministro das Cidades, Sr. Jader Barbalho Filho, informações acerca do convênio nº 899773, com o município de Itacoatiara/AM, para recapeamento das ruas do município, no valor de R$960.019,00 (novecentos e sessenta mil e dezenove reais), que encontra-se em status de paralisado/inacabado pelo Painel Informativo de Acompanhamento de Obras Paralisadas do Tribunal de Contas da União.;
2443508.0;https://dadosabertos.camara.leg.br/api/v2/proposicoes/2443508;INC;133.0;731.0;2024;Sugere a Ministra de Estado da Saúde a inserção da micropigmentação paramédica como serviço assistencial complementar do Sistema Único de Saúde.;
2415024.0;https://dadosabertos.camara.leg.br/api/v2/proposicoes/2415024;PL;139.0;6101.0;2023;Acrescenta o inciso VI ao art. 134 da Lei nº 8.069, de 13 de julho de 1990, para conceder adicional de periculosidade ao membro do Conselho Tutelar.;
2458245.0;https://dadosabertos.camara.leg.br/api/v2/proposicoes/2458245;REQ;354.0;3715.0;2024;Requer Voto de Louvor e Regozijo a Sra. 1º SGT Norielem de jesus Martins pelos excelentes serviços prestados ao estado do Rio de Janeiro, junto ao CBMERJ.;
2444363.0;https://dadosabertos.camara.leg.br/api/v2/proposicoes/2444363;INC;133.0;992.0;2024;Solicito ao Exmo. Sr. Ministro de Estado da Educação o envio de recursos federais destinados à construção e aparelhamento de uma creche no Bairro “Bosque Jambalaia” no município de Magé, estado do Rio de Janeiro.;
2444210.0;https://dadosabertos.camara.leg.br/api/v2/proposicoes/2444210;MSC;401.0;369.0;2024;Submete à apreciação do Congresso Nacional, acompanhado de Exposição de Motivos do Senhor Ministro de Estado das Comunicações, o ato constante da Portaria nº 10.726, de 11 de outubro de 2023, publicada no Diário Oficial da União de 27 de outubro de 2023, que renova, a partir de 6 de julho de 2017, a permissão outorgada ao O Diário Rádio e Televisão Ltda., para executar, pelo prazo de dez anos, sem direito de exclusividade, serviço de radiodifusão sonora em frequência modulada, no Município de Sertãozinho, Estado de São Paulo.   - TVR 37/2024 - Portaria nº 10.726, de 11 de outubro de 2023 - O Diário Rádio e Televisão Ltda., no município de Sertãozinho - SP.;
2381124.0;https://dadosabertos.camara.leg.br/api/v2/proposicoes/2381124;INC;133.0;1178.0;2023;Sugere ao Ministério de Ciência, Tecnologia e Inovação, a revisão da Portaria 9.835/22, que regulamenta os investimentos da Lei de Informática 8.387/91;
;;;;;2025;;
2349369.0;https://dadosabertos.camara.leg.br/api/v2/proposicoes/2349369;REQ;293.0;279.0;2023;Requer a realização de Sessão Solene no dia 17 de março de 2023, no Plenário desta Casa, em homenagem ao Dia Internacional do Contador de Histórias.;
2458557.0;https://dadosabertos.camara.leg.br/api/v2/proposicoes/2458557;INC;133.0;1211.0;2024;Sugere ao Ministério da Fazenda e ao Banco Central do Brasil – BCB que seja feita a transferência compulsória, via Pix, de valores esquecidos para conta de seus titulares pelo Banco Central do Brasil, e dá outras providências.;
2463455.0;https://dadosabertos.camara.leg.br/api/v2/proposicoes/2463455;RIC;148.0;3796.0;2024;Solicita informações ao Ministro da Defesa, acerca da pista de pouso e decolagem, e bem como o cronograma das obras, do aeroporto do município de Apuí, no Estado do Amazonas.;
2464709.0;https://dadosabertos.camara.leg.br/api/v2/proposicoes/2464709;RIC;148.0;4015.0;2024;Requer informações ao Exmo. Sr. Ministro de Estado do Desenvolvimento e Assistência Social, Família e Combate à Fome sobre os programas de segurança alimentar e distribuição de alimentos em regiões de vulnerabilidade social, com foco no estado do Rio de Janeiro.;
2427934.0;https://dadosabertos.camara.leg.br/api/v2/proposicoes/2427934;EMC;130.0;12.0;2024;Dá nova redação à MPV 1202/2023;
2441084.0;https://dadosabertos.camara.leg.br/api/v2/proposicoes/2441084;REQ;523.0;97.0;2024;Requer a convocação do Excelentíssimo Senhor Ministro da Casa Civil, Sr. Rui Costa, para prestar esclarecimentos sobre a demissão do Secretário de Políticas Agrícolas do Ministério da Agricultura, Neri Geller, os critérios de seleção e qualificação das empresas participantes no leilão, as razões que levaram à anulação do leilão de arroz pela Conab, as medidas adotadas para prevenir futuros conflitos de interesse.;
2457935.0;https://dadosabertos.camara.leg.br/api/v2/proposicoes/2457935;REQ;354.0;3615.0;2024;Requer Voto de Louvor e Regozijo ao Sr. Subtenente Ivanildo da Silva pelos excelentes serviços prestados ao estado do Rio de Janeiro, junto ao CBMERJ.;
2402911.0;https://dadosabertos.camara.leg.br/api/v2/proposicoes/2402911;SLD;612.0;30.0;2023;Renovação da frota do SAMU.;
2418116.0;https://dadosabertos.camara.leg.br/api/v2/proposicoes/2418116;INC;133.0;60.0;2024;Sugere ao Ministério a elaboração e distribuição de uma cartilha informativa sobre o Transtorno do Espectro Autista (TEA) na rede educacional Brasileira.;
;;;;;2025;;
;;;;;2025;;
2474995.0;https://dadosabertos.camara.leg.br/api/v2/proposicoes/2474995;SOR;611.0;86.0;2024;SOR 86/2024 - Dep. Dorinaldo Malafaia - Apropriação (inclusão) - Subfunção 305 (Vigilância Epidemiológica) - Programa 5123 (Vigilância em Saúde e Ambiente) - Ação 20YJ (Fortalecimento do Sistema Nacional de Vigilância em Saúde e Ambiente) - Valor 100.000.000;
;;;;;2025;;
2481062.0;https://dadosabertos.camara.leg.br/api/v2/proposicoes/2481062;RIC;148.0;4674.0;2024;Solicita a Excelentíssima Sra. Ministra dos Direitos Humanos e da Cidadania, informações do Requerimento de Anistia (Francisco Fausto Matto Grosso).;
2443312.0;https://dadosabertos.camara.leg.br/api/v2/proposicoes/2443312;PL;139.0;2568.0;2024;Altera o art. 1º da Lei nº 8.072, de 25 de julho de 1990, para inserir os crimes cometidos com violência doméstica e familiar contra mulher no rol de delitos hediondos.;
2394668.0;https://dadosabertos.camara.leg.br/api/v2/proposicoes/2394668;ESB;258.0;6.0;2023;EMENDA MODIFICATIVA AO PL 1354/2021;
2428075.0;https://dadosabertos.camara.leg.br/api/v2/proposicoes/2428075;EMC;130.0;151.0;2024;Dá nova redação à MPV 1202/2023;
2353206.0;https://dadosabertos.camara.leg.br/api/v2/proposicoes/2353206;EMC;130.0;67.0;2023;Dá nova redação à MPV 1153/2022;
2346875.0;https://dadosabertos.camara.leg.br/api/v2/proposicoes/2346875;PDL;561.0;11.0;2023;Ratifica o Decreto nº 2.100 de 1996, que denuncia a Convenção da OIT nº 158, nos termos do art. 49, I da Constituição Federal.;
2428291.0;https://dadosabertos.camara.leg.br/api/v2/proposicoes/2428291;PDL;553.0;175.0;2024;Aprova o ato que renova a autorização outorgada à Associação Comunitária Um Novo Amanhã para executar, pelo prazo de dez anos, sem direito de exclusividade, serviço de radiodifusão comunitária no Município de Natal, Estado do Rio Grande do Norte.;
2388454.0;https://dadosabertos.camara.leg.br/api/v2/proposicoes/2388454;REQ;305.0;3103.0;2023;Requer o desapensamento do Projeto de Lei nº 3.304, de 2023 do Projeto de Lei nº 4.347, de 2019.;
;;;;;2025;;
;;;;;2025;;
2444331.0;https://dadosabertos.camara.leg.br/api/v2/proposicoes/2444331;INC;133.0;964.0;2024;Solicito a Exma. Sra. Ministra de Estado da Saúde o envio de recursos financeiros com o objetivo de construir e equipar um Posto de Saúde da Família (PSF) no Bairro “Nova Flexeiras” no município de Magé, estado do Rio de Janeiro.;
2369239.0;https://dadosabertos.camara.leg.br/api/v2/proposicoes/2369239;OF;181.0;15.0;2023;Convida o Sr. Leonardo Coelho Pereira, Diretor-presidente da Americanas S.A, para participar de Audiência Pública no dia 13 de junho de 2023.;
2383287.0;https://dadosabertos.camara.leg.br/api/v2/proposicoes/2383287;PL;139.0;4173.0;2023;"Dispõe sobre a tributação da renda auferida por pessoas físicas residentes no País em aplicações financeiras, entidades controladas e trusts no exterior.  NOVA EMENTA: Dispõe sobre a tributação de aplicações em fundos de investimento no País e da renda auferida por pessoas físicas residentes no País em aplicações financeiras, entidades controladas e trusts no exterior; altera as Leis nºs 11.033, de 21 de dezembro de 2004, 8.668, de 25 de junho de 1993, e 10.406, de 10 de janeiro de 2002 (Código Civil); revoga dispositivos das Leis nºs  4.728, de 14 de julho de 1965, 9.250, de 26 de dezembro de 1995, 9.532, de 10 de dezembro de 1997, 10.426, de 24 de abril de 2002, e 10.892, de 13 de julho de 2004, do Decreto-Lei nº 2.287, de 23 de julho de 1986, e das Medidas Provisórias nºs 2.189-49, de 23 de agosto de 2001, e 2.158-35, de 24 de agosto de 2001; e dá outras providências.";
2463564.0;https://dadosabertos.camara.leg.br/api/v2/proposicoes/2463564;INC;133.0;1390.0;2024;Sugere a implementação de Núcleo de Atenção à Criança e Adolescente com Transtorno do Espectro Autista (TEA) no Município de Piçarra, no Estado do Pará.;
2424552.0;https://dadosabertos.camara.leg.br/api/v2/proposicoes/2424552;PL;139.0;1080.0;2024;Altera o art. 1º da Lei nº 10.820, de 17 de dezembro de 2003, que dispõe sobre a autorização para desconto de prestações em folha de pagamento, para incluir as entidades abertas ou fechadas de previdência complementar entre as instituições consignatárias de empréstimos, financiamentos, cartões de crédito e operações de arrendamento mercantil aos empregados regidos pela Consolidação das Leis do Trabalho - CLT, aprovada pelo Decreto-Lei nº 5.452, de 1º de maio de 1943.;
2444361.0;https://dadosabertos.camara.leg.br/api/v2/proposicoes/2444361;INC;133.0;990.0;2024;Solicito ao Exmo. Sr. Ministro de Estado da Educação o envio de recursos federais destinados à construção e aparelhamento de uma escola de educação ensino fundamental e médio no Bairro “Jardim Esmeralda”, localizado no município de Magé, estado do Rio de Janeiro.;
2424613.0;https://dadosabertos.camara.leg.br/api/v2/proposicoes/2424613;INC;133.0;245.0;2024;Sugere ao Ministro da Previdência Social para inserir mais exames e atualizar o acesso de pessoas com TEA nos atendimentos do INSS, aprimorando os métodos de diagnósticos.;
2455181.0;https://dadosabertos.camara.leg.br/api/v2/proposicoes/2455181;MSC;401.0;919.0;2024;Submete à apreciação do Congresso Nacional, acompanhado de Exposição de Motivos do Senhor Ministro de Estado das Comunicações, o ato constante da Portaria nº 11.059, de 13 de novembro de 2023, publicada no Diário Oficial da União de 14 de dezembro de 2023, que renova, a partir de 11 de junho de 2016, a permissão outorgada à Mega Empresa de Comunicações Ltda., para executar, pelo prazo de dez anos, sem direito de exclusividade, o serviço de radiodifusão sonora em frequência modulada, no Município de Ribeirão Preto, Estado de São Paulo.   - TVR 404/2024 - Portaria nº 11.059, de 13 de novembro de 2023 - Mega Empresa de Comunicações Ltda,, no município de Ribeirão Preto - SP.;
2403024.0;https://dadosabertos.camara.leg.br/api/v2/proposicoes/2403024;REQ;392.0;3911.0;2023;Requer regime de urgência para apreciação do PL nº 3753, de 2023.;
2425964.0;https://dadosabertos.camara.leg.br/api/v2/proposicoes/2425964;REQ;354.0;1130.0;2024;Requer Moção de Louvor e Regozijo ao Sr. Pastor Luis Alfredo de Souza Pires, líder eclesiástico, pelos excelentes serviços prestados à Sociedade Carioca e Fluminense.;
2406907.0;https://dadosabertos.camara.leg.br/api/v2/proposicoes/2406907;PL;139.0;5732.0;2023;Dispõe sobre medidas para incentivar profissionais de saúde a participarem de ações de educação continuada e reciclagem com ênfase em doenças raras na atenção primária à saúde.;
2439296.0;https://dadosabertos.camara.leg.br/api/v2/proposicoes/2439296;REQ;294.0;192.0;2024;Requer, nos termos regimentais, a inclusão da associação de policiais militares na lista de convidados do Requerimento nº 87/2024, apresentado pela Deputada Delegada Adriana Accorsi (PT/GO), para debater em Audiência Pública a PEC 57/2023, que altera os artigos 40 e 144 da Constituição Federal, para dispor sobre as Polícias Municipais.;
2382819.0;https://dadosabertos.camara.leg.br/api/v2/proposicoes/2382819;DOC;1003.0;786.0;2023;Of. nº 209/2023/PS-GSE, , que encaminha ao Senado Federal o processado do PL 3038/2021, em revisão.;
2439427.0;https://dadosabertos.camara.leg.br/api/v2/proposicoes/2439427;REQ;354.0;2116.0;2024;Requer Moção de Louvor e Regozijo ao Sr. Capelão Paulo Mudesto Filho, autoridade eclesiástica, pelos excelentes serviços prestados ao Estado do Rio de Janeiro.;
2372951.0;https://dadosabertos.camara.leg.br/api/v2/proposicoes/2372951;INC;133.0;1014.0;2023;Sugere a implantação de plano de ações educacionais para prevenção e combate a violência escolar e subsidiar a atuação dos sistemas de ensino federal, estaduais, distrital e municipais.;
2428546.0;https://dadosabertos.camara.leg.br/api/v2/proposicoes/2428546;INC;133.0;318.0;2024;Sugere à Ministra da Saúde que estude a viabilidade da edição de norma regulamentadora que permita a devida operacionalização da Política Nacional de Atenção Integral em Reprodução Humana Assistida, por meio da previsão de fontes específicas de recursos, fluxos de referenciamento, critérios para a distribuição geográfica dos serviços de saúde que realizam esses procedimentos, entre outras determinações, bem como avalie a possibilidade de participação complementar da iniciativa privada na oferta de serviços de reprodução humana assistida a pacientes com câncer que desejam preservar a sua fertilidade, diante da insuficiência de disponibilidade de cobertura assistencial adequada dos serviços públicos disponíveis.;
2444005.0;https://dadosabertos.camara.leg.br/api/v2/proposicoes/2444005;INC;133.0;786.0;2024;Solicito ao Exmo. Sr. Ministro de Estado da Educação o envio de recursos federais destinados à construção e aparelhamento de uma escola de educação ensino fundamental e médio no Bairro “Parada Morabi”, localizado no município de Duque de Caxias, estado do Rio de Janeiro.;
2391387.0;https://dadosabertos.camara.leg.br/api/v2/proposicoes/2391387;PL;139.0;4704.0;2023;Dispõe sobre a ação de responsabilidade civil contra o administrador de sociedade anônima, sobre a ação de reparação de danos contra acionistas controladores e auditores independentes de sociedade anônima, sobre a divulgação de fatos relevantes, sobre a devolução de bônus e vantagens condicionadas a desempenho da companhia na ocorrência de erros ou fraudes que reduziram esse desempenho e sobre a alteração do prazo de prescrição das ações que especifica, e dá outras providências.;
2355146.0;https://dadosabertos.camara.leg.br/api/v2/proposicoes/2355146;REQ;448.0;2.0;2023;Requer realização de diligência para averiguar a situação dos Centros de Acolhida para População em Situação de Rua na cidade de São Paulo.;
2380273.0;https://dadosabertos.camara.leg.br/api/v2/proposicoes/2380273;REQ;354.0;2595.0;2023;Requer Moção de Louvor e Regozijo ao Sr. Capitão PM Lauro Moura Catarino, pelos excelentes serviços prestados à Sociedade Carioca e Fluminense.;
2356153.0;https://dadosabertos.camara.leg.br/api/v2/proposicoes/2356153;DOC;1028.0;248.0;2023;Comunica remessa de autógrafo do Decreto Legislativo 14/2023 - PDC 1122/2018 (Of 174/2023 SF).;
2387377.0;https://dadosabertos.camara.leg.br/api/v2/proposicoes/2387377;PL;139.0;4447.0;2023;Altera o Decreto-Lei nº 2.848, de 7 de dezembro de 1940, que institui o Código Penal, para acrescentar ao rol de crimes o Crime de Ameaça e Agressão contra o trabalhador em horário no exercício do labor.;
2362134.0;https://dadosabertos.camara.leg.br/api/v2/proposicoes/2362134;PROC;720.0;178.0;2023;Requer a instalação do Grupo Parlamentar de Amizade Brasil–Dinamarca criado pelo Projeto de Resolução Nº 45/2019, para o exercício no decorrer da 57ª Legislatura.;
2424859.0;https://dadosabertos.camara.leg.br/api/v2/proposicoes/2424859;REQ;441.0;982.0;2024;"Requer Moção de Louvor e Regozijo ao Sr. Apóstolo Marcos Moreira, líder eclesiástico, pelos excelentes serviços prestados à Sociedade Carioca e Fluminense.
.";
2361617.0;https://dadosabertos.camara.leg.br/api/v2/proposicoes/2361617;RIC;148.0;1349.0;2023;Requer ao Ministro de Estado de Educação, Sr. Camilo Santana, informações acerca da contratação de obra para a construção de Quadra Escolar Coberta 002/2013, no município de Lábrea/AM, proveniente de recursos federais, com identificação de origem nº 1007195, estimada no valor de R$ 403.605,54 (quatrocentos e três mil e seiscentos e cinco reais e cinquenta e quatro centavos), que encontra-se em status de paralisada/inacabada pelo Painel Informativo de Acompanhamento de Obras Paralisadas do Tribunal de Contas da União.;
2480990.0;https://dadosabertos.camara.leg.br/api/v2/proposicoes/2480990;PL;139.0;4961.0;2024;Autoriza Municípios, Estados e o Distrito Federal a instituírem fundos de garantia por tempo de serviço para servidores públicos estaduais e distritais e dá outras providências.;
2419879.0;https://dadosabertos.camara.leg.br/api/v2/proposicoes/2419879;REQ;294.0;3.0;2024;Requer a realização de audiência pública com o presidente do IBGE Márcio Pochmann e o dr. Simon Schwartzman para debater sobre os indicadores econômicos aferidos pela referida instituição.;
2415232.0;https://dadosabertos.camara.leg.br/api/v2/proposicoes/2415232;REQ;354.0;4367.0;2023;Requer Moção de Louvor e Regozijo ao Sr. 1º Sargento PM Gerson José Alves Júnior pelos excelentes serviços prestados à Sociedade Carioca e Fluminense.;
2350892.0;https://dadosabertos.camara.leg.br/api/v2/proposicoes/2350892;PL;139.0;1040.0;2023;Altera a Consolidação das Leis do Trabalho e a Lei nº 8.213, de 24 de julho de 1991, para dispor sobre a prorrogação do período da licença-maternidade e do salário maternidade por 60 (sessenta) dias em razão de nascimento ou adoção de criança com deficiência.;
2480415.0;https://dadosabertos.camara.leg.br/api/v2/proposicoes/2480415;REL;292.0;2.0;2024;Relatório de Atividades 2024.;
2382173.0;https://dadosabertos.camara.leg.br/api/v2/proposicoes/2382173;REQ;318.0;2747.0;2023;Requer inclusão na Ordem do dia da PEC 206/2012 “Que acrescenta §§ 7º e 8º ao art. 220 da Constituição Federal, para dispor sobre a profissão de jornalista”.;
2401281.0;https://dadosabertos.camara.leg.br/api/v2/proposicoes/2401281;INC;133.0;1483.0;2023;Sugere ao Poder Executivo – Ministério da Saúde – a adoção de medidas destinadas a regularizar a dispensação das insulinas análogas de ação prolongada no âmbito do Sistema Único de Saúde.;
2365943.0;https://dadosabertos.camara.leg.br/api/v2/proposicoes/2365943;REQ;686.0;118.0;2023;Requer a realização do XX Seminário LGBTQIA+ do Congresso Nacional, in memoriam de David Miranda.;
2451176.0;https://dadosabertos.camara.leg.br/api/v2/proposicoes/2451176;REQ;441.0;77.0;2024;Requer seja consignado a Moção de Louvor a atleta Lorrane dos Santos Oliveira pelo desempenho e conquistas nos Jogos Olímpicos de Paris 2024.;
2450728.0;https://dadosabertos.camara.leg.br/api/v2/proposicoes/2450728;MSC;401.0;688.0;2024;Submete à apreciação do Congresso Nacional, acompanhado de Exposição de Motivos do Senhor Ministro de Estado das Comunicações, o ato constante da Portaria nº 12.148, de 8 de fevereiro de 2024, publicada no Diário Oficial da União de 29 de fevereiro de 2024, que renova, a partir de 5 de junho de 2018, a permissão outorgada anteriormente conferida à Rádio Sudoeste FM Ltda., para executar, pelo prazo de dez anos, sem direito de exclusividade, o serviço de radiodifusão sonora em frequência modulada, no Município de Rio Verde, Estado de Goiás.   - TVR 276/2024 - Portaria nº 12148, de 08 de fevereiro de 2024 - Rádio Sudoeste FM Ltda, no município de Rio Verde - GO.;
2371976.0;https://dadosabertos.camara.leg.br/api/v2/proposicoes/2371976;REQ;523.0;64.0;2023;Requer a convocação do Ministro de Estado das Relações Exteriores, Mauro Vieira, a fim de prestar esclarecimentos sobre a recepção de ditadores comunistas em solo brasileiro, por ocasião do 26º Foro de São Paulo.;
2355878.0;https://dadosabertos.camara.leg.br/api/v2/proposicoes/2355878;PL;139.0;1824.0;2023;Acrescenta o §5º, §6º e §7º ao artigo 54 da Lei nº 8.078, de 11 de setembro de 1990, dispondo sobre a obrigatoriedade de implantação do ‘botão de cancelamento’ de contratos de adesão.;
2469748.0;https://dadosabertos.camara.leg.br/api/v2/proposicoes/2469748;MSC;401.0;1403.0;2024;Submete à apreciação do Congresso Nacional o ato constante da Portaria nº 13.600, de 18 de junho de 2024, publicada no Diário Oficial da União de 1º de julho de 2024, que renova, a partir de 13 de março de 2017, a permissão outorgada anteriormente conferida à Asa Branca Radiodifusão S/A, para executar, pelo prazo de dez anos, sem direito de exclusividade, o serviço de radiodifusão sonora em frequência modulada, na localidade de Brasília, Distrito Federal.;
2367730.0;https://dadosabertos.camara.leg.br/api/v2/proposicoes/2367730;INC;133.0;774.0;2023;Sugere a implantação da Patrulha Maria da Penha no município de Igarapé-Açu, no Estado do Pará.;
2449418.0;https://dadosabertos.camara.leg.br/api/v2/proposicoes/2449418;RIC;148.0;2382.0;2024;Solicita informações à Ministra da Saúde, que providências o Ministério tem tomado acerca da estiagem no Estado do Amazonas, no Município de Silves, no Estado do Amazonas.;
2397834.0;https://dadosabertos.camara.leg.br/api/v2/proposicoes/2397834;REQ;318.0;3611.0;2023;Requer a inclusão na Ordem do Dia do Plenário para votação imediata do PLP 108/2021.;
2420027.0;https://dadosabertos.camara.leg.br/api/v2/proposicoes/2420027;ATA;810.0;6.0;2024;Ata006GilsonDaniel;
2455504.0;https://dadosabertos.camara.leg.br/api/v2/proposicoes/2455504;REQ;294.0;212.0;2024;Requer a realização de audiência pública para realizar balanço do Pacto pela Retomada de Obras pelo Fundo Nacional de Desenvolvimento da Educação (FNDE);
2454353.0;https://dadosabertos.camara.leg.br/api/v2/proposicoes/2454353;REQ;294.0;83.0;2024;Requer a realização de Audiência Pública para debater o tema “Os (as) servidores (as) públicos (as) e a corrosão do direito à aposentadoria: o fim da integralidade, da paridade e a cobrança de contribuição previdenciária aos (às) aposentados (as) e pensionistas”.;
2480591.0;https://dadosabertos.camara.leg.br/api/v2/proposicoes/2480591;PL;139.0;4928.0;2024;Altera o Decreto-Lei nº 3.689, de 3 de outubro de 1941 – Código de Processo Penal, para tornar inafiançável o crime de Altera o Decreto-Lei nº 3.689, de 3 de outubro de 1941 – Código de Processo Penal, para tornar inafiançável o crime de lesões corporais praticado em situação de violência doméstica e familiar contra a mulher.;
2456305.0;https://dadosabertos.camara.leg.br/api/v2/proposicoes/2456305;RIC;148.0;3334.0;2024;Requeiro a V. Exª, com base no art. 50 da Constituição Federal, e na forma dos arts. 115 e 116 do Regimento Interno que, ouvida a Mesa, sejam solicitadas informações ao Ministro de Estado da Fazenda da estimativa de impacto orçamentário e financeiro decorrente da aprovação do Projeto de Lei nº 4.234/2008, de autoria do Deputado Sandes Júnior, que “Dispõe sobre a criação do Programa Nacional de Prevenção e Combate ao Câncer de Pele, da Semana Nacional de Prevenção e Combate ao Câncer de Pele, da obrigatoriedade de distribuição gratuita de protetor solar, pelo Sistema Único de Saúde - SUS, e dá outras providências”, bem como dos respectivos apensados (Apensados: PL nº 4.381/2008, PL nº 7.337/2010, PL nº 7.523/2010 e PL nº 3.001/2011) e do Substitutivo da Comissão de Seguridade Social e Família.;
2450413.0;https://dadosabertos.camara.leg.br/api/v2/proposicoes/2450413;MSC;412.0;622.0;2024;"Comunica, o Excelentíssimo Senhor Presidente da República,  a sanção o projeto de lei que “Acrescenta § 5º ao art. 29 da Lei nº 12.651, de 25 de maio de 2012 (Código Florestal), para autorizar a apresentação do Cadastro Ambiental Rural (CAR) para fins de apuração da área tributável de imóvel rural; e revoga o § 1º do art. 17-O da Lei nº 6.938, de 31 de agosto de 1981, para retirar o caráter obrigatório da utilização do Ato Declaratório Ambiental (ADA) para efeito de redução do valor a pagar do Imposto sobre a Propriedade Territorial Rural (ITR).”; e restitui, para o arquivo do Congresso Nacional, autógrafo do texto ora convertido na Lei nº 14.932, de 23 de julho de 2024.";
2422814.0;https://dadosabertos.camara.leg.br/api/v2/proposicoes/2422814;REQ;311.0;813.0;2024;Requer a retirada de tramitação do Projeto de Lei nº 114/2024.;
2387995.0;https://dadosabertos.camara.leg.br/api/v2/proposicoes/2387995;PL;139.0;4485.0;2023;Cria qualificadora no crime de homicídio na hipótese de ter sido cometido em instituição de ensino, aumenta a pena dos crimes de assédio sexual, registro não autorizado da intimidade sexual e de divulgação de cena de estupro ou de cena de estupro de vulnerável, de cena de sexo ou de pornografia, e estabelece causa de aumento de pena para esse último quando dele resultar o suicídio ou a tentativa de suicídio da vítima.;
2418538.0;https://dadosabertos.camara.leg.br/api/v2/proposicoes/2418538;EMC;130.0;1.0;2024;Dá nova redação à MPV 1188/2023;
2452022.0;https://dadosabertos.camara.leg.br/api/v2/proposicoes/2452022;INC;133.0;1120.0;2024;Sugere ao Ministério da Ciência, Tecnologia e Inovação a intensificação dos estudos e do monitoramento da qualidade do ar, bem como o desenvolvimento de tecnologias para prever e mitigar os efeitos da fumaça tóxica, com foco na proteção do meio ambiente e da saúde pública.;
;;;;;2025;;
2348702.0;https://dadosabertos.camara.leg.br/api/v2/proposicoes/2348702;RIC;148.0;77.0;2023;Solicita ao Ministro da Secretaria de Comunicação Social, Paulo Pimenta, informações a respeito do encontro do Presidente Luiz Inácio Lula da Silva e da Primeira-dama Rosângela da Silva, com influenciadores digitais e celebridades no dia 08 de fevereiro de 2023.;
2382144.0;https://dadosabertos.camara.leg.br/api/v2/proposicoes/2382144;REQ;354.0;2738.0;2023;Requer Moção de Louvor e Regozijo ao Exmo. Sr. SUB TEN BM ROBERTO PIRES DE CARVALHO, devido tornar-se destaque por sua destreza, bravura e profissionalismo aos excelentes serviços prestados como Bombeiro Militar do Estado do Rio de Janeiro;
2439015.0;https://dadosabertos.camara.leg.br/api/v2/proposicoes/2439015;REQ;354.0;1976.0;2024;Requer Moção de Louvor e Regozijo ao Sra. Capelã Catita dos Santos Souza, autoridade eclesiástica, pelos excelentes serviços prestados ao Estado do Rio de Janeiro.;
;;;;;2025;;
2479961.0;https://dadosabertos.camara.leg.br/api/v2/proposicoes/2479961;INC;133.0;2113.0;2024;Sugere ao Ministério dos Portos e Aeroportos a destinação de investimentos e a formulação de políticas para a construção, readequação e modernização de portos, considerando as necessidades locais e climáticas, em regiões com infraestrutura logística mais limitada, como no estado do Amazonas, com ênfase no município de Urucará.;
2355081.0;https://dadosabertos.camara.leg.br/api/v2/proposicoes/2355081;REQ;294.0;11.0;2023;“Requer a realização de Audiência Pública para debater os recentes atos de extrema violência ocorridos em escolas e creches no Brasil”.;
2474156.0;https://dadosabertos.camara.leg.br/api/v2/proposicoes/2474156;SOR;611.0;19.0;2024;"Requer ampliação para o Plano Setorial para os Recursos do Mar (PSRM). (UO: 52133; Programa: 6113; Ação: 2E97; Subtítulo:  Operação do Sistema de Gerenciamento da Amazônia Azul (SisGAAz) - Nacional; INC-APR; Valor: 40.000.000).";
2349158.0;https://dadosabertos.camara.leg.br/api/v2/proposicoes/2349158;RIC;148.0;206.0;2023;Solicita informações ao Ministro da Educação, acerca do Programa de Internet nas Escolas no Município de Silves, no Estado do Amazonas.;
2373377.0;https://dadosabertos.camara.leg.br/api/v2/proposicoes/2373377;REQ;294.0;245.0;2023;Requer que seja convidado o Senhor José Perdiz de Jesus, Presidente do Superior Tribunal de Justiça Desportiva do Futebol – STJD, órgão responsável pelo julgamento dos atletas envolvidos no esquema de manipulação de resultados em partidas de futebol.;
2480229.0;https://dadosabertos.camara.leg.br/api/v2/proposicoes/2480229;INC;133.0;2337.0;2024;Sugere ao Ministério da Justiça e Segurança Pública a implementação de políticas urgentes para combater a violência no Amazonas, com foco na redução das taxas de homicídios e outros crimes, especialmente no município de Iranduba.;
2379032.0;https://dadosabertos.camara.leg.br/api/v2/proposicoes/2379032;PL;139.0;3904.0;2023;Institui a Política Nacional de Agroecologia e Produção Orgânica.;
2459507.0;https://dadosabertos.camara.leg.br/api/v2/proposicoes/2459507;REQ;304.0;4036.0;2024;Requer a apensação da Proposta de Emenda à Constituição nº 6 de 2024 à Proposta de Emenda à Constituição nº 555 de 2006.;
2371922.0;https://dadosabertos.camara.leg.br/api/v2/proposicoes/2371922;OF;181.0;18.0;2023;Solicita informações ao Twitter (Req. 09/2023).;
2416926.0;https://dadosabertos.camara.leg.br/api/v2/proposicoes/2416926;REQ;359.0;24.0;2024;Requer a criação de Comissão Temporária para analisar a PEC 6/2021 – “Inclui, na Constituição Federal, o acesso à água potável entre os direitos e garantias fundamentais. ”;
2394013.0;https://dadosabertos.camara.leg.br/api/v2/proposicoes/2394013;ESB;258.0;3.0;2023;Altera a Lei nº 12.965, de 23 de abril de 2014, com a finalidade de estimular a pluralidade e a diversidade de notícias, assegurar medidas de proteção ao jornalismo nacional e o tratamento não discriminatório das empresas de jornalismo legalmente instituídas no país.;
2479054.0;https://dadosabertos.camara.leg.br/api/v2/proposicoes/2479054;PLP;140.0;226.0;2024;Altera a Lei Complementar nº 182, de 1º de junho de 2021, para ampliar o valor da receita bruta para empresas enquadradas como startups.;
2428553.0;https://dadosabertos.camara.leg.br/api/v2/proposicoes/2428553;RIC;148.0;1095.0;2024;Solicita informações ao Sr. Ministro dos Direitos Humanos e da Cidadania, Sr. Silvio Almeida, sobre a Portaria nº 267, de 9 de abril de 2024.;
2473420.0;https://dadosabertos.camara.leg.br/api/v2/proposicoes/2473420;MSC;401.0;1509.0;2024;Submete à apreciação do Congresso Nacional o ato constante da Portaria nº 13.596, de 18 de junho de 2024, publicada no Diário Oficial da União de 1º de julho de 2024, que renova, a partir de 21 de dezembro de 2019, a permissão outorgada anteriormente conferida à Autarquia Universidade do Sudoeste, para executar, pelo prazo de dez anos, o serviço de radiodifusão sonora, em frequência modulada, com fins exclusivamente educativos, no Município de Vitória da Conquista, Estado da Bahia.;
2457818.0;https://dadosabertos.camara.leg.br/api/v2/proposicoes/2457818;REQ;354.0;3586.0;2024;Requer aprovação de Voto de Regozijo e Louvor à Sra. CB. GEOVANA CURBANI MORONARI, pertencente ao efetivo do Corpo de Bombeiros Militar do Estado do Espírito Santo, em reconhecimento aos valorosos serviços prestados aos municípios da região sul capixaba, diante das fortes chuvas que atingiram a região no final do mês de março do presente ano.;
2466102.0;https://dadosabertos.camara.leg.br/api/v2/proposicoes/2466102;PL;139.0;4186.0;2024;Altera a Lei nº 9.504, de 30 de setembro de 1997, que estabelece normas para as eleições, e a Lei nº 14.601, de 19 de junho de 2023, que institui o Programa Bolsa Família, para vedar a utilização dos valores recebidos por beneficiários do Programa Bolsa Família e demais integrantes de seu núcleo familiar em doações para campanhas eleitorais.;
2470981.0;https://dadosabertos.camara.leg.br/api/v2/proposicoes/2470981;RIC;148.0;4227.0;2024;Requer informações do Ministério da Fazenda sobre a execução do acordo firmado entre o Governo Federal e o Banco Mundial, em 2002, referente à destinação de recursos para projetos na Amazônia.;
2376522.0;https://dadosabertos.camara.leg.br/api/v2/proposicoes/2376522;PDL;553.0;231.0;2023;Aprova o ato que renova a autorização outorgada à Associação Comunitária da Rádio Alternativa FM para executar, pelo prazo de dez anos, sem direito de exclusividade, serviço de radiodifusão comunitária no Município de Barra do Corda, Estado do Maranhão.;
2376007.0;https://dadosabertos.camara.leg.br/api/v2/proposicoes/2376007;PL;139.0;3755.0;2023;“Institui o Programa Turismo Cívico”;
2414754.0;https://dadosabertos.camara.leg.br/api/v2/proposicoes/2414754;PDL;553.0;525.0;2023;Aprova o ato que autoriza a Associação Comunitária e Educativa de José Bonifácio a executar, pelo prazo de dez anos, sem direito de exclusividade, serviço de radiodifusão comunitária no Município de José Bonifácio, Estado de São Paulo.;
2349418.0;https://dadosabertos.camara.leg.br/api/v2/proposicoes/2349418;INC;133.0;117.0;2023;Sugere a construção da Ponte Binacional Brasil-Bolívia, no Estado de Rondônia, e a adequação e manutenção da rodovia BR-425, no Estado de Rondônia.;
2359856.0;https://dadosabertos.camara.leg.br/api/v2/proposicoes/2359856;REQ;294.0;79.0;2023;Reitero e retifico a fundamentação da solicitação feita no Requerimento nº 24/2023 protocolado no dia 27 de março de 2023 na Comissão de Direitos Humanos, Minorias e Igualdade Racial da Câmara dos Deputados, que seja deliberado com urgência à designação de membros dessa citada Comissão para uma visita de inspeção nas Penitenciárias Estaduais do Distrito Federal: Penitenciária Feminina – Colmeia (PFDF) e Complexo Penitenciário da Papuda.;
2442502.0;https://dadosabertos.camara.leg.br/api/v2/proposicoes/2442502;PL;139.0;4715.0;2023;Altera a Lei nº 7.565, de 19 de dezembro de 1986 (Código Brasileiro de Aeronáutica), para permitir o transporte aéreo doméstico, com origem ou destino na Amazônia Legal, por empresas estrangeiras.;
2348751.0;https://dadosabertos.camara.leg.br/api/v2/proposicoes/2348751;PL;139.0;505.0;2023;Dispõe sobre a exigência de autorização do Congresso Nacional para a realização de operações de crédito à exportação pelo Banco Nacional de Desenvolvimento Econômico e Social – BNDES e para a concessão de garantia, pela União, da cobertura dos riscos comerciais, políticos ou extraordinários advindos das referidas operações financeiras.;
;;;;;2025;;
2443196.0;https://dadosabertos.camara.leg.br/api/v2/proposicoes/2443196;RIC;148.0;1946.0;2024;Requer informações ao Ministério do Trabalho e Emprego acerca das subnotificações de trabalho infantil no estado do Amazonas.;
2481862.0;https://dadosabertos.camara.leg.br/api/v2/proposicoes/2481862;DOC;1028.0;1772.0;2024;Comunica remessa à sanção do PL 4614/2024 (Of 1599/2024-SF).;
2465105.0;https://dadosabertos.camara.leg.br/api/v2/proposicoes/2465105;PL;139.0;4114.0;2024;Altera a Lei 9.615 de 24 de março de 1998, inserindo § 5o ao art. 6º para determinar o impedimento do contingenciamento das receitas que constituem recursos do Ministério do Esporte oriundas de exploração de loterias.;
;;;;;2025;;
;;;;;2025;;
2393682.0;https://dadosabertos.camara.leg.br/api/v2/proposicoes/2393682;OF;181.0;590.0;2023;Convoca o Sr. Renan Bastos para depoimento;
2415746.0;https://dadosabertos.camara.leg.br/api/v2/proposicoes/2415746;RIC;148.0;3233.0;2023;Requer que sejam solicitadas informações ao Sr. Ministro de Agricultura e Pecuária, referente a política de recuperação do arroba do boi gordo e os planos para a renegociação das dívidas.;
2474400.0;https://dadosabertos.camara.leg.br/api/v2/proposicoes/2474400;SLD;612.0;25.0;2024;SLD 23/2024 - Dep. Tadeu Oliveira (texto) - Cadastro CNES/CNEAS;
2433471.0;https://dadosabertos.camara.leg.br/api/v2/proposicoes/2433471;RPDR;889.0;4.0;2024;Requerimento Procedimental Genérico - PL 8889/2017;
2377577.0;https://dadosabertos.camara.leg.br/api/v2/proposicoes/2377577;REQ;294.0;250.0;2023;Requer a realização de Audiência Pública para discutir o combate ao crime organizado no tráfico e comércio ilegal da Arara-azul-de-lear, espécie endêmica do Brasil ameaçada de extinção.;
2380423.0;https://dadosabertos.camara.leg.br/api/v2/proposicoes/2380423;DOC;1003.0;718.0;2023;Of. nº 201/2023/PS-GSE, que encaminha ao Senado Federal o processado do PL 4029/2021, em revisão.;
;;;;;2025;;
2371645.0;https://dadosabertos.camara.leg.br/api/v2/proposicoes/2371645;REQ;294.0;53.0;2023;Requer que seja convidado o senhor Carlos Manuel Baigorri, Presidente da Agência Nacional de Telecomunicações (ANATEL) a fim de que preste esclarecimentos acerca da atuação da mencionada agência reguladora no combate e prevenção às fraudes com investimentos em criptomoedas.;
2367257.0;https://dadosabertos.camara.leg.br/api/v2/proposicoes/2367257;EMC;130.0;141.0;2023;Dá nova redação à MPV 1162/2023;
2432440.0;https://dadosabertos.camara.leg.br/api/v2/proposicoes/2432440;DOC;1028.0;296.0;2024;Comunica restituição do autógrafo do PL 5011/2016, sancionado (Of 332/2024-SF).;
;;;;;2025;;
2411875.0;https://dadosabertos.camara.leg.br/api/v2/proposicoes/2411875;REQ;448.0;216.0;2023;Requer autorização de despesa para a impressão de cartilhas e materiais temáticos produzidos pela CDHMIR.;
2363616.0;https://dadosabertos.camara.leg.br/api/v2/proposicoes/2363616;EMC;130.0;99.0;2023;Dá nova redação à MPV 1164/2023;
;;;;;2025;;
2417365.0;https://dadosabertos.camara.leg.br/api/v2/proposicoes/2417365;PL;139.0;178.0;2024;Altera o Decreto-Lei nº 2.848, de 7 de dezembro de 1940, para aumentar as penas dos crimes contra o patrimônio de furto e de roubo.;
2459542.0;https://dadosabertos.camara.leg.br/api/v2/proposicoes/2459542;TVR;428.0;539.0;2024;Submete à apreciação do Congresso Nacional o ato constante da Portaria nº 12.761, de 28 de março de 2024, que renova a permissão outorgada à  Rádio Comunicação FM Stéreo Ltda, para executar, pelo prazo de dez anos, sem direito de exclusividade, serviço de radiodifusão sonora em frequência modulada, no Município de Bauru, Estado de São Paulo.;
2362440.0;https://dadosabertos.camara.leg.br/api/v2/proposicoes/2362440;INC;133.0;640.0;2023;Sugere a implantação de uma Unidade da Casa da Mulher Brasileira no município de Ananindeua, no Estado do Pará.;
2472873.0;https://dadosabertos.camara.leg.br/api/v2/proposicoes/2472873;PL;139.0;4575.0;2024;Altera a Lei nº 7.713, de 22 de dezembro de 1988, para tornar isentos do imposto de renda os rendimentos do trabalho e os proventos de aposentadoria ou reforma percebidos por portadores de mieloma múltiplo.;
2381019.0;https://dadosabertos.camara.leg.br/api/v2/proposicoes/2381019;RIC;148.0;2154.0;2023;Solicita informações ao Ministro das Comunicações referente ao prazo para instalação e funcionamento do sinal 5G no município de Porto de Moz, no Estado do Pará.;
2373912.0;https://dadosabertos.camara.leg.br/api/v2/proposicoes/2373912;REQ;313.0;2253.0;2023;Requer inclusão, como coautores do PL 2797/2023, os deputados e deputadas signatários deste requerimento.;
2370604.0;https://dadosabertos.camara.leg.br/api/v2/proposicoes/2370604;REQ;354.0;2045.0;2023;Requer Moção de Louvor e Regozijo a Exma. Sra. CEL BM SIMONE, devido tornar-se destaque por sua destreza, bravura e profissionalismo aos excelentes serviços prestados como Bombeiro Militar do Estado do Rio de Janeiro.;
2399395.0;https://dadosabertos.camara.leg.br/api/v2/proposicoes/2399395;PL;139.0;5192.0;2023;Cria o dia nacional dos sistemas de franquia.;
2350139.0;https://dadosabertos.camara.leg.br/api/v2/proposicoes/2350139;PL;139.0;886.0;2023;Altera a Lei nº 9.503, de 25 de setembro de 1997, Código de Trânsito Brasileiro, para isentar o proprietário de veículo removido em vias sob circunscrição da União dos custos dos serviços de remoção, depósito e guarda.;
2371446.0;https://dadosabertos.camara.leg.br/api/v2/proposicoes/2371446;REQ;1018.0;46.0;2023;Requer que sejam convocados, na forma de investigados, os fundadores da empresa Atlas Quantum, Rodrigo Marques dos Santos e Fabrício Spiazzi Sanfelice Cutis, para prestar esclarecimentos perante esta Comissão Parlamentar de Inquérito .;
2441087.0;https://dadosabertos.camara.leg.br/api/v2/proposicoes/2441087;EMC;130.0;1.0;2024;Acrescenta novo § 4º ao art. 52 da Lei nº 8.078, de 11 de setembro de 1990, que dispõe sobre a proteção do consumidor e dá outras providências, para permitir a alteração, por parte do consumidor, da data de vencimento de contrato de crédito por ele celebrado. EMENDA MODIFICATIVA Dê-se ao artigo 2º do Projeto a seguinte redação:;
;;;;;2025;;
2469950.0;https://dadosabertos.camara.leg.br/api/v2/proposicoes/2469950;REQ;356.0;4549.0;2024;Solicita que seja convocado o Excelentíssimo Ministro das Relações Exteriores, Sr. Mauro Vieira, para prestar esclarecimentos sobre as implicações diplomáticas diante de episódios controversos envolvendo as ofensas da primeira-dama a Elon Musk, integrante anunciado do futuro governo do presidente eleito dos Estados Unidos, Donald Trump.;
2457342.0;https://dadosabertos.camara.leg.br/api/v2/proposicoes/2457342;INC;133.0;1196.0;2024;Sugere ao Poder Executivo a efetivação de pesquisas quanto à desnutrição de pessoas idosas para o desenvolvimento de novas políticas públicas.;
2376470.0;https://dadosabertos.camara.leg.br/api/v2/proposicoes/2376470;RIC;148.0;2013.0;2023;Solicita informações ao Ministro das Comunicações referente ao prazo para instalação e funcionamento do sinal 5G no município de Gurupá, no Estado do Pará.;
2444028.0;https://dadosabertos.camara.leg.br/api/v2/proposicoes/2444028;REQ;354.0;2426.0;2024;Requer Moção de Louvor e Regozijo ao Sr. 3º SGT PM Robson Aparecido Ribeiro dos Santos  pelos excelentes serviços prestados ao Estado do Rio de Janeiro.;
2390641.0;https://dadosabertos.camara.leg.br/api/v2/proposicoes/2390641;REQ;441.0;3308.0;2023;Requer moção de Aplausos ao Grupo Datora, como reconhecimento pela criação e implementação do Instituto Escola Conectada.;
2473425.0;https://dadosabertos.camara.leg.br/api/v2/proposicoes/2473425;TVR;428.0;817.0;2024;Submete à apreciação do Congresso Nacional o ato constante da Portaria nº 13.315, de 23 de maio de 2024, publicada no Diário Oficial da União de 6 de junho de 2024, que renova, a partir de 6 de dezembro de 2024, a permissão outorgada anteriormente conferida à Rádio 102 de Pinhalzinho Ltda., para executar, pelo prazo de dez anos, sem direito de exclusividade, o serviço de radiodifusão sonora em frequência modulada, no Município de Pinhalzinho, Estado de Santa Catarina.;
;;;;;2025;;
2467298.0;https://dadosabertos.camara.leg.br/api/v2/proposicoes/2467298;PLP;140.0;182.0;2024;Prorroga o prazo para que empreendedores individuais possam quitar suas dívidas.;
2447269.0;https://dadosabertos.camara.leg.br/api/v2/proposicoes/2447269;REQ;441.0;64.0;2024;Requer moção de louvor em apoio a mobilização da categoria profissional dos dubladores pela regulamentação do uso de Inteligência Artificial neste setor cultural.;
2421293.0;https://dadosabertos.camara.leg.br/api/v2/proposicoes/2421293;RIC;148.0;555.0;2024;Requer informações adicionais à Ministra de Estado da Saúde, Sra. Nísia Trindade, sobre o processo de inclusão de vacinas no Plano Nacional de Imunização (PNI), tendo em vista a resposta da pasta ao Requerimento de Informação nº 2738/2023 e fatos supervenientes ao envio do referido requerimento.;
2449030.0;https://dadosabertos.camara.leg.br/api/v2/proposicoes/2449030;RIC;148.0;2244.0;2024;Requer ao Exmo. Sr. Ministro da Justiça e Segurança Pública, por meio do Departamento de Proteção e Defesa do Consumidor (DPDC), a disponibilização de informações detalhadas sobre as ações destinadas a garantir os direitos dos consumidores, incluindo a fiscalização de práticas comerciais e publicitárias das empresas de alimentos processados.;
2398561.0;https://dadosabertos.camara.leg.br/api/v2/proposicoes/2398561;REQ;313.0;3641.0;2023;"Requeiro a Vossa Excelência, nos termos regimentais, a inclusão da minha assinatura como coautor dos seguintes projetos: PL 6220/2019 – “Altera a Lei nº 13.146, de 2015, para prever o transporte gratuito para crianças com deficiência e doenças raras inscritas no Cadastro Único para Programas Sociais do Governo Federal, como forma de assegurar o direito à saúde” e; PL 1179/2022 – “Altera a Lei nº 9.656, de 3 de junho de 1998, que dispõe sobre a saúde suplementar, para garantir a cobertura de tratamentos de doenças raras pelos planos privados de assistência à saúde, ambos de autoria da Deputada Maria Rosas (REPUBLIC/SP).”";
;;;;;2025;;
2416766.0;https://dadosabertos.camara.leg.br/api/v2/proposicoes/2416766;DOC;1028.0;1704.0;2023;Encaminha cópia do autógrafo do Decreto Legislativo nº 142, de 2023, promulgado - PDL 170/2019 (Of 1382/2023-SF).;
2356582.0;https://dadosabertos.camara.leg.br/api/v2/proposicoes/2356582;REQ;294.0;22.0;2023;Requer a realização de Reunião para discussão da proposta de Concessão do SAAE de Governador Valadares - MG;
;;;;;2025;;
2353006.0;https://dadosabertos.camara.leg.br/api/v2/proposicoes/2353006;RIC;148.0;538.0;2023;Requer seja encaminhado ao Ministério da Educação, informações sobre o Fundo de Financiamento ao Estudante do Ensino Superior – FIES, no Município de Duque de Caxias e no Estado do Rio de Janeiro.;
2473490.0;https://dadosabertos.camara.leg.br/api/v2/proposicoes/2473490;RIC;148.0;4377.0;2024;Requer informações ao Ministério dos Povos Indígenas acerca do quantitativo no ano de 2024, da população indígena que reside no município de Maués.;
2389611.0;https://dadosabertos.camara.leg.br/api/v2/proposicoes/2389611;REQ;441.0;240.0;2023;Requer a aprovação de MOÇÃO DE REPÚDIO contra a fala do vereador Eúde Lucas, no plenário da Câmara de Jucás, no estado do Ceará.;
;;;;;2025;;
2382669.0;https://dadosabertos.camara.leg.br/api/v2/proposicoes/2382669;PL;139.0;4131.0;2023;Institui a Política Nacional para o Sistema Integrado de Informações de Violência Obstétrica e dá outras providências.;
;;;;;2025;;
2447056.0;https://dadosabertos.camara.leg.br/api/v2/proposicoes/2447056;REQ;356.0;2514.0;2024;Solicita que seja convocado o Excelentíssimo ministro da Secretaria de Comunicação da Presidência, Laércio Portela Delgado, para prestar esclarecimentos sobre a megalicitação de R$ 197 milhões realizada em abril pela Secom para gestão das redes sociais do governo Lula.;
2402514.0;https://dadosabertos.camara.leg.br/api/v2/proposicoes/2402514;SLD;612.0;3.0;2023;"Requer a Inclusão de Meta - Desenvolvimento de Políticas de Segurança Pública, Prevenção e Enfrentamento à Criminalidade (Prog: 5116; Ação: 21BM; Ação Apoiada: 1411; Meta: 50).  (Dep. Delegado Paulo Bilynskyj)";
2454721.0;https://dadosabertos.camara.leg.br/api/v2/proposicoes/2454721;REQ;354.0;3256.0;2024;Requer Moção de Louvor e Regozijo ao Sr. 3º SGT PM Fábio Pessanha Nascimento pelos excelentes serviços prestados ao Estado do Rio de Janeiro.;
2351735.0;https://dadosabertos.camara.leg.br/api/v2/proposicoes/2351735;PL;139.0;1207.0;2023;Institui o Fundo do Passe Livre Estudantil Nacional (Passe Livre Estudantil Nacional - PLEN).;
2423693.0;https://dadosabertos.camara.leg.br/api/v2/proposicoes/2423693;PL;139.0;993.0;2024;Institui a Política Nacional de Enfrentamento à Exploração Sexual de Crianças e Adolescentes e de Atenção às Vítimas e dá outras providências.;
2442919.0;https://dadosabertos.camara.leg.br/api/v2/proposicoes/2442919;REQ;294.0;104.0;2024;Requer a realização de audiência pública nesta Comissão por ocasião do Dia Nacional do Ecumenismo (dia 21 de outubro), para debater a relação entre a educação pública brasileira e o ecumenismo.;
2425272.0;https://dadosabertos.camara.leg.br/api/v2/proposicoes/2425272;RIC;148.0;909.0;2024;Requer informações ao Excelentíssimo Senhor Ministro da Casa Civil, Sr. Rui Costa, sobre os contratos estabelecidos entre o Governo Brasileiro e a empresa Starlink, liderada pelo empresário Elon Musk, para a prestação de serviços de internet via satélite em diversas regiões do país, inclusive em áreas remotas e escolas.;
2399568.0;https://dadosabertos.camara.leg.br/api/v2/proposicoes/2399568;ATA;810.0;11.0;2023;Ata da 47ª Reunião de Audiência Pública da CPD - 17/10/23;
2406525.0;https://dadosabertos.camara.leg.br/api/v2/proposicoes/2406525;RIC;148.0;2871.0;2023;Requer informações ao Ministério do Meio Ambiente e Mudança do Clima a respeito dos investimentos realizados em Itapiranga, no Estado do Amazonas, em razão da estiagem severa que atingiu a região, bem como dos planos para a aplicação do ‘Fundo Amazônia’ no município, para combate à seca e controle de queimadas.;
2353742.0;https://dadosabertos.camara.leg.br/api/v2/proposicoes/2353742;REQ;294.0;6.0;2023;Solicita realização de Audiência Pública, em conjunto com a Comissão de Defesa dos Direitos da Mulher, para discussão do tema: “Desafios e luta por direitos das mulheres na carreira científica”.;
2408569.0;https://dadosabertos.camara.leg.br/api/v2/proposicoes/2408569;REQ;294.0;537.0;2023;Requer a convocação do Exmo. Sr. Ministro de Transportes perante a Comissão de Fiscalização Financeira e Controle (CFFC) para esclarecimentos sobre o processo de implementação da política de transporte coletivo rodoviário interestadual de passageiros que está sendo conduzido pela Agência Nacional de Transportes Terrestres - ANTT.;
2381220.0;https://dadosabertos.camara.leg.br/api/v2/proposicoes/2381220;REQ;1018.0;364.0;2023;Solicita que seja convocado o senhor Edtânio Oliveira, Superintendente do Incra em Mato Grosso, para apresentar esclarecimentos sobre gestão das áreas públicas no estado no Mato Grosso, bem como quanto às entregas de títulos e outros assuntos relacionados à pasta.;
2427390.0;https://dadosabertos.camara.leg.br/api/v2/proposicoes/2427390;RIC;148.0;1012.0;2024;Requer informações ao Ministério de Integração e do Desenvolvimento Regional a respeito da falta de políticas preventivas contra desastres climáticos nos municípios do Amazonas, e demais providências.;
2426627.0;https://dadosabertos.camara.leg.br/api/v2/proposicoes/2426627;DOC;1028.0;226.0;2024;Comunica remessa à sanção do PL 5011/2016 (Of 173/2024-SF).;
2368300.0;https://dadosabertos.camara.leg.br/api/v2/proposicoes/2368300;RIC;148.0;1636.0;2023;Requer informações à Ministra da Saúde, Sra. Nísia Verônica Trindade Lima, acerca dos critérios utilizados para a seleção de beneficiários de recursos classificados com o Identificador de Resultado Primário 2 – RP 2.;
2442743.0;https://dadosabertos.camara.leg.br/api/v2/proposicoes/2442743;DOC;1028.0;687.0;2024;Comunica restituição de autógrafo do PL 9543/2018, sancionado (Of 571/2024-SF).;
2463493.0;https://dadosabertos.camara.leg.br/api/v2/proposicoes/2463493;PL;139.0;4023.0;2024;Altera a Lei 7.210/84 (Lei de Execuções Penais) para prever a hipótese de remição por leitura e dá outras providências.;
2449546.0;https://dadosabertos.camara.leg.br/api/v2/proposicoes/2449546;RIC;148.0;2495.0;2024;Requer informações ao Ministério da Agricultura e Pecuária acerca das respostas fornecidas por meio do OFÍCIO Nº 726/2023/GAB-GM/MAPA, referente à execução das obras para para a pavimentação asfáltica na estrada do Japó, no município do Juruá/AM, considerando a necessidade de maiores esclarecimentos.;
2450841.0;https://dadosabertos.camara.leg.br/api/v2/proposicoes/2450841;REQ;354.0;2789.0;2024;Requer Moção de Louvor e Regozijo ao Investigador de Polícia Maciel Eduardo da Silva Junior pelos excelentes serviços prestados ao Estado do Rio de Janeiro.;
2348364.0;https://dadosabertos.camara.leg.br/api/v2/proposicoes/2348364;REQ;304.0;133.0;2023;Requer, com base nos termos regimentais, o apensamento do PL 1827/2019 ao PL 5278/2009, por tratarem de matérias correlatas.;
2399396.0;https://dadosabertos.camara.leg.br/api/v2/proposicoes/2399396;REQ;392.0;3683.0;2023;Requeiro a Vossa Excelência, nos termos do art. 155 do Regimento Interno da Câmara dos Deputados, urgência para apreciação imediata do Projeto de Lei n. 4287, de 2023, que “Dispõe sobre a autorregularização incentivada de tributos administrados pela Secretaria Especial da Receita Federal do Brasil”.;
2437240.0;https://dadosabertos.camara.leg.br/api/v2/proposicoes/2437240;REQ;311.0;1831.0;2024;Requer a retirada de tramitação do PL 1921/2024.;
2471278.0;https://dadosabertos.camara.leg.br/api/v2/proposicoes/2471278;REQ;318.0;4599.0;2024;Requer a inclusão na Ordem do Dia da Medida Provisória n. 1.247, de 2024.;
2383809.0;https://dadosabertos.camara.leg.br/api/v2/proposicoes/2383809;OF;181.0;168.0;2023;Requer quebra de sigilo fiscal nos termos que especifica.;
2444401.0;https://dadosabertos.camara.leg.br/api/v2/proposicoes/2444401;INC;133.0;1028.0;2024;Solicito ao Exmo. Sr. Ministro de Estado da Educação o envio de recursos federais destinados à construção e aparelhamento de uma creche no Bairro “Figueira” no município de Magé, estado do Rio de Janeiro.;
2383182.0;https://dadosabertos.camara.leg.br/api/v2/proposicoes/2383182;REQ;441.0;62.0;2023;Requer Moção de Solidariedade às candidatas aprovadas no concurso público de admissão ao curso de formação de praças da Polícia Militar do Distrito Federal – Edital 42/DGP que não tiveram suas redações corrigidas.;
2380992.0;https://dadosabertos.camara.leg.br/api/v2/proposicoes/2380992;REQ;354.0;2674.0;2023;Requer Voto de Aplauso por objetivo prestigiar o aniversário de 486 anos da cidade do Recife, comemorado no dia 12 de março do corrente ano.;
2423012.0;https://dadosabertos.camara.leg.br/api/v2/proposicoes/2423012;PDL;553.0;60.0;2024;Aprova o ato que autoriza a Associação de Apoio Aos Deficientes de Pacajus a executar, pelo prazo de dez anos, sem direito de exclusividade, serviço de radiodifusão comunitária no Município de Pacajus, Estado do Ceará.;
2471329.0;https://dadosabertos.camara.leg.br/api/v2/proposicoes/2471329;DOC;1033.0;1557.0;2024;Comunica o término de prazo  para edição de Decreto Legislativo - MPV 1245/2024, em 21 de novembro de 2024 (Of. n.º 339/2024/CN).;
2432965.0;https://dadosabertos.camara.leg.br/api/v2/proposicoes/2432965;PL;139.0;1767.0;2024;Altera o art. 92 do Código Penal para incluir entre os efeitos da condenação a inabilitação para o exercício de atividade empresarial, quando a empresa for utilizada como meio para a prática de crime de estelionato.;
2398002.0;https://dadosabertos.camara.leg.br/api/v2/proposicoes/2398002;PL;139.0;5094.0;2023;Estabelece a integração dos conteúdos de educação financeira nos currículos da educação básica.;
2438953.0;https://dadosabertos.camara.leg.br/api/v2/proposicoes/2438953;RIC;148.0;1584.0;2024;Requer informações ao Ministério dos Transportes acerca da disposição orçamentária e execução da recuperação do Porto (IP4) de Careiro da Várzea/AM.;
;;;;;2025;;
2478421.0;https://dadosabertos.camara.leg.br/api/v2/proposicoes/2478421;PL;139.0;4819.0;2024;Estabelece incentivos para a mobilidade urbana sustentável por meio de subsídios e financiamentos destinados à ampliação de ciclovias, transporte público elétrico e sistemas de caronas compartilhadas, e dá outras providências.;
2434777.0;https://dadosabertos.camara.leg.br/api/v2/proposicoes/2434777;REQ;294.0;47.0;2024;Solicita realização de Audiência Pública para debater o caso recente envolvendo a IBM, empresa de tecnologia de renome internacional, e a alegação de discriminação na seleção de emprego contra trabalhadores de Minas Gerais.;
2422793.0;https://dadosabertos.camara.leg.br/api/v2/proposicoes/2422793;RIC;148.0;632.0;2024;Requer ao Ministério da Saúde informações sobre conteúdo publicitário divulgado por aquele órgão em rede social;
2418960.0;https://dadosabertos.camara.leg.br/api/v2/proposicoes/2418960;REQ;305.0;511.0;2024;Requer a desapensação do PL 136/2024 do PL 1933/2022.;
2398641.0;https://dadosabertos.camara.leg.br/api/v2/proposicoes/2398641;PDL;553.0;371.0;2023;Aprova o ato que autoriza a Associação de Desenvolvimento Cultural e Social do Bairro Renascença (ADECOBRE) a executar, pelo prazo de dez anos, sem direito de exclusividade, serviço de radiodifusão comunitária no Município de Teresina, Estado do Piauí.;
2383273.0;https://dadosabertos.camara.leg.br/api/v2/proposicoes/2383273;REQ;441.0;125.0;2023;Requer Moção de Repúdio à campanha referente ao desafio #1SemanaSemLeitedeVaca, promovida e veiculada pela Mercy For Animals no Brasil.;
2466719.0;https://dadosabertos.camara.leg.br/api/v2/proposicoes/2466719;MSC;401.0;1327.0;2024;Submete à apreciação do Congresso Nacional o ato constante da Portaria nº 11.626, de 18 de dezembro de 2023, publicada no Diário Oficial da União de 18 de janeiro de 2024, que RENOVA, a partir de 22 de setembro de 2018, a permissão outorgada anteriormente conferida à Rádio Difusora Coroados Ltda., para executar, pelo prazo de dez anos, sem direito de exclusividade, o serviço de radiodifusão sonora em Frequência Modulada, no Município de São Fidelis, Estado do Rio de Janeiro.;
;;;;;2025;;
2449501.0;https://dadosabertos.camara.leg.br/api/v2/proposicoes/2449501;RIC;148.0;2453.0;2024;Requer informações ao  Ministério da Educação acerca das respostas fornecidas ao RIC 1448/2023 por meio do Ofício Nº 2959/2023/ASPAR/GM/GM-MEC , referente à paralisação da obra da Creche Infantil Monte Sião, com a identificação de origem de nº 1086886, no município de Boa Vista do Ramos/AM, considerando a necessidade de maiores esclarecimentos.;
2351313.0;https://dadosabertos.camara.leg.br/api/v2/proposicoes/2351313;DOC;1026.0;128.0;2023;Reinstalação do Grupo Parlamentar de Amizade Brasil-Espanha.;
2469373.0;https://dadosabertos.camara.leg.br/api/v2/proposicoes/2469373;MSC;134.0;922.0;2024;Submete à apreciação do Congresso Nacional o texto da Medida Provisória nº 1254/2024, que Abre crédito extraordinário, em favor de Operações Oficiais de Crédito, no valor de R$ 1.976.872.000,00, para os fins que especifica;
;;;;;2025;;
2413441.0;https://dadosabertos.camara.leg.br/api/v2/proposicoes/2413441;DOC;1003.0;1545.0;2023;Of. nº 647/2023/PS-GSE que encaminha ao Senado Federal o processado do PDL 515/2021, em revisão.;
2392213.0;https://dadosabertos.camara.leg.br/api/v2/proposicoes/2392213;REQ;294.0;70.0;2023;Em aditamento ao requerimento nº 69/2023, requer a inclusão de convidado para a audiência pública destinada à discussão da legislação vigente relacionada ao tiro esportivo no Brasil, bem como das possíveis alterações e melhorias que a comunidade de atiradores esportivos e especialistas considera necessárias.;
2386586.0;https://dadosabertos.camara.leg.br/api/v2/proposicoes/2386586;REQ;354.0;2975.0;2023;Requer Moção de Louvor e Regozijo À Exma. Sra. Solange Scarp Arcanjo, devido tornar-se destaque pelos excelentes serviços prestados como Jornalista.;
2480030.0;https://dadosabertos.camara.leg.br/api/v2/proposicoes/2480030;INC;133.0;2159.0;2024;Sugere ao Ministério dos Portos e Aeroportos a destinação de investimentos e a formulação de políticas para a construção, readequação e modernização de portos, considerando as necessidades locais e climáticas, em regiões com infraestrutura logística mais limitada, como no estado do Amazonas, com ênfase no município de Manaquiri.;
2405264.0;https://dadosabertos.camara.leg.br/api/v2/proposicoes/2405264;DOC;1024.0;20.0;2023;;
2370973.0;https://dadosabertos.camara.leg.br/api/v2/proposicoes/2370973;REQ;609.0;2060.0;2023;Requer o registro da Frente Parlamentar do Táxi.;
2400259.0;https://dadosabertos.camara.leg.br/api/v2/proposicoes/2400259;RIC;148.0;2648.0;2023;Requer informações ao Ministério da Justiça e Segurança Pública acerca das medidas adotadas à prevenção e ao combate ao crime de extração ilegal de madeira no estado do Amazonas.;
2479463.0;https://dadosabertos.camara.leg.br/api/v2/proposicoes/2479463;REQ;392.0;4902.0;2024;Requerimento de Urgência ao PL 7769/17, que  Altera o art. 121 do Decreto-Lei no 2.848, de 7 de dezembro de 1940 - Código Penal, para prever o gerontocidio como circunstância qualificadora do crime de homicídio, e o art. 1º da Lei no 8.072, de 25 de julho de 1990, para incluir o gerontocidio no rol dos crimes hediondos.;
2365713.0;https://dadosabertos.camara.leg.br/api/v2/proposicoes/2365713;REQ;441.0;1777.0;2023;Requer Moção de Aplausos aos profissionais da 7ª Delegacia de Polícia de Joinville – SC, pela conquista da certificação internacional ISO 9001.;
2376957.0;https://dadosabertos.camara.leg.br/api/v2/proposicoes/2376957;PL;139.0;3829.0;2023;“Acrescenta-se § 5º no artigo 373, do NCPC, para vedar a inversão do ônus da prova, quando se tratar de pequena propriedade rural, para a comprovação de que o imóvel se enquadra nas dimensões da pequena propriedade rural e ou trabalhada pela família, para ficar ao encargo do autor a constituição de provas.”;
2360680.0;https://dadosabertos.camara.leg.br/api/v2/proposicoes/2360680;RIC;148.0;1189.0;2023;Requer ao Ministro da Agricultura e Pecuária, Sr. Carlos Henrique Baqueta Fávaro , informações acerca do convênio nº 893538, com o Município de Juruá/AM, para a pavimentação asfáltica da estrada do japo, no valor de R$ 1.146.000,00 (um milhão e cento e quarenta e seis mil reais), que encontra-se em status de paralisado/inacabado pelo Painel Informativo de Acompanhamento de Obras Paralisadas do Tribunal de Contas da União.;
;;;;;2025;;
2435733.0;https://dadosabertos.camara.leg.br/api/v2/proposicoes/2435733;REQ;313.0;1727.0;2024;Requer a inclusão de coautoria no PL 1917/2024.;
2461417.0;https://dadosabertos.camara.leg.br/api/v2/proposicoes/2461417;PL;139.0;3851.0;2024;Altera a Lei nº 14.790, de 29 de dezembro de 2023, para limitar a participação em apostas online a até 10% da renda bruta mensal de pessoas físicas ou jurídicas e dá outras providências.;
2447064.0;https://dadosabertos.camara.leg.br/api/v2/proposicoes/2447064;TVR;428.0;112.0;2024;Submete à apreciação do Congresso Nacional o ato constante da Portaria nº 10096, de 25 de julho de 2023, que renova a permissão outorgada ao Sistema Plug de Comunicações Ltda para explorar, pelo prazo de dez anos, sem direito de exclusividade, serviço de radiodifusão sonora em frequência modulada, no Município de Bom Jesus, Estado do Rio Grande do Sul.;
2418729.0;https://dadosabertos.camara.leg.br/api/v2/proposicoes/2418729;REQ;293.0;470.0;2024;Requer, nos termos regimentais, a realização de Sessão Solene em homenagem ao Dia do Evangélico.;
2450652.0;https://dadosabertos.camara.leg.br/api/v2/proposicoes/2450652;MSC;401.0;665.0;2024;Submete à apreciação do Congresso Nacional, acompanhado de Exposição de Motivos do Senhor Ministro de Estado das Comunicações, o ato constante da Portaria nº 12.045, de 24 de janeiro de 2024, publicada no Diário Oficial da União de 6 de fevereiro de 2024, que renova, a partir de 1º de maio de 2014, a permissão outorgada anteriormente à Rádio Valparaíso Ltda., para executar, pelo prazo de dez anos, sem direito de exclusividade, o serviço de radiodifusão sonora em onda média, adaptado para o serviço de radiodifusão sonora em frequência modulada, no Município de Valparaíso, Estado de São Paulo.   - TVR 258/2024 - Portaria nº 12.045, de 24 de janeiro de 2024 - Rádio Valparaíso Ltda,, no município de Valparaíso - SP.;
2394321.0;https://dadosabertos.camara.leg.br/api/v2/proposicoes/2394321;REQ;304.0;3448.0;2023;Requer o apensamento do Projeto de Lei nº 2.090 de 2022 ao Projeto de Lei nº 3.833/2004 por tratarem de matérias correlatas.;
2458214.0;https://dadosabertos.camara.leg.br/api/v2/proposicoes/2458214;REQ;354.0;3686.0;2024;Requer aprovação de Voto de Regozijo e Louvor ao Sr. CB. LAYONS BISPO DA SILVA GALTER, pertencente ao efetivo do Corpo de Bombeiros Militar do Estado do Espírito Santo, em reconhecimento aos valorosos serviços prestados aos municípios da região sul capixaba, diante das fortes chuvas que atingiram a região no final do mês de março do presente ano.;
2419996.0;https://dadosabertos.camara.leg.br/api/v2/proposicoes/2419996;PL;139.0;665.0;2024;Altera a Lei nº 5.970, de 11 de dezembro de 1973, para adequá-la aos parâmetros do Código de Trânsito Brasileiro.;
2362180.0;https://dadosabertos.camara.leg.br/api/v2/proposicoes/2362180;REQ;441.0;147.0;2023;Requer moção de Aplauso e Louvor em favor dos policiais envolvidos na “Operação Canguçu”, que reúne cerca de 350 agentes, de cinco estados (TO, MT, GO, PA e MG) que com bravura e persistência buscam os criminosos que atacaram na cidade de Confresa-MT.;
2421833.0;https://dadosabertos.camara.leg.br/api/v2/proposicoes/2421833;REQ;448.0;2.0;2024;Requer a instalação de Subcomissão Permanente de acompanhamento da Nova Indústria Brasil (NIB).;
2432862.0;https://dadosabertos.camara.leg.br/api/v2/proposicoes/2432862;REQ;686.0;16.0;2024;Requer a realização de visita técnica ao Estado do Rio Grande do Sul para conhecimento in loco desta que é considerada a maior catástrofe climática da história do Estado e uma das maiores do Brasil, com aproximadamente 417 municípios atingidos, em um contexto de evento climático extremo.;
2406103.0;https://dadosabertos.camara.leg.br/api/v2/proposicoes/2406103;PL;139.0;5661.0;2023;Altera o artigo 6° da Lei 8.078, de 11 de setembro de 1990, ampliando os direitos básicos do consumidor.;
2370256.0;https://dadosabertos.camara.leg.br/api/v2/proposicoes/2370256;REQ;308.0;2016.0;2023;Requer a redistribuição do PL nº 1478/2021 para análise de mérito na Comissão de Desenvolvimento Econômico (CDE).;
2351584.0;https://dadosabertos.camara.leg.br/api/v2/proposicoes/2351584;REQ;523.0;3.0;2023;Requer a convocação da Sra. Ministra de Estado da  Saúde, Nísia Verônica Trindade Lima, a fim de prestar esclarecimentos acerca da Portaria GM/MS n° 230, de 07/03/2023, por meio da qual foi instituído o “Programa Nacional de Equidade de Gênero, Raça e Valorização das Trabalhadoras no Sistema Único de Saúde – SUS.;
2349824.0;https://dadosabertos.camara.leg.br/api/v2/proposicoes/2349824;PL;139.0;792.0;2023;Institui a Semana Escolar de Conscientização sobre o Transtorno do Espectro Autista e o Transtorno do Deficit de Atenção com Hiperatividade em todas as instituições públicas e privadas de ensino de educação básica do país.;
2450430.0;https://dadosabertos.camara.leg.br/api/v2/proposicoes/2450430;PL;139.0;2993.0;2024;Dispõe sobre a simplificação do processo de inventário relacionado à venda de veículos não comunicada.;
2396359.0;https://dadosabertos.camara.leg.br/api/v2/proposicoes/2396359;REQ;354.0;3559.0;2023;Requer Moção de Louvor e Regozijo ao Sr. Cabo PM C. Vicente, pelos excelentes serviços prestados à Sociedade Carioca e Fluminense.;
2361452.0;https://dadosabertos.camara.leg.br/api/v2/proposicoes/2361452;INC;133.0;618.0;2023;Requer a Excelentíssima Ministra da Saúde a instalação de um CEO (Centro de Especialidades Odontológicas) no bairro Jardim Primavera, que beneficiará o Eixo dos bairros, Saracuruna, Campos Elíseos e Vila Maria Helena, no município de Duque de Caxias, estado do Rio de Janeiro.;
2349280.0;https://dadosabertos.camara.leg.br/api/v2/proposicoes/2349280;RIC;148.0;277.0;2023;Solicita informações ao Ministro do Meio Ambiente e Mudança do Clima, o valor de investimento e projetos desenvolvidos para o Município de Tefé, no Estado do Amazonas, do Fundo da Amazônia.;
2461259.0;https://dadosabertos.camara.leg.br/api/v2/proposicoes/2461259;PL;139.0;3832.0;2024;"""Altera a da Lei nº 13.146, de 6 de julho de 2015 (Estatuto da Pessoa com Deficiência) para garantir prioridade no acesso às vagas em estabelecimentos da rede pública de educação básica, inclusive creches.""";
2446806.0;https://dadosabertos.camara.leg.br/api/v2/proposicoes/2446806;DOC;1003.0;770.0;2024;Of. nº 266/2024/PS-GSE, que encaminha ao Senado Federal o processado do PDL 444-2023, em revisão.;
2345495.0;https://dadosabertos.camara.leg.br/api/v2/proposicoes/2345495;MPV;291.0;1156.0;2023;Dispõe sobre a extinção da Fundação Nacional de Saúde - FUNASA, instituída por autorização da Lei nº 8.029, de 12 de abril de 1990, e a absorção de suas competências, patrimônio e pessoal pela administração pública federal direta;
2418090.0;https://dadosabertos.camara.leg.br/api/v2/proposicoes/2418090;REQ;293.0;285.0;2024;Requer a realização de Sessão Solene em homenagem a Semana de Conscientização do Transtorno de Déficit de Atenção com Hiperatividade (TDAH).;
2477371.0;https://dadosabertos.camara.leg.br/api/v2/proposicoes/2477371;RIC;148.0;4584.0;2024;Requer informações ao Exmo. Sr. Ministro Portos e Aeroportos informações detalhadas sobre o processo licitatório conduzido pela Comissão Permanente de Licitação (CPL) da PortosRio, especialmente sobre o adiamento da data de abertura e recebimento das Propostas de Preços e Oferta de Lances, de 10/12/2024 para 12/12/2024, solicitando esclarecimentos detalhados diante de denúncias, falta de clareza e suspeitas de direcionamento, a fim de garantir a transparência, a legalidade e a igualdade de condições entre os participantes.;
;;;;;2025;;
2465890.0;https://dadosabertos.camara.leg.br/api/v2/proposicoes/2465890;INC;133.0;1489.0;2024;Sugere a Excelentíssima Ministra da Saúde, Senhora Nísia Trindade, a inclusão no SUS do tratamento para câncer de mama metastático, desenvolvido pela AstraZeneca, para pacientes que já realizaram tratamento, ou estão realizando, e cujos exames indicam uma progressão do tumor.;
2367412.0;https://dadosabertos.camara.leg.br/api/v2/proposicoes/2367412;EMC;130.0;296.0;2023;Dá nova redação à MPV 1162/2023;
2419383.0;https://dadosabertos.camara.leg.br/api/v2/proposicoes/2419383;RIC;148.0;398.0;2024;Solicita informações ao Ministério de Minas e Energia quanto às capacidades e necessidades de Energia Elétrica do Brasil.;
2416937.0;https://dadosabertos.camara.leg.br/api/v2/proposicoes/2416937;PL;139.0;52.0;2024;Altera o parágrafo décimo do art. 73 da Lei nº 9.504, de 30 de setembro de 1997, para modificar o prazo para a distribuição de bens, valores e benefícios no período anterior à data de uma eleição.;
2458747.0;https://dadosabertos.camara.leg.br/api/v2/proposicoes/2458747;PL;139.0;3647.0;2024;Altera o art. 171 do Decreto-Lei nº 2.848, de 7 de dezembro de 1940 (Código Penal), para prever causa de aumento de pena para o crime de estelionato quando relacionado a estado de calamidade pública ou situação de emergência.;
2424848.0;https://dadosabertos.camara.leg.br/api/v2/proposicoes/2424848;PL;139.0;1113.0;2024;Altera a Lei no 13.675, de 11 de junho de 2018, para criar o Banco de Dados Nacional de Vitimização, Suicídio e Doenças Psicológicas dos Profissionais de Segurança Pública e Defesa Social, além de estabelecer a diretriz para a inclusão na grade curricular de formação e qualificação das instituições integrantes do Sistema Único de Segurança Pública (Susp), disciplinas voltadas ao aprimoramento da abordagem policial tecnicamente adequada e inclusiva às pessoas com deficiência.;
2365316.0;https://dadosabertos.camara.leg.br/api/v2/proposicoes/2365316;REQ;294.0;34.0;2023;Requer sejam convidados para prestar depoimento nesta Comissão Parlamentar de Inquérito representantes dos principais bancos credores da Americanas.;
;;;;;2025;;
2374189.0;https://dadosabertos.camara.leg.br/api/v2/proposicoes/2374189;PL;139.0;3581.0;2023;Dispõe sobre o transporte de animais domésticos de pequeno, médio e grande porte em veículos, embarcações e aeronaves, concessionárias de transporte públicos municipais, estaduais e federais, e dá outras providências.;
2480414.0;https://dadosabertos.camara.leg.br/api/v2/proposicoes/2480414;RIC;148.0;4649.0;2024;Solicita informações ao Ministério da Justiça e Segurança Pública acerca de estatísticas de crimes, inclusive os de natureza ambiental, praticados no âmbito da Cidade de Lábrea com o propósito de mapear os diversos tipos de delitos ocorridos em todo o Estado para a formulação de políticas públicas mais assertivas para o combate da violência.;
2421056.0;https://dadosabertos.camara.leg.br/api/v2/proposicoes/2421056;REQ;392.0;731.0;2024;Requer Urgência para o Projeto de Lei 3874/23, que dispõe  sobre a proibição de aquisição de posse e porte de armas de  fogo e munições por indivíduo que tenha registro de agressão  contra mulher em inquérito e processo judicial.;
2444133.0;https://dadosabertos.camara.leg.br/api/v2/proposicoes/2444133;INC;133.0;848.0;2024;Solicito a Exma. Sra. Ministra de Estado da Saúde o envio de recursos financeiros com o objetivo de implantar o Programa Academia da Saúde (PAS) no Bairro “BNH” no município de Magé, estado do Rio de Janeiro.;
2428219.0;https://dadosabertos.camara.leg.br/api/v2/proposicoes/2428219;DOC;1024.0;483.0;2024;;
2436400.0;https://dadosabertos.camara.leg.br/api/v2/proposicoes/2436400;REQ;294.0;158.0;2024;Requer que seja convocada uma Audiência Pública para debater a importância da Guarda Municipal no âmbito da Segurança Pública e sobre a Proposta de Emenda da Constituição – PEC nº 275/2016, que “dá nova redação ao § 8º do art. 144 da Constituição Federal de 1988, para incluir a guarda municipal entre os órgãos de segurança pública”.;
2450648.0;https://dadosabertos.camara.leg.br/api/v2/proposicoes/2450648;MSC;401.0;661.0;2024;Submete à apreciação do Congresso Nacional, acompanhado de Exposição de Motivos do Senhor Ministro de Estado das Comunicações, o ato constante da Portaria nº 5.208, de 2 de outubro de 2019, publicada em 28 de novembro de 2019, que renova, a partir de 24 de julho de 2018, a permissão outorgada à Rádio Coração de Jesus Ltda., para executar, pelo prazo de dez anos, sem direito de exclusividade, o serviço de radiodifusão sonora em frequência modulada, no Município de Quilombo, Estado de Santa Catarina.   - TVR 254/2024 - Portaria nº 5.208, de 02 de outubro de 2019 - Rádio Coração de Jesus Ltda,, no município de Quilombo - SC.;
2375937.0;https://dadosabertos.camara.leg.br/api/v2/proposicoes/2375937;REQ;294.0;48.0;2023;Requer a realização de audiência pública com representantes da sociedade civil para a exibição e debate do espetáculo teatral “Vozes da Floresta”, dirigido por Lucélia Santos, a fim de se prestar um tributo ao legado de Chico Mendes por meio de sua história de luta socioambiental internacional, além de homenagear a cultura nacional e destacar o compromisso desta Casa na defesa do Meio Ambiente e dos povos da floresta.;
2475044.0;https://dadosabertos.camara.leg.br/api/v2/proposicoes/2475044;SOR;611.0;98.0;2024;SOR 98/2024 - Dep. Fernanda Pessoa - Remanejamento (inclusão) - Subfunção 301 (Atenção Básica) - Programa 5119 (Atenção Primária à Saúde) - Ação 2E89 (Incremento Temporário ao Custeio dos Serviços de Atenção Primária à Saúde para Cumprimento de Metas) - Valor 60.000.000;
2350435.0;https://dadosabertos.camara.leg.br/api/v2/proposicoes/2350435;PL;139.0;959.0;2023;Estabelece a atividade de Segurança Privada e Transporte de Valores como atividade de risco.;
2450878.0;https://dadosabertos.camara.leg.br/api/v2/proposicoes/2450878;REQ;354.0;2806.0;2024;Requer Moção de Louvor e Regozijo a Oficiala de Cartório Camila Antunes de Azevedo Guedes pelos excelentes serviços prestados ao Estado do Rio de Janeiro.;
2348779.0;https://dadosabertos.camara.leg.br/api/v2/proposicoes/2348779;REQ;441.0;170.0;2023;Requer aprovação de Moção de Repúdio às PREFEITURAS, paulistas, de São Bernardo do Campo e São Caetano do Sul por suas retiradas do consórcio intermunicipal do GRANDE ABC, que dentre outros prejuízos à população e ao desenvolvimento regional, põe em risco o funcionamento e a própria existência do Programa das Casas Abrigo Regional, defendido pela Frente Regional do ABC de Enfrentamento à Violência Contra as Mulheres.;
2395937.0;https://dadosabertos.camara.leg.br/api/v2/proposicoes/2395937;REQ;686.0;214.0;2023;Requer a realização do Seminário “Gênero, raça, cuidado e educação: a luta histórica pelo reconhecimento e  valorização das profissionais da primeiríssima infância”, a ser realizado conjuntamente entre Comissões da Câmara dos Deputados.;
2346828.0;https://dadosabertos.camara.leg.br/api/v2/proposicoes/2346828;REQ;349.0;25.0;2023;Requer a constituição de Comissão Externa para acompanhar a execução e desdobramentos da Intervenção Federal na Segurança Pública do Distrito Federal.;
2419987.0;https://dadosabertos.camara.leg.br/api/v2/proposicoes/2419987;REQ;294.0;6.0;2024;Requer a realização de Reunião de Audiência Pública para debater o Projeto de Lei Complementar nº 235/2019, que institui o Sistema Nacional de Educação e seus apensados.;
2463406.0;https://dadosabertos.camara.leg.br/api/v2/proposicoes/2463406;INC;133.0;1328.0;2024;Sugere a implementação de Núcleo de Atenção à Criança e Adolescente com Transtorno do Espectro Autista (TEA) no Município de Colares, no Estado do Pará.;
2385173.0;https://dadosabertos.camara.leg.br/api/v2/proposicoes/2385173;DOC;1003.0;928.0;2023;Of. nº 304/2023/PS-GSE, que encaminha ao Senado Federal o processado do PDL 1081/2021, em revisão.;
2349152.0;https://dadosabertos.camara.leg.br/api/v2/proposicoes/2349152;PL;139.0;631.0;2023;Altera a Lei nº 13.589, de 4 de janeiro de 2018, para obrigar veículos de transporte coletivo de passageiros a dispor de um Plano de Manutenção, Operação e Controle – PMOC, e altera a Lei nº 6.437, de 20 de agosto de 1977, para incluir como infração sanitária o descumprimento a normas relacionadas à instalação e manutenção de aparelhos e sistemas de ventilação ou de condicionamento de ar.;
;;;;;2025;;
;;;;;2025;;
;;;;;2025;;
2444170.0;https://dadosabertos.camara.leg.br/api/v2/proposicoes/2444170;REQ;294.0;171.0;2024;Requer a Realização de Audiência Pública para discutir as Portarias do Ministério da Educação (MEC) nº. 528 e nº. 529, publicadas em 06 de junho de 2024, que tratam, respectivamente, dos novos referenciais de qualidade e marco regulatório para oferta de cursos de graduação na modalidade a distância (EaD) e da criação do Conselho Consultivo para o Aperfeiçoamento dos Processos de Regulação e Supervisão da Educação Superior (CC-Pares).;
2406572.0;https://dadosabertos.camara.leg.br/api/v2/proposicoes/2406572;REQ;294.0;252.0;2023;Requer a realização de Audiência Pública para debater a qualidade no ensino superior (EAD, política de financiamento, FIES e Prouni) e seus desafios, em data a ser definida.;
2449396.0;https://dadosabertos.camara.leg.br/api/v2/proposicoes/2449396;REQ;294.0;76.0;2024;Requer a realização de audiência pública na Comissão de Finanças e Tributação com a Caixa Econômica Federal.;
2428292.0;https://dadosabertos.camara.leg.br/api/v2/proposicoes/2428292;PDL;553.0;176.0;2024;Aprova o ato que autoriza a Associação dos Locutores de Candeias MG a executar, pelo prazo de dez anos, sem direito de exclusividade, serviço de radiodifusão comunitária no Município de Candeias, Estado de Minas Gerais.;
2358123.0;https://dadosabertos.camara.leg.br/api/v2/proposicoes/2358123;INC;133.0;474.0;2023;Requer o envio de Indicação ao Ministério da Saúde, para a inclusão do Médico Veterinário no rol de profissões que integram a equipe multidisciplinar da Estratégia Saúde da Família (ESF), no Município de Petrópolis, Estado do Rio de Janeiro.;
2348337.0;https://dadosabertos.camara.leg.br/api/v2/proposicoes/2348337;REQ;355.0;123.0;2023;Requer voto de pesar pelo falecimento do Sr. Cintra Galvão.;
2369547.0;https://dadosabertos.camara.leg.br/api/v2/proposicoes/2369547;REQ;1029.0;215.0;2023;Requer informações dos Sites de Apostas Esportivas acerca das apostas  realizadas  nas partidas de futebol, as quais o atleta do Palmeiras, Gabriel Menino, jogou.;
2396360.0;https://dadosabertos.camara.leg.br/api/v2/proposicoes/2396360;REQ;354.0;3560.0;2023;Requer Moção de Louvor e Regozijo ao Sr. Cabo PM Pedrazi, pelos excelentes serviços prestados à Sociedade Carioca e Fluminense.;
2374256.0;https://dadosabertos.camara.leg.br/api/v2/proposicoes/2374256;RIC;148.0;1926.0;2023;Solicita informações ao Ministro das Comunicações referente ao prazo para instalação e funcionamento do sinal 5G no município de Brasil Novo, no Estado do Pará.;
2377559.0;https://dadosabertos.camara.leg.br/api/v2/proposicoes/2377559;REQ;392.0;2457.0;2023;Requer, nos termos do Artigo 155 do Regimento Interno, tramitação sob o regime urgência do Projeto de Lei nº 1.741/2022.;
2363614.0;https://dadosabertos.camara.leg.br/api/v2/proposicoes/2363614;EMC;130.0;97.0;2023;Dá nova redação à MPV 1164/2023;
2372055.0;https://dadosabertos.camara.leg.br/api/v2/proposicoes/2372055;REQ;294.0;169.0;2023;Requer a realização de Audiência Pública para debater a necessidade de apoio à rede hospitalar filantrópica do estado de Minas Gerais.;
2376094.0;https://dadosabertos.camara.leg.br/api/v2/proposicoes/2376094;PL;139.0;3764.0;2023;Altera a Lei nº 11.340 de 7 de agosto de 2006, para assegurar transporte gratuito às vítimas de violência doméstica, seus dependentes e de testemunha de violência doméstica, nas hipóteses e condições em que se especifica.;
2423313.0;https://dadosabertos.camara.leg.br/api/v2/proposicoes/2423313;PROC;720.0;4.0;2024;Propõe que a Comissão de Fiscalização Financeira e Controle (CFFC), com o auxílio do Tribunal de Contas da União, realize ato (levantamento) de fiscalização e controle a fim de mapear todos os fundos dos quais a União participe como cotista, de maneira exclusiva ou em conjunto com outras entidades de direito público ou privado, e que, direta ou indiretamente, sejam geridos, administrados ou intermediados por instituições financeiras federais, a exemplo, entre outros, do fundo poupança ensino médio a que se refere a Medida Provisória nº 1198/2023.;
2361879.0;https://dadosabertos.camara.leg.br/api/v2/proposicoes/2361879;PL;139.0;2512.0;2023;Altera o art. 75 da Lei nº 14.133, de 1º de abril de 2021, para incluir a aquisição de medicamentos oncológicos entre as hipóteses de dispensa de licitação.;
2380882.0;https://dadosabertos.camara.leg.br/api/v2/proposicoes/2380882;REQ;294.0;256.0;2023;Requer à Comissão Parlamentar de Inquérito seja convidado a prestar esclarecimentos o Oficial de Integridade da Confederação Brasileira de Futebol (CBF), Rômulo Reis.;
2404787.0;https://dadosabertos.camara.leg.br/api/v2/proposicoes/2404787;SOR;611.0;23.0;2023;8348 - Apoio a Obras Emergenciais de Mitigação para Redução de Desastres - 50.000.000;
2449118.0;https://dadosabertos.camara.leg.br/api/v2/proposicoes/2449118;PL;139.0;2880.0;2024;Altera a Lei nº 8.078, de 1990, para vedar a fidelidade e suas decorrentes cobranças em contratos de prestação de serviço.;
2368016.0;https://dadosabertos.camara.leg.br/api/v2/proposicoes/2368016;EMC;130.0;150.0;2023;Dá nova redação à MPV 1165/2023;
2375687.0;https://dadosabertos.camara.leg.br/api/v2/proposicoes/2375687;OF;181.0;82.0;2023;Of. 82-2023-Pres. Req. 28-23 CVT_Rodrigo Batista;
2476882.0;https://dadosabertos.camara.leg.br/api/v2/proposicoes/2476882;INC;133.0;1877.0;2024;Sugere ao Ministério da Justiça e Segurança Pública a implementação de políticas urgentes para combater a violência no Amazonas, com foco na redução das taxas de homicídios e outros crimes, especialmente no município de Tonantins.;
;;;;;2025;;
;;;;;2025;;
2357727.0;https://dadosabertos.camara.leg.br/api/v2/proposicoes/2357727;REQ;319.0;18.0;2023;Requer a retirada de tramitação do requerimento 13/2023 da Comissão de Constituição e Justiça;
2348204.0;https://dadosabertos.camara.leg.br/api/v2/proposicoes/2348204;PDL;557.0;33.0;2023;Susta a aplicação do §6º do art. 2º da Portaria ME nº 5.623, de 2022.;
;;;;;2025;;
2442897.0;https://dadosabertos.camara.leg.br/api/v2/proposicoes/2442897;PL;139.0;2541.0;2024;Acresce § 3º ao art. 10 da Medida Provisória nº 2.200-2, de 2001, para dispensar o reconhecimento de firma de que trata o art. 7º, IV, da Lei nº 8.935, de 1994, na hipótese de assinatura eletrônica qualificada, prevista no art. 4º, III, da Lei nº 14.063, de 2020.;
2367874.0;https://dadosabertos.camara.leg.br/api/v2/proposicoes/2367874;EMC;130.0;10.0;2023;Dá nova redação à MPV 1165/2023;
2471193.0;https://dadosabertos.camara.leg.br/api/v2/proposicoes/2471193;REQ;293.0;4592.0;2024;Requer a realização de Sessão Solene em homenagem ao aniversário de 48 anos da Igreja Universal do Reino de Deus.;
2442952.0;https://dadosabertos.camara.leg.br/api/v2/proposicoes/2442952;RIC;148.0;1900.0;2024;Requer informação ao Ministério dos Esportes acerca da governança e avaliação das políticas públicas direcionadas ao Estado do Rio de Janeiro.;
2381658.0;https://dadosabertos.camara.leg.br/api/v2/proposicoes/2381658;EMC;130.0;1.0;2023;Estabelece normas de transparência, controle e auditoria sobre a contratação de serviços relacionados ao desenvolvimento, manutenção e licenciamento de softwares por órgãos públicos federais, estaduais e municipais.;
2374576.0;https://dadosabertos.camara.leg.br/api/v2/proposicoes/2374576;REQ;1018.0;322.0;2023;"Requer que seja submetido à deliberação do Plenário desta Comissão Parlamentar de Inquérito o pedido ora formulado de CONVOCAÇÃO do Sr. EDEGAR PRETTO, presidente da Companhia Nacional de Abastecimento (Conab), para esclarecer uma série de fatos envolvendo o repasse de R$ 200 mil à cooperativa Terra Livre, vinculada ao Movimento dos Trabalhadores Rurais Sem Terra (MST).
Requer a CONVOCAÇÃO do Sr. EDEGAR PRETTO, presidente da Conab, para esclarecer  fatos envolvendo repasse à  cooperativa Terra Livre, vinculada ao MST.";
;;;;;2025;;
2458857.0;https://dadosabertos.camara.leg.br/api/v2/proposicoes/2458857;REQ;354.0;3887.0;2024;Requer aprovação de Voto de Regozijo e Louvor ao Sr. SD. GABRIEL BAYERL BONADIMAN, pertencente ao efetivo do Corpo de Bombeiros Militar do Estado do Espírito Santo, em reconhecimento aos valorosos serviços prestados aos municípios da região sul capixaba, diante das fortes chuvas que atingiram a região no final do mês de março do presente ano.;
2465143.0;https://dadosabertos.camara.leg.br/api/v2/proposicoes/2465143;PL;139.0;4121.0;2024;Estabelece sobre normas gerais sobre a Administração Pública.;
;;;;;2025;;
2367157.0;https://dadosabertos.camara.leg.br/api/v2/proposicoes/2367157;EMC;130.0;41.0;2023;Dá nova redação à MPV 1162/2023;
2400693.0;https://dadosabertos.camara.leg.br/api/v2/proposicoes/2400693;EMC;130.0;10.0;2023;Dispõe sobre a produção, a importação, o registro, a comercialização, o uso, a inspeção e fiscalização, a pesquisa e experimentação e os incentivos à produção e ao uso de bioinsumos para a agricultura e a silvicultura e dá outras providências;
2445407.0;https://dadosabertos.camara.leg.br/api/v2/proposicoes/2445407;SIT;151.0;31.0;2024;Solicita informação ao Tribunal de Contas da União acerca das fiscalizações realizadas nos programas e projetos e nas políticas públicas sob a responsabilidade do Ministério dos Esportes, considerando principalmente os impactos produzidos ao Estado do Rio de Janeiro.;
2446783.0;https://dadosabertos.camara.leg.br/api/v2/proposicoes/2446783;DOC;1003.0;754.0;2024;Of. nº 306/2024/PS-GSE, que encaminha ao Senado Federal o processado do PDL 194-2024, em revisão.;
;;;;;2025;;
2383752.0;https://dadosabertos.camara.leg.br/api/v2/proposicoes/2383752;RIC;148.0;2236.0;2023;Requer informações adicionais ao Ministro dos Direitos Humanos e da Cidadania, Sr. Silvio Almeida, sobre a utilização de aeronaves do Comando da Aeronáutica para transporte aéreo nos dias em que especifica, tendo em vista o disposto no art. 6º do Decreto nº 10.267, de 5 de março de 2020.;
2454620.0;https://dadosabertos.camara.leg.br/api/v2/proposicoes/2454620;REQ;354.0;3182.0;2024;Requer Voto de Louvor e Regozijo ao Sr. CB Bruno Ferreira Alves Castello da Costa pelos excelentes serviços prestados ao estado do Rio de Janeiro, junto ao CBMERJ.;
;;;;;2025;;
2450817.0;https://dadosabertos.camara.leg.br/api/v2/proposicoes/2450817;REQ;294.0;57.0;2024;Requer, nos termos Regimentais, o envio de Convite ao Chefe da Assessoria Especial da Presidência da República, Embaixador Celso Amorim,  para expor sobre as relações do Brasil com a Venezuela.;
2349916.0;https://dadosabertos.camara.leg.br/api/v2/proposicoes/2349916;PL;139.0;844.0;2023;Acresce o art. 58-A à Lei nº 9.394, de 20 de dezembro de 1996, que estabelece diretrizes e bases da educação nacional, para estabelecer  capacitação básica para professores e colaboradores na educação inclusiva, e dá outras providências.;
2459799.0;https://dadosabertos.camara.leg.br/api/v2/proposicoes/2459799;RIC;148.0;3544.0;2024;Requer do Excelentíssimo Ministro da Integração e do Desenvolvimento Regional, Senhor Antônio Waldez, informações acerca da transferência do Programa Calha Norte.;
2373219.0;https://dadosabertos.camara.leg.br/api/v2/proposicoes/2373219;REQ;293.0;2227.0;2023;Requer a realização de Sessão Solene no dia 14 de agosto de 2023 em homenagem aos 82 anos da Rádio Timbiras do Estado do Maranhão.;
2353853.0;https://dadosabertos.camara.leg.br/api/v2/proposicoes/2353853;PL;139.0;1465.0;2023;Torna obrigatória a instalação de detectores de metais em escolas públicas e privadas.;
2466659.0;https://dadosabertos.camara.leg.br/api/v2/proposicoes/2466659;TVR;435.0;688.0;2024;"Submete à apreciação do Congresso Nacional o ato constante do Decreto nº 12.217, de 10 de outubro de 2024, publicado no Diário Oficial da União de 11 de outubro de 2024, que ""RENOVA a concessão outorgada à Web Comunicação Ltda., para executar, sem direito de exclusividade, o serviço de radiodifusão de Sons e Imagens em tecnologia digital, no Município de Picos, Estado do Piauí."".";
;;;;;2025;;
2423873.0;https://dadosabertos.camara.leg.br/api/v2/proposicoes/2423873;EMC;130.0;1.0;2024;Dá nova redação à MPV 1141/2022;
2477394.0;https://dadosabertos.camara.leg.br/api/v2/proposicoes/2477394;REQ;318.0;4841.0;2024;Requer a inclusão na Pauta da Proposta de Emenda à Constituição nº 66, de 2023, do Senado Federal, que abre novo prazo de parcelamento especial de débitos dos municípios com seus Regimes Próprios de Previdência Social dos Servidores Públicos e com o Regime Geral de Previdência Social.;
2465479.0;https://dadosabertos.camara.leg.br/api/v2/proposicoes/2465479;INC;133.0;1479.0;2024;Sugere o envio de Indicação à Excelentíssima Ministra de Estado da Saúde, Nísia Veronica Trindade Lima, no sentido de disponibilizar recursos financeiros para a construção da nova unidade do Hospital Getúlio Vargas (HGV), situado no Recife-PE.;
2401846.0;https://dadosabertos.camara.leg.br/api/v2/proposicoes/2401846;SLD;612.0;10.0;2023;"Requer a promoção da proteção, defesa e bem-estar e direitos animais, por meio de ações educativas, mobilização social, interlocução com os poderes constituídos e regulamentação de diretrizes e normas, com o propósito de conscientizar a sociedade e combater práticas prejudiciais aos direitos animais. Programa: 6114; Ação: 2E87. Acréscimo de Meta: 100.";
2474429.0;https://dadosabertos.camara.leg.br/api/v2/proposicoes/2474429;SOR;611.0;15.0;2024;"""Requer o aporte de recurso para UNIDADE ORÇAMENTÁRIA 74101 - Recursos sob Supervisão da Secretaria do Tesouro Nacional - Ministério da Fazenda , PROGRAMA 1144 - Agropecuária Sustentável,  AÇÃO 0301 - Subvenção Econômica em Operações de Investimento Rural e Agroindustrial (Lei nº 8.427, de 1992),  VALOR - R$ 387.977.191,00"".";
2357723.0;https://dadosabertos.camara.leg.br/api/v2/proposicoes/2357723;RIC;148.0;1005.0;2023;Solicita ao Ministério do Meio Ambiente e Mudança do Clima, por meio de sua autarquia IBAMA, relatório que aponta o desmatamento na Amazônia nesse último trimestre de 2023.;
2346789.0;https://dadosabertos.camara.leg.br/api/v2/proposicoes/2346789;PL;139.0;108.0;2023;Altera a Lei n.º 7.102, de 20 de junho de 1983.;
2417525.0;https://dadosabertos.camara.leg.br/api/v2/proposicoes/2417525;PL;139.0;199.0;2024;Alterao art. 149-A do Decreto-Lei nº 2.848, de 7 de dezembro de 1940 - Código Penal, para tipificar a facilitação à migração internacional ilegal.;
2454895.0;https://dadosabertos.camara.leg.br/api/v2/proposicoes/2454895;DOC;1028.0;1048.0;2024;Encaminha cópia do autógrafo do Decreto Legislativo nº 137, de 2024, promulgado (Of 882/2024-SF).;
2396155.0;https://dadosabertos.camara.leg.br/api/v2/proposicoes/2396155;PL;139.0;5014.0;2023;Institui o Dia do Ventre Protegido e dá outras providências.;
;;;;;2025;;
;;;;;2025;;
2374559.0;https://dadosabertos.camara.leg.br/api/v2/proposicoes/2374559;PL;139.0;3642.0;2023;Dispõe sobre a incorporação obrigatória do medicamento metilfenidato para o tratamento do Transtorno do Déficit de Atenção e Hiperatividade (TDAH) no Sistema Único de Saúde (SUS) e dá outras providências.;
2458240.0;https://dadosabertos.camara.leg.br/api/v2/proposicoes/2458240;REQ;354.0;3711.0;2024;Requer Moção de Louvor e Regozijo ao Sr. 2º SGT PM Renato Couto dos Santos pelos excelentes serviços prestados ao Estado do Rio de Janeiro.;
2417069.0;https://dadosabertos.camara.leg.br/api/v2/proposicoes/2417069;PL;139.0;101.0;2024;Altera a Lei nº 9.478, de 6 de agosto de 1997, para tornar obrigatória a instalação de, no mínimo, um ponto de recarga de veículos elétricos nos postos revendedores de combustíveis.;
2406591.0;https://dadosabertos.camara.leg.br/api/v2/proposicoes/2406591;PDL;553.0;441.0;2023;Aprova o ato que autoriza à Associação Comunitária Distrito de Santa Rosa - ACDSR a executar, pelo prazo de dez anos, sem direito de exclusividade, serviço de radiodifusão comunitária no Município de Formosa, Estado de Goiás.;
2367938.0;https://dadosabertos.camara.leg.br/api/v2/proposicoes/2367938;EMC;130.0;73.0;2023;Dá nova redação à MPV 1165/2023;
2355577.0;https://dadosabertos.camara.leg.br/api/v2/proposicoes/2355577;RIC;148.0;793.0;2023;Solicita informações ao Ministro da Educação, acerca do programa Plano de Ações Articuladas – PAR, cujo órgão responsável é o FNDE – Fundo Nacional do Desenvolvimento da Educação, para o Município de Parintins, no Estado do Amazonas.;
2479907.0;https://dadosabertos.camara.leg.br/api/v2/proposicoes/2479907;DOC;1003.0;1654.0;2024;Of. nº 573/2024/PS-GSE, que encaminha ao Senado Federal o processado do PDL 176-2024, em revisão.;
;;;;;2025;;
2360340.0;https://dadosabertos.camara.leg.br/api/v2/proposicoes/2360340;RIC;148.0;1144.0;2023;Requer, nos termos constitucionais e regimentais, que sejam prestadas informações pelo Ministro de Estado da Justiça e Segurança Pública, Sr. Flávio Dino de Castro e Costa, acerca de questões referentes à pasta ministerial.;
2345633.0;https://dadosabertos.camara.leg.br/api/v2/proposicoes/2345633;INC;133.0;5.0;2023;Requer que seja encaminhada, ao Poder Executivo, a Indicação anexa, sugerindo o envio, para apreciação do Congresso Nacional, de Projeto de Lei que autorize a dedução de doações a entidades civis sem fins lucrativos de proteção animal do imposto de renda devido por pessoas físicas e jurídicas.;
2353596.0;https://dadosabertos.camara.leg.br/api/v2/proposicoes/2353596;REQ;294.0;7.0;2023;Requer a realização de Audiência Pública para celebração do Dia Internacional da Família dando ênfase ao debate sobre a Educação Parental.;
2439067.0;https://dadosabertos.camara.leg.br/api/v2/proposicoes/2439067;RIC;148.0;1602.0;2024;Requer informações ao  Ministério da Justiça e Segurança Pública acerca das ações de combate à corrupção nos municípios e estados em casos de explícitas irregularidades em processos licitatórios, como os casos recorrentes em Manaus, e demais providências correlatas.;
;;;;;2025;;
;;;;;2025;;
2478094.0;https://dadosabertos.camara.leg.br/api/v2/proposicoes/2478094;REQ;448.0;122.0;2024;Requer voto de pesar pelo falecimento da Sra. Gisele Mendes de Souza e Mello, Capitã de Mar e Guerra da Marinha do Brasil.;
2456036.0;https://dadosabertos.camara.leg.br/api/v2/proposicoes/2456036;REQ;318.0;3389.0;2024;Requeiro a Vossa Excelência, nos Termos do art.º 114, inciso XIV, do RICD, a inclusão na Ordem do Dia do Plenário da Câmara dos Deputados do PL 2531/2021.;
2449469.0;https://dadosabertos.camara.leg.br/api/v2/proposicoes/2449469;RIC;148.0;2422.0;2024;Requer informações ao Ministério da Educação acerca das respostas fornecidas por meio do Ofício Nº 2105/2023/ASPAR/GM/GM-MEC, referente à execução de obra para a construção da Creche/ PréEscola 002, com identificação de origem nº 25387, no município de Coari/AM, considerando a necessidade de maiores esclarecimentos.;
2403638.0;https://dadosabertos.camara.leg.br/api/v2/proposicoes/2403638;PL;139.0;5483.0;2023;Garante ao consumidor, no primeiro menu eletrônico do SAC, as opções de contato com o atendente, de reclamação e de cancelamento de contratos e serviços, e a espera máxima de 60 (sessenta) segundos para o atendimento humano.;
;;;;;2025;;
2463504.0;https://dadosabertos.camara.leg.br/api/v2/proposicoes/2463504;RIC;148.0;3829.0;2024;Solicita informações à Senhora Ministra de Estado da Saúde sobre os equipamentos de diagnóstico por imagem no Sistema Único de Saúde (SUS) em Pernambuco.;
2420740.0;https://dadosabertos.camara.leg.br/api/v2/proposicoes/2420740;DOC;1024.0;266.0;2024;;
2480908.0;https://dadosabertos.camara.leg.br/api/v2/proposicoes/2480908;PL;139.0;4945.0;2024;Dispõe sobre a criação do Programa Nacional de Reinserção no Mercado de Trabalho 60+ e estabelece incentivos fiscais para empresas que contratarem trabalhadores com idade igual ou superior a 60 anos.;
2374040.0;https://dadosabertos.camara.leg.br/api/v2/proposicoes/2374040;REQ;311.0;2258.0;2023;Requer a retirada de tramitação do Projeto de Lei nº 2.406/2023, que altera o caput do art. 115 da Lei n° 9.503, de 23 de setembro de 1997, que Instituiu o Código de Trânsito Brasileiro (CTB), para dispor sobre a inclusão dos nomes do Município e do Estado nas placas dianteira e traseira do veículo.;
2436266.0;https://dadosabertos.camara.leg.br/api/v2/proposicoes/2436266;PL;139.0;2022.0;2024;Altera a Lei nº 6.938, de 31 de agosto de 1981, para dispor acerca do licenciamento ambiental simplificado para a implantação ou ampliação de rodovias, gasodutos de transporte de gás natural, de redes de telecomunicação e redes de transmissão de energia elétrica nas faixas de domínio e de servidão da União, dos Estados e Municípios.;
2382588.0;https://dadosabertos.camara.leg.br/api/v2/proposicoes/2382588;PL;139.0;4109.0;2023;Acrescenta parágrafo ao art. 25 do Decreto Lei nº 2.848, de 7 de dezembro de 1940 (Código Penal), para presumir a legítima defesa quando o agente de segurança pública, no cumprimento do dever legal, matar ou lesionar quem porta qualquer tipo de arma de fogo, artefato explosivo ou simulacro, de forma injusta e ostensiva.;
2354997.0;https://dadosabertos.camara.leg.br/api/v2/proposicoes/2354997;REQ;349.0;1059.0;2023;Requer a criação de Comissão Externa, sem ônus para a Câmara dos Deputados, destinada a tratar da crise na Venezuela, em especial na fronteira com o Brasil.;
2456654.0;https://dadosabertos.camara.leg.br/api/v2/proposicoes/2456654;MSC;401.0;979.0;2024;Submete à apreciação do Congresso Nacional, acompanhado de Exposição de Motivos do Senhor Ministro de Estado das Comunicações, o ato constante da Portaria nº 12.706, de 25 de março de 2024, publicada no Diário Oficial da União de 4 de abril de 2024, que renova, a partir de 8 de março de 2023, a permissão outorgada anteriormente conferida à Cristo Rei Comunicações Ltda., para executar, pelo prazo de dez anos, sem direito de exclusividade, o serviço de radiodifusão sonora em frequência modulada, no Município de Santa Teresa, Estado do Espírito Santo.   - TVR 452/2024 - Portaria nº 12.706, de 25 de março de 2024 - Cristo Rei Comunicações Ltda,, no município de Santa Teresa - ES.;
2440788.0;https://dadosabertos.camara.leg.br/api/v2/proposicoes/2440788;MSC;134.0;189.0;2024;"Submete à apreciação do Congresso Nacional o texto da Medida Provisória nº 1218/2024, que "" Abre crédito extraordinário, em favor de diversos órgãos do Poder Executivo, de Encargos Financeiros da União, e de Operações Oficiais de Crédito, no valor de R$ 12.179.438.240,00, para os fins que especifica"".";
2462595.0;https://dadosabertos.camara.leg.br/api/v2/proposicoes/2462595;RIC;148.0;3689.0;2024;Solicita ao Sr. Marco Antônio Amaro dos Santos, Ministro de Estado Chefe do Gabinete de Segurança Institucional, informações acerca do voo presidencial que fez escala de 10 minutos na cidade de São Paulo, em agosto de 2024.;
2347187.0;https://dadosabertos.camara.leg.br/api/v2/proposicoes/2347187;INC;133.0;43.0;2023;Sugere ao Ministério da Integração e  do Desenvolvimento Regional condicionar a aprovação de empreendimentos sociais habitacionais à apresentação de Projeto de Arborização, quando ocorrer supressão de vegetação.;
2365813.0;https://dadosabertos.camara.leg.br/api/v2/proposicoes/2365813;REQ;294.0;105.0;2023;Requer a realização de Audiência Pública para debater o tema do racismo no futebol.;
2416920.0;https://dadosabertos.camara.leg.br/api/v2/proposicoes/2416920;PL;139.0;47.0;2024;Declara o Jiu-Jitsu como manifestação da cultura brasileira e patrimônio cultural imaterial, e institui o Dia do Jiu-Jitsu.;
2446932.0;https://dadosabertos.camara.leg.br/api/v2/proposicoes/2446932;MSC;401.0;445.0;2024;Submete à apreciação do Congresso Nacional, acompanhado de Exposição de Motivos do Senhor Ministro de Estado das Comunicações, o ato constante da Portaria nº 10.300, de 28 de agosto de 2023, publicada no Diário Oficial da União de 20 de setembro de 2023, que renova, a partir de 23 de junho de 2022, a permissão outorgada à Rádio Vila Real Ltda., para executar, pelo prazo de dez anos, sem direito de exclusividade, serviço de radiodifusão sonora em frequência modulada, no Município de Ituiutaba, Estado de Minas Gerais.   - TVR 97/2024 - Portaria nº 10300, de 28 de agosto de 2023 - Rádio Vila Real Ltda, no município de Ituiutaba - MG.;
2458178.0;https://dadosabertos.camara.leg.br/api/v2/proposicoes/2458178;REQ;354.0;3669.0;2024;Requer Voto de Louvor e Regozijo ao Sr. 1º SGT Ronaldo Leitão de Castilho pelos excelentes serviços prestados ao estado do Rio de Janeiro, junto ao CBMERJ.;
2467399.0;https://dadosabertos.camara.leg.br/api/v2/proposicoes/2467399;MSC;401.0;1360.0;2024;Submete à apreciação do Congresso Nacional o mensagem do Senhor Presidente da República, na qual submete à apreciação do Congresso Nacional o ato constante da Portaria nº 12.137, de 6 de fevereiro de 2024, publicada no Diário Oficial da União de 29 de fevereiro de 2024, que RENOVA, a partir de 24 de setembro de 2023, a permissão outorgada anteriormente conferida à Ponto Norte Comunicação Ltda., para executar, pelo prazo de dez anos, sem direito de exclusividade, o serviço de radiodifusão sonora em frequência modulada, no Município de Frederico Westphalen, Estado do Rio Grande do Sul.;
;;;;;2025;;
2463276.0;https://dadosabertos.camara.leg.br/api/v2/proposicoes/2463276;REQ;311.0;4275.0;2024;"Requeiro com fundamento no art. 114, VII, do Regimento Interno da Câmara dos Deputados, a retirada de tramitação do RIC nº 3.676/2024, que ""Requeiro a V. Exª, com base no art. 50 da Constituição Federal, e na forma dos arts. 115 e 116 do Regimento Interno que, ouvida a Mesa, sejam solicitadas informações à Ministra de Estado da Saúde sobre a estimativa de impacto orçamentário e financeiro decorrente da aprovação do Projeto de Lei nº 6.085/2023, de autoria da Comissão de Saúde, que “altera a Lei nº 8.080, de 19 de setembro de 1990, para instituir o Subsistema de Atenção às Doenças Raras, no âmbito do Sistema Único de Saúde”.";
2449860.0;https://dadosabertos.camara.leg.br/api/v2/proposicoes/2449860;RIC;148.0;2653.0;2024;Requer do Ministro de Estado de Integração e Desenvolvimento Regional, Senhor Waldez Góes, informações a respeito das ações a serem adotadas em relação ao período de estiagem no Amazonas – em Silves, em face ao início da decretação de emergência dos Municípios.;
2456251.0;https://dadosabertos.camara.leg.br/api/v2/proposicoes/2456251;DOC;1028.0;1059.0;2024;Comunica a remessa à sanção do PL 11144/2018 (Of 901/2024-SF).;
2385145.0;https://dadosabertos.camara.leg.br/api/v2/proposicoes/2385145;REQ;147.0;142.0;2023;Requer informação do Ministério do Meio Ambiente sobre projetos de Parques Eólicos Off Shore (no mar) no Brasil.;
;;;;;2025;;
2365382.0;https://dadosabertos.camara.leg.br/api/v2/proposicoes/2365382;RIC;148.0;1495.0;2023;Solicita informações ao Ministério da Saúde, sobre valores e principais medicamentos da “farmácia popular” direcionados ao município de Porto Walter no estado do Acre, com o maior nível de detalhamento possível.;
2405120.0;https://dadosabertos.camara.leg.br/api/v2/proposicoes/2405120;PL;139.0;5608.0;2023;"Regula as condições de trabalho de mulheres que foram diagnosticadas, estão em tratamento ou em período de aguardo de remissão do câncer de mama.
  NOVA EMENTA: Dispõe sobre as condições de trabalho de mulheres com diagnóstico, em tratamento ou em período de espera de remissão de câncer de mama.";
2423294.0;https://dadosabertos.camara.leg.br/api/v2/proposicoes/2423294;REQ;294.0;18.0;2024;"Requer a realização de audiência pública destinada ao debate sobre o PL 3.423, de 2023, que ""Altera a Lei nº 7.998, de 11 de janeiro de 1990, para dispor sobre a contribuição voluntária das empresas que façam uso de inteligência artificial para o Fundo de Amparo ao Trabalhador e a concessão do selo Empresa Amiga do Emprego"".";
2443473.0;https://dadosabertos.camara.leg.br/api/v2/proposicoes/2443473;RIC;148.0;1974.0;2024;Requer da Excelentíssima Ministra dos Povos Indígenas, Senhora Sônia Guajajara, informações sobre o pagamento de royalties a indígenas canadenses.;
2354955.0;https://dadosabertos.camara.leg.br/api/v2/proposicoes/2354955;REQ;294.0;8.0;2023;Solicita realização de Audiência Pública conjunta com a Comissão de Educação e com a Comissão de Legislação Participativa, para discussão do tema: “Autonomia universitária na eleição de reitoras e reitores das universidades federais.”;
2359559.0;https://dadosabertos.camara.leg.br/api/v2/proposicoes/2359559;PL;139.0;2305.0;2023;Revoga o inciso I, do art. 124 da Lei nº 8.213, de 24 de julho de 1991, para suprimir o impedimento do recebimento conjunto dos benefícios da Previdência Social, aposentadoria e auxílio-doença.;
2426659.0;https://dadosabertos.camara.leg.br/api/v2/proposicoes/2426659;REQ;147.0;27.0;2024;Requer a inclusão de convidado na Audiência Pública aprovada por meio do REQ 05/2024 na Comissão de Minas e Energia, com objetivo de debater os Projetos de Lei nº 4831/2023, 444/2024, 445/2024 e 446/2024.;
2407651.0;https://dadosabertos.camara.leg.br/api/v2/proposicoes/2407651;REQ;391.0;4120.0;2023;Requer urgência, nos termos do art. 154 do Regimento Interno da Câmara dos Deputados, para o Projeto de Lei nº 580/2022.;
2449914.0;https://dadosabertos.camara.leg.br/api/v2/proposicoes/2449914;PL;139.0;2953.0;2024;Altera a Lei nº 8.742, de 7 de dezembro de 1993, que dispõe sobre a organização da Assistência Social, a fim de incluir dispositivo que reconhece como entidades que atuam na redução da demanda de drogas as comunidades terapêuticas, assim como as entidades de cuidado, de prevenção, de apoio, de mútua ajuda, de atendimento psicossocial e de ressocialização de dependentes do álcool e de outras drogas e seus familiares, de acordo com a Lei Complementar Federal nº 187, de 16 de dezembro de 2021.;
2466529.0;https://dadosabertos.camara.leg.br/api/v2/proposicoes/2466529;TVR;628.0;670.0;2024;Submete à apreciação do Congresso Nacional o ato constante da Portaria nº 12.097, de 1º de fevereiro de 2024, publicada no Diário Oficial da União de 10 de maio de 2024, que torna sem efeito a permissão outorgada  à Rede Nova FM de Radiodifusão Ltda., para executar o serviço de radiodifusão sonora em frequência modulada, no Município de Morada Nova de Minas, Estado de Minas Gerais.;
2422647.0;https://dadosabertos.camara.leg.br/api/v2/proposicoes/2422647;PL;139.0;908.0;2024;Reconhece a Via Sacra ao Vivo de Planaltina, realizada no Distrito Federal, como manifestação da cultura nacional;
2443211.0;https://dadosabertos.camara.leg.br/api/v2/proposicoes/2443211;INC;133.0;661.0;2024;Solicito ao Exmo. Sr. Ministro de Estado da Educação o envio de recursos federais destinados à construção e aparelhamento de uma creche no “Bairro Jardim 25 de Agosto” no município de Duque de Caxias, estado do Rio de Janeiro.;
2457909.0;https://dadosabertos.camara.leg.br/api/v2/proposicoes/2457909;REQ;354.0;3598.0;2024;Requer Voto de Louvor e Regozijo ao Sr. 2º Tenente Adriano Loureiro de Freitas, pelos excelentes serviços prestados ao estado do Rio de Janeiro, junto ao CBMERJ.;
2476579.0;https://dadosabertos.camara.leg.br/api/v2/proposicoes/2476579;PL;139.0;4727.0;2024;Cria o Programa Nacional de Proteção Cerebral para Prevenção de Sequelas Neurológicas em Bebês.;
2450965.0;https://dadosabertos.camara.leg.br/api/v2/proposicoes/2450965;REQ;441.0;73.0;2024;Requer seja consignado a Moção de Louvor a atleta Jhulia Rayssa Mendes Leal, mais conhecida como Rayssa Leal, pelo desempenho e conquistas nos Jogos Olímpicos de Paris 2024.;
2424737.0;https://dadosabertos.camara.leg.br/api/v2/proposicoes/2424737;PFC;138.0;2.0;2024;Requer que esta Comissão, juntamente com o Tribunal de Contas da União (TCU), realize atos de fiscalização e controle sobre a concessão da rodovia BR-040, no trecho entre Juiz de Fora/MG e Rio de Janeiro/RJ, bem como verificar o cumprimento das cláusulas do contrato, o cronograma de obras e investimentos, o reajuste das tarifas e eventual superfaturamento por parte da Concer – Companhia de Concessão Rodoviária Juiz de Fora Rio.;
2369535.0;https://dadosabertos.camara.leg.br/api/v2/proposicoes/2369535;REQ;609.0;1960.0;2023;Requer o registro da Frente Parlamentar Mista dos Técnicos Agrícolas, nos Termos do Ato da Mesa nº 69, de 10/11/2005.;
2399512.0;https://dadosabertos.camara.leg.br/api/v2/proposicoes/2399512;INC;133.0;1458.0;2023;Sugere alteração na Resolução nº 400, de 13 de dezembro de 2016, da ANAC, para incentivar a disponibilização de acesso gratuito à internet sem fio em voos com duração superior a uma hora.;
2416648.0;https://dadosabertos.camara.leg.br/api/v2/proposicoes/2416648;ATA;810.0;3.0;2023;Ata nº 34/2023;
2439915.0;https://dadosabertos.camara.leg.br/api/v2/proposicoes/2439915;PL;139.0;2320.0;2024;Altera a Lei nº 7.418, de 16 de dezembro de 1985, para dispor sobre o custeio do vale-transporte apenas pelo empregador.;
2459714.0;https://dadosabertos.camara.leg.br/api/v2/proposicoes/2459714;TVR;1058.0;573.0;2024;Submete à apreciação do Congresso Nacional o ato constante da Portaria nº 10.276, de 21 de agosto de 2023, que renova concessão outorgada à Rede Atlântico Sul de Radiodifusão Ltda, para executar, pelo prazo de dez anos, sem direito de exclusividade, o serviço de radiodifusão sonora em onda média, posteriormente adaptado para o serviço de radiodifusão sonora em frequência modulada, no Municpio de Brusque, Estado de Santa Catarina.;
2394504.0;https://dadosabertos.camara.leg.br/api/v2/proposicoes/2394504;RIC;148.0;2466.0;2023;Requer informações à Ministra da Saúde, Sra. Nísia Trindade, sobre apresentação de dança registrada por participantes do 1º Encontro de Mobilização da Promoção da Saúde no Brasil, realizado em Brasília de 4 a 6 de outubro de 2023 e organizado pelo Departamento de Prevenção e Promoção da Saúde da Secretaria de Atenção Primária à Saúde do Ministério da Saúde.;
2437381.0;https://dadosabertos.camara.leg.br/api/v2/proposicoes/2437381;PL;139.0;2147.0;2024;Altera a Lei nº 14.722, de 8 de novembro de 2023, para dispor sobre o financiamento público das despesas com o sepultamento dos doadores de órgãos e tecidos.;
2372064.0;https://dadosabertos.camara.leg.br/api/v2/proposicoes/2372064;PL;139.0;3323.0;2023;Altera a Lei nº 6.437, de 20 de agosto de 1977, que configura infrações à legislação sanitária federal, estabelece as sanções respectivas, e dá outras providências, para incluir a comercialização de animais vivos nos locais onde ocorra a comercialização de  alimentos destinados ao consumo humano como uma infração sanitária.;
2421446.0;https://dadosabertos.camara.leg.br/api/v2/proposicoes/2421446;RIC;148.0;564.0;2024;Solicita informações ao Ministro das Comunicações sobre o Programa Wi-Fi Brasil para o município de Castanhal, no Estado do Pará.;
;;;;;2025;;
2480102.0;https://dadosabertos.camara.leg.br/api/v2/proposicoes/2480102;INC;133.0;2218.0;2024;Sugere ao Ministério dos Portos e Aeroportos a destinação de investimentos e a formulação de políticas para a construção, readequação e modernização de portos, considerando as necessidades locais e climáticas, em regiões com infraestrutura logística mais limitada, como no estado do Amazonas, com ênfase no município de Ipixuna.;
2371047.0;https://dadosabertos.camara.leg.br/api/v2/proposicoes/2371047;INC;133.0;904.0;2023;Sugere a inclusão do município de Garrafão Do Norte, no Estado do Pará, no Programa Nacional de Segurança nas Escolas.;
2414123.0;https://dadosabertos.camara.leg.br/api/v2/proposicoes/2414123;EMC;130.0;17.0;2023;Dá nova redação à MPV 1185/2023;
2355555.0;https://dadosabertos.camara.leg.br/api/v2/proposicoes/2355555;REQ;308.0;1126.0;2023;Requer a redistribuição do Projeto de Lei Nº 9.263, de 2017, que “institui a Política e o Plano Nacional de Juventude e Sucessão Rural e dá outras providências”, para a Comissão de Cultura.;
;;;;;2025;;
;;;;;2025;;
2374673.0;https://dadosabertos.camara.leg.br/api/v2/proposicoes/2374673;REQ;354.0;2324.0;2023;Requer Moção de Louvor e Regozijo ao Soldado PM Nilson Gomes, pelos excelentes serviços prestados à Sociedade Carioca e Fluminense.;
2426870.0;https://dadosabertos.camara.leg.br/api/v2/proposicoes/2426870;RIC;148.0;970.0;2024;Requer informações ao Excelentíssimo Senhor Ministro da Casa Civil, Sr. Rui Costa, sobre os contratos de publicidade estabelecidos entre o Governo Brasileiro e a empresa X (antigo Twitter), liderada pelo empresário Elon Musk.;
2397403.0;https://dadosabertos.camara.leg.br/api/v2/proposicoes/2397403;REQ;308.0;3594.0;2023;Requer a revisão do despacho inicial do Projeto de Lei nº 1.774, de 2019, para que a Comissão de Indústria, Comércio e Serviços seja incluída no rol de Comissões Permanentes que devem manifestar-se sobre o mérito da proposição.;
2480062.0;https://dadosabertos.camara.leg.br/api/v2/proposicoes/2480062;INC;133.0;2179.0;2024;Sugere ao Ministério do Meio Ambiente e Mudança do Clima o combate aos lixões a céu aberto, por meio de investimentos na implementação de centrais modulares de tratamento de resíduos sólidos, especialmente no estado do Amazonas, com ênfase no município de Rio Preto da Eva.;
2432737.0;https://dadosabertos.camara.leg.br/api/v2/proposicoes/2432737;DOC;1033.0;390.0;2024;Comunica término de prazo integral de vigência da MPV 1197/2023 (Of 84/2024-CN).;
2430368.0;https://dadosabertos.camara.leg.br/api/v2/proposicoes/2430368;RIC;148.0;1184.0;2024;Solicita informações ao Senhor Ministro da Educação, Camilo Santana, acerca de suposta escassez na oferta de cursos de graduação em terapia ocupacional (TO), bem como de ausência de incentivo para matrícula no curso e de dificuldade na liberação de registro para profissionais formados na modalidade EAD ou híbrida pelos Conselhos Regionais de Fisioterapia e Terapia Ocupacional (CREFITOS).;
2454280.0;https://dadosabertos.camara.leg.br/api/v2/proposicoes/2454280;RIC;148.0;3196.0;2024;Requerimento de informação ao Ministro do Gabinete de Segurança Institucional, Sr. Marcos Antônio Amaro Dos Santos, sobre ato de exoneração dos militares que fizeram doação para o Ex-Presidente Jair Bolsonaro.;
2401166.0;https://dadosabertos.camara.leg.br/api/v2/proposicoes/2401166;PL;139.0;5337.0;2023;Define novos códigos na Classificação Nacional de Atividades Econômicas - CNAE para os serviços que especifica.;
;;;;;2025;;
;;;;;2025;;
2469668.0;https://dadosabertos.camara.leg.br/api/v2/proposicoes/2469668;MSC;401.0;1387.0;2024;Submete à apreciação do Congresso Nacional o ato constante da Portaria nº 6.075, de 11 de novembro de 2019, publicada no Diário Oficial da União de 13 de novembro de 2019, que renova, a partir de 1º de outubro de 2017, a autorização outorgada à Associação Rádio Comunitária de Marechal Cândido Rondon - RADIOMAR, para executar, pelo prazo de dez anos, sem direito de exclusividade, o serviço de radiodifusão comunitária, no Município de Marechal Cândido Rondon, Estado do Paraná.;
;;;;;2025;;
2427950.0;https://dadosabertos.camara.leg.br/api/v2/proposicoes/2427950;EMC;130.0;27.0;2024;Dá nova redação à MPV 1202/2023;
2413217.0;https://dadosabertos.camara.leg.br/api/v2/proposicoes/2413217;INC;133.0;1696.0;2023;Sugere expansão da oferta de cursos de capacitação da Escola Nacional dos Direitos da Criança e do Adolescente (ENDICA) e estabelecimento de cooperação com os entes federados para exigir a conclusão de pelo menos dois cursos de capacitação sobre temas vinculados às atribuições específicas de conselheiro tutelar como parte do processo de habilitação para concorrer às eleições.;
2396241.0;https://dadosabertos.camara.leg.br/api/v2/proposicoes/2396241;PL;139.0;5017.0;2023;Altera o Decreto-Lei nº 2.848, de 07 de dezembro de 1940 - Código Penal, a fim de aumentar as penas dos delitos de furto, roubo e receptação.;
;;;;;2025;;
2353211.0;https://dadosabertos.camara.leg.br/api/v2/proposicoes/2353211;EMC;130.0;72.0;2023;Dá nova redação à MPV 1153/2022;
2434876.0;https://dadosabertos.camara.leg.br/api/v2/proposicoes/2434876;PL;139.0;1948.0;2024;Declara o “Tacacá” prato de origem indígena típico da Região Amazônica principalmente produzida e consumida no Pará como Patrimônio Cultural Imaterial do Brasil.;
2446628.0;https://dadosabertos.camara.leg.br/api/v2/proposicoes/2446628;RIC;148.0;2125.0;2024;Requer do Ministro de Estado de Minas e Energia, Senhor Alexandre Silveira, informações a respeito das ações adotadas sobre o fornecimento de energia elétrica para o Município de Novo Aripuanã no Estado do Amazonas, durante o período de estiagem.;
2416194.0;https://dadosabertos.camara.leg.br/api/v2/proposicoes/2416194;RIC;148.0;3240.0;2023;Solicita ao Sr. Ministro da Defesa informações concernentes às empresas suspeitas de serem “laranjas”, que receberam mais de R$ 18 milhões em contratos com o Exército Brasileiro no último ano.;
2481541.0;https://dadosabertos.camara.leg.br/api/v2/proposicoes/2481541;INC;133.0;2463.0;2024;"""Sugere ao Ministério da Saúde o reforço das estratégias de controle e prevenção dos casos de malária no estado do Amazonas, com ênfase no município de Envira""";
2351207.0;https://dadosabertos.camara.leg.br/api/v2/proposicoes/2351207;PL;139.0;1091.0;2023;"Institui a Fisioterapia Preventiva no
Ambiente de Trabalho e dá outras providências.";
2458968.0;https://dadosabertos.camara.leg.br/api/v2/proposicoes/2458968;REQ;354.0;3935.0;2024;Requer aprovação de Voto de Regozijo e Louvor ao Sr. SD. EIKE SCHMIDT ROSSO, pertencente ao efetivo do Corpo de Bombeiros Militar do Estado do Espírito Santo, em reconhecimento aos valorosos serviços prestados aos municípios da região sul capixaba, diante das fortes chuvas que atingiram a região no final do mês de março do presente ano.;
2459742.0;https://dadosabertos.camara.leg.br/api/v2/proposicoes/2459742;PL;139.0;3786.0;2024;Institui a Política Nacional de Proteção à Saúde Mental em face do uso excessivo de tecnologia e das redes sociais e dá outras providências.;
2407144.0;https://dadosabertos.camara.leg.br/api/v2/proposicoes/2407144;PL;139.0;5741.0;2023;"Altera a Lei nº. 10.257, de 10 de julho de 2021, que regulamenta os arts. 182 e 183 da Constituição Federal, estabelece diretrizes gerais da política urbana e dá outras providências; e a Lei nº 14.620, de 13 de julho de 2023, que dispõe sobre o Programa Minha Casa, Minha Vida, para dispor sobre exigência de uso de isolamento térmico em edificações.";
2431312.0;https://dadosabertos.camara.leg.br/api/v2/proposicoes/2431312;RIC;148.0;1275.0;2024;Requer da Excelentíssima Ministra da Saúde, Senhora Nísia Trindade, informações sobre o números de UTI’s  diante do maior desastre ambiental do Rio Grande do Sul.;
2442596.0;https://dadosabertos.camara.leg.br/api/v2/proposicoes/2442596;PL;139.0;2516.0;2024;Autoriza o Poder Executivo a criar o Hospital Universitário do Sudoeste Baiano, no Município de Vitória da Conquista, Estado da Bahia.;
2367725.0;https://dadosabertos.camara.leg.br/api/v2/proposicoes/2367725;PL;139.0;2957.0;2023;Dá nova redação ao art. 733 da Lei nº 13.105, de 16 de março de 2015, Código de Processo Civil.;
2390546.0;https://dadosabertos.camara.leg.br/api/v2/proposicoes/2390546;DOC;1035.0;1076.0;2023;Com meus cordiais cumprimentos, venho à V.Exa. na qualidade de Presidente da Frente Parlamentar em Defesa dos Fretadores, pedir que seja feita a inclusão da Deputada Federal Nely Aquino PODEMOS/MG como membro da Frente Parlamentar conforme folha de adesão em anexo.;
2451265.0;https://dadosabertos.camara.leg.br/api/v2/proposicoes/2451265;TVR;1058.0;308.0;2024;Submete à apreciação do Congresso Nacional o ato constante da Portaria nº 10.833, de 27 de outubro de 2023, que renova permissão outorgada anteriormente conferida à SM Comunicações Ltda, para executar, pelo prazo de dez anos, sem direito de exclusividade, o serviço de radiodifusão sonora em onda média, posteriormente adaptado para o serviço de radiodifusão sonora em frequência modulada no Município de Cachoeiro do Itapemirim, Estado do Espírito Santo.;
2414117.0;https://dadosabertos.camara.leg.br/api/v2/proposicoes/2414117;EMC;130.0;14.0;2023;Dá nova redação à MPV 1185/2023;
2449425.0;https://dadosabertos.camara.leg.br/api/v2/proposicoes/2449425;RIC;148.0;2388.0;2024;Solicita informações à Ministra da Saúde, que providências o Ministério tem tomado acerca da estiagem no Estado do Amazonas, no Município de Uarini, no Estado do Amazonas.;
2384139.0;https://dadosabertos.camara.leg.br/api/v2/proposicoes/2384139;MSC;412.0;408.0;2023;"Comunica o Excelentíssimo Senhor Presidente da República a sanção do projeto de lei que ""Institui o Estado do Tocantins como Rota Nacional do Turismo de Aventura, Ecológico, Rural, de Sol e Praia Doce, de Vivência, Cultural, Religioso e Gastronômico ” restitui para o arquivo do Congresso Nacional, dois autógrafos do texto ora convertido na Lei nº 14.658,  de 23  de agosto  de 2023.";
;;;;;2025;;
2432894.0;https://dadosabertos.camara.leg.br/api/v2/proposicoes/2432894;PL;139.0;1757.0;2024;Prorroga o prazo para a apresentação da Declaração de Ajuste Anual do Imposto de Renda Pessoa Física referente ao exercício de 2024, no ano-calendário de 2023, em decorrência do estado de calamidade pública em parte do território nacional, para atendimento às consequências derivadas de eventos climáticos no Estado do Rio Grande do Sul.;
2466680.0;https://dadosabertos.camara.leg.br/api/v2/proposicoes/2466680;PL;139.0;4238.0;2024;Dispõe sobre a isenção do pagamento de pedágio para motocicletas e veículos similares em rodovias federais e dá outras providências.;
;;;;;2025;;
2361577.0;https://dadosabertos.camara.leg.br/api/v2/proposicoes/2361577;RIC;148.0;1330.0;2023;Requer ao Ministro de Estado de Educação, Sr. Camilo Santana, informações acerca da contratação de obra para a construção de Quadra Coberta na Escola Santa Tereza, no município de Jutaí/AM, proveniente de recursos federais, com identificação de origem nº 1007193, estimada no valor de R$ 509.820,40 (quinhentos e nove mil e oitocentos e vinte reais e quarenta centavos),  que encontra-se em status de paralisada/inacabada pelo Painel Informativo de Acompanhamento de Obras Paralisadas do Tribunal de Contas da União.;
;;;;;2025;;
2348977.0;https://dadosabertos.camara.leg.br/api/v2/proposicoes/2348977;PL;139.0;583.0;2023;Dispõe sobre o direito de toda mulher a ter acompanhante, pessoa de sua livre escolha, durante o trabalho de parto, parto, pós-parto imediato, consultas, exames, cirurgias ou qualquer outro procedimento de saúde, nos estabelecimentos públicos e privados de saúde.;
;;;;;2025;;
2456942.0;https://dadosabertos.camara.leg.br/api/v2/proposicoes/2456942;REQ;294.0;91.0;2024;Requer a realização de Audiência Pública para promover o MovE - Movimento Eficiência, uma articulação pela valorização dos Serviços Públicos.;
2385391.0;https://dadosabertos.camara.leg.br/api/v2/proposicoes/2385391;REQ;294.0;222.0;2023;Requer a realização  de audiência pública, pela Comissão de Saúde, em conjunto com a Comissão de Defesa dos Direitos da Mulher, para debater sobre Saúde e Dignidade Menstrual.;
2374654.0;https://dadosabertos.camara.leg.br/api/v2/proposicoes/2374654;REQ;1017.0;28.0;2023;Solicita informações à Secretaria de Saúde Indígena (SESAI), por intermédio do Ministério da Saúde, a fim de prestar esclarecimentos acerca do fato correspondente à morte de gestante indígena em Paranhos/MS.;
2423173.0;https://dadosabertos.camara.leg.br/api/v2/proposicoes/2423173;REQ;392.0;822.0;2024;Requer Urgência para o Projeto de Lei 421/24, que estabelece prioridade de atendimento psicossocial e prioridade de tramitação dos processos administrativos às mães que se dedicam integralmente ao cuidado de filhos com transtorno do espectro autista e filhos com deficiência moderada, grave ou profunda.;
2388344.0;https://dadosabertos.camara.leg.br/api/v2/proposicoes/2388344;OF;181.0;8.0;2023;Dispensa a redação final do PL 3009/21.;
2412450.0;https://dadosabertos.camara.leg.br/api/v2/proposicoes/2412450;DOC;1024.0;115.0;2023;;
2459772.0;https://dadosabertos.camara.leg.br/api/v2/proposicoes/2459772;INC;133.0;1249.0;2024;Sugere a Excelentíssima Ministra da Saúde, Senhora Nísia Trindade, a expansão dos centros de atendimentos com fornecimento de terapias de estimulação cognitiva, social e afetiva para pessoas que sofrem de demência.;
2427278.0;https://dadosabertos.camara.leg.br/api/v2/proposicoes/2427278;REQ;441.0;48.0;2024;Requer Moção de Solidariedade às mulheres e meninas brasileiras que têm sido obrigadas a levar adiante gestação decorrente de estupro.;
;;;;;2025;;
2404307.0;https://dadosabertos.camara.leg.br/api/v2/proposicoes/2404307;SOR;611.0;9.0;2023;"Promoção da Defesa Civil; Ação 8348; Programa 2318; Meta 500.000.000,00";
;;;;;2025;;
;;;;;2025;;
2437926.0;https://dadosabertos.camara.leg.br/api/v2/proposicoes/2437926;REQ;294.0;80.0;2024;Requer a realização de Audiência Pública conjunta com a Comissão de Cultura, para debater sobre a alta significação na instituição o Dia Nacional do Gengibre, a ser celebrado no dia 15 de maio.;
2372014.0;https://dadosabertos.camara.leg.br/api/v2/proposicoes/2372014;REQ;294.0;30.0;2023;Requer a realização de audiência pública para debater o cumprimento, por parte das escolas públicas e privadas de educação básica, da obrigatoriedade da oferta de profissionais de apoio escolar aos estudantes com deficiência, conforme dispõe a Lei nº 13.146, de 2015, Lei Brasileira de Inclusão da Pessoa com Deficiência.;
2398705.0;https://dadosabertos.camara.leg.br/api/v2/proposicoes/2398705;REQ;305.0;3660.0;2023;Requer a desapensação do Projeto de Lei nº 2.485, de 2019, que tramita apensado ao PL nº 7.419, de 2006, por regularem matérias não-idênticas ou não-correlatas.;
;;;;;2025;;
2426646.0;https://dadosabertos.camara.leg.br/api/v2/proposicoes/2426646;REQ;441.0;86.0;2024;Requer Moção de repúdio ao veto do presidente Lula a trechos do PL 2253/2022, que acaba com as saídas temporárias;
2420176.0;https://dadosabertos.camara.leg.br/api/v2/proposicoes/2420176;REQ;294.0;2.0;2024;Requer a realização audiência pública para tratar sobre a Política Nacional da Educação do Campo.;
2391712.0;https://dadosabertos.camara.leg.br/api/v2/proposicoes/2391712;REQ;318.0;3334.0;2023;Requer, nos termos regimentais, a inclusão da PEC nº 285/2008, que “Acrescenta artigo ao Ato das Disposições Constitucionais Transitórias para dispor sobre a vinculação de recursos orçamentários da União, dos Estados, do Distrito Federal e dos Municípios aos respectivos Fundos de Habitação de Interesse Social”, na pauta da Ordem do Dia.;
2424228.0;https://dadosabertos.camara.leg.br/api/v2/proposicoes/2424228;RIC;148.0;778.0;2024;Solicita ao Senhor Ministro de Estado da Educação, Camilo Santana, informações acerca das faculdades de Medicina Veterinária em todo o Brasil.;
2433360.0;https://dadosabertos.camara.leg.br/api/v2/proposicoes/2433360;REQ;313.0;1591.0;2024;Requer a inclusão de coautoria no Projeto de Lei nº 1.286, de 2023, de autoria do Deputado Dagoberto Nogueira – PSDB/MS.;
2446902.0;https://dadosabertos.camara.leg.br/api/v2/proposicoes/2446902;RIC;148.0;2141.0;2024;Requer informações  ao Ministério de Portos e Aeroportos acerca da disposição orçamentária e execução da recuperação do Porto (IP4) de Fonte Boa/AM.;
2358391.0;https://dadosabertos.camara.leg.br/api/v2/proposicoes/2358391;PL;139.0;2146.0;2023;"Institui o ""Programa Nacional Cultura da Paz nas Escolas"" e dá outras providências.";
2356310.0;https://dadosabertos.camara.leg.br/api/v2/proposicoes/2356310;AVN;635.0;3.0;2023;Encaminha, o Acórdão n. 162/2023 - TCU/Plénario, nos autos do TC-002.088/2022-3 que trata de acompanhamento da execução orçamentária e financeira da dívida pública federal relativo ao exercício de 2021.;
2440423.0;https://dadosabertos.camara.leg.br/api/v2/proposicoes/2440423;DOC;1028.0;611.0;2024;Comunica remessa à sanção do PL 3885/2023 (Of 504/2024-SF).;
2401844.0;https://dadosabertos.camara.leg.br/api/v2/proposicoes/2401844;SLD;612.0;9.0;2023;"Requer a formulação, coordenação e avaliação de políticas, normas, iniciativas; definição de estratégias; promoção e apoio às atividades para a implementação de programas em temas relacionados com a redução e o controle do desmatamento e dos incêndios florestais nos biomas brasileiros. Programa: 6114; Ação: 21F4. Acréscimo de Meta: 10.";
2392096.0;https://dadosabertos.camara.leg.br/api/v2/proposicoes/2392096;REQ;1017.0;116.0;2023;Requer informações ao Ministro dos Transportes, no âmbito da Agência Nacional de Transportes Terrestres (ANTT), sobre os contratos de concessões vigentes das ferrovias do Estado de São Paulo.;
;;;;;2025;;
2473542.0;https://dadosabertos.camara.leg.br/api/v2/proposicoes/2473542;PL;139.0;4620.0;2024;Altera a Lei nº 10.826, de 22 de dezembro de 2003, e a Lei nº 11.343, de 23 de agosto de 2006, para aumentar as penas dos crimes de porte ilegal de arma de fogo ou artefato explosivo e de tráfico de drogas quando as condutas forem praticadas mediante a utilização de veículo aéreo não tripulado;
2439107.0;https://dadosabertos.camara.leg.br/api/v2/proposicoes/2439107;INC;133.0;543.0;2024;Sugere o fortalecimento das capacidades locais para responder a emergências e a criação de fundos comunitários para recuperação pós-desastre.;
2459907.0;https://dadosabertos.camara.leg.br/api/v2/proposicoes/2459907;REQ;304.0;4111.0;2024;Requer a apensação, para tramitação conjunta, do Projeto de Lei nº 754, de 2024, ao Projeto de Lei nº 2.002, de 2019.;
2373432.0;https://dadosabertos.camara.leg.br/api/v2/proposicoes/2373432;PRC;444.0;95.0;2023;Altera a Resolução nº 17, de 1989, que aprovou o Regimento Interno da Câmara dos Deputados, a fim de atribuir à Procuradoria Parlamentar a prerrogativa de atuar em todas as instâncias judiciais na defesa das inviolabilidades parlamentares dos Deputados Federais.;
2383741.0;https://dadosabertos.camara.leg.br/api/v2/proposicoes/2383741;RIC;148.0;2225.0;2023;Requer informações adicionais à Ministra da Cultura, Sra. Margareth Menezes, sobre a utilização de aeronaves do Comando da Aeronáutica para transporte aéreo nos dias em que especifica, tendo em vista o disposto no art. 6º do Decreto nº 10.267, de 5 de março de 2020.;
2438714.0;https://dadosabertos.camara.leg.br/api/v2/proposicoes/2438714;SIT;151.0;14.0;2024;Solicita informações ao Exmo. Sr. Presidente do Tribunal de Contas da União sobre o recebimento de auxílio moradia dos membros do Ministério Público;
2428647.0;https://dadosabertos.camara.leg.br/api/v2/proposicoes/2428647;RIC;148.0;1113.0;2024;Requerimento de informação ao Ministro da Casa Civil, Sr. Rui Costa, sobre questões concernentes aos 261 móveis encontrados no Palácio do Planalto.;
;;;;;2025;;" Estado do Ceará."";"""";"""";""2025-03-11T16:00:41"";""https://dadosabertos.camara.leg.br/api/v2/orgaos/180"";"""";"""";"""";""https://www.camara.leg.br/proposicoesWeb/prop_mostrarintegra?codteor=2865312"";"""";""2025-03-25T00:00:00"";""11"";"""";""100001"";""SECAP(SGM)"";""https://dadosabertos.camara.leg.br/api/v2/orgaos/100001"";"""";""Notificações"";""1005"";""Aguardando Chancela e Publicação do Despacho"";""1210"";""Processo"";""Proposição Sujeita à Apreciação Conclusiva (Parecer 09/90 - CCJR)"";""https://www.camara.leg.br/proposicoesWeb/prop_mostrarintegra?codteor=2872037"""
2417284.0;https://dadosabertos.camara.leg.br/api/v2/proposicoes/2417284;REQ;308.0;172.0;2024;Requer, nos termos regimentais, a revisão do despacho ao Projeto de Lei nº 5.791/2019, que “Institui a Política Nacional do Cuidado e dá outras providências”.;
2447248.0;https://dadosabertos.camara.leg.br/api/v2/proposicoes/2447248;INC;133.0;1051.0;2024;Indica soluções ao Ministro da Fazenda, Fernando Haddad, à situação enfrentada pelos Suinocultores.;
2351285.0;https://dadosabertos.camara.leg.br/api/v2/proposicoes/2351285;RIC;148.0;471.0;2023;Requer do Ministro da Fazenda, Senhor Fernando Haddad, informações acerca da indicação para a Presidência da Caixa de Previdência dos Funcionários do Banco do Brasil – PREVI, feita pelo Banco do Brasil.;
2481182.0;https://dadosabertos.camara.leg.br/api/v2/proposicoes/2481182;TVR;428.0;864.0;2024;Submete à apreciação do Congresso Nacional o ato constante da Portaria nº 14.108, de 5 de agosto de 2024, publicada no Diário Oficial da União de 22 de agosto de 2024, que renova, a partir de 13 de agosto de 2018, a permissão outorgada à Frequência Brasileira de Comunicações Ltda., para executar, pelo prazo de dez anos, sem direito de exclusividade, o serviço de radiodifusão sonora em frequência modulada, no Município de Dores de Campos, Estado de Minas Gerais.;
2401032.0;https://dadosabertos.camara.leg.br/api/v2/proposicoes/2401032;DOC;1003.0;1268.0;2023;Of. nº 467/2023/PS-GSE que comunica ao Senado Federal o envio à sação do PL 5226/2019.;
2459257.0;https://dadosabertos.camara.leg.br/api/v2/proposicoes/2459257;TVR;1058.0;482.0;2024;Submete à apreciação do Congresso Nacional o ato constante da Portaria nº 11.079, de 14 de novembro de 2023, que renova a concessão outorgada à Rádio Planalto de Perdizes Ltda, para executar sem direito de exclusividade, serviço de radiodifusão sonora em onda média, posteriormente adaptado para o serviço de radiodifusão sonora em frequência modulada, no Município  de Perdizes, Estado de Minas Gerais.;
2466458.0;https://dadosabertos.camara.leg.br/api/v2/proposicoes/2466458;MSC;401.0;1263.0;2024;Submete à apreciação do Congresso Nacional o ato constante da Portaria nº 12.150, de 8 de fevereiro de 2024, publicada no Diário Oficial da União de 29 de fevereiro de 2024, que renova, a partir de 1º de maio de 2014, a concessão outorgada anteriormente conferida à Rádio Sociedade Sobradinho Ltda., para executar, pelo prazo de dez anos, sem direito de exclusividade, o serviço de radiodifusão sonora em onda média, no Município de Sobradinho, Estado do Rio Grande do Sul.;
2419921.0;https://dadosabertos.camara.leg.br/api/v2/proposicoes/2419921;DOC;1028.0;131.0;2024;Comunica remessa à sanção do PL 4358/2023 (Of 57/2024-SF).;
2367434.0;https://dadosabertos.camara.leg.br/api/v2/proposicoes/2367434;OF;181.0;12.0;2023;Convida o Sr. Antônio Fernandes dos Santos Neto, presidente da Central dos Sindicatos Brasileiros - CSB, para participar da Audiência Pública do dia 06 de junho de 2023.;
;;;;;2025;;
2362106.0;https://dadosabertos.camara.leg.br/api/v2/proposicoes/2362106;REQ;359.0;1513.0;2023;Requer a criação de Comissão Especial para analisar a PEC 246/2016 – “Altera o art. 203 da Constituição Federal para incluir o amparo à mulher vítima de violência entre os objetivos da assistência social..”;
2435007.0;https://dadosabertos.camara.leg.br/api/v2/proposicoes/2435007;DOC;1024.0;608.0;2024;;
2356470.0;https://dadosabertos.camara.leg.br/api/v2/proposicoes/2356470;RIC;148.0;838.0;2023;Solicita informações ao Ministro da Defesa, acerca do Projeto Calha Norte, para o Município de Manicoré, no Estado do Amazonas.;
2348996.0;https://dadosabertos.camara.leg.br/api/v2/proposicoes/2348996;REQ;147.0;208.0;2023;"Requer a saída como membro do REQ 194/2023, que ""Requer o Registro da Frente Parlamentar da Segurança Pública"" (CD237869235800).";
2349157.0;https://dadosabertos.camara.leg.br/api/v2/proposicoes/2349157;RIC;148.0;205.0;2023;Solicita informações ao Ministro da Educação, acerca do Programa de Internet nas Escolas no Município de São Sebastião do Uatumã, no Estado do Amazonas.;
2479845.0;https://dadosabertos.camara.leg.br/api/v2/proposicoes/2479845;DOC;1003.0;1629.0;2024;Of. nº 580/2024/PS-GSE, que encaminha ao Senado Federal o processado do PDL 254-2024, em revisão.;
2466447.0;https://dadosabertos.camara.leg.br/api/v2/proposicoes/2466447;TVR;492.0;661.0;2024;Submete à apreciação do Congresso Nacional o ato constante da Portaria nº 6.807, de 19 de setembro de 2022, publicada no Diário Oficial da União de 13 de dezembro de 2022, que outorga a autorização à Associação Comunitária de Radiodifusão Amparo FM, para executar, pelo prazo de dez anos, sem direito de exclusividade, o serviço de radiodifusão comunitária, no Município de Riachão do Dantas, Estado de Sergipe.;
2357638.0;https://dadosabertos.camara.leg.br/api/v2/proposicoes/2357638;REQ;392.0;1255.0;2023;Requer, nos termos do artigo 155 do Regimento Interno, tramitação sob o regime urgência do Projeto de Lei nº 1.387 de 2022.;
2423592.0;https://dadosabertos.camara.leg.br/api/v2/proposicoes/2423592;REQ;448.0;7.0;2024;Requer o envio de ofício da Comissão de Turismo ao Ministério do Turismo para incluir, no calendário oficial de eventos do Ministério do Turismo, o evento “Misericórdia Brasil”.;
2374406.0;https://dadosabertos.camara.leg.br/api/v2/proposicoes/2374406;REQ;147.0;2285.0;2023;Requer providências para a proteção e a defesa do livre exercício e das prerrogativas constitucionais do mandato parlamentar, a partir dos seguintes fatos e fundamentos;
2467710.0;https://dadosabertos.camara.leg.br/api/v2/proposicoes/2467710;REQ;294.0;63.0;2024;Requer, em aditamento ao REQ n.º 51/2024, a inclusão de convidado em Audiência Pública da Comissão de Desenvolvimento Econômico, a fim de debater a situação das Agências Reguladoras.;
2366857.0;https://dadosabertos.camara.leg.br/api/v2/proposicoes/2366857;PROC;720.0;22.0;2023;Ata 13;
;;;;;2025;;
2459367.0;https://dadosabertos.camara.leg.br/api/v2/proposicoes/2459367;PL;139.0;3735.0;2024;Dispõe sobre a política nacional de apoio aos entes subnacionais, que criem programas referentes aos jogos olímpicos e paralímpicos nas escolas de seus respectivos sistemas de ensino.;
2419855.0;https://dadosabertos.camara.leg.br/api/v2/proposicoes/2419855;PL;139.0;644.0;2024;"Dispõe sobre a criação da modalidade ""Pet Friendly"" nas empresas de transporte individual de passageiros.";
;;;;;2025;;
2418757.0;https://dadosabertos.camara.leg.br/api/v2/proposicoes/2418757;PL;139.0;463.0;2024;Esta Lei acrescenta um art. 39-A ao texto da Lei n° 11.196, de 21 de novembro de 2005, para conceder isenção do Imposto de Renda da Pessoa Física sobre o ganho auferido por pessoa física residente no País na venda de empresa de sua propriedade, ou de suas cotas em participação societária, desde que o alienante, no prazo de 180 (cento e oitenta) dias contado da celebração do contrato, aplique o produto da venda na abertura de nova empresa, na aquisição da propriedade de empresa já existente ou na participação societária em outra empresa, mediante a aquisição de cotas, e desde que essas empresas estejam localizadas no País.;
2357722.0;https://dadosabertos.camara.leg.br/api/v2/proposicoes/2357722;PL;139.0;2074.0;2023;Cria o programa de enfrentamento e superação da violência às escolas e altera o art. 20, §1º, da Lei nº 7.716 de 5 de janeiro de 1989.;
