idDeputado;nome;sgUF;sgPartido;idLegislatura;situacao;condicaoEleitoral;produtividade_legislativa;gasto_ceap_ajustado;pct_andamento;pct_fracasso;pct_sucesso;temas_destaque;quadrante;ranking_leg;ranking_gastos;ranking_soma;ranking
220715;Amom Mandel;AM;REPUBLICANOS;57;Exercício;Titular;3215.2000000000003;22.04;0.7895179962113239;0.20879814775836666;0.0016838560303094085;Saúde, Administração Pública e Direitos Humanos e Minorias;Alta produtividade e baixo custo;3;1;4;1
204536;Kim Kataguiri;SP;MISSÃO;57;Exercício;Titular;894.8000000000001;98209.17;0.7114093959731543;0.2833706189410887;0.005219985085756898;Administração Pública, Direito Penal e Processual Penal e Defesa e Segurança;Alta produtividade e baixo custo;17;17;34;2
204528;Adriana Ventura;SP;NOVO;57;Exercício;Titular;1032.8;182338.37;0.7463768115942029;0.25;0.0036231884057971015;Administração Pública, Finanças Públicas e Orçamento e Defesa e Segurança;Alta produtividade e baixo custo;12;26;38;3
204365;Gilson Marques;SC;NOVO;57;Exercício;Titular;497.4;389919.83;0.8296795952782462;0.16526138279932545;0.00505902192242833;Administração Pública, Finanças Públicas e Orçamento e Defesa e Segurança;Alta produtividade e baixo custo;53;38;91;4
156190;Marcel van Hattem;RS;NOVO;57;Exercício;Titular;589.6;606576.43;0.7310126582278481;0.26371308016877637;0.005274261603375527;Administração Pública, Finanças Públicas e Orçamento e Defesa e Segurança;Alta produtividade e baixo custo;37;61;98;5
178937;Altineu Côrtes;RJ;PL;57;Exercício;Titular;8642.300000000001;969224.7;0.8885480572597138;0.10736196319018405;0.00408997955010225;Processo Legislativo e Atuação Parlamentar, Finanças Públicas e Orçamento e Administração Pública;Alta produtividade e baixo custo;1;103;104;6
204572;Capitão Alberto Neto;AM;PL;57;Exercício;Titular;1444.1;948003.18;0.8446480633069554;0.15077051228654728;0.004581424406497293;Saúde, Administração Pública e Defesa e Segurança;Alta produtividade e baixo custo;10;101;111;7
160512;Aureo Ribeiro;RJ;SOLIDARIEDADE;57;Exercício;Titular;715.7;839200.52;0.7455795677799607;0.2475442043222004;0.0068762278978389;Administração Pública, Direitos Humanos e Minorias e Finanças Públicas e Orçamento;Alta produtividade e baixo custo;27;86;113;8
204369;Caroline de Toni;SC;PL;57;Exercício;Titular;429.6;470588.18;0.7871198568872988;0.20572450805008943;0.007155635062611807;Administração Pública, Finanças Públicas e Orçamento e Direitos Humanos e Minorias;Alta produtividade e baixo custo;71;45;116;9
204462;Chris Tonietto;RJ;PL;57;Exercício;Titular;500.7;722418.6;0.806312769010043;0.18794835007173602;0.005738880918220947;Direitos Humanos e Minorias, Administração Pública e Saúde;Alta produtividade e baixo custo;52;70;122;10
220713;Saullo Vianna;AM;MDB;57;Exercício;Titular;886.1;998494.72;0.8217054263565892;0.17506459948320413;0.003229974160206718;Direitos Humanos e Minorias, Defesa e Segurança e Meio Ambiente e Desenvolvimento Sustentável;Alta produtividade e baixo custo;18;111;129;11
220604;Marcos Tavares;RJ;PDT;57;Exercício;Titular;1452.7;1108940.84;0.914;0.0848;0.0012;Saúde, Educação e Direitos Humanos e Minorias;Alta produtividade e baixo custo;9;129;138;12
220673;Delegado Caveira;PA;PL;57;Exercício;Titular;428.2;719415.72;0.7906602254428341;0.20450885668276972;0.004830917874396135;Administração Pública, Saúde e Finanças Públicas e Orçamento;Alta produtividade e baixo custo;72;68;140;13
74858;Lindbergh Farias;RJ;PT;57;Exercício;Titular;401.90000000000003;552946.48;0.770663562281723;0.22933643771827705;0.0;Administração Pública, Trabalho e Emprego e Finanças Públicas e Orçamento;Alta produtividade e baixo custo;85;56;141;14
220568;Gustavo Gayer;GO;PL;57;Exercício;Titular;934.2;1105715.61;0.8036474164133739;0.1939209726443769;0.0024316109422492403;Administração Pública, Finanças Públicas e Orçamento e Defesa e Segurança;Alta produtividade e baixo custo;16;127;143;15
220552;Zucco;RS;PL;57;Exercício;Titular;454.3;804589.89;0.5865139949109415;0.40076335877862596;0.01272264631043257;Administração Pública, Finanças Públicas e Orçamento e Defesa e Segurança;Alta produtividade e baixo custo;61;83;144;16
204535;Sâmia Bomfim;SP;PSOL;57;Exercício;Titular;678.9;1034652.29;0.5;0.4977116704805492;0.002288329519450801;Direitos Humanos e Minorias, Administração Pública e Finanças Públicas e Orçamento;Alta produtividade e baixo custo;31;115;146;17
209787;Nikolas Ferreira;MG;PL;57;Exercício;Titular;576.7;1015649.7;0.6242138364779874;0.3694968553459119;0.006289308176100629;Administração Pública, Direitos Humanos e Minorias e Finanças Públicas e Orçamento;Alta produtividade e baixo custo;38;112;150;18
204372;Julio Cesar Ribeiro;DF;REPUBLICANOS;57;Exercício;Titular;602.8000000000001;1059909.05;0.7488479262672811;0.2465437788018433;0.004608294930875576;Direitos Humanos e Minorias, Administração Pública e Saúde;Alta produtividade e baixo custo;34;120;154;19
220623;Duda Salabert;MG;PSOL;57;Exercício;Titular;507.40000000000003;977464.7;0.7478632478632479;0.24216524216524216;0.009971509971509971;Direitos Humanos e Minorias, Meio Ambiente e Desenvolvimento Sustentável e Saúde;Alta produtividade e baixo custo;50;105;155;20
220645;Erika Hilton;SP;PSOL;57;Exercício;Titular;413.2;754402.64;0.6625172890733056;0.330567081604426;0.006915629322268326;Direitos Humanos e Minorias, Saúde e Finanças Públicas e Orçamento;Alta produtividade e baixo custo;80;76;156;21
221338;Professora Luciene Cavalcante;SP;PSOL;57;Exercício;Suplente;456.5;915617.01;0.49851190476190477;0.49255952380952384;0.008928571428571428;Direitos Humanos e Minorias, Educação e Administração Pública;Alta produtividade e baixo custo;60;97;157;22
204520;Junio Amaral;MG;PL;57;Exercício;Titular;433.6;881969.06;0.6380281690140845;0.35492957746478876;0.007042253521126761;Administração Pública, Defesa e Segurança e Finanças Públicas e Orçamento;Alta produtividade e baixo custo;70;89;159;23
204387;Sargento Fahur;PR;PL;57;Exercício;Titular;360.8;559645.91;0.6610455311973018;0.3305227655986509;0.008431703204047217;Administração Pública, Defesa e Segurança e Direitos Humanos e Minorias;Alta produtividade e baixo custo;107;57;164;24
204450;Doutor Luizinho;RJ;PP;57;Exercício;Titular;366.3;693596.12;0.9610849056603774;0.0330188679245283;0.00589622641509434;Administração Pública, Saúde e Finanças Públicas e Orçamento;Alta produtividade e baixo custo;105;67;172;25
220644;Rosangela Moro;SP;PL;57;Exercício;Titular;445.90000000000003;986232.8;0.6962616822429907;0.29906542056074764;0.004672897196261682;Saúde, Direitos Humanos e Minorias e Administração Pública;Alta produtividade e baixo custo;64;109;173;26
204464;Talíria Petrone;RJ;PSOL;57;Exercício;Titular;403.1;882162.68;0.6711229946524064;0.3181818181818182;0.0106951871657754;Direitos Humanos e Minorias, Administração Pública e Defesa e Segurança;Alta produtividade e baixo custo;84;90;174;27
220598;Tarcísio Motta;RJ;PSOL;57;Exercício;Titular;599.5;1153585.13;0.6657608695652174;0.33016304347826086;0.004076086956521739;Direitos Humanos e Minorias, Administração Pública e Educação;Alta produtividade e baixo custo;35;140;175;28
160604;Pedro Uczai;SC;PT;57;Exercício;Titular;593.9;1178892.97;0.6041412911084044;0.392204628501827;0.0036540803897685747;Finanças Públicas e Orçamento, Direitos Humanos e Minorias e Administração Pública;Alta produtividade e baixo custo;36;145;181;29
220686;Duarte Jr.;MA;AVANTE;57;Exercício;Titular;868.5;1219013.31;0.5967894239848914;0.3899905571293673;0.013220018885741265;Direitos Humanos e Minorias, Saúde e Administração Pública;Alta produtividade e baixo custo;20;162;182;30
220571;Daniel Agrobom;GO;PSD;57;Exercício;Titular;330.5;607928.81;0.5952890792291221;0.4004282655246253;0.004282655246252677;Direitos Humanos e Minorias, Finanças Públicas e Orçamento e Administração Pública;Alta produtividade e baixo custo;131;62;193;31
204444;Helio Lopes;RJ;PL;57;Exercício;Titular;343.0;778713.89;0.7574074074074074;0.2351851851851852;0.007407407407407408;Direitos Humanos e Minorias, Administração Pública e Defesa e Segurança;Alta produtividade e baixo custo;119;79;198;32
178947;Sóstenes Cavalcante;RJ;PL;57;Exercício;Titular;745.2;1252392.76;0.8665458937198067;0.13043478260869565;0.0030193236714975845;Administração Pública, Arte, Cultura e Religião e Direitos Humanos e Minorias;Alta produtividade e baixo custo;23;176;199;33
74084;Raimundo Santos;PA;PSD;57;Exercício;Titular;2296.4;1299300.91;0.9291676065869614;0.06880216557635913;0.0020302278366794496;Direitos Humanos e Minorias, Educação e Saúde;Alta produtividade e baixo custo;6;200;206;34
220657;André Fernandes;CE;PL;57;Exercício;Titular;332.0;768595.67;0.6479690522243714;0.34622823984526113;0.005802707930367505;Direito Penal e Processual Penal, Administração Pública e Defesa e Segurança;Alta produtividade e baixo custo;129;78;207;35
73441;Celso Russomanno;SP;REPUBLICANOS;57;Exercício;Titular;283.90000000000003;433169.43;0.5402298850574713;0.4540229885057471;0.005747126436781609;Processo Legislativo e Atuação Parlamentar, Finanças Públicas e Orçamento e Administração Pública;Alta produtividade e baixo custo;170;41;211;36
161440;Pezenti;SC;MDB;57;Exercício;Titular;411.1;1115836.89;0.5885797950219619;0.40702781844802344;0.004392386530014641;Administração Pública, Finanças Públicas e Orçamento e Agricultura, Pecuária, Pesca e Extrativismo;Alta produtividade e baixo custo;82;132;214;37
74158;Mário Heringer;MG;PDT;57;Exercício;Titular;347.8;980472.6799999999;0.8143036386449184;0.18569636135508155;0.0;Direitos Humanos e Minorias, Administração Pública e Defesa e Segurança;Alta produtividade e baixo custo;115;106;221;38
220549;Any Ortiz;RS;PP;57;Exercício;Titular;307.5;724556.13;0.5911708253358925;0.39539347408829173;0.013435700575815739;Finanças Públicas e Orçamento, Direitos Humanos e Minorias e Administração Pública;Alta produtividade e baixo custo;151;71;222;39
220646;Felipe Becari;SP;PODE;57;Exercício;Titular;391.90000000000003;1109663.99;0.6618229854689565;0.3368560105680317;0.001321003963011889;Meio Ambiente e Desenvolvimento Sustentável, Direitos Humanos e Minorias e Direito Penal e Processual Penal;Alta produtividade e baixo custo;92;130;222;39
141450;Hugo Leal;RJ;PSD;57;Exercício;Titular;306.8;727270.54;0.5817694369973191;0.4128686327077748;0.005361930294906166;Administração Pública, Finanças Públicas e Orçamento e Direitos Humanos e Minorias;Alta produtividade e baixo custo;152;72;224;40
220654;Delegado Paulo Bilynskyj;SP;PL;57;Exercício;Titular;873.9;1321752.48;0.5524642289348172;0.4419713831478537;0.005564387917329093;Administração Pública, Defesa e Segurança e Direitos Humanos e Minorias;Alta produtividade e baixo custo;19;214;233;41
220618;Sargento Portugal;RJ;PODE;57;Exercício;Titular;3050.8;1357495.73;0.68582769773596;0.3135842399294325;0.0005880623346074683;Defesa e Segurança, Administração Pública e Direito Penal e Processual Penal;Alta produtividade e baixo custo;4;232;236;42
178873;Helder Salomão;ES;PT;57;Exercício;Titular;422.1;1218370.53;0.6013400335008375;0.3969849246231156;0.0016750418760469012;Administração Pública, Direitos Humanos e Minorias e Trabalho e Emprego;Alta produtividade e baixo custo;75;161;236;42
206018;Célia Xakriabá;MG;PSOL;57;Exercício;Titular;489.90000000000003;1269428.07;0.5493150684931507;0.4383561643835616;0.012328767123287671;Direitos Humanos e Minorias, Meio Ambiente e Desenvolvimento Sustentável e Administração Pública;Alta produtividade e baixo custo;55;183;238;43
160161;Marcelo Queiroz;RJ;PSDB;57;Exercício;Titular;393.1;1182039.09;0.5326278659611993;0.4567901234567901;0.010582010582010581;Meio Ambiente e Desenvolvimento Sustentável, Finanças Públicas e Orçamento e Direito Penal e Processual Penal;Alta produtividade e baixo custo;90;148;238;43
178929;Diego Garcia;PR;UNIÃO;57;Exercício;Titular;703.1;1333321.87;0.6121372031662269;0.3786279683377309;0.009234828496042216;Saúde, Direitos Humanos e Minorias e Administração Pública;Alta produtividade e baixo custo;28;219;247;44
72442;Felipe Carreras;PE;PSB;57;Exercício;Titular;309.2;927334.54;0.6396103896103896;0.3392857142857143;0.021103896103896104;Finanças Públicas e Orçamento, Administração Pública e Economia;Alta produtividade e baixo custo;149;99;248;45
204526;Luiz Philippe de Orleans e Bragança;SP;PL;57;Exercício;Titular;554.5;1308836.35;0.7328767123287672;0.2614155251141553;0.005707762557077625;Administração Pública, Defesa e Segurança e Finanças Públicas e Orçamento;Alta produtividade e baixo custo;40;208;248;45
165470;Rodrigo Valadares;SE;PL;57;Exercício;Titular;435.0;1260053.13;0.677570093457944;0.31931464174454827;0.003115264797507788;Administração Pública, Finanças Públicas e Orçamento e Direitos Humanos e Minorias;Alta produtividade e baixo custo;69;180;249;46
220630;Pedro Aihara;MG;PP;57;Exercício;Titular;463.6;1281580.76;0.6199158485273493;0.37166900420757365;0.008415147265077139;Defesa e Segurança, Direitos Humanos e Minorias e Saúde;Alta produtividade e baixo custo;59;191;250;47
220595;Coronel Fernanda;MT;PL;57;Exercício;Titular;453.6;1286638.08;0.5797101449275363;0.40869565217391307;0.011594202898550725;Direitos Humanos e Minorias, Administração Pública e Estrutura Fundiária;Alta produtividade e baixo custo;62;195;257;48
204455;Luiz Lima;RJ;NOVO;57;Exercício;Titular;533.2;1326781.41;0.7161290322580646;0.2787096774193548;0.005161290322580645;Administração Pública, Finanças Públicas e Orçamento e Defesa e Segurança;Alta produtividade e baixo custo;43;216;259;49
220695;Rogéria Santos;BA;REPUBLICANOS;57;Exercício;Titular;1009.3000000000001;1399476.37;0.7344854673998429;0.25765907305577374;0.007855459544383346;Direitos Humanos e Minorias, Saúde e Defesa e Segurança;Alta produtividade e baixo custo;13;253;266;50
204407;Fernanda Melchionna;RS;PSOL;57;Exercício;Titular;437.3;1308411.36;0.6419213973799127;0.3522561863173217;0.005822416302765648;Direitos Humanos e Minorias, Administração Pública e Finanças Públicas e Orçamento;Alta produtividade e baixo custo;66;205;271;51
220550;Mauricio Marcon;RS;PL;57;Exercício;Titular;383.7;1251909.73;0.7244525547445255;0.2664233576642336;0.009124087591240875;Administração Pública, Finanças Públicas e Orçamento e Direitos Humanos e Minorias;Alta produtividade e baixo custo;97;175;272;52
220563;Icaro de Valmir;SE;REPUBLICANOS;57;Exercício;Titular;337.0;1184144.88;0.4369565217391304;0.5565217391304348;0.006521739130434782;Finanças Públicas e Orçamento, Processo Legislativo e Atuação Parlamentar e Administração Pública;Alta produtividade e baixo custo;125;149;274;53
98148;Cobalchini;SC;MDB;57;Exercício;Titular;410.7;1283620.26;0.6427350427350428;0.3487179487179487;0.008547008547008548;Finanças Públicas e Orçamento, Saúde e Administração Pública;Alta produtividade e baixo custo;83;192;275;54
73579;Alberto Fraga;DF;PL;57;Exercício;Titular;607.6;1384921.71;0.6323529411764706;0.3592436974789916;0.008403361344537815;Defesa e Segurança, Administração Pública e Direitos Humanos e Minorias;Alta produtividade e baixo custo;33;244;277;55
141555;Vinicius Carvalho;SP;PL;57;Exercício;Titular;338.1;1201446.85;0.4716312056737589;0.5195035460992907;0.008865248226950355;Direitos Humanos e Minorias, Finanças Públicas e Orçamento e Administração Pública;Alta produtividade e baixo custo;124;155;279;56
137070;Vicentinho Júnior;TO;PSDB;57;Exercício;Titular;267.5;914824.27;0.5077519379844961;0.48643410852713176;0.005813953488372093;Finanças Públicas e Orçamento, Administração Pública e Direitos Humanos e Minorias;Alta produtividade e baixo custo;186;96;282;57
220564;Yandra Moura;SE;UNIÃO;57;Exercício;Titular;333.8;1206162.78;0.5875420875420876;0.40404040404040403;0.008417508417508417;Direitos Humanos e Minorias, Saúde e Trabalho e Emprego;Alta produtividade e baixo custo;127;158;285;58
204472;José Medeiros;MT;PL;57;Exercício;Titular;979.2;1425948.61;0.8386380458919319;0.15766099185788304;0.003700962250185048;Administração Pública, Finanças Públicas e Orçamento e Direitos Humanos e Minorias;Alta produtividade e alto custo;15;271;286;59
220621;Sargento Gonçalves;RN;PL;57;Exercício;Titular;332.0;1211240.77;0.6217712177121771;0.3726937269372694;0.005535055350553505;Administração Pública, Defesa e Segurança e Direitos Humanos e Minorias;Alta produtividade e baixo custo;129;159;288;60
220557;Daniela Reinehr;SC;PL;57;Exercício;Titular;501.6;1367450.97;0.7824897400820794;0.213406292749658;0.004103967168262654;Administração Pública, Direitos Humanos e Minorias e Finanças Públicas e Orçamento;Alta produtividade e baixo custo;51;238;289;61
220547;Marcos Pollon;MS;PL;57;Exercício;Titular;734.5;1413757.22;0.6628919860627178;0.3327526132404181;0.004355400696864111;Defesa e Segurança, Administração Pública e Direitos Humanos e Minorias;Alta produtividade e alto custo;25;264;289;61
160548;Jonas Donizette;SP;PSB;57;Exercício;Titular;639.4;1406574.24;0.8232118758434548;0.15519568151147098;0.021592442645074223;Direito Civil e Processual Civil, Trabalho e Emprego e Direitos Humanos e Minorias;Alta produtividade e alto custo;32;258;290;62
220576;Alfredo Gaspar;AL;PL;57;Exercício;Titular;375.2;1280347.23;0.7125;0.26964285714285713;0.017857142857142856;Administração Pública, Defesa e Segurança e Finanças Públicas e Orçamento;Alta produtividade e baixo custo;101;189;290;62
220650;Paulo Alexandre Barbosa;SP;PSD;57;Exercício;Titular;225.20000000000002;595155.38;0.4701834862385321;0.5298165137614679;0.0;Direitos Humanos e Minorias, Administração Pública e Finanças Públicas e Orçamento;Alta produtividade e baixo custo;230;60;290;62
220712;Fausto Jr.;AM;UNIÃO;57;Exercício;Titular;265.5;983086.6799999999;0.5605095541401274;0.4288747346072187;0.010615711252653927;Direitos Humanos e Minorias, Viação, Transporte e Mobilidade e Administração Pública;Alta produtividade e baixo custo;189;107;296;63
204436;Isnaldo Bulhões Jr.;AL;MDB;57;Exercício;Titular;219.5;551996.33;0.9098039215686274;0.06862745098039216;0.021568627450980392;Finanças Públicas e Orçamento, Administração Pública e Economia;Alta produtividade e baixo custo;241;55;296;63
204395;Pedro Lupion;PR;REPUBLICANOS;57;Exercício;Titular;322.7;1211427.2;0.8017057569296375;0.18976545842217485;0.008528784648187633;Administração Pública, Agricultura, Pecuária, Pesca e Extrativismo e Defesa e Segurança;Alta produtividade e baixo custo;137;160;297;64
204374;Bia Kicis;DF;PL;57;Exercício;Titular;509.7;1390553.83;0.6978319783197832;0.29132791327913277;0.01084010840108401;Direitos Humanos e Minorias, Administração Pública e Finanças Públicas e Orçamento;Alta produtividade e baixo custo;49;249;298;65
160553;Antonio Brito;BA;PSD;57;Exercício;Titular;384.6;1303691.57;0.798941798941799;0.19682539682539682;0.004232804232804233;Direitos Humanos e Minorias, Finanças Públicas e Orçamento e Saúde;Alta produtividade e baixo custo;96;202;298;65
220613;Roberto Monteiro Pai;RJ;PL;57;Exercício;Titular;348.7;1275063.57;0.6192109777015438;0.37735849056603776;0.003430531732418525;Defesa e Segurança, Finanças Públicas e Orçamento e Saúde;Alta produtividade e baixo custo;114;186;300;66
133439;André Figueiredo;CE;PDT;57;Exercício;Titular;539.2;1406692.24;0.6955602536997886;0.2928118393234672;0.011627906976744186;Finanças Públicas e Orçamento, Administração Pública e Economia;Alta produtividade e alto custo;42;259;301;67
220569;Silvye Alves;GO;UNIÃO;57;Exercício;Titular;436.8;1362701.66;0.6705370101596516;0.3164005805515239;0.013062409288824383;Direitos Humanos e Minorias, Direito Penal e Processual Penal e Defesa e Segurança;Alta produtividade e baixo custo;67;234;301;67
220534;Fred Linhares;DF;REPUBLICANOS;57;Exercício;Titular;496.7;1390364.69;0.7046223224351748;0.28861330326944756;0.006764374295377677;Direitos Humanos e Minorias, Saúde e Administração Pública;Alta produtividade e baixo custo;54;248;302;68
214694;Jorge Goetten;SC;REPUBLICANOS;57;Exercício;Titular;301.40000000000003;1186726.16;0.5273522975929978;0.45951859956236324;0.01312910284463895;Finanças Públicas e Orçamento, Administração Pública e Direitos Humanos e Minorias;Alta produtividade e baixo custo;155;150;305;69
178857;Jorge Solla;BA;PT;57;Exercício;Titular;419.7;1354166.69;0.6701754385964912;0.3263157894736842;0.0035087719298245615;Administração Pública, Finanças Públicas e Orçamento e Direitos Humanos e Minorias;Alta produtividade e baixo custo;76;230;306;70
74856;Laura Carneiro;RJ;PSD;57;Exercício;Titular;2325.7000000000003;1478060.76;0.8253275109170306;0.14759825327510917;0.027074235807860263;Direitos Humanos e Minorias, Finanças Públicas e Orçamento e Saúde;Alta produtividade e alto custo;5;303;308;71
204460;Carlos Jordy;RJ;PL;57;Exercício;Titular;359.8;1308466.91;0.706984667802385;0.282793867120954;0.010221465076660987;Administração Pública, Finanças Públicas e Orçamento e Direitos Humanos e Minorias;Alta produtividade e baixo custo;109;206;315;72
204404;Lucas Redecker;RS;PSD;57;Exercício;Titular;254.9;1086036.71;0.4424552429667519;0.5498721227621484;0.0076726342710997444;Finanças Públicas e Orçamento, Administração Pública e Direitos Humanos e Minorias;Alta produtividade e baixo custo;199;122;321;73
220533;Prof. Reginaldo Veras;DF;PV;57;Exercício;Titular;309.8;1253499.02;0.5079006772009029;0.4898419864559819;0.002257336343115124;Direitos Humanos e Minorias, Administração Pública e Educação;Alta produtividade e baixo custo;148;177;325;74
220629;Dandara;MG;PT;57;Exercício;Titular;264.9;1133501.22;0.6623711340206185;0.32989690721649484;0.007731958762886598;Direitos Humanos e Minorias, Administração Pública e Finanças Públicas e Orçamento;Alta produtividade e baixo custo;190;135;325;74
220615;Pastor Henrique Vieira;RJ;PSOL;57;Exercício;Titular;347.5;1314106.27;0.6189516129032258;0.375;0.006048387096774193;Direitos Humanos e Minorias, Administração Pública e Saúde;Alta produtividade e baixo custo;116;211;327;75
220642;Delegado Bruno Lima;SP;PODE;57;Exercício;Titular;223.20000000000002;896228.92;0.8664383561643836;0.13013698630136986;0.003424657534246575;Meio Ambiente e Desenvolvimento Sustentável, Direito Penal e Processual Penal e Direitos Humanos e Minorias;Alta produtividade e baixo custo;235;92;327;75
160575;Erika Kokay;DF;PT;57;Exercício;Titular;718.6;1478892.76;0.5409982174688057;0.4572192513368984;0.0017825311942959;Administração Pública, Direitos Humanos e Minorias e Trabalho e Emprego;Alta produtividade e alto custo;26;304;330;76
74848;Jandira Feghali;RJ;PCdoB;57;Exercício;Titular;263.1;1151362.15;0.6478149100257069;0.3393316195372751;0.012853470437017995;Direitos Humanos e Minorias, Administração Pública e Defesa e Segurança;Alta produtividade e baixo custo;192;138;330;76
160598;Flávia Morais;GO;MDB;57;Exercício;Titular;809.1;1498365.23;0.5558232931726907;0.43132530120481927;0.01285140562248996;Saúde, Administração Pública e Direitos Humanos e Minorias;Alta produtividade e alto custo;22;309;331;77
220606;Reimont;RJ;PT;57;Exercício;Titular;392.2;1385062.28;0.6607460035523979;0.3339253996447602;0.0053285968028419185;Direitos Humanos e Minorias, Administração Pública e Trabalho e Emprego;Alta produtividade e baixo custo;91;245;336;78
220540;Duda Ramos;RR;PODE;57;Exercício;Titular;1550.8;1515240.02;0.8966275659824047;0.09897360703812316;0.004398826979472141;Direitos Humanos e Minorias, Administração Pública e Indústria, Comércio e Serviços;Alta produtividade e alto custo;7;329;336;78
204541;Eduardo Bismarck;CE;PV;57;Exercício;Titular;214.20000000000002;859749.0;0.42907801418439717;0.5602836879432624;0.010638297872340425;Finanças Públicas e Orçamento, Arte, Cultura e Religião e Direitos Humanos e Minorias;Baixa produtividade e baixo custo;249;88;337;79
204511;David Soares;SP;PODE;57;Exercício;Titular;325.0;1308522.11;0.6067708333333334;0.3828125;0.010416666666666666;Direitos Humanos e Minorias, Administração Pública e Finanças Públicas e Orçamento;Alta produtividade e baixo custo;134;207;341;80
73701;Benedita da Silva;RJ;PT;57;Exercício;Titular;300.6;1275352.31;0.6126482213438735;0.37549407114624506;0.011857707509881422;Direitos Humanos e Minorias, Finanças Públicas e Orçamento e Administração Pública;Alta produtividade e baixo custo;156;187;343;81
160640;Eros Biondini;MG;PL;57;Exercício;Titular;223.70000000000002;997506.99;0.5244755244755245;0.47086247086247085;0.004662004662004662;Direitos Humanos e Minorias, Administração Pública e Defesa e Segurança;Alta produtividade e baixo custo;233;110;343;81
204494;Fred Costa;MG;PRD;57;Exercício;Titular;255.4;1179184.13;0.6161616161616161;0.3797979797979798;0.00404040404040404;Meio Ambiente e Desenvolvimento Sustentável, Direitos Humanos e Minorias e Direito Penal e Processual Penal;Alta produtividade e baixo custo;198;146;344;82
204416;Sanderson;RS;PL;57;Exercício;Titular;437.6;1443504.47;0.5833333333333334;0.40922619047619047;0.00744047619047619;Administração Pública, Defesa e Segurança e Finanças Públicas e Orçamento;Alta produtividade e alto custo;65;281;346;83
220655;Mario Frias;SP;PL;57;Exercício;Titular;345.40000000000003;1354724.77;0.7592295345104334;0.23595505617977527;0.004815409309791332;Administração Pública, Defesa e Segurança e Direitos Humanos e Minorias;Alta produtividade e baixo custo;117;231;348;84
220611;General Pazuello;RJ;PL;57;Exercício;Titular;277.1;1245195.67;0.49777777777777776;0.49777777777777776;0.0044444444444444444;Defesa e Segurança, Direito Penal e Processual Penal e Processo Legislativo e Atuação Parlamentar;Alta produtividade e baixo custo;175;174;349;85
157130;Túlio Gadêlha;PE;PSD;57;Exercício;Titular;333.7;1346176.11;0.5944954128440367;0.3981651376146789;0.007339449541284404;Direitos Humanos e Minorias, Trabalho e Emprego e Administração Pública;Alta produtividade e baixo custo;128;222;350;86
178972;Alex Manente;SP;CIDADANIA;57;Exercício;Titular;219.1;984248.14;0.8013937282229965;0.18815331010452963;0.010452961672473868;Direitos Humanos e Minorias, Saúde e Administração Pública;Alta produtividade e baixo custo;242;108;350;86
204506;Marcos Pereira;SP;REPUBLICANOS;57;Exercício;Titular;6163.0;1536335.63;0.5403225806451613;0.4274193548387097;0.03225806451612903;Indústria, Comércio e Serviços, Direitos Humanos e Minorias e Finanças Públicas e Orçamento;Alta produtividade e alto custo;2;350;352;87
204495;Airton Faleiro;PA;PT;57;Exercício;Titular;249.4;1181138.98;0.5630252100840336;0.4327731092436975;0.004201680672268907;Administração Pública, Direitos Humanos e Minorias e Finanças Públicas e Orçamento;Alta produtividade e baixo custo;205;147;352;87
204553;Pastor Sargento Isidório;BA;AVANTE;57;Exercício;Titular;174.70000000000002;508485.26;0.6540084388185654;0.33755274261603374;0.008438818565400843;Direitos Humanos e Minorias, Administração Pública e Defesa e Segurança;Baixa produtividade e baixo custo;307;49;356;88
73778;Luiz Carlos Hauly;PR;PODE;57;Exercício;Titular;239.0;1155068.75;0.7562814070351759;0.23618090452261306;0.007537688442211055;Administração Pública, Finanças Públicas e Orçamento e Economia;Alta produtividade e baixo custo;215;142;357;89
204361;Carlos Chiodini;SC;MDB;57;Exercício;Titular;174.8;525985.66;0.4359673024523161;0.555858310626703;0.008174386920980926;Finanças Públicas e Orçamento, Direitos Humanos e Minorias e Administração Pública;Baixa produtividade e baixo custo;306;52;358;90
220635;Bruno Ganem;SP;PODE;57;Exercício;Titular;312.7;1316312.68;0.7578947368421053;0.23684210526315788;0.005263157894736842;Meio Ambiente e Desenvolvimento Sustentável, Saúde e Direitos Humanos e Minorias;Alta produtividade e baixo custo;145;213;358;90
220554;Alexandre Lindenmeyer;RS;PT;57;Exercício;Titular;309.0;1310237.56;0.48917748917748916;0.5108225108225108;0.0;Direitos Humanos e Minorias, Administração Pública e Finanças Públicas e Orçamento;Alta produtividade e baixo custo;150;209;359;91
204491;Gilberto Abramo;MG;REPUBLICANOS;57;Exercício;Titular;532.5;1502137.95;0.7340823970037453;0.2612359550561798;0.0046816479400749065;Direitos Humanos e Minorias, Finanças Públicas e Orçamento e Administração Pública;Alta produtividade e alto custo;44;315;359;91
220690;Capitão Alden;BA;PL;57;Exercício;Titular;685.3000000000001;1516252.43;0.6556064073226545;0.3352402745995423;0.009153318077803204;Defesa e Segurança, Administração Pública e Direitos Humanos e Minorias;Alta produtividade e alto custo;30;330;360;92
220648;Marangoni;SP;PODE;57;Exercício;Titular;981.3000000000001;1534758.7;0.7986614612381484;0.19408812046848856;0.007250418293363078;Finanças Públicas e Orçamento, Direitos Humanos e Minorias e Administração Pública;Alta produtividade e alto custo;14;347;361;93
220687;Márcio Honaiser;MA;SOLIDARIEDADE;57;Exercício;Titular;296.0;1304467.87;0.47368421052631576;0.52046783625731;0.005847953216374269;Direitos Humanos e Minorias, Finanças Públicas e Orçamento e Administração Pública;Alta produtividade e baixo custo;160;203;363;94
74253;Julio Lopes;RJ;PP;57;Exercício;Titular;411.6;1450035.42;0.5710627400768246;0.42509603072983354;0.0038412291933418692;Administração Pública, Finanças Públicas e Orçamento e Energia, Recursos Hídricos e Minerais;Alta produtividade e alto custo;81;286;367;95
178910;Joaquim Passarinho;PA;PL;57;Exercício;Titular;234.1;1166274.92;0.6061320754716981;0.3867924528301887;0.007075471698113208;Finanças Públicas e Orçamento, Administração Pública e Processo Legislativo e Atuação Parlamentar;Alta produtividade e baixo custo;223;144;367;95
220676;Andreia Siqueira;PA;PSB;57;Exercício;Titular;263.7;1262552.95;0.4960212201591512;0.4960212201591512;0.007957559681697613;Direitos Humanos e Minorias, Finanças Públicas e Orçamento e Educação;Alta produtividade e baixo custo;191;181;372;96
220529;Gilson Daniel;ES;PODE;57;Exercício;Titular;1070.5;1557078.15;0.59834278238116;0.3986044483209769;0.0030527692978630614;Finanças Públicas e Orçamento, Administração Pública e Viação, Transporte e Mobilidade;Alta produtividade e alto custo;11;365;376;97
220543;Ricardo Ayres;TO;REPUBLICANOS;57;Exercício;Titular;735.0;1540135.75;0.7232704402515723;0.2693920335429769;0.007337526205450734;Finanças Públicas e Orçamento, Administração Pública e Direitos Humanos e Minorias;Alta produtividade e alto custo;24;353;377;98
160592;Zeca Dirceu;PR;PT;57;Exercício;Titular;268.40000000000003;1286530.82;0.8583333333333333;0.13833333333333334;0.0033333333333333335;Administração Pública, Finanças Públicas e Orçamento e Agricultura, Pecuária, Pesca e Extrativismo;Alta produtividade e baixo custo;184;194;378;99
178871;Evair Vieira de Melo;ES;REPUBLICANOS;57;Exercício;Titular;1495.9;1562880.44;0.6340605207600282;0.36171710063335677;0.00422237860661506;Administração Pública, Finanças Públicas e Orçamento e Defesa e Segurança;Alta produtividade e alto custo;8;370;378;99
74075;Elcione Barbalho;PA;MDB;57;Exercício;Titular;157.8;524508.61;0.5346534653465347;0.4521452145214521;0.013201320132013201;Direitos Humanos e Minorias, Finanças Públicas e Orçamento e Defesa e Segurança;Baixa produtividade e baixo custo;328;51;379;100
178946;Soraya Santos;RJ;PL;57;Exercício;Titular;165.6;594060.54;0.5658914728682171;0.4069767441860465;0.027131782945736434;Direitos Humanos e Minorias, Finanças Públicas e Orçamento e Processo Legislativo e Atuação Parlamentar;Baixa produtividade e baixo custo;320;59;379;100
123756;Antônia Lúcia;AC;MDB;57;Exercício;Titular;414.0;1475440.21;0.7440828402366864;0.2514792899408284;0.004437869822485207;Cidades e Desenvolvimento Urbano, Direitos Humanos e Minorias e Finanças Públicas e Orçamento;Alta produtividade e alto custo;79;300;379;100
198197;Greyce Elias;MG;PL;57;Exercício;Titular;210.5;1073937.73;0.5827814569536424;0.40397350993377484;0.013245033112582781;Direitos Humanos e Minorias, Administração Pública e Saúde;Baixa produtividade e baixo custo;260;121;381;101
220605;Bandeira de Mello;RJ;PV;57;Exercício;Titular;213.4;1131484.42;0.42890995260663506;0.5497630331753555;0.02132701421800948;Finanças Públicas e Orçamento, Esporte e Lazer e Administração Pública;Baixa produtividade e baixo custo;251;134;385;102
204497;Júnior Ferrari;PA;PSD;57;Exercício;Titular;188.4;975462.02;0.42329545454545453;0.5681818181818182;0.008522727272727272;Finanças Públicas e Orçamento, Direitos Humanos e Minorias e Defesa e Segurança;Baixa produtividade e baixo custo;285;104;389;103
204427;Fernando Rodolfo;PE;PRD;57;Exercício;Titular;212.1;1128426.87;0.44598337950138506;0.5484764542936288;0.00554016620498615;Finanças Públicas e Orçamento, Direitos Humanos e Minorias e Administração Pública;Baixa produtividade e baixo custo;256;133;389;103
139285;Lídice da Mata;BA;PSB;57;Exercício;Titular;446.5;1514400.82;0.6666666666666666;0.31313131313131315;0.020202020202020204;Direitos Humanos e Minorias, Arte, Cultura e Religião e Homenagens e Datas Comemorativas;Alta produtividade e alto custo;63;327;390;104
220632;Ana Pimentel;MG;PT;57;Exercício;Titular;337.0;1425584.35;0.5398773006134969;0.4539877300613497;0.006134969325153374;Direitos Humanos e Minorias, Administração Pública e Saúde;Alta produtividade e alto custo;125;267;392;105
204480;Rogério Correia;MG;PT;57;Exercício;Titular;375.1;1460156.65;0.5298126064735945;0.4684838160136286;0.0017035775127768314;Administração Pública, Direitos Humanos e Minorias e Finanças Públicas e Orçamento;Alta produtividade e alto custo;102;291;393;106
220665;Clarissa Tércio;PE;PP;57;Exercício;Titular;249.8;1281417.18;0.6895424836601307;0.3006535947712418;0.00980392156862745;Direitos Humanos e Minorias, Saúde e Administração Pública;Alta produtividade e baixo custo;204;190;394;107
150418;Márcio Marinho;BA;REPUBLICANOS;57;Exercício;Titular;342.8;1433576.82;0.5182829888712241;0.4769475357710652;0.0047694753577106515;Administração Pública, Finanças Públicas e Orçamento e Indústria, Comércio e Serviços;Alta produtividade e alto custo;120;274;394;107
74057;Alice Portugal;BA;PCdoB;57;Exercício;Titular;324.90000000000003;1413228.43;0.562874251497006;0.42714570858283435;0.00998003992015968;Direitos Humanos e Minorias, Trabalho e Emprego e Administração Pública;Alta produtividade e alto custo;135;263;398;108
220614;Dr. Daniel Soranz;RJ;PSD;57;Exercício;Titular;119.3;345695.08999999997;0.3744292237442922;0.6073059360730594;0.0182648401826484;Saúde, Administração Pública e Direitos Humanos e Minorias;Baixa produtividade e baixo custo;364;34;398;108
178970;João Daniel;SE;PT;57;Exercício;Titular;389.40000000000003;1495680.96;0.6428571428571429;0.3541033434650456;0.00303951367781155;Direitos Humanos e Minorias, Administração Pública e Finanças Públicas e Orçamento;Alta produtividade e alto custo;93;308;401;109
204412;Dr. Zacharias Calil;GO;MDB;57;Exercício;Titular;547.3000000000001;1554951.53;0.6131968145620023;0.37656427758816835;0.010238907849829351;Direitos Humanos e Minorias, Saúde e Homenagens e Datas Comemorativas;Alta produtividade e alto custo;41;363;404;110
204425;Silvio Costa Filho;PE;REPUBLICANOS;57;Exercício;Titular;107.30000000000001;283429.06;0.22058823529411764;0.7745098039215687;0.004901960784313725;Finanças Públicas e Orçamento, Processo Legislativo e Atuação Parlamentar e Economia;Baixa produtividade e baixo custo;374;32;406;111
160642;Pastor Eurico;PE;PSDB;57;Exercício;Titular;247.20000000000002;1301593.85;0.5652173913043478;0.4251207729468599;0.00966183574879227;Direitos Humanos e Minorias, Defesa e Segurança e Processo Legislativo e Atuação Parlamentar;Alta produtividade e baixo custo;206;201;407;112
213762;Carla Dickson;RN;PL;57;Exercício;Efetivado;165.3;823686.47;0.7514792899408284;0.24260355029585798;0.005917159763313609;Direitos Humanos e Minorias, Administração Pública e Saúde;Baixa produtividade e baixo custo;322;85;407;112
98057;Lafayette de Andrada;MG;PL;57;Exercício;Titular;396.90000000000003;1508897.98;0.5160771704180064;0.477491961414791;0.006430868167202572;Finanças Públicas e Orçamento, Processo Legislativo e Atuação Parlamentar e Administração Pública;Alta produtividade e alto custo;88;320;408;113
220667;Pedro Campos;PE;PSB;57;Exercício;Titular;302.5;1404669.12;0.7385496183206107;0.24427480916030533;0.01717557251908397;Direitos Humanos e Minorias, Finanças Públicas e Orçamento e Saúde;Alta produtividade e alto custo;154;256;410;114
74784;Luiza Erundina;SP;PSOL;57;Exercício;Titular;212.6;1204637.31;0.6888297872340425;0.30319148936170215;0.007978723404255319;Direitos Humanos e Minorias, Administração Pública e Finanças Públicas e Orçamento;Baixa produtividade e baixo custo;254;156;410;114
230767;Rodrigo da Zaeli;MT;PL;57;Exercício;Efetivado;155.20000000000002;803407.46;0.7096774193548387;0.2903225806451613;0.0;Administração Pública, Defesa e Segurança e Direitos Humanos e Minorias;Baixa produtividade e baixo custo;330;82;412;115
74161;Reginaldo Lopes;MG;PT;57;Exercício;Titular;129.4;593532.5599999999;0.6387665198237885;0.34801762114537443;0.013215859030837005;Finanças Públicas e Orçamento, Administração Pública e Previdência e Assistência Social;Baixa produtividade e baixo custo;356;58;414;116
204560;Adolfo Viana;BA;PSDB;57;Exercício;Titular;224.6;1274782.01;0.7787934186471663;0.21389396709323583;0.007312614259597806;Finanças Públicas e Orçamento, Processo Legislativo e Atuação Parlamentar e Administração Pública;Alta produtividade e baixo custo;231;185;416;117
74041;Luiz Couto;PB;PT;57;Exercício;Titular;410.7;1519244.43;0.6440177252584933;0.3515509601181684;0.004431314623338257;Direitos Humanos e Minorias, Administração Pública e Finanças Públicas e Orçamento;Alta produtividade e alto custo;83;333;416;117
204550;Júnior Mano;CE;PSB;57;Exercício;Titular;228.1;1285551.65;0.5035971223021583;0.4940047961630695;0.002398081534772182;Direitos Humanos e Minorias, Finanças Públicas e Orçamento e Administração Pública;Alta produtividade e baixo custo;228;193;421;118
178962;Carlos Gomes;RS;REPUBLICANOS;57;Exercício;Titular;94.7;278649.99;0.29333333333333333;0.6977777777777778;0.008888888888888889;Finanças Públicas e Orçamento, Defesa e Segurança e Estrutura Fundiária;Baixa produtividade e baixo custo;391;31;422;119
204488;Célio Studart;CE;PSD;57;Exercício;Titular;356.40000000000003;1498660.74;0.6589698046181173;0.3410301953818828;0.0;Meio Ambiente e Desenvolvimento Sustentável, Direito Penal e Processual Penal e Direitos Humanos e Minorias;Alta produtividade e alto custo;111;311;422;119
178986;Nilto Tatto;SP;PT;57;Exercício;Titular;530.1;1570003.06;0.5227552275522755;0.4747847478474785;0.0024600246002460025;Finanças Públicas e Orçamento, Meio Ambiente e Desenvolvimento Sustentável e Administração Pública;Alta produtividade e alto custo;46;377;423;120
204459;Daniela do Waguinho;RJ;REPUBLICANOS;57;Exercício;Titular;123.7;642057.31;0.8556149732620321;0.12834224598930483;0.016042780748663103;Direitos Humanos e Minorias, Saúde e Finanças Públicas e Orçamento;Baixa produtividade e baixo custo;359;64;423;120
204559;Zé Neto;BA;PT;57;Exercício;Titular;199.3;1205258.31;0.4925373134328358;0.5044776119402985;0.0029850746268656717;Finanças Públicas e Orçamento, Indústria, Comércio e Serviços e Direitos Humanos e Minorias;Baixa produtividade e baixo custo;270;157;427;121
220704;Carol Dartora;PR;PT;57;Exercício;Titular;341.2;1489896.58;0.5803402646502835;0.41398865784499056;0.005671077504725898;Direitos Humanos e Minorias, Finanças Públicas e Orçamento e Defesa e Segurança;Alta produtividade e alto custo;121;306;427;121
74171;Chico Alencar;RJ;PSOL;57;Exercício;Titular;310.2;1443714.33;0.7194092827004219;0.2721518987341772;0.008438818565400843;Administração Pública, Direitos Humanos e Minorias e Finanças Públicas e Orçamento;Alta produtividade e alto custo;147;282;429;122
204504;Cezinha de Madureira;SP;PL;57;Exercício;Titular;360.1;1511144.49;0.49065420560747663;0.5;0.009345794392523364;Direitos Humanos e Minorias, Administração Pública e Finanças Públicas e Orçamento;Alta produtividade e alto custo;108;322;430;123
220602;Dimas Gadelha;RJ;PT;57;Exercício;Titular;200.3;1225433.55;0.5348837209302325;0.4625322997416021;0.002583979328165375;Finanças Públicas e Orçamento, Direitos Humanos e Minorias e Administração Pública;Baixa produtividade e baixo custo;267;164;431;124
221329;Ricardo Abrão;RJ;PSDB;57;Exercício;Efetivado;118.3;691460.96;0.4797687861271676;0.5144508670520231;0.005780346820809248;Direitos Humanos e Minorias, Saúde e Administração Pública;Baixa produtividade e baixo custo;365;66;431;124
204540;Maria Rosas;SP;REPUBLICANOS;57;Exercício;Titular;396.6;1532235.26;0.617737003058104;0.3669724770642202;0.01529051987767584;Direitos Humanos e Minorias, Saúde e Defesa e Segurança;Alta produtividade e alto custo;89;342;431;124
220656;Fernanda Pessoa;CE;PSD;57;Exercício;Titular;374.3;1514432.33;0.5399361022364217;0.4488817891373802;0.011182108626198083;Direitos Humanos e Minorias, Saúde e Trabalho e Emprego;Alta produtividade e alto custo;103;328;431;124
178881;Aluisio Mendes;MA;REPUBLICANOS;57;Exercício;Titular;237.9;1322773.17;0.5837696335078534;0.40575916230366493;0.010471204188481676;Defesa e Segurança, Direitos Humanos e Minorias e Administração Pública;Alta produtividade e baixo custo;217;215;432;125
220574;Cabo Gilberto Silva;PB;PL;57;Exercício;Titular;845.2;1607814.38;0.7204049844236761;0.27414330218068533;0.005451713395638629;Administração Pública, Finanças Públicas e Orçamento e Defesa e Segurança;Alta produtividade e alto custo;21;412;433;126
160610;Valmir Assunção;BA;PT;57;Exercício;Titular;212.4;1254238.99;0.6179245283018868;0.38207547169811323;0.0;Direitos Humanos e Minorias, Administração Pública e Finanças Públicas e Orçamento;Baixa produtividade e baixo custo;255;178;433;126
220530;Messias Donato;ES;UNIÃO;57;Exercício;Titular;702.1;1600361.25;0.7983673469387755;0.1983673469387755;0.0032653061224489797;Administração Pública, Direitos Humanos e Minorias e Finanças Públicas e Orçamento;Alta produtividade e alto custo;29;404;433;126
178983;Marcio Alvino;SP;PL;57;Exercício;Titular;67.10000000000001;78177.31;0.48;0.512;0.008;Finanças Públicas e Orçamento, Direitos Humanos e Minorias e Processo Legislativo e Atuação Parlamentar;Baixa produtividade e baixo custo;424;13;437;127
220666;Coronel Meira;PE;PL;57;Exercício;Titular;467.7;1571066.04;0.5652777777777778;0.4263888888888889;0.008333333333333333;Administração Pública, Defesa e Segurança e Direitos Humanos e Minorias;Alta produtividade e alto custo;58;379;437;127
141458;João Carlos Bacelar;BA;PL;57;Exercício;Titular;169.3;1095070.09;0.39221556886227543;0.6017964071856288;0.005988023952095809;Finanças Públicas e Orçamento, Administração Pública e Processo Legislativo e Atuação Parlamentar;Baixa produtividade e baixo custo;315;125;440;128
204533;Idilvan Alencar;CE;PSB;57;Exercício;Titular;111.7;721804.04;0.3383084577114428;0.6567164179104478;0.004975124378109453;Educação, Trabalho e Emprego e Direitos Humanos e Minorias;Baixa produtividade e baixo custo;371;69;440;128
141533;Rodrigo Rollemberg;DF;PSB;57;Exercício;Titular;83.5;362580.5;0.7543859649122807;0.24561403508771928;0.0;Direitos Humanos e Minorias, Administração Pública e Finanças Públicas e Orçamento;Baixa produtividade e baixo custo;404;36;440;128
220641;Rodrigo Gambale;SP;PODE;57;Exercício;Titular;300.5;1446227.2;0.7210084033613445;0.2689075630252101;0.010084033613445379;Direitos Humanos e Minorias, Saúde e Finanças Públicas e Orçamento;Alta produtividade e alto custo;157;284;441;129
220638;Antonio Carlos Rodrigues;SP;PODE;57;Exercício;Titular;185.0;1187250.42;0.4745762711864407;0.5186440677966102;0.006779661016949152;Direitos Humanos e Minorias, Finanças Públicas e Orçamento e Administração Pública;Baixa produtividade e baixo custo;289;152;441;129
178854;Elmar Nascimento;BA;UNIÃO;57;Exercício;Titular;196.0;1230312.61;0.9388185654008439;0.056962025316455694;0.004219409282700422;Processo Legislativo e Atuação Parlamentar, Finanças Públicas e Orçamento e Administração Pública;Baixa produtividade e baixo custo;276;166;442;130
220559;Julia Zanatta;SC;PL;57;Exercício;Titular;518.7;1593526.56;0.7972972972972973;0.19519519519519518;0.0075075075075075074;Administração Pública, Direitos Humanos e Minorias e Finanças Públicas e Orçamento;Alta produtividade e alto custo;47;396;443;131
220526;Gilvan da Federal;ES;PL;57;Exercício;Titular;178.20000000000002;1154015.18;0.5079872204472844;0.48242811501597443;0.009584664536741214;Defesa e Segurança, Administração Pública e Direitos Humanos e Minorias;Baixa produtividade e baixo custo;302;141;443;131
204496;Celso Sabino;PA;PDT;57;Exercício;Titular;86.9;433951.44;0.2538860103626943;0.7253886010362695;0.02072538860103627;Homenagens e Datas Comemorativas, Finanças Públicas e Orçamento e Processo Legislativo e Atuação Parlamentar;Baixa produtividade e baixo custo;401;42;443;131
220698;Beto Preto;PR;PSD;57;Exercício;Titular;73.7;221387.32;0.546875;0.4375;0.015625;Saúde, Administração Pública e Viação, Transporte e Mobilidade;Baixa produtividade e baixo custo;418;27;445;132
220683;Beto Richa;PR;PSDB;57;Exercício;Titular;226.0;1330876.87;0.5864661654135338;0.41102756892230574;0.002506265664160401;Finanças Públicas e Orçamento, Administração Pública e Direitos Humanos e Minorias;Alta produtividade e baixo custo;229;218;447;133
178931;Luciano Ducci;PR;PSB;57;Exercício;Titular;234.8;1350709.15;0.49343832020997375;0.49343832020997375;0.013123359580052493;Finanças Públicas e Orçamento, Administração Pública e Direitos Humanos e Minorias;Alta produtividade e baixo custo;221;226;447;133
220556;Ana Paula Lima;SC;PT;57;Exercício;Titular;485.0;1580436.18;0.6642066420664207;0.3247232472324723;0.01107011070110701;Direitos Humanos e Minorias, Saúde e Defesa e Segurança;Alta produtividade e alto custo;56;391;447;133
152605;Glauber Braga;RJ;PSOL;57;Exercício;Titular;137.1;938509.73;0.4859437751004016;0.5140562248995983;0.0;Direitos Humanos e Minorias, Administração Pública e Finanças Públicas e Orçamento;Baixa produtividade e baixo custo;348;100;448;134
204410;Luisa Canziani;PR;UNIÃO;57;Exercício;Titular;288.5;1444831.21;0.5138339920948617;0.4762845849802372;0.009881422924901186;Direitos Humanos e Minorias, Finanças Públicas e Orçamento e Educação;Alta produtividade e alto custo;165;283;448;134
220682;Tadeu Veneri;PR;PT;57;Exercício;Titular;265.7;1410329.48;0.593607305936073;0.4041095890410959;0.00228310502283105;Administração Pública, Direitos Humanos e Minorias e Finanças Públicas e Orçamento;Alta produtividade e alto custo;188;261;449;135
220573;Dorinaldo Malafaia;AP;PDT;57;Exercício;Titular;329.5;1505814.42;0.6038647342995169;0.392914653784219;0.00322061191626409;Saúde, Administração Pública e Direitos Humanos e Minorias;Alta produtividade e alto custo;133;317;450;136
178882;André Fufuca;MA;PP;57;Exercício;Titular;43.7;69888.01;0.7209302325581395;0.26744186046511625;0.011627906976744186;Finanças Públicas e Orçamento, Saúde e Processo Legislativo e Atuação Parlamentar;Baixa produtividade e baixo custo;440;10;450;136
220625;Delegada Ione;MG;PL;57;Exercício;Titular;364.0;1534166.87;0.4565972222222222;0.5347222222222222;0.008680555555555556;Direitos Humanos e Minorias, Defesa e Segurança e Direito Penal e Processual Penal;Alta produtividade e alto custo;106;346;452;137
220594;Coronel Assis;MT;PL;57;Exercício;Titular;292.40000000000003;1460065.95;0.6164079822616408;0.37472283813747226;0.008869179600886918;Defesa e Segurança, Administração Pública e Direito Penal e Processual Penal;Alta produtividade e alto custo;162;290;452;137
74554;José Rocha;BA;UNIÃO;57;Exercício;Titular;188.6;1236003.82;0.4190231362467866;0.5784061696658098;0.002570694087403599;Finanças Públicas e Orçamento, Processo Legislativo e Atuação Parlamentar e Administração Pública;Baixa produtividade e baixo custo;284;169;453;138
204485;Luiz Carlos Motta;SP;PL;57;Exercício;Titular;154.1;1087334.69;0.5347826086956522;0.45217391304347826;0.013043478260869565;Finanças Públicas e Orçamento, Administração Pública e Direitos Humanos e Minorias;Baixa produtividade e baixo custo;332;123;455;139
204353;Aline Gurgel;AP;UNIÃO;57;Exercício;Titular;36.9;52001.14;0.7540983606557377;0.2459016393442623;0.0;Direitos Humanos e Minorias, Meio Ambiente e Desenvolvimento Sustentável e Finanças Públicas e Orçamento;Baixa produtividade e baixo custo;447;9;456;140
220700;Florentino Neto;PI;PT;57;Exercício;Titular;224.0;1348105.74;0.5122699386503068;0.4785276073619632;0.009202453987730062;Direitos Humanos e Minorias, Administração Pública e Finanças Públicas e Orçamento;Alta produtividade e baixo custo;232;224;456;140
178905;Fabio Garcia;MT;UNIÃO;57;Exercício;Titular;50.1;159987.52;0.32142857142857145;0.6696428571428571;0.008928571428571428;Finanças Públicas e Orçamento, Processo Legislativo e Atuação Parlamentar e Direito Penal e Processual Penal;Baixa produtividade e baixo custo;434;23;457;141
220566;Lêda Borges;GO;REPUBLICANOS;57;Exercício;Titular;339.40000000000003;1519521.18;0.4829059829059829;0.5106837606837606;0.00641025641025641;Direitos Humanos e Minorias, Finanças Públicas e Orçamento e Saúde;Alta produtividade e alto custo;123;334;457;141
204394;Gervásio Maia;PB;PCdoB;57;Exercício;Titular;223.4;1346735.38;0.7773972602739726;0.1917808219178082;0.030821917808219176;Finanças Públicas e Orçamento, Administração Pública e Processo Legislativo e Atuação Parlamentar;Alta produtividade e baixo custo;234;223;457;141
220697;Jadyel Alencar;PI;REPUBLICANOS;57;Exercício;Titular;353.7;1533780.76;0.5766423357664233;0.4197080291970803;0.0036496350364963502;Administração Pública, Finanças Públicas e Orçamento e Meio Ambiente e Desenvolvimento Sustentável;Alta produtividade e alto custo;113;345;458;142
204449;Nelson Barbudo;MT;PODE;57;Exercício;Efetivado;140.9;1049813.34;0.8418367346938775;0.15306122448979592;0.00510204081632653;Administração Pública, Direitos Humanos e Minorias e Defesa e Segurança;Baixa produtividade e baixo custo;344;118;462;143
230765;Enfermeira Rejane;RJ;PCdoB;57;Exercício;Efetivado;78.3;524318.91;0.7706422018348624;0.22018348623853212;0.009174311926605505;Trabalho e Emprego, Saúde e Direitos Humanos e Minorias;Baixa produtividade e baixo custo;413;50;463;144
220586;Rafael Brito;AL;MDB;57;Exercício;Titular;269.90000000000003;1441709.32;0.7561643835616438;0.2328767123287671;0.010958904109589041;Educação, Direitos Humanos e Minorias e Administração Pública;Alta produtividade e alto custo;183;280;463;144
98615;Ismael;SC;PL;57;Exercício;Titular;179.1;1223831.93;0.6175298804780877;0.3705179282868526;0.01195219123505976;Direitos Humanos e Minorias, Administração Pública e Saúde;Baixa produtividade e baixo custo;301;163;464;145
133810;Marcelo Moraes;RS;PL;57;Exercício;Titular;99.4;800760.12;0.6369047619047619;0.34523809523809523;0.017857142857142856;Finanças Públicas e Orçamento, Administração Pública e Processo Legislativo e Atuação Parlamentar;Baixa produtividade e baixo custo;385;81;466;146
74156;Leonardo Monteiro;MG;PT;57;Exercício;Titular;253.20000000000002;1423381.54;0.5051546391752577;0.4927835051546392;0.002061855670103093;Direitos Humanos e Minorias, Finanças Públicas e Orçamento e Administração Pública;Alta produtividade e alto custo;201;265;466;146
204411;Filipe Barros;PR;PL;57;Exercício;Titular;169.9;1196741.65;0.6730769230769231;0.31153846153846154;0.015384615384615385;Administração Pública, Finanças Públicas e Orçamento e Economia;Baixa produtividade e baixo custo;314;153;467;147
236375;Marcos Braz;RJ;PSDB;57;Exercício;Suplente;20.0;22014.0;1.0;0.0;0.0;Esporte e Lazer, Homenagens e Datas Comemorativas e Direitos Humanos e Minorias;Baixa produtividade e baixo custo;459;8;467;147
220585;Mersinho Lucena;PB;PSD;57;Exercício;Titular;178.20000000000002;1230742.66;0.46634615384615385;0.5336538461538461;0.0;Administração Pública, Direitos Humanos e Minorias e Processo Legislativo e Atuação Parlamentar;Baixa produtividade e baixo custo;302;167;469;148
160545;Alexandre Leite;SP;UNIÃO;57;Exercício;Titular;66.4;455679.98;0.4076923076923077;0.5846153846153846;0.007692307692307693;Finanças Públicas e Orçamento, Direitos Humanos e Minorias e Processo Legislativo e Atuação Parlamentar;Baixa produtividade e baixo custo;425;44;469;148
220653;Fábio Teruel;SP;MDB;57;Exercício;Titular;88.3;737533.19;0.9523809523809523;0.047619047619047616;0.0;Direito e Defesa do Consumidor, Comunicações e Indústria, Comércio e Serviços;Baixa produtividade e baixo custo;397;74;471;149
74079;José Priante;PA;MDB;57;Exercício;Titular;73.8;530975.95;0.5864661654135338;0.39849624060150374;0.015037593984962405;Finanças Públicas e Orçamento, Direitos Humanos e Minorias e Saúde;Baixa produtividade e baixo custo;417;54;471;149
154178;Milton Vieira;SP;REPUBLICANOS;57;Exercício;Titular;40.7;238342.07;0.4675324675324675;0.4935064935064935;0.03896103896103896;Direitos Humanos e Minorias, Arte, Cultura e Religião e Defesa e Segurança;Baixa produtividade e baixo custo;443;30;473;150
141488;Paulo Teixeira;SP;PT;57;Exercício;Titular;21.4;85296.42;1.0;0.0;0.0;Administração Pública, Defesa e Segurança e Finanças Públicas e Orçamento;Baixa produtividade e baixo custo;458;15;473;150
178943;Marcos Soares;RJ;PSDB;57;Exercício;Titular;123.6;1018757.96;0.8013245033112583;0.19205298013245034;0.006622516556291391;Direitos Humanos e Minorias, Saúde e Viação, Transporte e Mobilidade;Baixa produtividade e baixo custo;360;113;473;150
204367;Daniel Freitas;SC;PL;57;Exercício;Titular;206.3;1314346.4;0.5774647887323944;0.4140845070422535;0.008450704225352112;Administração Pública, Finanças Públicas e Orçamento e Direitos Humanos e Minorias;Baixa produtividade e baixo custo;262;212;474;151
160535;Marcon;RS;PT;57;Exercício;Titular;235.20000000000002;1401622.17;0.5915492957746479;0.4044265593561368;0.004024144869215292;Administração Pública, Direitos Humanos e Minorias e Finanças Públicas e Orçamento;Alta produtividade e alto custo;220;255;475;152
74295;Inácio Arruda;CE;PCdoB;57;Exercício;Suplente;8.5;7928.52;0.9375;0.0625;0.0;Finanças Públicas e Orçamento, Viação, Transporte e Mobilidade e Educação;Baixa produtividade e baixo custo;473;3;476;153
115200;Raniery Paulino;PB;REPUBLICANOS;57;Exercício;Suplente;30.0;224327.44;0.8205128205128205;0.15384615384615385;0.02564102564102564;Administração Pública, Homenagens e Datas Comemorativas e Saúde;Baixa produtividade e baixo custo;450;28;478;154
160601;Pr. Marco Feliciano;SP;PL;57;Exercício;Titular;260.3;1449141.92;0.6291793313069909;0.3617021276595745;0.00911854103343465;Direitos Humanos e Minorias, Administração Pública e Defesa e Segurança;Alta produtividade e alto custo;193;285;478;154
235800;Jorge Araújo;BA;PP;57;Exercício;Suplente;16.8;91088.66;1.0;0.0;0.0;Trabalho e Emprego, Direitos Humanos e Minorias e Direito e Defesa do Consumidor;Baixa produtividade e baixo custo;463;16;479;155
178945;Rosangela Gomes;RJ;REPUBLICANOS;57;Exercício;Titular;13.0;76685.08;0.7272727272727273;0.2727272727272727;0.0;Saúde, Direitos Humanos e Minorias e Administração Pública;Baixa produtividade e baixo custo;467;12;479;155
178843;Marx Beltrão;AL;UNIÃO;57;Exercício;Titular;287.1;1500486.94;0.6521739130434783;0.3350383631713555;0.01278772378516624;Direitos Humanos e Minorias, Saúde e Finanças Públicas e Orçamento;Alta produtividade e alto custo;167;313;480;156
178896;Newton Cardoso Jr;MG;MDB;57;Exercício;Titular;141.0;1146217.87;0.33559322033898303;0.6542372881355932;0.010169491525423728;Finanças Públicas e Orçamento, Administração Pública e Economia;Baixa produtividade e baixo custo;343;137;480;156
204456;Gutemberg Reis;RJ;MDB;57;Exercício;Titular;135.9;1112349.65;0.4658119658119658;0.5213675213675214;0.01282051282051282;Finanças Públicas e Orçamento, Administração Pública e Trabalho e Emprego;Baixa produtividade e baixo custo;349;131;480;156
220674;Dra. Alessandra Haber;PA;PODE;57;Exercício;Titular;171.20000000000002;1234924.26;0.5630252100840336;0.42016806722689076;0.01680672268907563;Direitos Humanos e Minorias, Saúde e Defesa e Segurança;Baixa produtividade e baixo custo;313;168;481;157
236518;Santin Roveda;PR;UNIÃO;57;Exercício;Suplente;5.8;5409.96;0.6666666666666666;0.3333333333333333;0.0;Cidades e Desenvolvimento Urbano, Viação, Transporte e Mobilidade e Saúde;Baixa produtividade e baixo custo;480;2;482;158
236284;Glaycon Franco;MG;PSDB;57;Exercício;Efetivado;6.8;10275.78;0.75;0.25;0.0;Indústria, Comércio e Serviços, Finanças Públicas e Orçamento e Economia;Baixa produtividade e baixo custo;479;4;483;159
220643;Sônia Guajajara;SP;PSOL;57;Exercício;Titular;7.5;74004.41;1.0;0.0;0.0;Esporte e Lazer, Direitos Humanos e Minorias e Administração Pública;Baixa produtividade e baixo custo;476;11;487;160
178887;Rubens Pereira Júnior;MA;PT;57;Exercício;Titular;400.2;1596135.38;0.6902834008097166;0.291497975708502;0.018218623481781375;Administração Pública, Finanças Públicas e Orçamento e Direitos Humanos e Minorias;Alta produtividade e alto custo;87;400;487;160
154700;Paulo Soares;SP;PODE;57;Exercício;Suplente;5.0;18007.35;;;;Saúde, Direitos Humanos e Minorias e Administração Pública;Baixa produtividade e baixo custo;481;6;487;160
160641;Professora Marcivania;AP;PCdoB;57;Exercício;Titular;26.6;388336.56;0.9393939393939394;0.030303030303030304;0.030303030303030304;Direitos Humanos e Minorias, Finanças Públicas e Orçamento e Defesa e Segurança;Baixa produtividade e baixo custo;451;37;488;161
204531;Guilherme Derrite;SP;PP;57;Exercício;Titular;11.0;105726.56;0.8333333333333334;0.16666666666666666;0.0;Direito Penal e Processual Penal, Administração Pública e Direitos Humanos e Minorias;Baixa produtividade e baixo custo;470;19;489;162
153423;Renilce Nicodemos;PA;MDB;57;Exercício;Titular;243.60000000000002;1441033.03;0.46723044397463004;0.5200845665961945;0.012684989429175475;Direitos Humanos e Minorias, Saúde e Administração Pública;Alta produtividade e alto custo;210;279;489;162
178985;Miguel Lombardi;SP;PL;57;Exercício;Titular;120.60000000000001;1095725.68;0.43457943925233644;0.5560747663551402;0.009345794392523364;Direitos Humanos e Minorias, Finanças Públicas e Orçamento e Direito Penal e Processual Penal;Baixa produtividade e baixo custo;363;126;489;162
236423;Valdir Trindade;PB;REPUBLICANOS;57;Exercício;Suplente;0.0;11112.78;;;;;Baixa produtividade e baixo custo;485;5;490;163
122195;Leonardo Gadelha;PB;PODE;57;Exercício;Suplente;16.5;175082.76;0.9333333333333333;0.06666666666666667;0.0;Administração Pública, Viação, Transporte e Mobilidade e Comunicações;Baixa produtividade e baixo custo;465;25;490;163
160621;Sandro Alex;PR;PSD;57;Exercício;Titular;9.8;101594.74;0.6;0.3333333333333333;0.06666666666666667;Finanças Públicas e Orçamento, Defesa e Segurança e Direito Penal e Processual Penal;Baixa produtividade e baixo custo;472;18;490;163
220637;Marina Silva;SP;REDE;57;Exercício;Titular;3.3;21416.21;1.0;0.0;0.0;Esporte e Lazer, Comunicações e Direitos Humanos e Minorias;Baixa produtividade e baixo custo;483;7;490;163
227991;Dr Flávio;RJ;PL;57;Exercício;Efetivado;22.5;361213.13;0.96;0.04;0.0;Direitos Humanos e Minorias, Indústria, Comércio e Serviços e Saúde;Baixa produtividade e baixo custo;456;35;491;164
220553;Denise Pessôa;RS;PT;57;Exercício;Titular;357.0;1572648.34;0.6232638888888888;0.3645833333333333;0.012152777777777778;Direitos Humanos e Minorias, Administração Pública e Defesa e Segurança;Alta produtividade e alto custo;110;381;491;164
74428;Mendonça Filho;PE;PL;57;Exercício;Titular;256.9;1466001.95;0.658008658008658;0.3354978354978355;0.006493506493506494;Finanças Públicas e Orçamento, Administração Pública e Processo Legislativo e Atuação Parlamentar;Alta produtividade e alto custo;194;297;491;164
233594;Rafael Fera;RO;PODE;57;Exercício;Titular;40.7;495563.92;0.9047619047619048;0.09523809523809523;0.0;Finanças Públicas e Orçamento, Administração Pública e Saúde;Baixa produtividade e baixo custo;443;48;491;164
204525;Rosana Valle;SP;PL;57;Exercício;Titular;241.70000000000002;1438458.61;0.5772946859903382;0.41545893719806765;0.007246376811594203;Finanças Públicas e Orçamento, Direitos Humanos e Minorias e Administração Pública;Alta produtividade e alto custo;213;278;491;164
204355;Da Vitoria;ES;PP;57;Exercício;Titular;183.0;1294649.83;0.563076923076923;0.4246153846153846;0.012307692307692308;Defesa e Segurança, Direito Penal e Processual Penal e Processo Legislativo e Atuação Parlamentar;Baixa produtividade e baixo custo;293;199;492;165
233592;Paulo Lemos;AP;PT;57;Exercício;Titular;12.2;169853.15;0.7;0.3;0.0;Finanças Públicas e Orçamento, Administração Pública e Defesa e Segurança;Baixa produtividade e baixo custo;468;24;492;165
226837;Saulo Pedroso;SP;PSD;57;Exercício;Efetivado;124.5;1144097.65;0.7368421052631579;0.2631578947368421;0.0;Administração Pública, Direitos Humanos e Minorias e Defesa e Segurança;Baixa produtividade e baixo custo;357;136;493;166
230768;Zé Adriano;AC;PP;57;Exercício;Efetivado;85.8;905361.5;0.8823529411764706;0.10588235294117647;0.011764705882352941;Administração Pública, Finanças Públicas e Orçamento e Previdência e Assistência Social;Baixa produtividade e baixo custo;402;93;495;167
141518;Paulinho da Força;SP;SOLIDARIEDADE;57;Exercício;Efetivado;51.2;632147.78;0.8888888888888888;0.1111111111111111;0.0;Administração Pública, Finanças Públicas e Orçamento e Direito Constitucional;Baixa produtividade e baixo custo;433;63;496;168
225846;Itamar Paim;PR;PL;57;Exercício;Suplente;4.0;80970.35;1.0;0.0;0.0;Direito Penal e Processual Penal, Direitos Humanos e Minorias e Meio Ambiente e Desenvolvimento Sustentável;Baixa produtividade e baixo custo;482;14;496;168
160508;Afonso Florence;BA;PT;57;Exercício;Titular;8.2;136691.98;1.0;0.0;0.0;Administração Pública, Defesa e Segurança e Finanças Públicas e Orçamento;Baixa produtividade e baixo custo;474;22;496;168
141391;Arnaldo Jardim;SP;CIDADANIA;57;Exercício;Titular;198.6;1349211.95;0.5067567567567568;0.4831081081081081;0.010135135135135136;Administração Pública, Finanças Públicas e Orçamento e Economia;Baixa produtividade e baixo custo;272;225;497;169
178832;Leandre;PR;PSD;57;Exercício;Titular;7.2;110861.45;0.4;0.5;0.1;Direitos Humanos e Minorias, Administração Pública e Direito Penal e Processual Penal;Baixa produtividade e baixo custo;477;20;497;169
220707;Amanda Gentil;MA;PP;57;Exercício;Titular;214.9;1398243.35;0.5231481481481481;0.4675925925925926;0.009259259259259259;Direitos Humanos e Minorias, Defesa e Segurança e Direito Penal e Processual Penal;Alta produtividade e baixo custo;246;252;498;170
204441;Otoni de Paula;RJ;PSD;57;Exercício;Titular;182.8;1306145.1;0.4472049689440994;0.5403726708074534;0.012422360248447204;Administração Pública, Processo Legislativo e Atuação Parlamentar e Direitos Humanos e Minorias;Baixa produtividade e baixo custo;295;204;499;171
235776;Sérgio Turra;RS;PP;57;Exercício;Suplente;7.1;112968.87;1.0;0.0;0.0;Finanças Públicas e Orçamento, Agricultura, Pecuária, Pesca e Extrativismo e Economia;Baixa produtividade e baixo custo;478;21;499;171
204518;Dr. Frederico;MG;PL;57;Exercício;Titular;426.5;1636555.39;0.725699067909454;0.2729693741677763;0.0013315579227696406;Saúde, Administração Pública e Finanças Públicas e Orçamento;Alta produtividade e alto custo;73;426;499;171
220617;Murillo Gouvea;RJ;PSDB;57;Exercício;Titular;201.1;1358702.77;0.5277044854881267;0.46701846965699206;0.005277044854881266;Defesa e Segurança, Finanças Públicas e Orçamento e Direitos Humanos e Minorias;Baixa produtividade e baixo custo;266;233;499;171
160561;Missionário José Olimpio;SP;PL;57;Exercício;Efetivado;23.0;482057.85;0.8846153846153846;0.11538461538461539;0.0;Administração Pública, Direitos Humanos e Minorias e Direito Penal e Processual Penal;Baixa produtividade e baixo custo;455;46;501;172
220691;Diego Coronel;BA;REPUBLICANOS;57;Exercício;Titular;210.60000000000002;1379360.31;0.4900990099009901;0.504950495049505;0.0049504950495049506;Finanças Públicas e Orçamento, Administração Pública e Trabalho e Emprego;Baixa produtividade e baixo custo;258;243;501;172
107283;Gleisi Hoffmann;PR;PT;57;Exercício;Titular;97.60000000000001;1033109.4;0.5675675675675675;0.43243243243243246;0.0;Administração Pública, Finanças Públicas e Orçamento e Direitos Humanos e Minorias;Baixa produtividade e baixo custo;388;114;502;173
160541;Arthur Lira;AL;PP;57;Exercício;Titular;11.7;344584.79;0.7272727272727273;0.2727272727272727;0.0;Finanças Públicas e Orçamento, Saúde e Direitos Humanos e Minorias;Baixa produtividade e baixo custo;469;33;502;173
175765;Ribamar Silva;SP;PODE;57;Exercício;Efetivado;45.5;654896.34;0.7586206896551724;0.22413793103448276;0.017241379310344827;Direitos Humanos e Minorias, Administração Pública e Saúde;Baixa produtividade e baixo custo;439;65;504;174
221148;Alfredinho;SP;PT;57;Exercício;Suplente;246.3;1465652.64;0.6067146282973621;0.3908872901678657;0.002398081534772182;Direitos Humanos e Minorias, Finanças Públicas e Orçamento e Administração Pública;Alta produtividade e alto custo;208;296;504;174
178886;Juscelino Filho;MA;PSDB;57;Exercício;Titular;18.7;441185.75;0.8235294117647058;0.17647058823529413;0.0;Comunicações, Administração Pública e Direito e Defesa do Consumidor;Baixa produtividade e baixo custo;461;43;504;174
73788;Ricardo Barros;PR;PP;57;Exercício;Titular;16.0;394114.86;0.6785714285714286;0.32142857142857145;0.0;Finanças Públicas e Orçamento, Comunicações e Indústria, Comércio e Serviços;Baixa produtividade e baixo custo;466;39;505;175
204482;Euclydes Pettersen;MG;REPUBLICANOS;57;Exercício;Titular;72.0;843139.84;0.49206349206349204;0.48412698412698413;0.023809523809523808;Finanças Públicas e Orçamento, Direitos Humanos e Minorias e Saúde;Baixa produtividade e baixo custo;419;87;506;176
160510;Luis Tibé;MG;AVANTE;57;Exercício;Titular;64.2;797236.46;0.553030303030303;0.4090909090909091;0.03787878787878788;Finanças Públicas e Orçamento, Direitos Humanos e Minorias e Direito Constitucional;Baixa produtividade e baixo custo;426;80;506;176
160588;Diego Andrade;MG;PSD;57;Exercício;Titular;130.0;1187038.82;0.3402061855670103;0.6494845360824743;0.010309278350515464;Finanças Públicas e Orçamento, Administração Pública e Direito Constitucional;Baixa produtividade e baixo custo;355;151;506;176
74160;Patrus Ananias;MG;PT;57;Exercício;Titular;242.3;1464964.65;0.5298507462686567;0.46766169154228854;0.0024875621890547263;Administração Pública, Direitos Humanos e Minorias e Finanças Públicas e Orçamento;Alta produtividade e alto custo;212;295;507;177
160552;Danrlei de Deus Hinterholz;RS;PSD;57;Exercício;Titular;23.4;530953.9;0.7692307692307693;0.23076923076923078;0.0;Direitos Humanos e Minorias, Previdência e Assistência Social e Administração Pública;Baixa produtividade e baixo custo;454;53;507;177
220702;Geraldo Mendes;PR;UNIÃO;57;Exercício;Titular;166.20000000000002;1280337.52;0.4554140127388535;0.5414012738853503;0.0031847133757961785;Finanças Públicas e Orçamento, Defesa e Segurança e Saúde;Baixa produtividade e baixo custo;319;188;507;177
220527;Jack Rocha;ES;PT;57;Exercício;Titular;191.4;1351287.66;0.6485623003194888;0.34185303514376997;0.009584664536741214;Direitos Humanos e Minorias, Finanças Públicas e Orçamento e Defesa e Segurança;Baixa produtividade e baixo custo;282;227;509;178
204566;Marreca Filho;MA;PRD;57;Exercício;Titular;172.1;1289690.41;0.371875;0.621875;0.00625;Saúde, Finanças Públicas e Orçamento e Trabalho e Emprego;Baixa produtividade e baixo custo;312;197;509;178
160666;Félix Mendonça Júnior;BA;PDT;57;Exercício;Titular;278.90000000000003;1523653.0;0.48653846153846153;0.5096153846153846;0.0038461538461538464;Finanças Públicas e Orçamento, Administração Pública e Agricultura, Pecuária, Pesca e Extrativismo;Alta produtividade e alto custo;173;336;509;178
143084;Tiago Dimas;TO;PODE;57;Exercício;Titular;10.0;395155.71;0.75;0.25;0.0;Finanças Públicas e Orçamento, Administração Pública e Direito Penal e Processual Penal;Baixa produtividade e baixo custo;471;40;511;179
104552;Socorro Neri;AC;PP;57;Exercício;Titular;513.7;1708002.82;0.6197530864197531;0.37160493827160496;0.008641975308641974;Educação, Direitos Humanos e Minorias e Administração Pública;Alta produtividade e alto custo;48;463;511;179
74400;Paulo Pimenta;RS;PT;57;Exercício;Titular;48.4;734401.89;0.9066666666666666;0.08;0.013333333333333334;Direitos Humanos e Minorias, Finanças Públicas e Orçamento e Defesa e Segurança;Baixa produtividade e baixo custo;438;73;511;179
73808;Sérgio Brito;BA;PSD;57;Exercício;Titular;1.6;224878.16999999998;1.0;0.0;0.0;;Baixa produtividade e baixo custo;484;29;513;180
160976;Tiririca;SP;PSD;57;Exercício;Titular;68.9;911460.55;0.44680851063829785;0.5460992907801419;0.0070921985815602835;Finanças Públicas e Orçamento, Processo Legislativo e Atuação Parlamentar e Direitos Humanos e Minorias;Baixa produtividade e baixo custo;421;95;516;181
220660;Yury do Paredão;CE;MDB;57;Exercício;Titular;139.0;1238917.34;0.47863247863247865;0.49145299145299143;0.029914529914529916;Direitos Humanos e Minorias, Finanças Públicas e Orçamento e Administração Pública;Baixa produtividade e baixo custo;346;171;517;182
178866;Luizianne Lins;CE;REDE;57;Exercício;Titular;284.5;1536233.4;0.6298850574712643;0.367816091954023;0.0022988505747126436;Direitos Humanos e Minorias, Finanças Públicas e Orçamento e Saúde;Alta produtividade e alto custo;168;349;517;182
220548;Camila Jara;MS;PT;57;Exercício;Titular;374.3;1609660.36;0.5824;0.408;0.0096;Direitos Humanos e Minorias, Finanças Públicas e Orçamento e Administração Pública;Alta produtividade e alto custo;103;414;517;182
178876;Célio Silveira;GO;MDB;57;Exercício;Titular;242.8;1495381.44;0.5077951002227171;0.48552338530066813;0.0066815144766146995;Saúde, Direitos Humanos e Minorias e Administração Pública;Alta produtividade e alto custo;211;307;518;183
220565;Delegada Adriana Accorsi;GO;PT;57;Exercício;Titular;213.20000000000002;1424034.97;0.6411960132890365;0.34219269102990035;0.016611295681063124;Direitos Humanos e Minorias, Defesa e Segurança e Administração Pública;Baixa produtividade e alto custo;252;266;518;183
74262;Carlos Sampaio;SP;PSD;57;Exercício;Titular;94.8;1108887.86;0.6815286624203821;0.3184713375796178;0.0;Administração Pública, Finanças Públicas e Orçamento e Direitos Humanos e Minorias;Baixa produtividade e baixo custo;390;128;518;183
220558;Zé Trovão;SC;PL;57;Exercício;Titular;531.1;1747989.79;0.6426829268292683;0.35;0.007317073170731708;Administração Pública, Finanças Públicas e Orçamento e Direitos Humanos e Minorias;Alta produtividade e alto custo;45;475;520;184
220607;Max Lemos;RJ;UNIÃO;57;Exercício;Titular;340.90000000000003;1596047.9;0.5301645338208409;0.4643510054844607;0.005484460694698354;Finanças Públicas e Orçamento, Direitos Humanos e Minorias e Saúde;Alta produtividade e alto custo;122;399;521;185
160558;Paulo Freire Costa;SP;PL;57;Exercício;Titular;82.0;1043673.02;0.5123456790123457;0.48148148148148145;0.006172839506172839;Direitos Humanos e Minorias, Direito Constitucional e Processo Legislativo e Atuação Parlamentar;Baixa produtividade e baixo custo;405;116;521;185
204534;Tabata Amaral;SP;PSB;57;Exercício;Titular;353.7;1604515.15;0.7071823204419889;0.27071823204419887;0.022099447513812154;Direitos Humanos e Minorias, Educação e Administração Pública;Alta produtividade e alto custo;113;408;521;185
178831;André Abdon;AP;PP;57;Exercício;Titular;7.6;493685.77;0.6363636363636364;0.36363636363636365;0.0;Finanças Públicas e Orçamento, Administração Pública e Educação;Baixa produtividade e baixo custo;475;47;522;186
204362;Ricardo Guidi;SC;PL;57;Exercício;Titular;52.300000000000004;891837.01;0.49382716049382713;0.5061728395061729;0.0;Finanças Públicas e Orçamento, Processo Legislativo e Atuação Parlamentar e Direitos Humanos e Minorias;Baixa produtividade e baixo custo;432;91;523;187
74585;Lincoln Portela;MG;PL;57;Exercício;Titular;234.4;1477160.32;0.5441527446300716;0.4486873508353222;0.007159904534606206;Direitos Humanos e Minorias, Finanças Públicas e Orçamento e Defesa e Segurança;Alta produtividade e alto custo;222;302;524;188
204501;Alencar Santana;SP;PT;57;Exercício;Titular;271.3;1533411.08;0.5915492957746479;0.39436619718309857;0.014084507042253521;Finanças Públicas e Orçamento, Administração Pública e Direitos Humanos e Minorias;Alta produtividade e alto custo;181;344;525;189
73806;Roseana Sarney;MA;MDB;57;Exercício;Titular;40.0;812712.54;0.575;0.375;0.05;Direitos Humanos e Minorias, Homenagens e Datas Comemorativas e Arte, Cultura e Religião;Baixa produtividade e baixo custo;444;84;528;190
204570;Pastor Gil;MA;PL;57;Exercício;Titular;222.1;1464125.88;0.7075812274368231;0.2888086642599278;0.0036101083032490976;Direitos Humanos e Minorias, Direito Penal e Processual Penal e Saúde;Alta produtividade e alto custo;237;294;531;191
220539;Defensor Stélio Dener;RR;UNIÃO;57;Exercício;Titular;382.40000000000003;1645469.75;0.49353049907578556;0.49168207024029575;0.014787430683918669;Direitos Humanos e Minorias, Finanças Públicas e Orçamento e Defesa e Segurança;Alta produtividade e alto custo;98;434;532;192
220661;Matheus Noronha;CE;PL;57;Exercício;Titular;58.400000000000006;962745.29;0.453781512605042;0.5294117647058824;0.01680672268907563;Processo Legislativo e Atuação Parlamentar, Finanças Públicas e Orçamento e Direitos Humanos e Minorias;Baixa produtividade e baixo custo;430;102;532;192
179000;Marcelo Álvaro Antônio;MG;PL;57;Exercício;Titular;198.70000000000002;1410575.24;0.4576271186440678;0.5338983050847458;0.00847457627118644;Direitos Humanos e Minorias, Direito Penal e Processual Penal e Administração Pública;Baixa produtividade e alto custo;271;262;533;193
66828;Fausto Pinato;SP;UNIÃO;57;Exercício;Titular;318.0;1586289.8699999999;0.527001862197393;0.4692737430167598;0.0037243947858473;Administração Pública, Saúde e Direitos Humanos e Minorias;Alta produtividade e alto custo;140;394;534;194
220647;Mauricio Neves;SP;PP;57;Exercício;Titular;195.20000000000002;1405326.33;0.47368421052631576;0.518005540166205;0.008310249307479225;Finanças Públicas e Orçamento, Direitos Humanos e Minorias e Indústria, Comércio e Serviços;Baixa produtividade e alto custo;277;257;534;194
204549;AJ Albuquerque;CE;PP;57;Exercício;Titular;48.5;920727.62;0.5833333333333334;0.4166666666666667;0.0;Processo Legislativo e Atuação Parlamentar, Administração Pública e Direito Constitucional;Baixa produtividade e baixo custo;437;98;535;195
204517;Zé Vitor;MG;PL;57;Exercício;Titular;277.5;1551079.66;0.512396694214876;0.47520661157024796;0.012396694214876033;Finanças Públicas e Orçamento, Processo Legislativo e Atuação Parlamentar e Saúde;Alta produtividade e alto custo;174;361;535;195
171623;Fabio Reis;SE;PSD;57;Exercício;Titular;18.900000000000002;766960.9;0.2564102564102564;0.7435897435897436;0.0;Finanças Públicas e Orçamento, Defesa e Segurança e Direito e Defesa do Consumidor;Baixa produtividade e baixo custo;460;77;537;196
220640;Juliana Cardoso;SP;PT;57;Exercício;Titular;317.90000000000003;1594830.44;0.6180698151950719;0.37166324435318276;0.01026694045174538;Direitos Humanos e Minorias, Administração Pública e Finanças Públicas e Orçamento;Alta produtividade e alto custo;141;398;539;197
230957;João Cury;SP;MDB;57;Exercício;Efetivado;16.7;748282.15;0.6842105263157895;0.3157894736842105;0.0;Direitos Humanos e Minorias, Homenagens e Datas Comemorativas e Saúde;Baixa produtividade e baixo custo;464;75;539;197
178975;Baleia Rossi;SP;MDB;57;Exercício;Titular;68.9;1058618.65;0.6236559139784946;0.3548387096774194;0.021505376344086023;Administração Pública, Direitos Humanos e Minorias e Saúde;Baixa produtividade e baixo custo;421;119;540;198
73604;Rui Falcão;SP;PT;57;Exercício;Titular;99.10000000000001;1201373.21;0.6321243523316062;0.36787564766839376;0.0;Administração Pública, Finanças Públicas e Orçamento e Defesa e Segurança;Baixa produtividade e baixo custo;386;154;540;198
178966;Geovania de Sá;SC;REPUBLICANOS;57;Exercício;Efetivado;139.1;1289332.47;0.5921052631578947;0.39473684210526316;0.013157894736842105;Finanças Públicas e Orçamento, Direitos Humanos e Minorias e Administração Pública;Baixa produtividade e baixo custo;345;196;541;199
160758;Domingos Sávio;MG;PL;57;Exercício;Titular;287.90000000000003;1568080.71;0.513978494623656;0.47956989247311826;0.0064516129032258064;Administração Pública, Processo Legislativo e Atuação Parlamentar e Defesa e Segurança;Alta produtividade e alto custo;166;375;541;199
141531;Rodrigo de Castro;MG;UNIÃO;57;Exercício;Titular;106.60000000000001;1226192.05;0.37362637362637363;0.6153846153846154;0.01098901098901099;Finanças Públicas e Orçamento, Processo Legislativo e Atuação Parlamentar e Administração Pública;Baixa produtividade e baixo custo;376;165;541;199
204474;Juarez Costa;MT;REPUBLICANOS;57;Exercício;Titular;114.2;1240797.82;0.5472636815920398;0.4427860696517413;0.009950248756218905;Administração Pública, Direitos Humanos e Minorias e Finanças Públicas e Orçamento;Baixa produtividade e baixo custo;370;172;542;200
210989;Bruno Farias;MG;REPUBLICANOS;57;Exercício;Titular;229.70000000000002;1504941.34;0.39215686274509803;0.6022408963585434;0.0056022408963585435;Trabalho e Emprego, Saúde e Direitos Humanos e Minorias;Alta produtividade e alto custo;227;316;543;201
204492;Paulo Guedes;MG;PT;57;Exercício;Titular;184.5;1401203.74;0.4230769230769231;0.5769230769230769;0.0;Finanças Públicas e Orçamento, Defesa e Segurança e Administração Pública;Baixa produtividade e baixo custo;291;254;545;202
178835;Afonso Motta;RS;PDT;57;Exercício;Titular;298.1;1577184.65;0.7198795180722891;0.26656626506024095;0.01355421686746988;Finanças Públicas e Orçamento, Administração Pública e Saúde;Alta produtividade e alto custo;158;387;545;202
220684;Tião Medeiros;PR;PP;57;Exercício;Titular;279.5;1566860.79;0.652542372881356;0.3389830508474576;0.00847457627118644;Administração Pública, Finanças Públicas e Orçamento e Agricultura, Pecuária, Pesca e Extrativismo;Alta produtividade e alto custo;172;373;545;202
204388;Bibo Nunes;RS;PL;57;Exercício;Titular;476.5;1836245.79;0.6443148688046647;0.3469387755102041;0.008746355685131196;Administração Pública, Direitos Humanos e Minorias e Finanças Públicas e Orçamento;Alta produtividade e alto custo;57;489;546;203
220588;Roberto Duarte;AC;REPUBLICANOS;57;Exercício;Titular;368.2;1658432.69;0.555;0.435;0.01;Finanças Públicas e Orçamento, Administração Pública e Direitos Humanos e Minorias;Alta produtividade e alto custo;104;442;546;203
220538;Albuquerque;RR;REPUBLICANOS;57;Exercício;Titular;558.4;2060778.81;0.7238095238095238;0.2714285714285714;0.004761904761904762;Educação, Direitos Humanos e Minorias e Saúde;Alta produtividade e alto custo;39;508;547;204
220658;Luiz Gastão;CE;PSD;57;Exercício;Titular;292.0;1574560.58;0.6461538461538462;0.3446153846153846;0.009230769230769232;Finanças Públicas e Orçamento, Administração Pública e Processo Legislativo e Atuação Parlamentar;Alta produtividade e alto custo;163;384;547;204
74478;Luciano Bivar;PE;MDB;57;Exercício;Titular;52.800000000000004;1046987.36;0.5227272727272727;0.45454545454545453;0.022727272727272728;Administração Pública, Finanças Públicas e Orçamento e Processo Legislativo e Atuação Parlamentar;Baixa produtividade e baixo custo;431;117;548;205
178987;Orlando Silva;SP;PCdoB;57;Exercício;Suplente;197.70000000000002;1434355.06;0.5585284280936454;0.431438127090301;0.010033444816053512;Direitos Humanos e Minorias, Trabalho e Emprego e Administração Pública;Baixa produtividade e alto custo;273;276;549;206
180214;Pastor Diniz;RR;UNIÃO;57;Exercício;Titular;305.5;1594482.29;0.551219512195122;0.44146341463414634;0.007317073170731708;Finanças Públicas e Orçamento, Direitos Humanos e Minorias e Processo Legislativo e Atuação Parlamentar;Alta produtividade e alto custo;153;397;550;207
160632;Zé Silva;MG;UNIÃO;57;Exercício;Titular;210.0;1462192.59;0.49382716049382713;0.49876543209876545;0.007407407407407408;Administração Pública, Finanças Públicas e Orçamento e Agricultura, Pecuária, Pesca e Extrativismo;Baixa produtividade e alto custo;261;293;554;208
160556;Padre João;MG;PT;57;Exercício;Titular;313.7;1607500.77;0.49203821656050956;0.5047770700636943;0.0031847133757961785;Finanças Públicas e Orçamento, Direitos Humanos e Minorias e Administração Pública;Alta produtividade e alto custo;144;411;555;209
204489;Robério Monteiro;CE;PSB;57;Exercício;Titular;17.1;906931.0599999999;0.6785714285714286;0.32142857142857145;0.0;Finanças Públicas e Orçamento, Administração Pública e Meio Ambiente e Desenvolvimento Sustentável;Baixa produtividade e baixo custo;462;94;556;210
220610;Dr. Fernando Máximo;RO;PL;57;Exercício;Titular;400.5;1724079.61;0.6230529595015576;0.367601246105919;0.009345794392523364;Direitos Humanos e Minorias, Finanças Públicas e Orçamento e Administração Pública;Alta produtividade e alto custo;86;471;557;211
160665;Augusto Coutinho;PE;REPUBLICANOS;57;Exercício;Titular;334.3;1645238.4;0.6103678929765887;0.3862876254180602;0.0033444816053511705;Finanças Públicas e Orçamento, Administração Pública e Direitos Humanos e Minorias;Alta produtividade e alto custo;126;433;559;212
204524;Pinheirinho;MG;PP;57;Exercício;Titular;121.10000000000001;1291704.62;0.5865384615384616;0.40865384615384615;0.004807692307692308;Saúde, Finanças Públicas e Orçamento e Direitos Humanos e Minorias;Baixa produtividade e baixo custo;362;198;560;213
220652;Delegado Palumbo;SP;PODE;57;Exercício;Titular;213.8;1498467.37;0.75;0.2357142857142857;0.014285714285714285;Direito Penal e Processual Penal, Defesa e Segurança e Direitos Humanos e Minorias;Baixa produtividade e alto custo;250;310;560;213
221328;Adilson Barroso;SP;PL;57;Exercício;Efetivado;220.1;1510375.84;0.6703601108033241;0.3185595567867036;0.0110803324099723;Direitos Humanos e Minorias, Administração Pública e Finanças Públicas e Orçamento;Alta produtividade e alto custo;239;321;560;213
178992;Vitor Lippi;SP;PSD;57;Exercício;Titular;315.40000000000003;1614696.28;0.5428571428571428;0.4504201680672269;0.0067226890756302525;Administração Pública, Finanças Públicas e Orçamento e Processo Legislativo e Atuação Parlamentar;Alta produtividade e alto custo;143;418;561;214
74537;Claudio Cajado;BA;PP;57;Exercício;Titular;102.7;1264908.38;0.36470588235294116;0.6235294117647059;0.011764705882352941;Direito Constitucional, Finanças Públicas e Orçamento e Processo Legislativo e Atuação Parlamentar;Baixa produtividade e baixo custo;379;182;561;214
220633;Ricardo Salles;SP;NOVO;57;Exercício;Titular;272.6;1572780.11;0.6720554272517321;0.3233256351039261;0.004618937644341801;Administração Pública, Finanças Públicas e Orçamento e Economia;Alta produtividade e alto custo;179;382;561;214
204479;Nicoletti;RR;PL;57;Exercício;Titular;425.3;1830376.65;0.6229749631811488;0.37260677466863035;0.004418262150220913;Administração Pública, Defesa e Segurança e Finanças Públicas e Orçamento;Alta produtividade e alto custo;74;488;562;215
141487;Luiz Fernando Faria;MG;UNIÃO;57;Exercício;Titular;100.2;1255276.47;0.3399014778325123;0.645320197044335;0.014778325123152709;Processo Legislativo e Atuação Parlamentar, Finanças Públicas e Orçamento e Defesa e Segurança;Baixa produtividade e baixo custo;383;179;562;215
73801;Renildo Calheiros;PE;PCdoB;57;Exercício;Titular;143.20000000000002;1343265.29;0.4904214559386973;0.4904214559386973;0.019157088122605363;Direitos Humanos e Minorias, Finanças Públicas e Orçamento e Administração Pública;Baixa produtividade e baixo custo;341;221;562;215
204398;Felipe Francischini;PR;PODE;57;Exercício;Titular;319.40000000000003;1631492.36;0.5223097112860893;0.4671916010498688;0.010498687664041995;Administração Pública, Finanças Públicas e Orçamento e Processo Legislativo e Atuação Parlamentar;Alta produtividade e alto custo;139;424;563;216
220662;Lucas Ramos;PE;PSB;57;Exercício;Titular;232.9;1526723.9;0.42901234567901236;0.5524691358024691;0.018518518518518517;Finanças Públicas e Orçamento, Processo Legislativo e Atuação Parlamentar e Administração Pública;Alta produtividade e alto custo;225;338;563;216
141516;Paulo Abi-Ackel;MG;PSDB;57;Exercício;Titular;68.7;1166172.05;0.6470588235294118;0.3382352941176471;0.014705882352941176;Finanças Públicas e Orçamento, Administração Pública e Previdência e Assistência Social;Baixa produtividade e baixo custo;422;143;565;217
122158;Pedro Paulo;RJ;PSD;57;Exercício;Titular;89.5;1238002.56;0.5928571428571429;0.38571428571428573;0.02142857142857143;Finanças Públicas e Orçamento, Direitos Humanos e Minorias e Administração Pública;Baixa produtividade e baixo custo;396;170;566;218
220599;Marcelo Crivella;RJ;REPUBLICANOS;57;Exercício;Titular;324.40000000000003;1640931.09;0.5623836126629422;0.4301675977653631;0.0074487895716946;Administração Pública, Finanças Públicas e Orçamento e Direitos Humanos e Minorias;Alta produtividade e alto custo;136;430;566;218
204378;Coronel Chrisóstomo;RO;PL;57;Exercício;Titular;375.90000000000003;1712984.26;0.630048465266559;0.36348949919224555;0.006462035541195477;Administração Pública, Direitos Humanos e Minorias e Finanças Públicas e Orçamento;Alta produtividade e alto custo;100;467;567;219
141464;José Airton Félix Cirilo;CE;PT;57;Exercício;Titular;158.0;1376526.12;0.6653543307086615;0.32677165354330706;0.007874015748031496;Finanças Públicas e Orçamento, Administração Pública e Direitos Humanos e Minorias;Baixa produtividade e baixo custo;327;241;568;220
178829;Capitão Augusto;SP;PL;57;Exercício;Titular;355.7;1704137.75;0.6032388663967612;0.38866396761133604;0.008097165991902834;Defesa e Segurança, Direitos Humanos e Minorias e Administração Pública;Alta produtividade e alto custo;112;458;570;221
204360;Silvia Cristina;RO;PP;57;Exercício;Titular;415.1;1843515.06;0.4388349514563107;0.5475728155339806;0.013592233009708738;Saúde, Finanças Públicas e Orçamento e Direitos Humanos e Minorias;Alta produtividade e alto custo;78;492;570;221
143632;Domingos Neto;CE;PSD;57;Exercício;Titular;214.5;1511421.05;0.5648148148148148;0.41975308641975306;0.015432098765432098;Finanças Públicas e Orçamento, Direitos Humanos e Minorias e Saúde;Baixa produtividade e alto custo;247;323;570;221
220701;Delegado Matheus Laiola;PR;UNIÃO;57;Exercício;Titular;331.2;1657363.71;0.7554585152838428;0.2336244541484716;0.010917030567685589;Meio Ambiente e Desenvolvimento Sustentável, Direito Penal e Processual Penal e Direitos Humanos e Minorias;Alta produtividade e alto custo;130;441;571;222
73486;Pompeo de Mattos;RS;PDT;57;Exercício;Titular;436.40000000000003;1996720.29;0.6176470588235294;0.36764705882352944;0.014705882352941176;Finanças Públicas e Orçamento, Direitos Humanos e Minorias e Administração Pública;Alta produtividade e alto custo;68;506;574;223
198783;Emanuel Pinheiro Neto;MT;PSD;57;Exercício;Titular;143.3;1365634.85;0.39271255060728744;0.5951417004048583;0.012145748987854251;Administração Pública, Finanças Públicas e Orçamento e Direitos Humanos e Minorias;Baixa produtividade e baixo custo;340;235;575;224
74646;Aécio Neves;MG;PSDB;57;Exercício;Titular;25.8;1089534.41;0.6388888888888888;0.3333333333333333;0.027777777777777776;Finanças Públicas e Orçamento, Administração Pública e Economia;Baixa produtividade e baixo custo;453;124;577;225
74374;Geraldo Resende;MS;UNIÃO;57;Exercício;Titular;417.6;1900299.14;0.41551724137931034;0.5810344827586207;0.0034482758620689655;Saúde, Direitos Humanos e Minorias e Finanças Públicas e Orçamento;Alta produtividade e alto custo;77;500;577;225
178954;Lucio Mosquini;RO;PL;57;Exercício;Titular;387.3;1786145.8;0.6448326055312955;0.34788937409024745;0.00727802037845706;Finanças Públicas e Orçamento, Meio Ambiente e Desenvolvimento Sustentável e Estrutura Fundiária;Alta produtividade e alto custo;95;483;578;226
74398;Maria do Rosário;RS;PT;57;Exercício;Titular;377.40000000000003;1765883.1199999999;0.6234375;0.365625;0.0109375;Direitos Humanos e Minorias, Administração Pública e Defesa e Segurança;Alta produtividade e alto custo;99;480;579;227
141431;Fernando Coelho Filho;PE;UNIÃO;57;Exercício;Titular;41.0;1152523.6;0.39080459770114945;0.5977011494252874;0.011494252873563218;Finanças Públicas e Orçamento, Processo Legislativo e Atuação Parlamentar e Direito Constitucional;Baixa produtividade e baixo custo;442;139;581;228
160517;Paulo Folletto;ES;PSB;57;Exercício;Titular;275.40000000000003;1601556.27;0.5578583765112263;0.43350604490500866;0.008635578583765112;Finanças Públicas e Orçamento, Administração Pública e Saúde;Alta produtividade e alto custo;176;405;581;228
204481;Dr. Jaziel;CE;PL;57;Exercício;Titular;141.0;1368639.75;0.6267942583732058;0.36363636363636365;0.009569377990430622;Administração Pública, Direitos Humanos e Minorias e Finanças Públicas e Orçamento;Baixa produtividade e baixo custo;343;239;582;229
224333;Welter;PR;PT;57;Exercício;Efetivado;182.9;1452100.83;0.6699346405228758;0.3202614379084967;0.00980392156862745;Finanças Públicas e Orçamento, Administração Pública e Economia;Baixa produtividade e alto custo;294;288;582;229
220672;Henderson Pinto;PA;UNIÃO;57;Exercício;Titular;199.9;1501878.26;0.471976401179941;0.5250737463126843;0.0029498525073746312;Finanças Públicas e Orçamento, Saúde e Administração Pública;Baixa produtividade e alto custo;268;314;582;229
161550;Emidinho Madeira;MG;PL;57;Exercício;Titular;191.1;1477155.9;0.45038167938931295;0.549618320610687;0.0;Processo Legislativo e Atuação Parlamentar, Administração Pública e Finanças Públicas e Orçamento;Baixa produtividade e alto custo;283;301;584;230
220622;Nely Aquino;MG;PODE;57;Exercício;Titular;169.0;1425765.98;0.6104651162790697;0.3546511627906977;0.03488372093023256;Direitos Humanos e Minorias, Saúde e Finanças Públicas e Orçamento;Baixa produtividade e alto custo;316;270;586;231
122974;Pedro Lucas Fernandes;MA;UNIÃO;57;Exercício;Titular;329.6;1697045.25;0.788860103626943;0.20725388601036268;0.0038860103626943004;Defesa e Segurança, Direitos Humanos e Minorias e Finanças Públicas e Orçamento;Alta produtividade e alto custo;132;455;587;232
141408;Cleber Verde;MA;MDB;57;Exercício;Titular;389.0;1850748.69;0.4676113360323887;0.5242914979757085;0.008097165991902834;Finanças Públicas e Orçamento, Direitos Humanos e Minorias e Trabalho e Emprego;Alta produtividade e alto custo;94;493;587;232
220681;Fábio Macedo;MA;PODE;57;Exercício;Titular;74.60000000000001;1245043.96;0.9426751592356688;0.044585987261146494;0.012738853503184714;Direitos Humanos e Minorias, Saúde e Finanças Públicas e Orçamento;Baixa produtividade e baixo custo;416;173;589;233
74273;Jefferson Campos;SP;PL;57;Exercício;Titular;165.5;1425665.73;0.5827338129496403;0.39928057553956836;0.017985611510791366;Direitos Humanos e Minorias, Defesa e Segurança e Finanças Públicas e Orçamento;Baixa produtividade e alto custo;321;268;589;233
204557;Sidney Leite;AM;PSD;57;Exercício;Titular;316.1;1678985.07;0.6221662468513854;0.3702770780856423;0.007556675062972292;Administração Pública, Finanças Públicas e Orçamento e Viação, Transporte e Mobilidade;Alta produtividade e alto custo;142;450;592;234
204368;Fabio Schiochet;SC;UNIÃO;57;Exercício;Titular;108.0;1338462.19;0.6;0.4;0.0;Finanças Públicas e Orçamento, Administração Pública e Defesa e Segurança;Baixa produtividade e baixo custo;373;220;593;235
220528;Dr. Victor Linhalis;ES;PSB;57;Exercício;Titular;252.9;1583203.53;0.5494505494505495;0.44505494505494503;0.005494505494505495;Direitos Humanos e Minorias, Administração Pública e Saúde;Alta produtividade e alto custo;202;393;595;236
220609;Maurício Carvalho;RO;UNIÃO;57;Exercício;Titular;211.8;1532430.82;0.6388888888888888;0.3541666666666667;0.006944444444444444;Direitos Humanos e Minorias, Defesa e Segurança e Finanças Públicas e Orçamento;Baixa produtividade e alto custo;257;343;600;237
160569;Waldenor Pereira;BA;PT;57;Exercício;Titular;218.20000000000002;1548765.35;0.7052896725440806;0.29219143576826195;0.0025188916876574307;Direitos Humanos e Minorias, Administração Pública e Defesa e Segurança;Alta produtividade e alto custo;243;359;602;238
69871;Bacelar;BA;PV;57;Exercício;Titular;324.40000000000003;1718077.09;0.4906832298136646;0.4989648033126294;0.010351966873706004;Finanças Públicas e Orçamento, Administração Pública e Direitos Humanos e Minorias;Alta produtividade e alto custo;136;468;604;239
204457;Juninho do Pneu;RJ;PSDB;57;Exercício;Titular;232.4;1570295.65;0.521505376344086;0.4731182795698925;0.005376344086021506;Saúde, Direitos Humanos e Minorias e Viação, Transporte e Mobilidade;Alta produtividade e alto custo;226;378;604;239
178993;Carlos Henrique Gaguim;TO;UNIÃO;57;Exercício;Titular;297.2;1668272.1;0.5025817555938038;0.49569707401032703;0.0017211703958691911;Direitos Humanos e Minorias, Finanças Públicas e Orçamento e Administração Pública;Alta produtividade e alto custo;159;446;605;240
204539;Hercílio Coelho Diniz;MG;MDB;57;Exercício;Titular;89.8;1311982.16;0.5197368421052632;0.47368421052631576;0.006578947368421052;Direitos Humanos e Minorias, Finanças Públicas e Orçamento e Administração Pública;Baixa produtividade e baixo custo;395;210;605;240
215043;Josivaldo JP;MA;UNIÃO;57;Exercício;Titular;117.60000000000001;1377910.82;0.6009852216748769;0.3891625615763547;0.009852216748768473;Direitos Humanos e Minorias, Trabalho e Emprego e Finanças Públicas e Orçamento;Baixa produtividade e baixo custo;366;242;608;241
220628;Mauricio do Vôlei;MG;PL;57;Exercício;Titular;236.20000000000002;1578737.23;0.6547619047619048;0.3392857142857143;0.005952380952380952;Finanças Públicas e Orçamento, Direitos Humanos e Minorias e Administração Pública;Alta produtividade e alto custo;218;390;608;241
204351;Dr. Luiz Ovando;MS;PP;57;Exercício;Titular;267.0;1620149.97;0.5445544554455446;0.4504950495049505;0.0049504950495049506;Saúde, Direitos Humanos e Minorias e Administração Pública;Alta produtividade e alto custo;187;421;608;241
220670;Iza Arruda;PE;MDB;57;Exercício;Titular;186.8;1511972.45;0.6443768996960486;0.3343465045592705;0.02127659574468085;Saúde, Direitos Humanos e Minorias e Administração Pública;Baixa produtividade e alto custo;287;324;611;242
220532;Rafael Prudente;DF;MDB;57;Exercício;Titular;143.5;1427419.21;0.6774193548387096;0.3087557603686636;0.013824884792626729;Finanças Públicas e Orçamento, Administração Pública e Direitos Humanos e Minorias;Baixa produtividade e alto custo;339;272;611;242
136811;Afonso Hamm;RS;PP;57;Exercício;Titular;271.8;1644013.82;0.5158878504672897;0.4766355140186916;0.007476635514018692;Finanças Públicas e Orçamento, Administração Pública e Meio Ambiente e Desenvolvimento Sustentável;Alta produtividade e alto custo;180;432;612;243
73433;Arlindo Chinaglia;SP;PT;57;Exercício;Titular;97.7;1352185.53;0.5324675324675324;0.45454545454545453;0.012987012987012988;Finanças Públicas e Orçamento, Administração Pública e Defesa e Segurança;Baixa produtividade e baixo custo;387;228;615;244
220663;Eriberto Medeiros;PE;PSB;57;Exercício;Titular;244.0;1601979.37;0.45494505494505494;0.5318681318681319;0.013186813186813187;Defesa e Segurança, Administração Pública e Direitos Humanos e Minorias;Alta produtividade e alto custo;209;406;615;244
160518;Weliton Prado;MG;PSD;57;Exercício;Titular;214.4;1560542.95;0.6228070175438597;0.3684210526315789;0.008771929824561403;Saúde, Direitos Humanos e Minorias e Administração Pública;Baixa produtividade e alto custo;248;368;616;245
204406;Pedro Westphalen;RS;PP;57;Exercício;Titular;281.8;1666505.67;0.49230769230769234;0.4980769230769231;0.009615384615384616;Finanças Públicas e Orçamento, Administração Pública e Saúde;Alta produtividade e alto custo;171;445;616;245
160559;Alceu Moreira;RS;MDB;57;Exercício;Titular;268.0;1643008.79;0.5153508771929824;0.47368421052631576;0.010964912280701754;Finanças Públicas e Orçamento, Meio Ambiente e Desenvolvimento Sustentável e Administração Pública;Alta produtividade e alto custo;185;431;616;245
220668;Maria Arraes;PE;PSB;57;Exercício;Titular;318.0;1756978.5;0.59765625;0.37109375;0.03125;Direitos Humanos e Minorias, Saúde e Defesa e Segurança;Alta produtividade e alto custo;140;478;618;246
220546;Rodolfo Nogueira;MS;PL;57;Exercício;Titular;343.40000000000003;1909918.67;0.6666666666666666;0.3227176220806794;0.010615711252653927;Administração Pública, Direitos Humanos e Minorias e Defesa e Segurança;Alta produtividade e alto custo;118;502;620;247
220649;Delegado da Cunha;SP;UNIÃO;57;Exercício;Titular;164.8;1471583.45;0.45112781954887216;0.5375939849624061;0.011278195488721804;Defesa e Segurança, Direito Penal e Processual Penal e Administração Pública;Baixa produtividade e alto custo;323;298;621;248
220583;Delegado Fabio Costa;AL;PP;57;Exercício;Titular;273.3;1666175.42;0.6161879895561357;0.370757180156658;0.013054830287206266;Defesa e Segurança, Direitos Humanos e Minorias e Administração Pública;Alta produtividade e alto custo;177;444;621;248
74060;Daniel Almeida;BA;PCdoB;57;Exercício;Titular;290.0;1704892.27;0.5303867403314917;0.4696132596685083;0.0;Finanças Públicas e Orçamento, Administração Pública e Trabalho e Emprego;Alta produtividade e alto custo;164;459;623;249
220551;Franciane Bayer;RS;REPUBLICANOS;57;Exercício;Titular;322.3;1801190.1199999999;0.6174496644295302;0.35906040268456374;0.02348993288590604;Direitos Humanos e Minorias, Administração Pública e Finanças Públicas e Orçamento;Alta produtividade e alto custo;138;486;624;250
73692;Osmar Terra;RS;PL;57;Exercício;Titular;197.70000000000002;1540388.14;0.5421348314606742;0.4410112359550562;0.016853932584269662;Direitos Humanos e Minorias, Administração Pública e Finanças Públicas e Orçamento;Baixa produtividade e alto custo;273;354;627;251
204574;Junior Lourenço;MA;MDB;57;Exercício;Titular;87.3;1353982.64;0.5120481927710844;0.4819277108433735;0.006024096385542169;Direitos Humanos e Minorias, Finanças Públicas e Orçamento e Processo Legislativo e Atuação Parlamentar;Baixa produtividade e baixo custo;398;229;627;251
88256;Clodoaldo Magalhães;PE;PV;57;Exercício;Titular;254.6;1640719.05;0.6385542168674698;0.35240963855421686;0.009036144578313253;Direitos Humanos e Minorias, Saúde e Meio Ambiente e Desenvolvimento Sustentável;Alta produtividade e alto custo;200;429;629;252
178934;Toninho Wandscheer;PR;PP;57;Exercício;Titular;256.40000000000003;1646416.84;0.5318559556786704;0.4626038781163435;0.00554016620498615;Viação, Transporte e Mobilidade, Finanças Públicas e Orçamento e Administração Pública;Alta produtividade e alto custo;196;435;631;253
160527;Aguinaldo Ribeiro;PB;PP;57;Exercício;Titular;34.800000000000004;1269667.6;0.4492753623188406;0.5217391304347826;0.028985507246376812;Finanças Públicas e Orçamento, Defesa e Segurança e Processo Legislativo e Atuação Parlamentar;Baixa produtividade e baixo custo;448;184;632;254
141421;Eduardo da Fonte;PE;PP;57;Exercício;Titular;256.1;1655824.53;0.5760598503740648;0.42144638403990026;0.0024937655860349127;Saúde, Direitos Humanos e Minorias e Administração Pública;Alta produtividade e alto custo;197;440;637;255
220689;Detinha;MA;PL;57;Exercício;Titular;70.10000000000001;1329217.68;0.41836734693877553;0.5612244897959183;0.02040816326530612;Direitos Humanos e Minorias, Arte, Cultura e Religião e Homenagens e Datas Comemorativas;Baixa produtividade e baixo custo;420;217;637;255
74270;Gilberto Nascimento;SP;PODE;57;Exercício;Titular;144.20000000000002;1471908.0;0.43956043956043955;0.5494505494505495;0.01098901098901099;Direitos Humanos e Minorias, Finanças Públicas e Orçamento e Processo Legislativo e Atuação Parlamentar;Baixa produtividade e alto custo;338;299;637;255
204512;Delegado Marcelo Freitas;MG;UNIÃO;57;Exercício;Titular;222.4;1598575.07;0.4984894259818731;0.4954682779456193;0.006042296072507553;Defesa e Segurança, Direito Penal e Processual Penal e Administração Pública;Alta produtividade e alto custo;236;402;638;256
204356;Amaro Neto;ES;PP;57;Exercício;Titular;197.5;1558150.46;0.5571955719557196;0.4280442804428044;0.014760147601476014;Processo Legislativo e Atuação Parlamentar, Administração Pública e Finanças Públicas e Orçamento;Baixa produtividade e alto custo;274;366;640;257
204473;General Girão;RN;PL;57;Exercício;Titular;324.90000000000003;1924142.67;0.5736301369863014;0.4212328767123288;0.005136986301369863;Direitos Humanos e Minorias, Administração Pública e Defesa e Segurança;Alta produtividade e alto custo;135;505;640;257
162332;Luiz Nishimori;PR;PSD;57;Exercício;Titular;188.4;1541005.98;0.5193370165745856;0.47513812154696133;0.0055248618784530384;Direitos Humanos e Minorias, Finanças Públicas e Orçamento e Meio Ambiente e Desenvolvimento Sustentável;Baixa produtividade e alto custo;285;355;640;257
220590;Coronel Ulysses;AC;UNIÃO;57;Exercício;Titular;284.3;1730218.75;0.5161290322580645;0.4717741935483871;0.012096774193548387;Defesa e Segurança, Administração Pública e Direito Penal e Processual Penal;Alta produtividade e alto custo;169;472;641;258
220612;Bebeto;RJ;PP;57;Exercício;Titular;221.20000000000002;1599261.81;0.45595854922279794;0.538860103626943;0.0051813471502590676;Direitos Humanos e Minorias, Direito Penal e Processual Penal e Administração Pública;Alta produtividade e alto custo;238;403;641;258
204379;Acácio Favacho;AP;MDB;57;Exercício;Titular;172.1;1516427.08;0.42483660130718953;0.5620915032679739;0.013071895424836602;Direitos Humanos e Minorias, Administração Pública e Saúde;Baixa produtividade e alto custo;312;331;643;259
220631;Samuel Viana;MG;UNIÃO;57;Exercício;Titular;115.2;1433822.1;0.5801526717557252;0.4122137404580153;0.007633587786259542;Administração Pública, Processo Legislativo e Atuação Parlamentar e Previdência e Assistência Social;Baixa produtividade e alto custo;369;275;644;260
220555;Daiana Santos;RS;PCdoB;57;Exercício;Titular;233.20000000000002;1619699.98;0.4887005649717514;0.4971751412429379;0.014124293785310734;Direitos Humanos e Minorias, Defesa e Segurança e Saúde;Alta produtividade e alto custo;224;420;644;260
74467;Damião Feliciano;PB;UNIÃO;57;Exercício;Titular;80.7;1365831.28;0.6222222222222222;0.34814814814814815;0.02962962962962963;Administração Pública, Finanças Públicas e Orçamento e Direitos Humanos e Minorias;Baixa produtividade e baixo custo;408;236;644;260
220591;Meire Serafim;AC;UNIÃO;57;Exercício;Titular;311.0;1901370.19;0.572;0.418;0.01;Administração Pública, Direitos Humanos e Minorias e Saúde;Alta produtividade e alto custo;146;501;647;261
204486;Mauro Benevides Filho;CE;UNIÃO;57;Exercício;Titular;124.3;1460304.43;0.4190871369294606;0.5601659751037344;0.02074688796680498;Finanças Públicas e Orçamento, Administração Pública e Economia;Baixa produtividade e alto custo;358;292;650;262
74090;Átila Lins;AM;PSD;57;Exercício;Titular;87.10000000000001;1397506.74;0.4230769230769231;0.5576923076923077;0.019230769230769232;Administração Pública, Finanças Públicas e Orçamento e Direito Constitucional;Baixa produtividade e baixo custo;400;251;651;263
220603;Dani Cunha;RJ;PL;57;Exercício;Titular;179.3;1537047.66;0.5303867403314917;0.44751381215469616;0.022099447513812154;Direitos Humanos e Minorias, Processo Legislativo e Atuação Parlamentar e Finanças Públicas e Orçamento;Baixa produtividade e alto custo;300;351;651;263
220578;Josenildo;AP;PDT;57;Exercício;Titular;271.0;1719261.68;0.6948051948051948;0.2987012987012987;0.006493506493506494;Direitos Humanos e Minorias, Administração Pública e Finanças Públicas e Orçamento;Alta produtividade e alto custo;182;469;651;263
220542;Alexandre Guimarães;TO;MDB;57;Exercício;Titular;294.40000000000003;1841824.87;0.6093117408906883;0.3785425101214575;0.012145748987854251;Finanças Públicas e Orçamento, Administração Pública e Direitos Humanos e Minorias;Alta produtividade e alto custo;161;491;652;264
178964;Heitor Schuch;RS;PSD;57;Exercício;Titular;238.5;1648315.69;0.5239234449760766;0.46172248803827753;0.014354066985645933;Finanças Públicas e Orçamento, Administração Pública e Indústria, Comércio e Serviços;Alta produtividade e alto custo;216;436;652;264
171786;Miguel Ângelo;MG;PT;57;Exercício;Titular;90.5;1407279.34;0.4794520547945205;0.5136986301369864;0.00684931506849315;Administração Pública, Finanças Públicas e Orçamento e Direitos Humanos e Minorias;Baixa produtividade e alto custo;394;260;654;265
160674;Hugo Motta;PB;REPUBLICANOS;57;Exercício;Titular;184.6;1555227.19;0.8510158013544018;0.13544018058690746;0.013544018058690745;Finanças Públicas e Orçamento, Administração Pública e Processo Legislativo e Atuação Parlamentar;Baixa produtividade e alto custo;290;364;654;265
160600;Arthur Oliveira Maia;BA;UNIÃO;57;Exercício;Titular;156.5;1513914.61;0.32094594594594594;0.6756756756756757;0.0033783783783783786;Processo Legislativo e Atuação Parlamentar, Finanças Públicas e Orçamento e Administração Pública;Baixa produtividade e alto custo;329;326;655;266
178927;Aliel Machado;PR;PV;57;Exercício;Titular;80.4;1389137.65;0.40939597315436244;0.5906040268456376;0.0;Administração Pública, Trabalho e Emprego e Finanças Públicas e Orçamento;Baixa produtividade e baixo custo;410;247;657;267
121948;Adriano do Baldy;GO;PP;57;Exercício;Titular;246.5;1679134.57;0.6194690265486725;0.3787610619469027;0.0017699115044247787;Finanças Públicas e Orçamento, Agricultura, Pecuária, Pesca e Extrativismo e Administração Pública;Alta produtividade e alto custo;207;451;658;268
66385;Julio Arcoverde;PI;PP;57;Exercício;Titular;111.7;1450612.11;0.6492537313432836;0.3358208955223881;0.014925373134328358;Administração Pública, Direitos Humanos e Minorias e Finanças Públicas e Orçamento;Baixa produtividade e alto custo;371;287;658;268
220572;Marussa Boldrin;GO;REPUBLICANOS;57;Exercício;Titular;251.3;1699919.89;0.5583126550868487;0.43424317617866004;0.007444168734491315;Defesa e Segurança, Direitos Humanos e Minorias e Finanças Públicas e Orçamento;Alta produtividade e alto custo;203;456;659;269
220669;Lula da Fonte;PE;PP;57;Exercício;Titular;176.4;1550231.54;0.578125;0.4140625;0.0078125;Direitos Humanos e Minorias, Saúde e Administração Pública;Baixa produtividade e alto custo;304;360;664;270
74317;Júlio Cesar;PI;PSD;57;Exercício;Titular;122.3;1484128.2;0.4834710743801653;0.5082644628099173;0.008264462809917356;Finanças Públicas e Orçamento, Administração Pública e Direitos Humanos e Minorias;Baixa produtividade e alto custo;361;305;666;271
220608;Cristiane Lopes;RO;PODE;57;Exercício;Titular;273.0;1837026.49;0.5580952380952381;0.43047619047619046;0.011428571428571429;Direitos Humanos e Minorias, Administração Pública e Defesa e Segurança;Alta produtividade e alto custo;178;490;668;272
204498;Olival Marques;PA;PODE;57;Exercício;Titular;67.3;1386885.68;0.6233766233766234;0.35064935064935066;0.025974025974025976;Direitos Humanos e Minorias, Direito Penal e Processual Penal e Finanças Públicas e Orçamento;Baixa produtividade e baixo custo;423;246;669;273
81055;Márcio Jerry;MA;PCdoB;57;Exercício;Titular;180.6;1566262.23;0.36990595611285265;0.6112852664576802;0.018808777429467086;Finanças Públicas e Orçamento, Administração Pública e Trabalho e Emprego;Baixa produtividade e alto custo;297;372;669;273
220651;Simone Marquetto;SP;PP;57;Exercício;Titular;154.1;1525678.22;0.5607476635514018;0.397196261682243;0.04205607476635514;Direitos Humanos e Minorias, Saúde e Finanças Públicas e Orçamento;Baixa produtividade e alto custo;332;337;669;273
62881;Danilo Forte;CE;PP;57;Exercício;Titular;217.8;1633564.44;0.4190231362467866;0.5758354755784062;0.005141388174807198;Administração Pública, Finanças Públicas e Orçamento e Processo Legislativo e Atuação Parlamentar;Alta produtividade e alto custo;244;425;669;273
220620;Rosângela Reis;MG;PL;57;Exercício;Titular;161.3;1535890.33;0.4779116465863454;0.5100401606425703;0.012048192771084338;Trabalho e Emprego, Defesa e Segurança e Administração Pública;Baixa produtividade e alto custo;324;348;672;274
204419;Glaustin da Fokus;GO;PODE;57;Exercício;Titular;87.2;1432660.48;0.5925925925925926;0.4012345679012346;0.006172839506172839;Direitos Humanos e Minorias, Defesa e Segurança e Saúde;Baixa produtividade e alto custo;399;273;672;274
220545;Filipe Martins;TO;PL;57;Exercício;Titular;210.6;1608004.08;0.5846153846153846;0.40615384615384614;0.009230769230769232;Direitos Humanos e Minorias, Administração Pública e Finanças Públicas e Orçamento;Baixa produtividade e alto custo;259;413;672;274
220560;Thiago de Joaldo;SE;REPUBLICANOS;57;Exercício;Titular;180.5;1568563.83;0.5148148148148148;0.4740740740740741;0.011111111111111112;Finanças Públicas e Orçamento, Administração Pública e Saúde;Baixa produtividade e alto custo;298;376;674;275
107970;Ana Paula Leão;MG;PP;57;Exercício;Titular;184.6;1576814.11;0.5203761755485894;0.4670846394984326;0.012539184952978056;Direitos Humanos e Minorias, Finanças Públicas e Orçamento e Administração Pública;Baixa produtividade e alto custo;290;386;676;276
204453;Natália Bonavides;RN;PT;57;Exercício;Titular;173.9;1558689.14;0.6971830985915493;0.2992957746478873;0.0035211267605633804;Direitos Humanos e Minorias, Administração Pública e Finanças Públicas e Orçamento;Baixa produtividade e alto custo;309;367;676;276
220567;Jeferson Rodrigues;GO;PSDB;57;Exercício;Titular;144.3;1531440.53;0.5072992700729927;0.48905109489051096;0.0036496350364963502;Direitos Humanos e Minorias, Finanças Públicas e Orçamento e Direito Penal e Processual Penal;Baixa produtividade e alto custo;337;341;678;277
160599;Dimas Fabiano;MG;PP;57;Exercício;Titular;59.4;1390843.81;0.6526315789473685;0.3368421052631579;0.010526315789473684;Direitos Humanos e Minorias, Finanças Públicas e Orçamento e Trabalho e Emprego;Baixa produtividade e baixo custo;429;250;679;278
160673;Giovani Cherini;RS;PL;57;Exercício;Titular;256.8;1793869.91;0.5291576673866091;0.46004319654427644;0.01079913606911447;Finanças Públicas e Orçamento, Direitos Humanos e Minorias e Administração Pública;Alta produtividade e alto custo;195;485;680;279
220703;Neto Carletto;BA;AVANTE;57;Exercício;Titular;204.20000000000002;1612546.52;0.5034722222222222;0.4861111111111111;0.010416666666666666;Direitos Humanos e Minorias, Saúde e Finanças Públicas e Orçamento;Baixa produtividade e alto custo;264;416;680;279
220561;Delegada Katarina;SE;PSD;57;Exercício;Titular;194.6;1598516.43;0.6188524590163934;0.35655737704918034;0.02459016393442623;Direitos Humanos e Minorias, Saúde e Defesa e Segurança;Baixa produtividade e alto custo;280;401;681;280
220626;Rafael Simoes;MG;UNIÃO;57;Exercício;Titular;203.1;1614563.71;0.4827586206896552;0.5015673981191222;0.01567398119122257;Finanças Públicas e Orçamento, Processo Legislativo e Atuação Parlamentar e Administração Pública;Baixa produtividade e alto custo;265;417;682;281
179001;Márcio Biolchi;RS;MDB;57;Exercício;Titular;38.4;1366905.54;0.5303030303030303;0.45454545454545453;0.015151515151515152;Finanças Públicas e Orçamento, Administração Pública e Meio Ambiente e Desenvolvimento Sustentável;Baixa produtividade e baixo custo;446;237;683;282
204408;Gustinho Ribeiro;SE;PP;57;Exercício;Titular;75.10000000000001;1425702.1;0.5;0.4868421052631579;0.013157894736842105;Finanças Públicas e Orçamento, Processo Legislativo e Atuação Parlamentar e Administração Pública;Baixa produtividade e alto custo;415;269;684;283
92699;Fernando Monteiro;PE;PSD;57;Exercício;Titular;80.8;1436634.55;0.6;0.3888888888888889;0.011111111111111112;Finanças Públicas e Orçamento, Administração Pública e Economia;Baixa produtividade e alto custo;407;277;684;283
74376;Vander Loubet;MS;PT;57;Exercício;Titular;184.0;1581165.93;0.5384615384615384;0.4586894586894587;0.002849002849002849;Finanças Públicas e Orçamento, Administração Pública e Direitos Humanos e Minorias;Baixa produtividade e alto custo;292;392;684;283
220699;Castro Neto;PI;MDB;57;Exercício;Titular;110.9;1506755.79;0.5725190839694656;0.40458015267175573;0.022900763358778626;Direitos Humanos e Minorias, Finanças Públicas e Orçamento e Administração Pública;Baixa produtividade e alto custo;372;318;690;284
204396;Vermelho;PR;PL;57;Exercício;Titular;204.70000000000002;1640227.88;0.5942492012779552;0.3961661341853035;0.009584664536741214;Finanças Públicas e Orçamento, Administração Pública e Direitos Humanos e Minorias;Baixa produtividade e alto custo;263;428;691;285
204563;Josimar Maranhãozinho;MA;PL;57;Exercício;Titular;26.1;1371634.28;0.44;0.54;0.02;Saúde, Finanças Públicas e Orçamento e Direitos Humanos e Minorias;Baixa produtividade e baixo custo;452;240;692;286
123086;Átila Lira;PI;PP;57;Exercício;Titular;104.4;1507031.2;0.5540540540540541;0.43243243243243246;0.013513513513513514;Finanças Públicas e Orçamento, Processo Legislativo e Atuação Parlamentar e Administração Pública;Baixa produtividade e alto custo;378;319;697;287
204364;Eli Borges;TO;REPUBLICANOS;57;Exercício;Titular;168.1;1573838.94;0.6421052631578947;0.3526315789473684;0.005263157894736842;Direitos Humanos e Minorias, Processo Legislativo e Atuação Parlamentar e Finanças Públicas e Orçamento;Baixa produtividade e alto custo;317;383;700;288
220570;Dr. Ismael Alexandrino;GO;PSD;57;Exercício;Titular;175.8;1587508.69;0.5767441860465117;0.4046511627906977;0.018604651162790697;Finanças Públicas e Orçamento, Direitos Humanos e Minorias e Administração Pública;Baixa produtividade e alto custo;305;395;700;288
162067;Kiko Celeguim;SP;PT;57;Exercício;Titular;154.6;1563125.79;0.5490909090909091;0.44727272727272727;0.0036363636363636364;Finanças Públicas e Orçamento, Administração Pública e Defesa e Segurança;Baixa produtividade e alto custo;331;371;702;289
74574;Paulo Magalhães;BA;PSD;57;Exercício;Titular;93.9;1499765.33;0.4659090909090909;0.5113636363636364;0.022727272727272728;Finanças Públicas e Orçamento, Processo Legislativo e Atuação Parlamentar e Saúde;Baixa produtividade e alto custo;392;312;704;290
220536;Zé Haroldo Cathedral;RR;UNIÃO;57;Exercício;Titular;240.9;1879907.68;0.5375722543352601;0.4508670520231214;0.011560693641618497;Direitos Humanos e Minorias, Saúde e Administração Pública;Alta produtividade e alto custo;214;498;712;291
220597;Thiago Flores;RO;UNIÃO;57;Exercício;Titular;196.1;1653410.3800000001;0.664179104477612;0.3208955223880597;0.014925373134328358;Administração Pública, Defesa e Segurança e Direito Penal e Processual Penal;Baixa produtividade e alto custo;275;439;714;292
220589;Eduardo Velloso;AC;SOLIDARIEDADE;57;Exercício;Titular;215.3;1720152.27;0.4387254901960784;0.5563725490196079;0.004901960784313725;Finanças Públicas e Orçamento, Processo Legislativo e Atuação Parlamentar e Saúde;Alta produtividade e alto custo;245;470;715;293
204390;Professor Alcides;GO;PSDB;57;Exercício;Titular;195.0;1653191.06;0.5153846153846153;0.4846153846153846;0.0;Administração Pública, Processo Legislativo e Atuação Parlamentar e Direitos Humanos e Minorias;Baixa produtividade e alto custo;278;438;716;294
204515;André Janones;MG;REDE;57;Exercício;Titular;59.400000000000006;1456277.43;0.40540540540540543;0.5765765765765766;0.018018018018018018;Trabalho e Emprego, Saúde e Direitos Humanos e Minorias;Baixa produtividade e alto custo;428;289;717;295
178997;Moses Rodrigues;CE;UNIÃO;57;Exercício;Titular;192.1;1651172.41;0.45918367346938777;0.5357142857142857;0.00510204081632653;Finanças Públicas e Orçamento, Administração Pública e Processo Legislativo e Atuação Parlamentar;Baixa produtividade e alto custo;281;437;718;296
220714;Adail Filho;AM;MDB;57;Exercício;Titular;235.70000000000002;1889258.03;0.5790697674418605;0.41627906976744183;0.004651162790697674;Energia, Recursos Hídricos e Minerais, Administração Pública e Saúde;Alta produtividade e alto custo;219;499;718;296
220624;Robinson Faria;RN;PP;57;Exercício;Titular;101.0;1540080.29;0.6081871345029239;0.3684210526315789;0.023391812865497075;Direitos Humanos e Minorias, Defesa e Segurança e Arte, Cultura e Religião;Baixa produtividade e alto custo;380;352;732;297
204445;Fernando Mineiro;RN;PT;57;Exercício;Titular;173.6;1629390.87;0.6557377049180327;0.3442622950819672;0.0;Finanças Públicas e Orçamento, Direitos Humanos e Minorias e Administração Pública;Baixa produtividade e alto custo;311;422;733;298
92102;Leur Lomanto Júnior;BA;UNIÃO;57;Exercício;Titular;84.10000000000001;1518498.85;0.42105263157894735;0.5723684210526315;0.006578947368421052;Processo Legislativo e Atuação Parlamentar, Finanças Públicas e Orçamento e Direito Constitucional;Baixa produtividade e alto custo;403;332;735;299
109429;Benes Leocádio;RN;UNIÃO;57;Exercício;Titular;185.70000000000002;1672753.99;0.6551724137931034;0.33189655172413796;0.01293103448275862;Direitos Humanos e Minorias, Saúde e Finanças Públicas e Orçamento;Baixa produtividade e alto custo;288;448;736;300
188097;Merlong Solano;PI;PT;57;Exercício;Efetivado;219.8;1878410.11;0.6151419558359621;0.3753943217665615;0.00946372239747634;Direitos Humanos e Minorias, Finanças Públicas e Orçamento e Administração Pública;Alta produtividade e alto custo;240;497;737;301
220685;Paulo Litro;PR;UNIÃO;57;Exercício;Titular;133.0;1575298.87;0.601010101010101;0.37373737373737376;0.025252525252525252;Direitos Humanos e Minorias, Finanças Públicas e Orçamento e Meio Ambiente e Desenvolvimento Sustentável;Baixa produtividade e alto custo;352;385;737;301
220694;Ricardo Maia;BA;MDB;57;Exercício;Titular;79.8;1513807.18;0.48333333333333334;0.5083333333333333;0.008333333333333333;Finanças Públicas e Orçamento, Processo Legislativo e Atuação Parlamentar e Saúde;Baixa produtividade e alto custo;412;325;737;301
220664;Guilherme Uchoa;PE;PSD;57;Exercício;Titular;100.5;1544850.45;0.5859872611464968;0.36942675159235666;0.044585987261146494;Homenagens e Datas Comemorativas, Finanças Públicas e Orçamento e Processo Legislativo e Atuação Parlamentar;Baixa produtividade e alto custo;381;357;738;302
205476;Charles Fernandes;BA;PSD;57;Exercício;Efetivado;100.0;1544126.18;0.5087719298245614;0.47953216374269003;0.011695906432748537;Finanças Públicas e Orçamento, Direitos Humanos e Minorias e Administração Pública;Baixa produtividade e alto custo;384;356;740;303
74371;Rubens Otoni;GO;PT;57;Exercício;Titular;194.70000000000002;1705682.36;0.6057347670250897;0.3906810035842294;0.0035842293906810036;Direitos Humanos e Minorias, Finanças Públicas e Orçamento e Administração Pública;Baixa produtividade e alto custo;279;461;740;303
141456;Jilmar Tatto;SP;PT;57;Exercício;Titular;132.8;1577942.93;0.7142857142857143;0.2857142857142857;0.0;Direitos Humanos e Minorias, Administração Pública e Defesa e Segurança;Baixa produtividade e alto custo;353;389;742;304
178933;Sergio Souza;PR;MDB;57;Exercício;Titular;146.7;1605163.32;0.7;0.27647058823529413;0.023529411764705882;Agricultura, Pecuária, Pesca e Extrativismo, Administração Pública e Finanças Públicas e Orçamento;Baixa produtividade e alto custo;335;409;744;305
204426;Carlos Veras;PE;PT;57;Exercício;Titular;212.8;1859364.21;0.5843520782396088;0.4083129584352078;0.007334963325183374;Finanças Públicas e Orçamento, Administração Pública e Trabalho e Emprego;Baixa produtividade e alto custo;253;494;747;306
160538;Bohn Gass;RS;PT;57;Exercício;Titular;182.70000000000002;1690235.26;0.6666666666666666;0.3244047619047619;0.008928571428571428;Finanças Públicas e Orçamento, Administração Pública e Direitos Humanos e Minorias;Baixa produtividade e alto custo;296;452;748;307
178908;Delegado Éder Mauro;PA;PL;57;Exercício;Titular;187.6;1711932.52;0.5847750865051903;0.40484429065743943;0.010380622837370242;Administração Pública, Direitos Humanos e Minorias e Defesa e Segurança;Baixa produtividade e alto custo;286;465;751;308
220696;Ivoneide Caetano;BA;PT;57;Exercício;Titular;102.7;1567282.42;0.6047904191616766;0.38922155688622756;0.005988023952095809;Direitos Humanos e Minorias, Finanças Públicas e Orçamento e Administração Pública;Baixa produtividade e alto custo;379;374;753;309
178858;Mário Negromonte Jr.;BA;PSB;57;Exercício;Titular;77.10000000000001;1528210.17;0.416;0.576;0.008;Finanças Públicas e Orçamento, Processo Legislativo e Atuação Parlamentar e Direitos Humanos e Minorias;Baixa produtividade e alto custo;414;339;753;309
204567;Raimundo Costa;BA;PSD;57;Exercício;Titular;148.1;1614958.62;0.4027777777777778;0.5902777777777778;0.006944444444444444;Administração Pública, Finanças Públicas e Orçamento e Direitos Humanos e Minorias;Baixa produtividade e alto custo;334;419;753;309
92776;Stefano Aguiar;MG;PSD;57;Exercício;Titular;92.4;1554680.97;0.567741935483871;0.4129032258064516;0.01935483870967742;Direitos Humanos e Minorias, Administração Pública e Finanças Públicas e Orçamento;Baixa produtividade e alto custo;393;362;755;310
91228;Waldemar Oliveira;PE;AVANTE;57;Exercício;Titular;180.0;1701901.72;0.7587412587412588;0.2202797202797203;0.02097902097902098;Finanças Públicas e Orçamento, Administração Pública e Direitos Humanos e Minorias;Baixa produtividade e alto custo;299;457;756;311
220671;Dilvanda Faro;PA;PT;57;Exercício;Titular;138.6;1606998.34;0.7247191011235955;0.2640449438202247;0.011235955056179775;Direitos Humanos e Minorias, Finanças Públicas e Orçamento e Defesa e Segurança;Baixa produtividade e alto custo;347;410;757;312
220592;Zezinho Barbary;AC;PP;57;Exercício;Titular;173.8;1674140.92;0.453781512605042;0.5378151260504201;0.008403361344537815;Finanças Públicas e Orçamento, Trabalho e Emprego e Direito Constitucional;Baixa produtividade e alto custo;310;449;759;313
220693;Roberta Roma;BA;PL;57;Exercício;Titular;176.7;1705655.13;0.6881720430107527;0.3010752688172043;0.010752688172043012;Direitos Humanos e Minorias, Defesa e Segurança e Finanças Públicas e Orçamento;Baixa produtividade e alto custo;303;460;763;314
178860;Paulo Azi;BA;UNIÃO;57;Exercício;Titular;62.7;1529843.04;0.5806451612903226;0.40860215053763443;0.010752688172043012;Processo Legislativo e Atuação Parlamentar, Administração Pública e Finanças Públicas e Orçamento;Baixa produtividade e alto custo;427;340;767;315
205550;Jorge Braz;RJ;REPUBLICANOS;57;Exercício;Titular;80.60000000000001;1545737.19;0.5371900826446281;0.4380165289256198;0.024793388429752067;Processo Legislativo e Atuação Parlamentar, Administração Pública e Finanças Públicas e Orçamento;Baixa produtividade e alto custo;409;358;767;315
204508;Igor Timo;MG;UNIÃO;57;Exercício;Titular;49.4;1520290.49;0.6438356164383562;0.3424657534246575;0.0136986301369863;Processo Legislativo e Atuação Parlamentar, Defesa e Segurança e Finanças Públicas e Orçamento;Baixa produtividade e alto custo;435;335;770;316
191923;Flávio Nogueira;PI;PT;57;Exercício;Titular;199.6;1920129.18;0.5398550724637681;0.4384057971014493;0.021739130434782608;Finanças Públicas e Orçamento, Direitos Humanos e Minorias e Administração Pública;Baixa produtividade e alto custo;269;504;773;317
204409;Daniel Trzeciak;RS;PSDB;57;Exercício;Titular;115.9;1602646.14;0.5771144278606966;0.4129353233830846;0.009950248756218905;Finanças Públicas e Orçamento, Administração Pública e Processo Legislativo e Atuação Parlamentar;Baixa produtividade e alto custo;367;407;774;318
220582;Daniel Barbosa;AL;PP;57;Exercício;Titular;80.4;1561024.18;0.5233644859813084;0.4766355140186916;0.0;Direitos Humanos e Minorias, Educação e Trabalho e Emprego;Baixa produtividade e alto custo;410;369;779;319
209189;Joseildo Ramos;BA;PT;57;Exercício;Titular;153.5;1669839.39;0.5886287625418061;0.411371237458194;0.0;Administração Pública, Finanças Públicas e Orçamento e Direitos Humanos e Minorias;Baixa produtividade e alto custo;333;447;780;320
141398;Carlos Zarattini;SP;PT;57;Exercício;Titular;141.6;1665379.21;0.5416666666666666;0.45075757575757575;0.007575757575757576;Finanças Públicas e Orçamento, Direitos Humanos e Minorias e Administração Pública;Baixa produtividade e alto custo;342;443;785;321
204391;José Nelto;GO;UNIÃO;57;Exercício;Titular;144.6;1694967.15;0.6331360946745562;0.3668639053254438;0.0;Saúde, Direitos Humanos e Minorias e Administração Pública;Baixa produtividade e alto custo;336;454;790;322
160635;Ruy Carneiro;PB;PODE;57;Exercício;Titular;174.20000000000002;1787584.21;0.5015673981191222;0.4890282131661442;0.009404388714733543;Saúde, Administração Pública e Trabalho e Emprego;Baixa produtividade e alto custo;308;484;792;323
204423;André Ferreira;PE;PL;57;Exercício;Titular;165.5;1735797.65;0.4421965317919075;0.5491329479768786;0.008670520231213872;Processo Legislativo e Atuação Parlamentar, Finanças Públicas e Orçamento e Defesa e Segurança;Baixa produtividade e alto custo;321;474;795;324
141411;Dagoberto Nogueira;MS;PP;57;Exercício;Titular;159.4;1748647.24;0.5454545454545454;0.4462809917355372;0.008264462809917356;Administração Pública, Direitos Humanos e Minorias e Finanças Públicas e Orçamento;Baixa produtividade e alto custo;326;476;802;325
220537;Helena Lima;RR;PSD;57;Exercício;Titular;160.3;1767211.23;0.5737704918032787;0.41530054644808745;0.01092896174863388;Finanças Públicas e Orçamento, Administração Pública e Direitos Humanos e Minorias;Baixa produtividade e alto custo;325;481;806;326
166402;Magda Mofatto;GO;PL;57;Exercício;Titular;96.3;1631412.01;0.6402439024390244;0.3475609756097561;0.012195121951219513;Processo Legislativo e Atuação Parlamentar, Direitos Humanos e Minorias e Finanças Públicas e Orçamento;Baixa produtividade e alto custo;389;423;812;327
220688;Dr. Francisco;PI;PT;57;Exercício;Titular;167.4;1865812.0;0.5203252032520326;0.47560975609756095;0.0040650406504065045;Direitos Humanos e Minorias, Finanças Públicas e Orçamento e Trabalho e Emprego;Baixa produtividade e alto custo;318;495;813;328
73768;Dilceu Sperafico;PR;PP;57;Exercício;Titular;133.4;1710732.58;0.7232704402515723;0.2641509433962264;0.012578616352201259;Finanças Públicas e Orçamento, Processo Legislativo e Atuação Parlamentar e Administração Pública;Baixa produtividade e alto custo;351;464;815;329
220677;Keniston Braga;PA;MDB;57;Exercício;Titular;42.0;1572245.32;0.5081967213114754;0.47540983606557374;0.01639344262295082;Administração Pública, Finanças Públicas e Orçamento e Energia, Recursos Hídricos e Minerais;Baixa produtividade e alto custo;441;380;821;330
220675;Antônio Doido;PA;MDB;57;Exercício;Titular;49.1;1577786.06;0.509090909090909;0.4727272727272727;0.01818181818181818;Finanças Públicas e Orçamento, Indústria, Comércio e Serviços e Processo Legislativo e Atuação Parlamentar;Baixa produtividade e alto custo;436;388;824;331
220692;Dal Barreto;BA;UNIÃO;57;Exercício;Titular;80.0;1611372.6;0.29411764705882354;0.7;0.0058823529411764705;Finanças Públicas e Orçamento, Processo Legislativo e Atuação Parlamentar e Trabalho e Emprego;Baixa produtividade e alto custo;411;415;826;332
141485;Luiz Carlos Busato;RS;UNIÃO;57;Exercício;Titular;130.1;1735200.55;0.4978723404255319;0.4978723404255319;0.00425531914893617;Processo Legislativo e Atuação Parlamentar, Administração Pública e Finanças Públicas e Orçamento;Baixa produtividade e alto custo;354;473;827;333
220581;Luciano Amaral;AL;PSD;57;Exercício;Titular;133.6;1751428.53;0.8145161290322581;0.1693548387096774;0.016129032258064516;Finanças Públicas e Orçamento, Educação e Administração Pública;Baixa produtividade e alto custo;350;477;827;333
204358;Beto Pereira;MS;REPUBLICANOS;57;Exercício;Titular;115.7;1707816.62;0.5966850828729282;0.40331491712707185;0.0;Administração Pública, Finanças Públicas e Orçamento e Direitos Humanos e Minorias;Baixa produtividade e alto custo;368;462;830;334
178895;Misael Varella;MG;PSD;57;Exercício;Titular;81.0;1640006.12;0.4759036144578313;0.5120481927710844;0.012048192771084338;Finanças Públicas e Orçamento, Administração Pública e Processo Legislativo e Atuação Parlamentar;Baixa produtividade e alto custo;406;427;833;335
74043;Wellington Roberto;PB;PSD;57;Exercício;Titular;100.3;1694603.98;0.4461538461538462;0.5384615384615384;0.015384615384615385;Finanças Públicas e Orçamento, Administração Pública e Processo Legislativo e Atuação Parlamentar;Baixa produtividade e alto custo;382;453;835;336
220544;Antonio Andrade;TO;PSDB;57;Exercício;Titular;106.7;1878095.02;0.5934959349593496;0.3821138211382114;0.024390243902439025;Processo Legislativo e Atuação Parlamentar, Finanças Públicas e Orçamento e Administração Pública;Baixa produtividade e alto custo;375;496;871;337
224117;Gabriel Mota;RR;UNIÃO;57;Exercício;Efetivado;105.0;2018602.48;0.6296296296296297;0.36419753086419754;0.006172839506172839;Administração Pública, Direitos Humanos e Minorias e Trabalho e Emprego;Baixa produtividade e alto custo;377;507;884;338
220708;Gabriel Nunes;BA;PSD;57;Exercício;Titular;80.8;1819459.42;0.5714285714285714;0.3956043956043956;0.03296703296703297;Administração Pública, Finanças Públicas e Orçamento e Direito Constitucional;Baixa produtividade e alto custo;407;487;894;339
204431;Marcos Aurélio Sampaio;PI;MDB;57;Exercício;Titular;21.7;1711980.76;0.4642857142857143;0.5;0.03571428571428571;Administração Pública, Energia, Recursos Hídricos e Minerais e Direitos Humanos e Minorias;Baixa produtividade e alto custo;457;466;923;340
74454;Eunício Oliveira;CE;MDB;57;Exercício;Titular;38.800000000000004;1779385.54;0.4583333333333333;0.5277777777777778;0.013888888888888888;Finanças Públicas e Orçamento, Previdência e Assistência Social e Trabalho e Emprego;Baixa produtividade e alto custo;445;482;927;341
160591;Vinicius Gurgel;AP;PL;57;Exercício;Titular;31.8;1758872.7;0.4727272727272727;0.509090909090909;0.01818181818181818;Finanças Públicas e Orçamento, Direitos Humanos e Minorias e Saúde;Baixa produtividade e alto custo;449;479;928;342
141459;João Maia;RN;PP;57;Exercício;Titular;62.7;1916068.01;0.6213592233009708;0.3592233009708738;0.019417475728155338;Finanças Públicas e Orçamento, Administração Pública e Trabalho e Emprego;Baixa produtividade e alto custo;427;503;930;343
